S01B00006275696C642F72656C656173652F7A69676265652E73333714
S21400400008100020397F0000CDC60000BF0A03005C
S214004010BF0A0300D5C60000DDC60000BF0A0300C5
S214004020BF0A0300BF0A0300BF0A0300BF0A03005B
S214004030E1C60000144E0400BF0A0300BF0A0300D6
S214004040BF0A0300BF0A0300BF0A0300517A00003C
S214004050BF0A0300BF0A0300BF0A0300BF0A03002B
S214004060BF0A0300BF0A0300E1CB0000BF0A03003B
S214004070BF0A0300BF0A0300BF0A0300BF0A03000B
S214004080BF0A0300BF0A0300BF0A0300BF0A0300FB
S214004090BF0A0300BF0A0300BF0A0300BF0A0300EB
S2140040A0BF0A030001830000E5820000BF0A030088
S2140040B0BF0A0300BF0A0300BF0A0300C91F0200AD
S2140040C0D1650300CD6503002D170200E7650300E8
S2140040D0D5650300891F0200D9650300BD030200F1
S2140040E009200200BF0A0300BF0A0300BF0A03003C
S2140040F0BF0A0300BF0A0300BF0A0300BF0A03008B
S214004100BF0A0300BF0A0300BF0A0300BF0A03007A
S214004110BF0A0300BF0A0300BF0A0300BF0A03006A
S214004120BF0A0300BF0A0300BF0A0300BF0A03005A
S208004130BF0A0300BA
S214004134F0B5114A114C124E00F00105E3695F0711
S21400414413D40DB9334213D103EA00078F4207D1C3
S2140041540B4A1A40002A14BF6FF001000020F0BD7D
S214004164013AEBD16FF00200F9E74FF0FF30F6E7C3
S2140041746FF00100F3E700BF80969800000003503C
S214004184020001000B4B70B5D96911F480310DD1D2
S21400419401244FF48072084E084DF46020462C64C7
S2140041A41A61FFF7C5FF3464EC6070BD6FF0010060
S2140041B4FBE700BF0000035000100350002003502C
S2140041C438B541F6713301220C4C0021E569E363EE
S2140041D40B4B05F48035DA600223606121202361ED
S2140041E4FFF7A6FF10B92120FFF7A2FF0122054B17
S2140041F4DA600DB10023E36338BD00BF000003504E
S214004204001003500020035070B5134C6061E3693E
S2140042145B071ED40E4656F8043B8D18A361AE42C7
S2140042240BD10423002121202361FFF781FF58B915
S214004234BDE870402120FFF77BBF08210846FFF742
S21400424477FF10B10423236170BD56F8043BA361C5
S214004254E5E74FF0FF30F7E7000003502DE9F84399
S214004264154641F67132164B8946DF69DA63012238
S214004274064603F58053DFF8508007F48037DA608B
S21400428455B9284601220F4BDA601FB10022A3F568
S2140042940053DA63BDE8F88306F5005404EA08041C
S2140042A4A41BAC4228BF2C46494622463046FFF79C
S2140042B4ABFF0028E6D12644A1442D1BE0E700BF4F
S2100042C4000003500020035000E0FFFF45
S2140042D02DE9F04F4FF0FD0BC9B09A460DF11B09C2
S2140042E09DF8503108AFCDF80C90CDF808B0019786
S2140042F0059303890446009383790E4690464188C9
S2140043008288407812F0ACFB054650B10090A38836
S214004310002062883A4912F0E7FE284649B0BDE818
S214004320F08F99F800002FF0A5FC38B12846A38836
S2140043306288344912F0D8FE8D25EEE75A46394693
S21400434099F800002FF03EFC8346002851D0529B7F
S2140043501BB1BDF84C3198424BD8002399F8009019
S2140043600793A9F14102012A5FFA8BF123D8384658
S2140043700139254ADFF898C05FFA81FE734513DBE2
S214004380059B04210792C3B907AF18221F489FED6B
S2140043901A7B02FB060420460A460830394684ED9E
S2140043A0027B17F0C9FB11E010F8011F01335140E2
S2140043B00CFB01F2E2E7059B33B123464A4638463A
S2140043C0009610F0CFFAA8E70829DED9B8F1000F5A
S2140043D001D088F80090BAF1000F01D0AAF800B01A
S2140043E0529B002B99D05A46184608A917F0A4FBF2
S2140043F093E7012591E700BF0000000000000000E1
S214004400E8F603001DF70300C59D1C818010002000
S21400441093010001000000002DE9F04F93B0CDE9B4
S2140044200A32DDE91C530E9353EC102BCDE908013C
S214004430104619468DED060B1E9E16F007FE80B13F
S214004440DDE906014FF0FF32C54B16F027FE40B9F6
S214004450DDE906014FF0FF326FF4801316F000FE20
S21400446070B1DDE908019DED060B0E9B1E96CDE9A9
S2140044701C53DDE90A3213B0BDE8F04F00F088B9EE
S2140044800022DDE90601002316F0EAFD002800F010
S2140044903381DDE906A303F1004BCBF30A5016F493
S2140044A08063A0F2FF3008BF06250F9316F0FCFAD3
S2140044B09BA3D3E9002316F061FB9BA3D3E900235B
S2140044C016F0A6F9CBF31304894644F07F518046D4
S2140044D00022A44B504641F4401116F097F994A3DD
S2140044E0D3E9002316F04AFB02460B4640464946EF
S2140044F016F08EF916F0DCFD044616F0D5FA8EA3FB
S214004500D3E900238046894616F038FB0022964BF6
S21400451016F07EF916F0CCFD89A3D3E900230746F2
S2140045204946404616F02AFB80463846894616F02D
S214004530BBFA85A3D3E9002316F020FB02460B4600
S2140045404046494616F062F902460B46CDE90C2372
S21400455016F014FBDDE90C23804689461046194602
S21400456016F056F90022CDE91001804B4046494628
S21400457016F02EFC00227E4B16F04AF902460B4639
S2140045804046494616F024FC00227A4B16F040F9C5
S21400459002460B464046494616F01AFCDDE90C2357
S2140045A08046894600204FF0804116F02FF90246DB
S2140045B00B464046494616F02BF902460B46DDE907
S2140045C0100116F005FC07F2FF3700226A4B16F0C2
S2140045D01FF900223B0516F0D1FA52465B4680468C
S2140045E0894616F05BFD002840F08980CDE90C89ED
S2140045F004F16303C62B8CBF0527042731051BD5A2
S21400460053A3D3E900235046594616F03DFD002833
S2140046107FD051A3D3E900235046594616F020FD1B
S214004620002876D00027A542C6BF2C1B04F1FF3514
S21400463000253C4646F480660E9B9F422CBF4FF0FA
S2140046400008A3EB070816F0020903D0002F18BFD6
S2140046504FF000083CB1DDE90C235046594616F0F1
S214004660B7FB82468B46DDE906010022002316F0E2
S214004670F7FC10B10BF100439B46DDE9080126F478
S2140046800063CDE90183DDE90A324BEC10AB0095FF
S21400469000F07EF802465FB3DDE9091316F0200F3E
S2140046A000F10105089E0CBF65204520B047DDE9F6
S2140046B008010523002205930A23002CCDE90232C7
S2140046C007F1FF374FEAD473B8BF64422A46019316
S2140046D004970A9B009431F0E9F80246B9F1000FFE
S2140046E006D00B9BC41A0B9B1A190E9BA34245D8E7
S2140046F0104613B0BDE8F08FDDE906ABCDE600222C
S214004700404649461A4B16F063FB013CCDE90C01C6
S2140047106EE7002D90D00F9B002B8DD0013D8BE7D0
S214004720FB799F501344D33FB3C8608B288AC63F9B
S21400473061436F63A787D23F71A379094F930A40FD
S2140047401655B5BBB16B0240EF39FAFE422EE63F76
S2140047502D431CEBE2361A3F0000000080842E41F9
S214004760FFFFEF7F0000F83F0000E03F00002C4016
S21400477000002440000018400000F03F2020DDE943
S2140047800913089DA8470134ADE700BF00000000EC
S2140047902DE9F04F5BEC10AB97B0CDE90501DDE9F4
S2140047A02058CDE90723504652465B465946229F7D
S2140047B016F04CFC70B90323CDE902870193AA4B8F
S2140047C00093DDE90501DDE9072330F0A1FF17B00E
S2140047D0BDE8F08F4FF0FF326FF480135046594615
S2140047E016F03EFC28B10423CDE9028701939F4BC7
S2140047F0E6E74FF0FF32504659469D4B16F04EFC0A
S21400480068B19C4A07F00403002B08BF03229A4BAA
S2140048101CBF13460422CDE902870192D0E750461A
S2140048208DA3D3E90023594616F038FC38B98CA37B
S214004830D3E900235046594616F012FC68B1DDE96C
S2140048400723DDE905014BEC10ABCDE92187209568
S21400485017B0BDE8F04FFFF7DFBD0022002350463B
S214004860594616F0FDFB002800F091805B46524644
S2140048700020002115F0CAFF012382468B460993CB
S21400488017F4806400F08580092D40F285800024AE
S21400489030210EABA5F109020134202C03F8011BD0
S2140048A0A5EB040901D09442F6D15946504616F0BD
S2140048B0FFFB724B054603EBC90393ED007B8DEDC2
S2140048C00A7B16F0F1F802460B465046594615F09C
S2140048D09DFFDDE90A2316F051F902460B46CDE9A5
S2140048E00C2316F00DFC064616F0CEF802460B46D4
S2140048F0DDE90C0115F08AFF02460B46CDE90C23D4
S21400490000225F4B16F0CAFB002848D0013630461E
S21400491016F0BAF802460B46DDE90A0116F0AAFBC5
S21400492008B100260135B9F1000F45D1284616F02A
S214004930BBF802460B465046594615F067FF002264
S2140049404F4B16F08DFB10B9E90700D501350A214B
S2140049500EAB1A19202C0AD095FBF1F001FB10556E
S214004960303502F8015B013405460028F2D107F025
S2140049700302012A55D1B8F1000F52D0099A12B994
S21400498017F00C0F01D008F1FF38302240E00990F4
S21400499076E74FF0060988E7A946002485E7002257
S2140049A0DDE90C01364B16F05BFB0028BBD10EB1DF
S2140049B0F007B8D50136B6E70A210EAB1A19202C37
S2140049C00DD0B6FBF1F001FB1063092E03F13003A6
S2140049D009F1FF3904F1010402F8013B11D8302136
S2140049E0A1440EAA202CB2D04C4504F101030AD1F2
S2140049F004F158020DEB02042E2204F8202C1C466B
S214004A00A5E70646DBE7A1541C46EBE71A5501343A
S214004A10444506D2202CF9D1CDE9028701940EAB8D
S214004A20CEE6202CF8D0099B3BB12D2204F158038A
S214004A306B4403F8202C0134EEE77A0704D504F122
S214004A4058032B226B44F4E73B07E5D504F15803E3
S214004A5020226B44EDE700BF0000000065CDCD418D
S214004A600000000065CDCDC10B1404000F14040037
S214004A70FFFFEF7F0214040007140400485D0400E3
S214004A800000E03F0000000070B58EB02C22002130
S214004A9003A816F0C1FE64234FF002320893CDE956
S214004AA005230B2301218DF834305B4B8DF8101055
S214004AB01D880D4040F0A980084634F053FF0A22B6
S214004AC0564B574C1A704FF42873ADF812304FF00F
S214004AD0FF332360534B54491B8820460B82534BAD
S214004AE0534A1B68CD828B61524B0D621B884B82EA
S214004AF0514B1B68CB611DF0FDFA20B14FF41B71C2
S214004B004E4835F0CAFF0521206831F0C2F820B1C2
S214004B1040F27D21494835F0C0FF206815F032FE8E
S214004B20474B2068196831F077F90C2535F082FB81
S214004B306843099035F07EFB68430DEB050107904E
S214004B40206817F02BFD20B140F295213B4835F048
S214004B50A4FF25681FF006FD00220146284631F016
S214004B60D3F920B140F29721344835F096FF40F251
S214004B700353344D344E2B80052396F90000AB705A
S214004B807F2801D11DF0ACFB3378EB7035F052FB7B
S214004B9000EB80008000A88035F04CFB0023C000AE
S214004BA04FF0FF31E880AB604FF0FF3018A3D3E939
S214004BB0002335F029F82549206831F05EF9206891
S214004BC002A931F07AFD20B14FF434711B4835F05C
S214004BD064FF042220680DEB020131F0F2F804288D
S214004BE004D040F2D721154835F057FF01A901201F
S214004BF030F0F3FC07F0AEFD01201DF0F5FF2CF0C1
S214004C0056FD1EF01BF81DF003FB0EB070BD00BF76
S214004C100A0020FF42030000C65B0020F26200206C
S214004C20E0550020F6760400A4690020FC76040017
S214004C308D990300F4760400F8760400D44C040042
S214004C40EC660020D45500207A6C0020019A030000
S214004C500348044B834202D0034B03B11847704706
S214004C60A86C0020A86C002000000000064B074936
S214004C70C91A891048BF0131491003D0044B0BB143
S214004C8001481847704700BFA86C0020A86C002099
S214004C900000000010B5064C237843B9FFF7D8FF94
S214004CA0044B13B10448AFF300800123237010BDFA
S214004CB0B0150020000000007C9A040008B5044BE4
S214004CC01BB104490448AFF30080BDE80840CDE7B7
S214004CD000000000B41500207C9A0400A3F5803A7A
S214004CE0704700BF154B002B08BF114B9D46FFF7C2
S214004CF0F5FF00218B460F461148124A121A16F08D
S214004D008BFD0C4B002B00D098470B4B002B00D094
S214004D1098470020002104000D000B4817F0C2F849
S214004D2016F052FD200029002BF022FB17F0A8F801
S214004D30000008000000000000000000081000202E
S214004D4008100020486300200DBF010007B50121B0
S214004D5020200DF1070201F04DF858B10223012181
S214004D6020200DF107028DF8073001F053F803B04C
S214004D705DF804FB9DF807100229F8D002220948C6
S214004D8015F038FC022301210DF1070220208DF8D2
S214004D90073001F03FF82BF045FA4FF4FA6000F0C8
S214004DA073FEE4E7C8AE030038B502F01DF901F063
S214004DB0BFF9012805D001F0BBF9022801D001F0A7
S214004DC0DDF9064D2B783BB901F0B2F9012804460F
S214004DD002D12BF0B0FA2C7038BD00BFA45C0020C6
S214004DE010B5044600882BF0F1F9A37884F8440047
S214004DF0834202BF0123E3702371074B04F11C00BA
S214004E00C4E9073401F04CF8224620880349BDE87F
S214004E10104000F089BF00BF63FF02002DFF0200B4
S214004E2070B5C37804460D461646002B34D1D1B172
S214004E30214815F0DFFB0123E370E36CA6600BB19D
S214004E40E06D9847E368F61A63699E4221D2217E98
S214004E501A480131C9B2217615F0CCFBA36D13B107
S214004E60217EE06D9847E5702BF0EFF915B32379B6
S214004E7003BBA268238A801A83421BD801231048EA
S214004E80237115F0B7FB236DA3B1E06DBDE870404C
S214004E90184701232376E6E70029E4D1094815F0F0
S214004EA0A9FB636DE660E5702571002BDBD0E06D35
S214004EB09847D8E770BD00BFF0AE030001AF03000F
S214004EC02FAF03001CAF030070B51E468388044650
S214004ED00D46C18002810BB1868070BD8178008846
S214004EE02BF060F80123E370064BA680C4E9033478
S214004EF00C34204600F0D4FF29462046BDE870401A
S214004F002BF09AB9AFFF020010B501790446B1FA4A
S214004F1081F1008849092BF0BCF821796088B1FA44
S214004F2081F149092BF0B5F8034B1A68A24204BF79
S214004F3000221A6010BD00BFCC150020F8B54379DA
S214004F400446ABB100880E4F0E4E3B6804F10805D0
S214004F5013B10D4B1B786BB121792BF09AF80B4BE4
S214004F603C6028463178A360BDE8F8402BF064B971
S214004F704088E8E7064815F03DFB064BF1E700BF22
S214004F80CC150020206C0020A55C0020094F0000F6
S214004F9045AF03003D4F000010B50446E0B10F4892
S214004FA015F028FB01236371A37953B92179208872
S214004FB02BF06FF8236B7BB1606B0121BDE81040CE
S214004FC018472046FFF7A0FF04F108002BF039F938
S214004FD02046FFF7B3FFEDE710BD00BF7BAF030031
S214004FE010B50446F8B1104815F004FB00236371B1
S214004FF0A3796BB921792088B1FA81F149092BF0A0
S21400500048F8236B7BB1606B0021BDE81040184761
S2140050102046FFF779FF04F108002BF012F920462E
S214005020FFF78CFFEDE710BD86AF030010B5044612
S21400503068B1074815F0DEFA637920461BB1BDE873
S2140050401040FFF7CDBFBDE81040FFF7A5BF10BD6D
S21400505092AF030010B50E4C0E48214615F0CAFA62
S21400506082210D4815F0C6FA82210220A21E00F009
S214005070D1FE014630B134F8022C0848BDE8104095
S21400508015F0B8BA0648BDE8104015F0B3BA00BF30
S21400509026570020A1AF0300BCAF0300C7AF030034
S2140050A00BB0030038B50E4C82212246022000F0D9
S2140050B0A1FEA51C014650B122880A4815F09AFAAE
S2140050C045222846084916F037FD4423238035F844
S2140050D0021C064A0648BDE8384015F08BBA00BFE9
S2140050E02457002016B0030096B003002657002071
S2140050F074B00300034B1B781BB18B4201D82BF016
S21400510091B87047216C002010B5044601460E4841
S21400511015F070FA012C11D10C4B0D481A884FF679
S214005120FF739A421EBF0022094B5A742AF097FF5B
S21400513002F0B0F8BDE8104001F082BF0448BDE8B8
S21400514010402AF08EBF00BFDBB00300D46B0020F7
S2140051507866002070B500241A4D1B4E3378A342A3
S2140051601BDC0024194D1A4E3378A3421BDC0024A6
S214005170184D194E3378A3421BDC00F0D9FF0128E6
S21400518016481CD12AF06BFF02F084F801F058FF95
S214005190BDE87040124800F0EBBF2846FFF720FE3F
S2140051A001346035DAE728462AF03FFF013434350B
S2140051B0DAE728462AF072FF01343835DAE72AF0B3
S2140051C050FFE5E734230020AB5C00205427002086
S2140051D0AC5C002004210020AA5C00207866002039
S2140051E0095100002DE9F04F87B0FFF75BFFB34B86
S2140051F005A805932AF076FF054616F009FAB04C86
S214005200C2B21F2A627004D9AE4815F0F3F900F056
S2140052102FFC2946A01C16F08FFC05A82AF062FF7A
S214005220054616F0F5F9C2B21F2A84F8212001D9E6
S214005230A548EAE7294604F1220016F07DFC05A8F9
S2140052402AF050FF3226044600272578002D40F02D
S2140052509F809E4CFFF77EFF2378DFF8B0A2DFF832
S214005260B0829B4F00939AF8003098F80020397867
S214005270984815F0BFF93A7898F800109AF80000A8
S21400528053180344DFF880B220782C46034458466F
S214005290DBB2AA4200F31683012B38BF01238E4EE1
S2140052A002933246002335464FF482714FF6FF7460
S2140052B002980133984213705180948002F10C02D8
S2140052C0F6DC864B84497E48AB6001F00DF8E87941
S2140052D0AB68DFF8309200EB400003EB800000F094
S2140052E0D3FDEB79B9F800200133A242EB7103D06D
S2140052F079497B4801F0FAF84FF6FF73B9F80020B9
S2140053007549D21A18BF0122764801F0D9FD4FF030
S2140053100009724C3A784A4500F3DC8200264FF0CA
S2140053200C09714ADFF8B0B198F800003978B0423D
S21400533000F3E48246180C21002501FB06B19AF81A
S21400534000009423A842694A00F3F6820C253E78B2
S21400535098F8003000274FF482781E44064405FB78
S21400536006B5DFF8B0A1594B1B78BB4200F3F782B5
S2140053700299594800F016FE059B50491A468B4282
S21400538040F000835A4807B0BDE8F04F15F032B938
S214005390532D0FD163784C2B40F05B81A378502BB4
S2140053A040F057810122534B1A7005A82AF09AFE46
S2140053B004464AE74C2D0ED16378502B40F0CB8044
S2140053C0A378303B092B00F2C680A01C2AF097FE7B
S2140053D0494B1870E9E7442D13D16378303B092B0D
S2140053E0E3D8601C2AF08BFE444B454A197800230C
S2140053F086B2994202F16002D7DD22F8466C01338C
S214005400F7E7422D0CD16378542B40F08580A01C22
S21400541000F0D8FC3B4B188018462AF064FDC4E721
S214005420582D33D8412DC0D9433D152DBDD801A3E5
S21400543053F825F031580000AB530000AB53000082
S214005440AB530000AB530000AB530000A555000063
S214005450AB530000AB530000575500009F540000AC
S214005460AB530000AB530000AB530000AB5300003F
S214005470D756000053560000AB530000AB53000055
S214005480AB530000AB5300004D570000692D8CD184
S214005490601C2AF034FE80B22AF0C0FE85E70C4B72
S2140054A0012019780023184A994202F1A8027FF7D2
S2140054B07CAF02F8A60C0133F6E700BF26570020A3
S2140054C08C650020FAB0030011B10300A65C002032
S2140054D0A95C002021B103009816002010170020B8
S2140054E048160020D0150020581D00209C1B0020C8
S2140054F071B10300A55C0020206C0020AB5C00208E
S21400550034230020D46B0020581E0020A75C002007
S214005510A85C002090180020601C00F053FC054694
S214005520E01C2AF064FE0121024628462AF01BFEF3
S2140055306021B048B04C03785943621865524FF466
S214005540FA6111824FF448715161AC495683116576
S2140055500133037029E7601C00F034FC00224FF092
S21400556034088146A64F11462AF0FDFD3878A54D31
S21400557008FB00F325F80390EA18E3781046693B29
S21400558018BF012393702AF050FD00219E4A3B78F5
S2140055905160012103FB08550B443B7015600F4614
S2140055A0117402E7601C00F00DFC002211468146D3
S2140055B02AF0D9FD3422924DDFF84882287802FB83
S2140055C000F328F8039008EB0301E3780846693BEC
S2140055D018BF01238B702AF028FD8C4A0023104642
S2140055E0916B31BB00EB831034232A7802FB0383D4
S2140055F08363874A00231046D2F8A410F9B9A8227C
S21400560002FB030034232A7802FB0383C0F8A4308D
S2140056105FB97D4A3B46114652F8040BA8B93422BE
S214005620287800FB028241F823202B7801332B7068
S214005630BBE60133042B02F14002D1D1D9E7013396
S214005640042B02F1A802D7D1E2E70133042BE3D101
S214005650EBE7601C00F0B6FB8046E01C2AF0C7FDB6
S2140056600121024640462AF07EFD60216148624DD7
S2140056700278DFF8B4C151436B1825F801804FF467
S21400568048711982596163495E839965E178A82457
S214005690642904BF012199709CF80030DFF870E19E
S2140056A05C430EEB04010EF804304FF400744C809B
S2140056B003240C718C7102EB420405EB4415322472
S2140056C00133DBB201324B718D6081F8A04002706D
S2140056D08CF8003069E6601C00F074FB00224FF086
S2140056E0380A8146DFF83C8111462AF03CFD98F8DE
S2140056F00030494D0AFB03F325F803904FF00109EB
S214005700EA1882F80490E37873B1E01C00F05AFBC4
S2140057100022044611462AF026FD98F800300AFBBF
S21400572003535C8083F806903C48384A0378990116
S214005730535498F8001002EB8314C1EBC10205EB3A
S214005740C2054A1C656388F8002001E7601C00F06B
S21400575039FB8046E01C00F035FB0546601D2AF04C
S21400576046FD04460246012140462AF0FCFC22463D
S214005770284601212AF0F7FC60204FF4487CDFF829
S21400578074E01D4A9EF8003000FB03F422F8048003
S214005790DFF880801119A1F810C0C1F814C04E833C
S2140057A0C1F85880591CC9B248431418A4F810C050
S2140057B0C4F814C06683C4F8588094241552184D53
S2140057C0981C8EF800002878DFF860C0444303EB8E
S2140057D0430301EB41010CEB040E02EB431302EB17
S2140057E041120CF80400CEF80430CEF80820013040
S2140057F02870DAE5AB5C002034230020CF000300DD
S214005800AC5C00205427002078660020581D00203D
S214005810581E0020F550000004210020A85C00203F
S214005820A75C0020AA5C0020A95C00209C1B00202E
S214005830601C00F0C7FA8046E01C00F0C3FA0022A5
S2140058400546114640462AF08EFC002238241146B2
S21400585028462AF088FC5048504A03784FF0000E3D
S21400586004FB03FC22F80C804FF0010802EB0C014D
S21400587081F806E081F8048003EB0801C9B24C43C6
S21400588002EB040C15539C1C04704FF48274444DB8
S2140058908CF806E028788CF804804443DFF808C1CA
S2140058A0C3EBC303C1EBC1010CEB040E02EBC30355
S2140058B002EBC1020CF80400CEF80430CEF8082043
S2140058C0404495E7467901358E4284BF04714471A1
S2140058D0A830DEE4B9F1000F06D016F8052C02EB6E
S2140058E0420204EB8204B4603146584601F0A6FE3C
S2140058F009F101090BF1A80B0C360BE571180AD05B
S214005900481E09FB00B0C07900EB400004EB8004A1
S21400591009FB01B08460104609FB0151039201F0B7
S2140059204BFC39781F48314409FB015101F0B2F9AC
S214005930039A01364032F7E4F54218BF11F8050C19
S21400594003911EBF00EB400004EB80048C6003FB59
S214005950052001F0AFF8039901350C31EFE4F7426A
S21400596018BF15F8053C29461CBF03EB430304EBA0
S214005970830408FB07A018BFAC6000F04DFF01379A
S2140059800C35F0E413F8011D00297FF4F6AC3B213A
S21400599002F8011CF1E400BFAA5C002004210020EC
S2140059A0A65C0020F82000209018002007B50121F2
S2140059B021200DF1070200F01DFA18B99DF8072006
S2140059C0024B1A7003B05DF804FB00BF216C002088
S2140059D007B5064B8DF80700187001210DF1070278
S2140059E0212000F017FA03B05DF804FB216C0020BC
S2140059F007B5022101200DF1060200F0FBF938B9C7
S214005A00044814F0F7FDBDF8060003B05DF804FB8B
S214005A100020FAE78EB1030007B50221ADF80600B4
S214005A200DF10602012000F0F5F9014610B1034819
S214005A3014F0E0FD03B05DF804FB00BFAFB1030057
S214005A4010B5FFF7D5FF04460146074814F0D2FD0F
S214005A500121064814F0CEFD24B9BDE8104001200F
S214005A60FFF7DABF10BD00BFDFB10300F1B10300DE
S214005A7008B5044814F0BEFD00F0DCF92AF0D2FBAD
S214005A802AF0CDFB07B2030038B50446084D094B93
S214005A9028462B6000F004FA002C18BF2146284642
S214005AA0BDE8384008BF4FF496712AF0C5BB00BF6A
S214005AB0582800201D0103002DE9F043384D91B011
S214005AC008AC0746894690460FCD0FC495E80F00F0
S214005AD0002684E80F0001250323324C3248CDE926
S214005AE00366CDE905668DF80E300796029534F00C
S214005AF07DFF2E4834F07AFF32462D4920468DF839
S214005B00176004F0C3FE334632462A498DF8190062
S214005B10009020468DF82390CDF82C808DF82160DB
S214005B2004F0CEFE0A9020468DF8097004F030FE90
S214005B30204608AA05A904F0E9FE02AA204603A901
S214005B402BF011FD4FF400721B4B5A62194BE560A7
S214005B50626A920510D46BB94FF40072164B114866
S214005B605A6204F015FE114834F043FF002011B0CD
S214005B70BDE8F083013BEBE7002BEDD0094908A810
S214005B802BF024FD4FF400720B4B06485A6204F0CB
S214005B90FFFD064834F02DFFBDF82000E7E700BF04
S214005BA0CC4D04000040005A7450040070500400AD
S214005BB080841E0040420F000060005A0122034B02
S214005BC01870034B1980034B1A707047AE5C0020A8
S214005BD0DC6B0020AD5C0020F8B5454B1B780BB99C
S214005BE00020F8BD434B1B78012B03D1BDE8F840DD
S214005BF02AF097BA404B1C884FF6FF739C42EFD0B2
S214005C003E4834F0F3FE0023260AE4B21A46214644
S214005C10304604F07DFD012E354604F0010335D0F4
S214005C2015D9B51E012DDBD8002B0BBF4FF48075A0
S214005C304FF080754FF470614FF070610BBF012715
S214005C404FF480370F204FF470202D4B11E0002BBF
S214005C500BBF4FF480754FF080754FF470614FF0B6
S214005C6070610BBF01274FF480370F204FF4702070
S214005C70244B1A6802401CD0BA421AD01A680A404E
S214005C8032D11A6822EA01022A4316E0002B0BBF23
S214005C904FF480754FF080754FF470614FF070616F
S214005CA00BBF01274FF480370F204FF47020164BA0
S214005CB0DFE71A6822EA00023A431A602AF031FA4D
S214005CC0054600288CD0083644EA06102A460321EA
S214005CD0C0B2FFF7F1FE40F6FF73684300F2FF70B4
S214005CE0B0FBF3F080B27CE795427FF479AFC8E76B
S214005CF0AD5C0020AE5C0020DC6B0020745004001D
S214005D0028C3035020C3035024C3035010B5044CCB
S214005D10237823B9034834F069FE0123237010BDAD
S214005D20B05C0020745004002DE9F0431F4C85B091
S214005D30074688469146FFF7E9FF23781BB902F02D
S214005D4097F9012323707BBAADF80C30302200237C
S214005D50174E02FB03F4315DA51901BB0123335531
S214005D604FF0FF3304F1100012493044AB606F80EF
S214005D70C5F80480C5F80C9009F00CFC04F1080185
S214005D80042231440C4B009503A802F047FAA96898
S214005D9002460A4814F02EFC05B0BDE8F083013335
S214005DA0102BD6D1064814F025FCF5E7AF5C002092
S214005DB080280020470103005901030014B20300A5
S214005DC042B2030080B10278A2F14103032B0BD844
S214005DD040783038C0B2082806D8054B134413F86C
S214005DE0413C40EA032070474FF6FF70704700BF03
S214005DF0EC4D040008B50B4642B101460448006865
S214005E0003F050FBBDE808402AF002BA022008BDA5
S214005E10E466002008B50B4642B101460448006817
S214005E2003F0C8FCBDE808402AF0F2B9022008BD1D
S214005E30E4660020F0B50026124F8DB0FF230093D5
S214005E400A223346386802A92BF04AF9C0B102ABE1
S214005E501D4603EB800404E055F8043BB34228BF1C
S214005E605E1CAC423868E9D9296803F029FE002890
S214005E70F2D02D28F0D00DB0BDE8F0402AF0C8B919
S214005E800DB0F0BDE466002028B1034B0360034B61
S214005E904360002383607047190000038C6600206F
S214005EA0FF2307B50021044A0093083009F0F6FAEC
S214005EB003B05DF804FB00BF330203000B46044941
S214005EC0024608680349097808B12AF0D9B970472C
S214005ED08C2B0020B25C0020F7B50C4618B12921A7
S214005EE0194834F0DAFD246823685E795F88304606
S214005EF03946FFF7E3FFF0B18568E5B1A089227D5A
S214005F003946904291BF0020801AA36880B294BFA1
S214005F1003469B18E27C00903046A84701380328C9
S214005F2003D8DFE800F0080F0B0D002420462EF003
S214005F3009FC204600E0812003B0F0BD8024F5E790
S214005F409324F3E78724F1E76AB20300F8B5154611
S214005F500D4A044610680D4A0B46117850B1224689
S214005F602AF08EF9034628B100210C27C678B142E4
S214005F7001DB0020F8BD07FB01F45A681019125B1C
S214005F80AA42F7D00131F2E78C2B0020B25C002049
S214005F9008B5034B1B6803B19847002008BD00BF37
S214005FA0882B00202DE9F74F04460D460026454B6A
S214005FB0454F1860454B197033010021F85C0136D7
S214005FC010F03CFB0C2EF7D10C2D28BF0C254FF003
S214005FD0000901953C4EDFF800A13D4DDFF8FC803E
S214005FE0019B4B4502DC03B0BDE8F08F23784FF0F1
S214005FF0000B337063887380A388B380A379C6F8D8
S2140060000880B371E379C8F8005088F804304FF080
S2140060100003A768A8F80630E3795B450ADC01218F
S21400602016F8100B10F00AFB08F1080809F1010930
S2140060300C34D5E74FF0000338886B812880FB7856
S2140060404FF0000C2B81BA78C5F804A0002A009205
S2140060500CBF802240222A7379680AF10C0263453D
S21400606013DC03EB43030AEB830ABB6843B1009AD5
S2140060704FF6FF71B2FA82F2164B52092EF0F2FA80
S21400608014350BF1010B0C37C6E7B1F800E00CF144
S214006090010C22F80CEC91F802E00C3202F816EC37
S2140060A091F804E00C3102F815EC11F809ECBEF199
S2140060B0010F14BF4FF0100E4FF0110E02F814EC43
S2140060C0CDE700BF8C2B0020C4420020B25C00202D
S2140060D090310020D95E0000902B00201034002064
S2140060E0014B1860704700BF842B0020014B1860DE
S2140060F0704700BF882B002070B5128805460E46F4
S214006100FFF724FF044670B102790499806815F001
S214006110D5FB064B1B680BB9002070BD31462846E0
S21400612022889847F8E78620F7E700BF842B0020F0
S21400613008B50FF01FFB022806D0012806D0044B36
S21400614018784000C0B208BD0120FCE70220FAE73C
S214006150B15C0020054B10B51C682CB1FFF7E8FFBA
S2140061602346BDE81040184710BD00BF802B002016
S214006170014B1860704700BF802B0020034B1A7835
S2140061801AB901221A700BF055BB7047B15C00209B
S2140061900022024B1A70FFF7DDBF00BFB15C002083
S2140061A037B50446002836D00FF0E4FA022834D17A
S2140061B060892EF029FEE079237A003818BF012086
S2140061C0012B637A08BF40F008000BB140F01000C6
S2140061D063890BB140F00400257CA188A2790DB13B
S2140061E0E36893B90F4B10F005FE2178084610F0CF
S2140061F07DFE2EF032F9044610F036FE7CB1002803
S2140062000CBF0020032003B030BDCDE90035064B9F
S21400621010F0F0FDE9E70220F5E70120F3E720465D
S214006220F1E700BF35030400FED2030008B50DF009
S2140062305FFC014630B1044814F0DCF9BDE80840C4
S2140062400DF0FABF08BD00BFDCB20300034B044AE2
S2140062505B7C012103201370FFF7DCBD786600200D
S214006260B35C002010B50446FFF7F0FFB4F57F4F8F
S2140062700BD100240F4B1A8813449C70FEF7EAFEDD
S2140062802046BDE81040FFF7FFBB4FF601739C4267
S21400629004D1BDE81040084829F0C9BE4FF6027385
S2140062A09C4205D1BDE81040044B1878FFF790BB20
S2140062B010BD00BF2457002078660020216C002007
S2140062C010B5074C012122460320FFF793FD28B99D
S2140062D02378044A003B18BF0123537410BD00BF47
S2140062E0B35C002078660020F8B5564B30251A8837
S2140062F04FF6FF739A4218BF03234FF00802524C22
S21400630018BF2370514B1A7032229D705D7139256B
S2140063105A70DA7036229D7131251A711A724FF44E
S2140063200012DD714A4D4264C5644A4D012205657E
S214006330494D86188565494DC667C565484D494E21
S2140063404566494D80F848208566484D80F85420BB
S2140063500567474D80F860204567202580F878500F
S21400636080F8845000F12105C0F88850414D80F82F
S2140063706C20C0F88C50C0F8806080F89020C0F880
S2140063809440C0F8B8303C4B3C4CC0F8BC300223BC
S214006390C0F898403A4C80F8C030C0F8A4400F24AB
S2140063A0384B80F8A840C0F8C430374B374CC0F89C
S2140063B0C8308223C0F8AC40354C80F8CC30C0F8EA
S2140063C0B0400924334B344DC0F8D030334B80F8FE
S2140063D0B440C0F8D4302C7C314B80F89C20C0F8F8
S2140063E0A00080F8D820C0F8DC3044B12D4B80F8EF
S2140063F0E420C0F8E03005F11103C0F8E8304FF0B3
S214006400000CCA798E6802EB42039F00443006EB0C
S214006410830326F807C0586001200D349870DC709E
S2140064201318CB71FFF7C2FAFFF74AFFFFF780FE9B
S214006430012806D12B7C23B1BDE8F840164829F088
S214006440F6BDF8BDD46B0020226C0020B45C0020A2
S214006450054E040001002000044E04000200200047
S214006460034E04000500420003002000024E040014
S2140064700400420007003000FDFF2100120010015A
S21400648000404200004E040000FF4401F04D0400AE
S21400649006004200245700207866002002FF2001F4
S2140064A0216C002001FF100113B504460D4829F0A9
S2140064B025FD6422C0F30F43637083B2B3FBF2F38F
S2140064C0A07823702022012129F0FCFEA07821224A
S2140064D0012129F0F7FE0449201D02B0BDE8104056
S2140064E029F0AABED46B0020E09304000B7870B5A8
S2140064F083704CF61E0303804FF02013C362012303
S21400650080F8303080F83C30C3180364124B0446E1
S21400651043640223114A80F84830114B8263C364F7
S2140065204063CA798D6802EB420305EB830004F1F1
S2140065302C0646600B4E45F8236000238360531CF0
S214006540CB71094B201DC4E90134FFF7A9FC204696
S214006550BDE87040FFF7A8BFFDFF21002100200026
S214006560064E040001000103A9640000F8B54FF6CA
S214006570FF73994204460E4609D0B0F87E308B422F
S21400658005D04FF6FE729142037B01D10BB9F8BDE0
S214006590EBB1204629F073FF204629F033FF4FF673
S2140065A0FE739E4213D1A068FEF71AFD6068FEF7E0
S2140065B017FD29F04AFE00232373A0674FF47F429D
S2140065C060784FF48171BDE8F84029F07BBEB4F8DE
S2140065D07E50237BB5422CBF02250125AB4218D046
S2140065E0D4E90107637B13B13B4607461846012DE5
S2140065F041D1FEF7D1FC3846FEF7F2FC29F025FE25
S2140066004FF47F42A0674FF481716078257329F0BC
S21400661059FEE389A4F8806004F1B4060BB9238A16
S2140066207BB3B4F87E30A4F8883029F00EFE012D36
S214006630B4F87E30B4F88020C4F8840038D1D31A79
S214006640022DE18903D1208A002818BF014659434C
S2140066506423594342F21073B1FBF3F10AB19A4234
S21400666001D101F6B831304629F0E6FD2046BDE8F6
S214006670F84029F00FBFFEF7B3FC3846FEF78CFC57
S214006680BCE742F21072012D08BF1346A4F87E3014
S21400669014BF0023642360784FF48171A375082229
S2140066A029F010FE3046BDE8F840024929F0C4BD86
S2140066B09B1AC5E7E0930400094A437B0C2113703C
S2140066C0C3895380038A9380438AD380838A138145
S2140066D0B0F87E30538100781130C0B2FFF79ABB15
S2140066E0A657002038B5044600780D4D11302A46CE
S2140066F00C21C0B2FFF77EFB80B92B78204663736F
S2140067006B88E381AB882382EB8863822B89A38224
S2140067106B89A4F87E3029F03FFEA07538BD00BF17
S214006720A6570020024B53F8200029F05EBF00BF9A
S2140067307034002010B50446052923D8DFE801F0A0
S21400674003080C222210204629F044FF002010BD2A
S214006750204629F043FFF9E7204629F042FFF5E7F7
S214006760E18911B9218A0029F0D082B17BB1117874
S21400677064290ED8204629F02CFE0146204629F032
S2140067801AFFE3E7044813F035FF0120DFE7032094
S214006790DDE70220DBE700BF09B3030010B4054CB9
S2140067A0114654F820001A46BDF804305DF8044B34
S2140067B0FFF7C0BF7034002000234FF0967210B56C
S2140067C0C0E903233222044682750F4A8382C267D9
S2140067D0C0F88430A0F888308367A0F880308C300A
S2140067E0FFF75EFB094B04F1B400C4E92334FFF75E
S2140067F057FB074B04F1DC00C4E92D34FFF750FBD0
S214006800044BC4E9373410BDFFFF8813C5050300E9
S214006810D1040300B904030038B504460B78294AAE
S21400682043700D4642F82300FFF7C6FF2046FFF7E9
S21400683059FF4FF44013A3610123237784F82830CF
S21400684084F8343084F8403004F10D0363641E4B42
S2140068501E4AA364022322621D4A84F84C306262F8
S21400686004F11602E2621B4A84F85830226304F1EF
S2140068700C02A263184A84F86430E26304F10E0244
S2140068802265164A84F87030626504F11002E265EB
S214006890134A04F11403226604F11202A266114A96
S2140068A06367E266EA79A86802EB420300EB8301BD
S2140068B018344C600C4C40F823400C4B8B60531C37
S2140068C0EB7138BD7034002002FF2101BD5C002052
S2140068D00800200000FF300001FF100103FF210127
S2140068E004FF210105FF2101020101089D67000048
S2140068F010B44FF48274427B0C48013A012904FB21
S214006900020006D0022908D059B95DF8044B29F0D8
S21400691061BE5DF8044B29F061BE5DF8044B29F0BA
S21400692060BE03485DF8044B13F064BE9018002068
S21400693025B30300B0F85C302DE9F0418B420446E5
S2140069400E4639D0437B077C93B31C4A12789A4292
S2140069502ED34FF482751A4A013B05FB032390F8A9
S2140069600F801B7B424629F059FEB845054601D1EB
S214006970FF281FD13A463146204694F8903029F039
S2140069804DFE2F460546552212216078A4F85C601D
S21400699029F098FCFF2F03D039462046FFF7A8FFC2
S2140069A0FF2D09D029462046BDE8F04129F076BEE5
S2140069B0FF25DFE70746E6E7BDE8F081A65C002096
S2140069C09018002041688268C978D27849B112B11F
S2140069D00321FFF7AFBF837B002B0CBF01210221F1
S2140069E0F7E72AB1837B002B0CBF02210121F0E7D9
S2140069F0014813F0FFBD00BF36B30300037BD3B1DD
S214006A004368DA7812B18268D278A2B91B7933B1BA
S214006A10837B002B0CBF04210521FFF78BBF836807
S214006A201B792BB1837B002B0CBF05210421F4E7D7
S214006A30014813F0DFBD704768B30300084A437B84
S214006A4005211370837B5370C37B9370037CD370D4
S214006A50037B137100780E30C0B2FFF7DBB900BFBE
S214006A60BE5C002038B5044600780C4D0E302A4631
S214006A700521C0B2FFF7BEF920B1BDE8384008488E
S214006A8013F0B8BD2B7863736B78A373AB78E3739E
S214006A90EB7823742B79237338BD00BFBE5C0020CF
S214006AA0A4B30300024B53F8200029F041BE00BFF8
S214006AB098340020F8B504460B78424A43700D46D9
S214006AC042F82300404E29F051FEFFF7CBFF6268E4
S214006AD0A3683E483E49D6641165D4655065C3E94F
S214006AE01410DE64DC654FF09873022663610123A0
S214006AF004F10C01E16137491032216204F10D0105
S214006B00A16235492376E16204F10E0161633349DF
S214006B1084F82430A16304F10F012164304984F81D
S214006B203030616404F11001E1642E4984F83C3091
S214006B3084F84830216584F85460A265E879A9682D
S214006B4000EB400201EB820704F1140CC7F804C006
S214006B504FF4817C244F41F82270C218D2B202EB67
S214006B60420241F822C001EB820700227A601F4AE7
S214006B7084F8703022661E4A84F88830A2661D4A61
S214006B801D4BE2661D4AC4F88C3062671C4A8319A6
S214006B90A26704F15C02C4F88020DBB2194A03EB5A
S214006BA04303C4F8842084F8646084F87C6001EBB6
S214006BB0830260345460144A033041F82320E8719D
S214006BC0F8BD00BF98340020C5690000F306030036
S214006BD0FD690000010020010200100103003001E1
S214006BE0040030010500210101FC01064A002100D5
S214006BF0084E0400510010000A4E04000B4E04001C
S214006C00550021006F0018001200010470B50D46F3
S214006C100646144613460A4601461A4813F0EAFC8E
S214006C2025B92046BDE87040FFF71CBB072D05D1EF
S214006C3021463046BDE8704000F0C4BC4FF6014324
S214006C409D4205D121463046BDE87040FFF72ABF79
S214006C50062D05D121463046BDE8704000F066BAE4
S214006C60B5F5817F05D121463046BDE87040FFF777
S214006C7059BD202D04D12046BDE8704000F0ECB888
S214006C8070BD00BFD3B303000148FFF729BA00BFA9
S214006C900D6C00004FF4C01330B503600123037180
S214006CA0074B8C688360CA7902EB420304EB8305CA
S214006CB06860044844F82300531CCB7130BD00BF05
S214006CC00C4E0400040001010368064A0C21136000
S214006CD04368536003891381438922205381FFF759
S214006CE099B800BFC034002010B50368044686B0CB
S214006CF0FBB1114813F07EFCA37B104A8DF80430DC
S214006D004FF48273ADF806300123CDE90223002349
S214006D1001A804938DF81430FFF742FA20466189E3
S214006D2029F034FD2046FA2150F8143B594329F047
S214006D3083FA06B010BD00BF06B4030020000001B1
S214006D4010B5064C236843B1054813F053FC206881
S214006D50BDE81040418929F019BD10BDCC34002093
S214006D6027B4030070B5364910460C68BDF81020ED
S214006D70002C5ED003285CD8DFE800F0021E274512
S214006D80002B5AD0022A58D91D78B3F80160291E64
S214006D9018BF012132462B4813F02CFC2DB131468A
S214006DA0204629F0F3FC002070BDE573FA206368E6
S214006DB0584329F0C8FAF6E7234813F01BFCE37B98
S214006DC0002B38D00023E373F0E7002B35D0032ADE
S214006DD033D91D681D48294613F00CFC1C4B2A1F8E
S214006DE09A4201D90220DFE723680BB19D42F9D809
S214006DF023899D42F6D3E37B6560B3B9FA206843E6
S214006E0029F0A1FA11E0002BCED0012ACCD91D889A
S214006E101048294613F0EEFB002DE3D063689D4230
S214006E20E0D8E37B2581002BE8D12046FFF74CFF16
S214006E30B9E70120B8E70420B6E70320B4E700BFAF
S214006E40CC3400204AB4030081B40300A0B403008D
S214006E50FCFF6D00CBB4030038B5154B1C6834B38B
S214006E60F0B92168134813F0C5FB23683BB162688C
S214006E70934204D2104813F0BDFB6368236004F10C
S214006E801405284629F0DDF9236823B1FA2128469F
S214006E90594329F0D1F92046BDE83840FFF714BF22
S214006EA0032804D16189054813F0A4FBF3E738BD35
S214006EB0CC340020F6B4030024B5030059B5030013
S214006EC070B53E4B0D46044609781860002A6FD10F
S214006ED001231A46A1730021E1730121A1814FF419
S214006EE06151C4E900132823354E22810C21324615
S214006EF022206381FEF77EFF60B9D6E900230AB13F
S214006F009A4207D3318999429FBFC4E90023738907
S214006F10218163812B4B2C4AE363042384F84030A1
S214006F2084F84C30E3182365284BA264636502237B
S214006F3004F10802E265264A84F85830226604F115
S214006F400A02A266234A84F8643084F8703004F19A
S214006F500C03E26663676464EA79A86802EB42039E
S214006F6000EB830104F13C064E601B4E40F82360A4
S214006F70FA261A4B1A488B60531CEB71FFF7B6F8CB
S214006F80208904F11405704329F0DDF96189204653
S214006F9029F0FCFB134B2846C4E90534FEF780FFB6
S214006FA0216849B128467143BDE8704029F044B9CC
S214006FB04FF4F07302228DE770BD00BFCC34002082
S214006FC0C03400200000230101002300020021003D
S214006FD003002101FDFF210020000105656D000072
S214006FE0416D0000E96C0000134B10B51C680CB333
S214006FF0E37BEBB129F029F92369C01A002809DBE5
S2140070000E4813F0F7FA0023FA20E3736368584338
S21400701029F099F9E37B5BB12489FA235C4329F0D4
S2140070209DF9A04206D02046BDE8104029F08BB955
S2140070306468F2E710BD00BFCC34002086B50300BC
S21400704038B50024044D55F8040B08B129F0B1FBFF
S21400705001340A2CF7D138BDD0340020042908B5F5
S2140070600AD172B16BB113781BB929F0CDFB0020A1
S21400707008BD29F0BFFBFAE7034813F0BBFA01206E
S214007080F6E70320F4E700BFC0B5030010B4054CD4
S214007090114654F820001A46BDF804305DF8044B3B
S2140070A0FFF7DCBFD03400200229024608B50ED018
S2140070B004D839B9104629F0A7FB06E04029F9D0D4
S2140070C0412907D1104629F095FB002008BD29F07C
S2140070D0A5FBFAE7024813F08DFA0120F6E700BF99
S2140070E0E0B5030010B4054C114654F820001A46CB
S2140070F0BDF804305DF8044BFFF7D6BFD03400204F
S214007100426B094B52791A7082785A70C2789A701C
S214007110826B12B190F83C20DA70007804210930B6
S214007120014AC0B2FEF776BEC35C0020024B53F89D
S214007130200029F08FBB00BFD034002038B50446AD
S2140071400078084D09302A460421C0B2FEF752FEE8
S21400715030B96B78A370AB78E370EB7884F83C308A
S21400716038BD00BFC35C002038B504460078114D1A
S21400717009302A460421C0B2FEF73CFEC8B9A378FF
S2140071802A78022B0CD004D863B9204629F03CFBA1
S21400719001E0FF2B0AD02046BDE8384029F009BBA5
S2140071A0002AF2D1204629F025FBF4E7002AF9D17F
S2140071B0EBE738BDC35C0020F8B504460B78284AD8
S2140071C00D4642F823004370FFF7B8FF636B254A6D
S2140071D05C631A632046FFF7C7FF204629F0E9FAEA
S2140071E04FF4801363600123626BA66B0532E26086
S2140071F01D4A23722261A21C2375A26166B11B4A36
S21400720084F82030E261E21C6262194A84F82C306D
S21400721004F13C03A26223630627EA79A96802EB1D
S2140072204203002E21F8237001EB83000CBF0223DB
S2140072300423C370012383700E4B04348360531CF5
S2140072404460DBB20C4C03EB430341F8234001EBF4
S214007250830000234360094B02328360EA71F8BD65
S214007260D0340020310803000340300101FF300114
S21400727002FF1001E5700000080001008D7000009C
S21400728028B1034B1B78834234BF0020012070478F
S214007290A85C002070B500250A4C0B4E3378AB4234
S2140072A000DC70BDD4F8A42042B123791BB160790C
S2140072B0FFF7E6FF10B9104628F0AAFE0135A834FD
S2140072C0ECE700BF581E0020A95C002008B54279F4
S2140072D001461046FFF7D4FFA8B1CB780A48013A1A
S2140072E0042B00EB82100ED8012B08D81BB9BDE882
S2140072F0084029F07FBABDE8084029F085BABDE805
S214007300084029F08BBA08BD581D002008B5427900
S21400731001461046FFF7B4FFA8B1CB780A48013AF9
S214007320042B00EB82100ED8012B08D81BB9BDE841
S214007330084029F069BABDE8084029F05BBABDE804
S214007340084029F06BBA08BD581D002010B586B05D
S2140073500446FEF7EDFE012830D1E278042A2DD847
S214007360DFE802F013323403030061790846FFF7C2
S21400737087FF58B31648032A00EB811050F80C3CE0
S21400738058791DD1003818BF012063784FF48072F9
S2140073908DF804304FF48273ADF806300623ADF84E
S2140073A0083001238DF80B3000238DF80A0001A861
S2140073B0CDE903238DF81430FEF7F2FE06B010BDBB
S2140073C0B0FA80F04009E0E70020DEE70220DCE7C4
S2140073D0581D002010B586B00446FEF7A9FE012809
S2140073E030D1E278042A2DD8DFE802F013133203F6
S2140073F0030061790846FFF743FF48B31548032AA0
S21400740000EB811050F80C3C5B791DD11A1E18BF9A
S214007410012263788DF80A208DF804304FF48273C9
S214007420ADF806300623ADF8083001234FF480721D
S2140074308DF80B30002301A8CDE903238DF8143016
S214007440FEF7AEFE06B010BDB3FA83F25209E0E7CF
S2140074500222DEE7581D002010B586B00446FEF76F
S21400746067FE012812D16378094A8DF804304FF47C
S2140074708273ADF806304FF48073CDE90223002303
S21400748001A804938DF81430FEF78AFE06B010BDEE
S2140074900800070110B586B00446FEF749FE01282D
S2140074A020D16278104B8DF804204FF4827294F845
S2140074B0A01094F8A10059701870ADF80620049337
S2140074C04FF480720223094901A88DF81430CDE9E3
S2140074D00212FEF765FE94F8A130013B18BF0123A7
S2140074E084F8A13006B010BDC75C00200800050176
S2140074F010B58378044603B30379022B0AD1427988
S2140075001046FFF7BDFE28B10C48013A00EB82108A
S21400751029F084F9A379022B02D12046FFF716FF43
S2140075202046FFF7B7FF02236078A4F86C30552298
S214007530BDE81040122128F0C5BE10BD581D002021
S2140075404388094A082113808388538083681B8AEE
S214007550938090F8A03093718379D37100780430CB
S214007560C0B2FEF757BC00BFB257002038B50D4674
S21400757004460178114813F03DF84FF602739D4219
S2140075800ED10F4B1B782BB963712046BDE83840EF
S214007590FFF7D6BF62790AB19342F6D20123F3E72A
S2140075A0B5F57F4FF1D1204629F0D1F9A378022B0B
S2140075B00CBF01220022A3689A70E6E7FCB5030020
S2140075C0A85C0020024B53F82000FFF7CFBF00BF97
S2140075D0F834002038B504460078144D04302A46A6
S2140075E00821C0B2FEF706FC20B1BDE838401048BE
S2140075F013F000B82B8863806B88E978A380AA888C
S214007600A3681A82AB7984F8A030EB79A371094B92
S2140076101B780BB9637138BD09B19942FBD906488E
S21400762012F0E8FF23780133F4E700BFB2570020DA
S21400763016B60300A85C00203FB60300F8B5044663
S2140076400B78474A0D4642F823004370FFF7C2FF07
S214007650A268444BD465D364434B02265365434B20
S214007660A11C13654FF44013E36001236161E162DE
S2140076703F49103221632265211D3E4AA1633E48E0
S2140076803E49626504F1A002A061E163E265E01C88
S214007690611D3B4A206261643A483B492266A21D4E
S2140076A02374237784F8283084F8343084F8403004
S2140076B0A16484F84C6084F8583084F864306062C2
S2140076C0A266E879AA6800EB400102EB810704F1A4
S2140076D00C0CC7F804C04FF0060C2C4F42F8217073
S2140076E0C118C9B201EB410142F821C002EB810783
S2140076F000217960264F84F880302767254F84F86C
S2140077009830A767244F254BE767254F84F87460A9
S21400771084F88C60C4F89C3004F16C06831CC4F8B2
S2140077208470C4F890601F4F1F4EDBB203EB430318
S214007730C4F89460C4F8887002EB830670347460F2
S21400774008261A4C42F82340C31CDBB203EB430363
S21400775002EB8304043042F823606160E871F8BDF0
S214007760F8340020A5080300EF080300F1740000B9
S21400777001FF300104FF20011000300102FF20014C
S21400778005FF300100FF300103FF2101070001085B
S2140077904A0021000E4E040051001000104E040056
S2140077A0114E0400550021006F001800120001045D
S2140077B000239B6AB3F5804F03D21968064A9142AC
S2140077C003D00023037083607047012202709A681A
S2140077D09B694260F7E700BF07B0CD5E024B034AE5
S2140077E01A602AF0D8BC00BF0000002002020FF08A
S2140077F073B53F4B04461A781AB102221A7002B0CB
S21400780070BDCDE900220028F9D001261E7033F0A5
S2140078104FF8384D384B186017F0CEFC2B785BB914
S21400782002F0F2F940B935480823354A3549006870
S21400783001F038FE00B92E70334B5A68E260334AC6
S2140078409A601A6E22605A6E6260D3F87021A26047
S2140078501B6E5C042CD52E4AD368D807FCD42D4B5F
S2140078601A68531C29D04FF4801393402A4A136693
S2140078700423294C4FF0804223664FF4806323662E
S214007880102323664FF400536846236601A9226638
S214007890636629F074F8009B2366019B63662B7869
S2140078A0002BACD0164B1A6822665B686366A6E7A8
S2140078B01A4AD368D907FCD4D1E7194B1B78002B9A
S2140078C0D6D1184B5A68144B12B94FF480121A6668
S2140078D0154A526812B94FF400121A66134B5B68C9
S2140078E0002BC5D14FF480020B4B1A66C0E700BFD1
S2140078F0CA5C0020CB5C002030350020E466002007
S21400790034350020007108000080004455CEAC00DD
S21400791000000440B06600200090004400000450C0
S214007920C95C00200080055000C0055000000650CD
S21400793038B5224D04462B78012B02D001232B703C
S21400794038BD0028FCD029F03FF8013009D029F0D6
S2140079503BF840F20113984203D0194AD368DB077C
S214007960FCD42268174B1A6662685A66A268C3F887
S2140079707021E268D40744BF00229A60124B1A684E
S214007980013213D1114A127882B911494968C807E1
S21400799048BF1A600F4A5268D10744BF01221A60D6
S2140079A00D4A5268D20744BF02221A6017F00CFC38
S2140079B00A4B186832F077FF0023C0E7CA5C002045
S2140079C00000044000800044B0660020C95C00202F
S2140079D00080055000C005500000065030350020DD
S2140079E070B50024A36AB3F5804F23D21A68134BF0
S2140079F09A421FD1124E337813F0FD0518D14FF47A
S214007A0080341048FFF7F4FE032004F04FFC0E4BC2
S214007A100320DC6004F02EFC0C4B1C61AB6ADB69B7
S214007A20984704460748FFF783FF0CB901233370D5
S214007A30204670BD4FF48174FAE700BF07B0CD5EF4
S214007A40C95C00202035002000A0004400900044BF
S214007A5013B5204B1B7803B9FEE700231E4CCDE977
S214007A6000336A4608231D49206801F01BFDF8B95B
S214007A701B4AD2F84031D2F840211F2B4FF00103A9
S214007A8011D9203A9340019A1A43019208236A4674
S214007A901249206801F08EFE124B134A1A602AF033
S214007AA07AFB02B010BD9340009A1A430092EDE7AD
S214007AB02D28F1D10A4AD2F84031D2F840211F2BA6
S214007AC04FF0010385BF203A93409340019398BF3F
S214007AD00093DBE7CA5C0020E46600200071080023
S214007AE000800044000000200B020FF038B500258F
S214007AF0AB6A0446B3F5804F10D21B6BB3F5804FCC
S214007B000CD20748FFF774FEAB6A20461B6B5B6817
S214007B109847BDE838400248FFF70ABF38BD00BFA7
S214007B203C35002013B50024A36A0190B3F5804FBE
S214007B3013D21B6BB3F5804F0FD20948FFF758FEE0
S214007B40A36A01211B6B01A89B6998470446044859
S214007B50FFF7EEFE204602B010BD4FF48174F9E741
S214007B603C35002070B50026B36A0446B3F5804F56
S214007B700D4612D21B6BB3F5804F0ED20848FFF7A6
S214007B8037FEB36A20461B6B29469B699847044616
S214007B900348FFF7CDFE204670BD4FF48174FAE728
S214007BA03C35002070B50026B36A0446B3F5804F16
S214007BB00D4612D21B6BB3F5804F0ED20848FFF766
S214007BC017FEB36A20461B6B2946DB6998470446B6
S214007BD00348FFF7ADFE204670BD4FF48174FAE708
S214007BE03C350020F8B50027BB6A0446B3F5804F45
S214007BF00D46164611D21B6B7BB10948FFF7F8FD00
S214007C00BB6A20461B6B324629465B6A9847044689
S214007C100348FFF78DFE2046F8BD4FF40174FAE7DF
S214007C203C35002070B50026B36A0446B3F5804F95
S214007C300D4612D21B6BB3F5804F0ED20848FFF7E5
S214007C40D7FDB36A20461B6B29469B6A98470446B5
S214007C500348FFF76DFE204670BD4FF40174FAE747
S214007C603C350020F0B50027BB6A0446B3F5804FCC
S214007C700D461646ADF5337D20D21B6BB3F5804F0F
S214007C801CD21048FFF7B4FDBB6A20461B6B40F2BF
S214007C90C1225B6A01A99847044630B10948FFF73C
S214007CA047FE20460DF5337DF0BD836A32461B6BDA
S214007CB02946DB6A01A898470446EFE74FF40174AB
S214007CC0EFE700BF3C35002010B50024A36AB3F5EB
S214007CD0804F10D21B6BB3F5804F0CD20748FFF7CE
S214007CE087FDA36A1B6B1B6B984704460348FFF788
S214007CF01FFE204610BD0124FBE700BF3C350020D8
S214007D00F0B58FB0044601A80E461546FFF7EEFE06
S214007D109DF80C30012B12D1B5F5402F27D8B4F5BD
S214007D20402F24D86319B3F5402F20D821462A4681
S214007D30304613F001FF002420460FB0F0BD0027A8
S214007D40BB6AB3F5804F15D21B6BB3F5804F11D2CB
S214007D500A48FFF74DFDBB6A2A461B6B3146204694
S214007D605B6B984704460548FFF7E2FDE4E740F200
S214007D700244E1E740F20114DEE700BF3C35002094
S214007D80F0B58FB0044601A80E461546FFF7AEFEC6
S214007D909DF80C30012B1FD1B5F5402F06D8B4F551
S214007DA0402F03D86319B3F5402F13D940F202448D
S214007DB020460FB0F0BDE258013225D104339D4273
S214007DC0F9D82A463146204628F02EFE0028EDD067
S214007DD00024EDE70023F2E70027BB6AB3F5804FE7
S214007DE015D21B6BB3F5804F11D20A48FFF700FD82
S214007DF0BB6A2A461B6B314620469B6B9847044657
S214007E000448FFF795FDD3E740F20344D0E740F27D
S214007E100114CDE73C35002070B58EB0044601A8AD
S214007E200D46FFF763FE9DF80C30012B22D144EA85
S214007E300503C3F30C03002B33D1B5F5402F04D94B
S214007E4040F2024420460EB070BDB4F5402FF7D87D
S214007E502544B5F5402FF3D8204604F5005428F005
S214007E60DCFDAC4202D00028F6D1E9E70028E7D0D6
S214007E700024E7E70026B36AB3F5804F14D21B6BE5
S214007E80B3F5804F10D20A48FFF7B2FCB36A294612
S214007E901B6B2046DB6B984704460548FFF748FDFA
S214007EA0D0E740F20444CDE740F20114CAE700BF31
S214007EB03C350020BFF34F8F0549064BCA6802F4D5
S214007EC0E0621343CB60BFF34F8F00BFFDE700BFF8
S214007ED000ED00E00400FA0570B5D0B1C9B10E4E51
S214007EE0431E013913F8014F2046325D02F00302AB
S214007EF0012A11F8012F08BF04F12000B55C05F037
S214007F000305012D08BF2032801A01D1002CE9D1CB
S214007F1070BD0120FCE700BFE57504000348044A75
S214007F200449121A921028F0CBBD00BF344100005D
S214007F30D0420000E463002008B5154B83F30A889E
S214007F4000F030F8FFF7EAFF124B13498B4212D3CA
S214007F500020124B12498B4218D3FCF7C3FE186858
S214007F6050F82240586840F8224001329868824211
S214007F70F5D30C33EAE70022F8E71C6844F8220041
S214007F8001325C68A242F8D30833E4E70022F8E73F
S214007F9008000020849A0400909A0400909A040036
S214007FA0909A0400124B134A70B59A60D3F8882052
S214007FB0114D42F47002C3F888206FF0010205F5F7
S214007FC00054226641F2FF7262660222C3F8D02095
S214007FD0BFF34F8FBFF36F8F4FF44036032004F08C
S214007FE065F90320E66004F045F92E6170BD00BF18
S214007FF000ED00E00040000000800044014B1860E7
S214008000704700BFB8660020054B1860054B1B6F15
S21400801003F00703032B01D130F0A2BD704700BF69
S214008020C0660020008000502DE9F04104464FF065
S21400803001080C250D4E0CB9BDE8F08194FAA4F0A9
S214008040B0FA80F00F2808FA00F2C8BF103824EA09
S2140080500204CABF05FB006205FB0062B432576823
S214008060002FE8D09168C0B2B847E4E74C3500204E
S21400807008B50C4832F0BAFC192004F009F928B10A
S214008080192004F013F9192004F0F4F81A2004F06B
S214008090FFF828B11A2004F009F91A2004F0EAF8CB
S2140080A0002008BD745004002DE9F0410E46174626
S2140080B0054618B30F2923D80378DBB1013BDBB2A2
S2140080C0022B19D8104AD35C6A78D340DB0717D541
S2140080D00E4BD3F81043ACB932F0EAFB80463A4672
S2140080E02846314602F042FE404632F0DCFB20468F
S2140080F0BDE8F0817F23E7E70023E5E72224F6E7E3
S2140081002124F4E70224F2E7644E040000C0035082
S21400811010B5044610B30378E3B1013BDBB2022B83
S2140081201AD8104AD35C6278D340DB0718D532F0F1
S214008130BFFB0122617823788A4030214B4341F20D
S214008140100103F1A04303F570335A5032F0ABFB35
S214008150002010BD7F23E6E70023E4E72220F8E7AF
S2140081602120F6E7644E040010B5044610B30378E9
S214008170E3B1013BDBB2022B1AD8104AD35C62781B
S214008180D340DB0718D532F093FB012261782378C1
S2140081908A4030214B4342F2100103F1A04303F51D
S2140081A070335A5032F07FFB002010BD7F23E6E785
S2140081B00023E4E72220F8E72120F6E7644E0400D7
S2140081C038B50D46044618B311B30378E3B1013B46
S2140081D0DBB2022B1AD8104AD35C6278D340DB0796
S2140081E018D532F065FB30222378534303F1A043C1
S2140081F003F570335B696278D34003F001032B709C
S21400820032F051FB002038BD7F23E6E70023E4E789
S2140082102220F8E72120F6E7644E04002DE9F0411D
S2140082200D4616469846044600284FD000294DD0E5
S2140082300178002940D04B1EDBB2022B3ED8254ADF
S214008240D25C6378DA40D20701D4FF2940D1022EEF
S21400825001D9042E3CD132F02BFB23780746FF2BA6
S21400826005D032462046296802F0C6FD28602B68F5
S214008270013309D12378FF2B06D1174B6078D3F84A
S214008280241429F0F8F9286029684B1C18D00C2310
S214008290124A03FB0122069BC2F8048093602378EF
S2140082A0FF2B04D001230E4A8B40C2F824343846F4
S2140082B032F0F9FA002007E07F22C2E70022C0E78A
S2140082C0384632F0F0FA2D20BDE8F0812220FBE798
S2140082D02120F9E7644E040000C003504C3500200E
S2140082E000D0035008B502F037FD044B00F05530BF
S2140082F0C3F82004BDE80840FFF796BE00E0035030
S21400830008B502F029FD044B00F0AA30C3F820049B
S214008310BDE80840FFF788BE00E003502DE9F04FA7
S214008320144605460E469B46C36B87B001225B6922
S21400833002A960689847EB6B01225B6903A9304687
S214008340984702A828F0BBFF074648B10023A3754C
S21400835063754FF0FF33A360002007B0BDE8F08FD1
S21400836003A828F0B9FF0123A375237E04EBC303FB
S214008370DE611F846368B3420ED1206003A828F034
S214008380CDFF4FF0FF332075A360237D043B022B07
S21400839026D80023A375DFE723681A1A53425341F1
S2140083A0A37503A828F0BAFF237D834218BFA775DC
S2140083B003A828F095FF074602A828F091FF8742F9
S2140083C018BF002303A818BFA37528F091FF07461F
S2140083D002A828F08DFF87421CBF0023A375D4E7B0
S2140083E003A828F07DFF80B1EB6B022230465B6964
S2140083F004A9984704A828F082FF0346207D032896
S21400840039D8DFE800F03838040903A8F3E7CC22AF
S214008410237E04EBC3031A8401F06EFC109B1870D5
S21400842003A8277E28F050FF04EBC70787F8220032
S214008430237E03A804EBC303B3F8209093F82270BE
S21400844028F04EFF804603A828F052FF8246B8F177
S214008450000F15D0EB6B022230465B6904A99847E3
S21400846004A828F011FF6075637D6BB90023A3751F
S2140084704FF0000838E0227E04EBC2021384CBE7FC
S21400848003A828F0ECFEEEE794F81680B8F1000F8B
S214008490EED0B9F1000F09D1DFB10123E375637E99
S2140084A0002B4FD1012F42D1677614E06B6C06EBA0
S2140084B00A015A4286EA010010421CBF0022A27539
S2140084C05A1E0A409B1A9945D0D8A37D002BE3D1AB
S2140084D0CEE7E37D43B94FF000084B46524631469F
S2140084E0284628F037FCA060A27D12B123694B44D1
S2140084F023611A49237E097899422AD901332376C3
S214008500BBF1000F27D032B3E37D23B3B8F1000FE1
S21400851021D1032F1FD0A1684B1C1CD0109B2246D4
S214008520009328460123FFF7F9FEA07513E095F89F
S214008530343063B9EB6A0133CFD1032FCDD1012399
S214008540A376C8E7012FCFD0032FC4D1F7E798460C
S214008550C3E70023A375A07DFFE600BF884E040096
S2140085602DE9F04F0E46984600238BB004464FF098
S214008570FF31104617468DF8133001F0A7FBB6F50D
S214008580801F20D2314605AA04F1080028F0E9FD34
S214008590451C014603D1237CBBB92D2010E038468C
S2140085A001F094FB0122394620460DF1130328F012
S2140085B023FC0028EFD09DF8133088F80030002008
S2140085C00BB0BDE8F08FB01CE5D1E56A691C36D16A
S2140085D02046616A28F004FB0546B31C18BF012339
S2140085E0DFF8CC900193636A626C0293236805A956
S2140085F002FB053AE36B05225B695046984705A8DF
S21400860028F0F8FE28F01BFF504628F023FF4FF016
S214008610000B824601464B1C05D0636C81EA0A02B9
S2140086205B42134211D02946204628F0D9FA029B15
S214008630AB422CD0BBF1000F2CD10546D3E7236804
S214008640ED1A636CB5FBF3F5C7E7484601F03EFB51
S2140086500DF1130349462046019A28F0CDFB034648
S21400866090B1B21C03D0D9F80020B2420CD19DF8CC
S214008670132003930D4B88F8002049461A683846A5
S21400868013F05AFA039B9B46D9F80810C3E7BBF1D0
S214008690000F82D0B6F5801F91D2314698F8003090
S2140086A07A6804F1080001F03FFA88E7844E040077
S2140086B0283D00202DE9F3410446174698460E460D
S2140086C0184D816AE36A8B4201D04B1C02D102B07E
S2140086D0BDE8F081284601F0F9FA01222946204635
S2140086E00DF1070328F088FB38B14346294620469B
S2140086F09DF80720B8470028E9D0A9684A1C04D18D
S2140087006968204628F0F9FA0146012EDAD16B682E
S21400871081EA0302636C5B421A4218BF4FF0FF31D6
S214008720D0E700BFFC3C00202DE9F04F4FF0FF33B0
S2140087304FF6FF720025044600F10806C0E909233B
S2140087408BB0C362056205633046884628F0DAFCC3
S214008750204628F015FA60BB2046414628F090FADD
S214008760204628F00DFA60BB5E200BB0BDE8F08F07
S2140087702368E26B606C576900FB0530052205A98B
S214008780B84705A828F036FE012807460CD129462A
S214008790204628F046FA012F024600D1013229462B
S2140087A0204628F00CFA03E028F04EFE0028EED112
S2140087B00135E3699D42DBD3204628F0E1F9002825
S2140087C0CAD000254FF0FF394FF6FF73CA46A846B9
S2140087D0C4E90853E36998450AD3A5EB0905012DBA
S2140087E02CD84FF6FF72636A93423CD16720BCE7F1
S2140087F02368E26B606C576900FB0830052205A908
S214008800B84705A828F0F6FD834605A828F0C9FD58
S2140088100746584628F013FE68B1574538BFC4F8D7
S2140088202480B94528BFB946BD4238BF3D46BA4642
S214008830236A0133236208F10108CBE74FF6FF7382
S21400884000256362E3699D42CBD2676C2068E36BC8
S214008850052207FB05005B6905A9984705A828F0CF
S214008860A0FD0135EEE7E26B676C2068694607FB02
S214008870030055690522A847684628F092FD626AFB
S2140088802368606C4B4D00FB023028F0E3FD4FF090
S214008890FF33A062E3622A466FF00101204605AB73
S2140088A0FFF75EFE002846D1AD6829462046E56201
S2140088B028F042F9206320B92046E16A28F01DFA24
S2140088C0E0622946204628F018FA0546A36A9D422B
S2140088D033D1204628F003F900278046B946E369DD
S2140088E099453CD3B84559D92046616A28F078F9AD
S2140088F00026054604F1400AB74212D8626C236887
S214008900694602FB0539E36B05225B6948469847D2
S214008910684628F046FD534602464946E06B28F076
S2140089209BFD2946204628F05BF90136B0450546F2
S214008930E2D1642019E7A56AB7E72946204628F061
S214008940FBF8236B2946034407462363204628F09A
S214008950D4F90546002FB9D1C4E90B07B6E7636C16
S2140089602568052203FB0955E36B05A95B692846C4
S214008970984705A828F03EFD28F061FD58B1284626
S21400898028F068FD0146204628F0D6F8636C143BB4
S214008990984208BF013709F10109A0E7304628F0E0
S2140089A0B1FB002320461946034AFFF783FE00204A
S2140089B0DBE600BF543D0020E70D03002DE9F04143
S2140089C0036B9046826B07689A4288BF8363426C4B
S2140089D0436A90B002FB0377C36B0E46052201A9DB
S2140089E05B6904463846984701A828F003FD01282D
S2140089F00146307057D0656CE26B2368606AD2F827
S214008A0014C005FB0030052206A9E04706A828F09A
S214008A10F1FC01284FF0000523D0D4E90A320121E9
S214008A209342CDE90B458DF834800E958DF83C10B9
S214008A302AD11946204628F060F9236B626C14335D
S214008A409B1AE06223630C9B53B99DF83C303BB104
S214008A50626A616C2368E06B01FB023128F082FCDD
S214008A600C9DE36B05225B6901A93846984701A86F
S214008A7028F0C0FC30702846236BA26B9A4288BF51
S214008A80A36310B0BDE8F081237C33B91C490BAA60
S214008A9004F1080001F096F8D5E72046194A0BAB1A
S214008AA0FFF708FECFE7237C23BB2246164904F1D6
S214008AB0080001F087F8616A204628F0B2F8616A7B
S214008AC0421C204628F07BF8054620B9236B626CD2
S214008AD01344143B23632046A16A28F00EF923684A
S214008AE0A062C01A636CB0FBF3F06062204628F008
S214008AF047F9B6E700232046044AFFF7DBFDDAE72E
S214008B0061920000DD910000810E03001D0E03003F
S214008B1073B50D46D11E4A421C461B7E4A419A42F8
S214008B2026D129682368994222D3636899421FD8C0
S214008B30114E0DF107033246FFF712FDC0B97268F9
S214008B406B689A4214D19DF80730DA1E534253419F
S214008B50227E93420CD1636901336361D4E9032317
S214008B60934205D22968A26842F823100133236194
S214008B70012002B070BD00BF543D00202DE9F04F2B
S214008B809B4689B09DF848309046514A0193136938
S214008B9007465B450D46C0F09580D946536800935E
S214008BA0B9F1000F7BD0FB6B01225B6905A9009829
S214008BB0984705A828F090FB454B1B68984240F064
S214008BC0848005A828F094FB0428064615D105A83D
S214008BD028F095FB009B04461E44019B002B3ED1CB
S214008BE0804512D91C46A8EB00083846009928F0A4
S214008BF084F8A9EB04090090D2E7FB6B02225B69BC
S214008C00009806A9984706A8E2E7A0EB08045C458A
S214008C1028BF5C46032C4644ABEB040B1DD9FB6B0C
S214008C20294630465B69A208984724F0030304F0FF
S214008C30030A1E441D44DDF80480BAF1000FD4D0A8
S214008C40FB6B012206A930465B69984752462846C8
S214008C5006A912F071FF5544C7E7A246EBE7824625
S214008C6000F0030302932B1803930644039BA6EB22
S214008C700A00A3EB0A05029B9A4514D1BAF1000F2D
S214008C80B3D0FB6B012206A95B699847524628467B
S214008C9006A913F00DF90028DDD04FF03609484636
S214008CA009B0BDE8F08FFB6B012206A95B69984707
S214008CB00422284606A913F0FBF80028EDD1AAF1F5
S214008CC0040AD3E74FF06309E9E74FF06F09E6E7D8
S214008CD0803D00202DE9F0410F4616469846044692
S214008CE088B060B390F83450FDB1012127F03DFF05
S214008CF000210E9BCDE90511CDE902379DF83C30E9
S214008D00CDF804808DF81C30237C04968BB90D4971
S214008D1001AA04F1080000F055FFDDE90553E06BF9
S214008D20002E08BF1D4628F0B9F8284608B0BDE852
S214008D30F0812046044A01ABFFF7BCFCEDE7054690
S214008D40F3E700BF4B0E0300118B00007FB590F8D1
S214008D504260044601920DF10B030A463046114963
S214008D6028F0A4F8012E0546E36B17D132465B695E
S214008D7003A998479DF80B10039B019A59B19BB223
S214008D8043EA0243012228460393E36B03A99B6947
S214008D90984704B070BD62F30F03F3E701229B69A6
S214008DA001A9F5E7803D00202DE9F04F99B00E4669
S214008DB00D920A69416C0B931439D31DB3FBF1F382
S214008DC0013302EBC302036B04469342C0F00182F8
S214008DD00023DFF804940893E36A4846194605938F
S214008DE000F074FFD6E9033707930B9B022B4DD197
S214008DF0CC2F40F0D7810D9B3BB13146204628F062
S214008E00ABF8656C1490012044E00120079B656C6C
S214008E101B68149300F0010000280CBF04230823ED
S214008E20782F0E9349D8059A6B1E1340ED1A3B1DFA
S214008E309D423CD2002F3DD0082D3ED8002304256D
S214008E4006934FF0040A336806990B98C9F8003069
S214008E50C9F8107028F066FA4FEA9A030F93059B3C
S214008E6089F814000393002309930C9304930A9340
S214008E70616C039B4A1E1A408B1A27B35544AB42BB
S214008E8023D8236B5B1A134423632FE1782F656C7A
S214008E90B9D8F07D0D9B002BBCD0E36B01225B693B
S214008EA0706816A9984716A828F01AFAB4E700259D
S214008EB00695C6E704250697C3E7012300254FF06D
S214008EC0080A0693BFE75345DBD3A3EB0A02974293
S214008ED0039BB84628BF90469742534428D90122A0
S214008EE0D9F8101089F817208F4226D10399C9F8AF
S214008EF00410049299F817200AB399F818100398EA
S214008F00CA1C09EBC202506004980131A2F808801E
S214008F10907289F81810B8F1000F07D00B9A022A41
S214008F2040F08180099A72B1012209929B46ABE01B
S214008F30049A002A18BF0322DBE70222D9E7039A25
S214008F40C9F80420E7E70C9A4244032AEED9E26BFC
S214008F501846956914A901220993A847099B054656
S214008F600028E1D03D2D40F01E8104F10803039354
S214008F702368059A606CA2EB030ABAFBF0FA00FBC2
S214008F800A3028F067FAE16A8046204627F0B5FEE8
S214008F90A26A824200F00F81626CD9F80830511E36
S214008FA00B40216B2768891A0B442363089BE062F9
S214008FB0DF1BB7FBF2F7BA4540F0FA80059BB3EB30
S214008FC0080A12D0E36B4FEA9A0241469B6998471B
S214008FD08346E36A059A5344E362236B03989B1A1D
S214008FE04344236328F08EF8DA462368616CE06B0E
S214008FF001FB073128F0A3F9204627F0C1FD2046E3
S21400900027F0BEFE2063BAF1000F00F0D48032696C
S214009010616CD31D1439B3FBF1F3013302EBC302C9
S2140090209042A5D2BFE00D9A002A77D1B8F1030F7F
S2140090304FEA98026ED9E16B18468D69079910932E
S214009040A847109B0546C0B918F0030515D0079A27
S21400905028F0030B02EB0B019B444FF0FF3215A8E0
S21400906015922A46109312F067FDE26B58469569F2
S21400907015A90122A8470546109B9B46079A42441D
S2140090800792002D40F08B80049B16A80193069B48
S214009090009399F814204346316800F0CDFDE36B49
S2140090A00F9A9B69039816A99847039A051E089B72
S2140090B018BF13460893434652462046039927F0A6
S2140090C049FE236B08F10302A3EB0A0322F0030216
S2140090D09B1AC9F808002363002D7FF443AF0C9B4E
S2140090E0A7EB080743440C93CDF80CB02046039931
S2140090F027F003FE00250390002F7FF4B9AE364A12
S2140091003168936804F10800E36252680B9B00F034
S2140091100BFD49E09B46454607999EE79B4606F1B0
S21400912020021092F27D7068A2B1002296F818C054
S2140091300A99D5B2AC4511D9109D02F1010E35F849
S21400914032508D4228D90E9806EBC2020144D069EF
S214009150084403E00E9A0A990A441044E26B15A9E3
S214009160556901221193A847159A0A9B1392E26B40
S214009170043395695846012213A90A93A847119B00
S214009180054603EB0802A2EB0B02042A7FF679AF32
S21400919028B90BF1040BC5E77246491BC9E7CDF8A1
S2140091A020B088E770252F46384619B0BDE8F08F06
S2140091B04FF0000A19E73269616CD31D1439B3FB0E
S2140091C0F1F3013302EBC302236B9342BFF404AE08
S2140091D0E9E71C27E8E700BF283D0020032A2DE921
S2140091E0F34106460D4617461C4606D1237A012B48
S2140091F023D0012002B0BDE8F081DFF86080096866
S21400920042460DF10703FFF7ABF960600028EDD189
S2140092109DF80720237A032AE8D0D8F804106A6855
S2140092209142E3D1012B2969D4F80CC007D17269A9
S2140092300CEB0103934202D92074207CDAE7083154
S2140092406144E1603B46012229463046FFF7ACFD0B
S21400925060600028CAD00020CCE700BF543D002044
S2140092602DE9F341089C032A1746266806D1237A7F
S214009270012B24D0012002B0BDE8F081DFF89080F9
S214009280304642460DF10703FFF76AF96060002892
S214009290EDD12568D8F80400A96AD5F844C048403E
S2140092A0CCF100031840227AE1D1012A09D1E26804
S2140092B0D8F8103013447269934202D92074207C87
S2140092C0D9E72868EB6A1B1A081AB3FBFCF3B0FB55
S2140092D0FCF083420BD1706CF36A421E1340326B73
S2140092E0121A13442846336327F007FDE862D8F8BD
S2140092F01020E36808321344E36001223B46044929
S2140093002068FFF751FD60600028B0D00020B2E76B
S214009310543D00202DE9F0410025604B0E46D3F861
S214009320008004461D6018B921252846BDE8F08156
S21400933090F8347007B30A6803689A4240F0A38036
S2140093404A6843689A4240F09E808A6883689A42D8
S21400935040F09980CA68C3689A4240F094800A69CF
S21400936043699A4240F08F808A69C36B9A4240F004
S2140093708A804B698361D8E768223946856B12F08C
S2140093804BFAD6E90212336804F1080023607368CA
S214009390A5636360336963617369A36127F0C4FEE4
S2140093A0B36904F14000E3639B68984720B9676C93
S2140093B017B16368B3FBF7F794F84330E761002B07
S2140093C0B2D00023656C2366002D64D0002F62D0D7
S2140093D02368B3FBF5F205FB1233002B55D1666804
S2140093E0B6FBF5F305FB1363002B4ED1204627F0A2
S2140093F093FBA369043303449E4248D340F6347279
S2140094006369CC3B934244D8B5F5805F43D30321D0
S214009410204627F0AAFBD4E90001E36B1B689847B7
S2140094200546E36B0220DB689847CDB941462046E7
S214009430FFF77AF96428054604D141462046FFF72F
S21400944073F90546666C5DB9236A2046143E5E4392
S21400945027F062FBA369043303449E4238BF5A25B3
S214009460002D0CBF0123002384F8343007D1D4E943
S21400947000010B4A13680133136027F0EFFEE06B20
S21400948027F00CFD51E75D254FE759254DE75A2596
S2140094904BE75F2549E75B2547E700BFB836002066
S2140094A0B43600202DE9FF410C4616461F460546F9
S2140094B080B390F834307BB3B1F5801F2ED2DFF83E
S2140094C06080012127F051FB2146424628460DF1D7
S2140094D00F03FFF745F8044670B99DF80F30012BCF
S2140094E011D1D8F81030BB4212D102460090314656
S2140094F02846FFF743FB0446E86B27F0CFFC2046E0
S21400950004B0BDE8F081022B14BF2D246024F3E7DD
S2140095106324F1E72124F2E71124F0E72924EEE79B
S214009520803D00202DE9F04385B00C4617461E46C8
S2140095300546DDF8308098B390F8343093B3B1F533
S214009540801F31D2DFF86490012127F00EFB214600
S2140095504A4628460DF10F03FFF702F8044688B97D
S2140095609DF80F30012B14D1D9F8102006EB080314
S2140095709A4213D300904346324639462846FFF7B0
S214009580FDFA0446E86B27F089FC204605B0BDE8E6
S214009590F083022B14BF2D246024F3E76324F1E745
S2140095A02124F2E71124F0E72924EEE7803D00208D
S2140095B073B50C461646054630B390F834302BB3D8
S2140095C0B1F5801F24D2012127F0CFFA2146284684
S2140095D0104A0DF10703FEF7C3FF044680B99DF855
S2140095E00730032B0CD0022B0CD12846094927F054
S2140095F0B3FC3060E86B27F051FC204602B070BD2B
S2140096002D24F7E76124F5E72124F6E71124F4E793
S2140096102924F2E7803D00202DE9F3411E46002371
S2140096200C4617460546336050B390F834304BB3BB
S214009630B1F5801F28D2DFF85480012127F095FA73
S2140096402146424628460DF10703FEF789FF0446E9
S214009650A0B99DF80730032B10D0022B03BF0123BF
S2140096603B600423D8F8103018BF38603360E86BCE
S21400967027F014FC204602B0BDE8F0812D24F6E762
S2140096802124F7E71124F5E72924F3E7803D00209D
S21400969073B50446056B27F03FFA636E03449D429C
S2140096A02CBF00230123854294BF00252D1A207C61
S2140096B084F85030656584F85800A8B100230C4E35
S2140096C01A4619462046009627F00AFD002305464E
S2140096D01A4619462046009627F00BFDE3682844F4
S2140096E0984294BF0020C01AE06502B070BD00BF6B
S2140096F0FFFF0F002DE9F3471E4643690446B342B9
S214009700884617469DF828904ED300258DF80750BA
S214009710204627F001FAD4F830A082450AD2236A00
S214009720B5EB430F06D2002220460DF10701FFF7E6
S21400973045F9B8B39DF80730012B05D10022204625
S2140097400DF10701FFF73AF9B9F1030F06D03146DC
S214009750204627F0D1F9256B854227D3144D4FF0CC
S214009760FF31284600F0B2FA4B4629460022204632
S214009770C5E90376C5F80080FFF716FB236E05469D
S21400978063B12046FFF784FF94F8503013B994F87D
S21400979058301BB1236E04F150009847284602B09B
S2140097A0BDE8F0870135B3E76225F7E71C25F5E746
S2140097B0543D00202DE9FF410F4690461E460546C3
S2140097C098B390F8343093B3B1F5801F31D21A4C69
S2140097D0022127F0CAF92246394628460DF10F0322
S2140097E0FEF7BEFE024678B1012342460093394694
S2140097F033462846FFF77EFF0446E86B27F04EFB0D
S214009800204604B0BDE8F0819DF80F30012BEBD167
S2140098102169B142E8D10093414633462846FFF716
S214009820ADF904460028DFD1E7E72124E8E7112454
S214009830E6E72924E4E700BF803D00202DE9F04755
S21400984090F8423086B0012B05460391A1EB020743
S21400985040F0AA80FF2F03D81E464FF0640807E0AA
S2140098600226012B14BF4FF032084FF06408013671
S21400987000244FF6FF79DFF844A195F84230012B1B
S21400988014BF322364239C4202D35FFA88F40DE0AF
S21400989005AB22465146284627F03CFB95F8423059
S2140098A0012B059B34D14B452DD1E4B295F84230BF
S2140098B0012B14BF32226422121BB24217D3012E90
S2140098C039D10022012B05978DF8132027D10822C5
S2140098D005A90DF1130027F0D9FD9DF81330059A60
S2140098E042EA032221462846FFF730FA40B1022317
S2140098F0324900932846CC23096803AAFFF7FAFEEC
S21400990006B0BDE8F087DBB203B902340134B4E731
S214009910591CCAD09BB2002BF8D10134F6E71022AE
S21400992005A90DF1130027F0B1FD9DF81330059A37
S21400993042EA0342D6E7039A012B059223D1082375
S214009940202205A90DF113008DF8133027F09EFD97
S2140099509DF81320120221462846FFF7F7F995F8DE
S2140099604230611C012BC9B21AD10028BFD128464B
S214009970BDF81420FFF7EAF90028B8D10234BDF884
S2140099801620E1B2AFE71023202205A90DF113003F
S2140099908DF8133027F07AFD9DF813201204DAE7CD
S2140099A00028A4D1059A9EE7B7F5803F4FF0010640
S2140099B0BFF457AF4FF032085AE700BF803D002093
S2140099C070B586B00E4605460392A0B390F83430C4
S2140099D09BB3B1F5801F32D2022127F0C6F831467C
S2140099E02846184A0DF11703FEF7BAFD044618B9C3
S2140099F09DF81730032B0ED10223314600932846DC
S214009A00CC2303AAFFF776FE0446E86B27F046FA57
S214009A10204606B070BD022B0BD10A49284627F017
S214009A209BFA039902468142EFD02846FFF706FFCD
S214009A30EAE76124E9E72124EAE71124E8E7292494
S214009A40E6E700BF803D0020F7B50C461646054603
S214009A5068B390F8343063B3B1F5801F2BD202217F
S214009A6027F083F821462846144A0DF10703FEF72F
S214009A7077FDC0B99DF80730032B14D0022B14D104
S214009A800E49284627F068FA471C024639462846FB
S214009A90FFF7D4FE044606B13760E86B27F0FEF900
S214009AA0204603B0F0BD2D24F7E76124F5E7212416
S214009AB0F6E71124F4E72924F2E700BF803D0020F2
S214009AC030B50C46054685B028B390F8343023B33D
S214009AD0B1F5801F23D2022127F047F80DF10F03BE
S214009AE0214628460F4AFEF73BFD034688B99DF8F7
S214009AF00F20032A0DD00322214600920246284654
S214009B00FFF7F8FD0446E86B27F0C8F9204605B0D5
S214009B1030BD2D24F7E72124F8E71124F6E72924A1
S214009B20F4E700BF803D00202DE9F043466886B389
S214009B30056898464FF0000CA946AE4655F83C40DE
S214009B400CF1010CC4F31307013401D0B94217D04D
S214009B50B4450EF1080EF1D12F46002403E0B442BE
S214009B6007F1080712D055F8343001340133F6D126
S214009B70C1F3130141EA0851C7E90012BDE8F083BA
S214009B8041EA0851CEE90012BDE8F083B8F1030FB0
S214009B9003D101230372BDE8F083002303E0B34240
S214009BA009F10809F5D055F833400133C4F30754DA
S214009BB0032CF4D1C1F3130343EA0853C9E9003276
S214009BC0BDE8F0832DE9F0410646406882B0B8B1A2
S214009BD00F4690460024336853F8345003EBC40312
S214009BE0C5F30752C5F31301013506D05B6830464E
S214009BF0CDF80080B84718B1706801348442EAD3C3
S214009C0002B0BDE8F08100BF024B1968024B18682D
S214009C10FFF780BBC4660020E466002008B530F07D
S214009C203AFE014B186008BDAC3D0020014B186899
S214009C3030F02CBEAC3D002073B504462248012A05
S214009C4000EAC1119DF8185023F07C4007D9961EF3
S214009C50012E28D9073303F07F03194308E09DF847
S214009C601C300A43DB0603F0C053134343F0604145
S214009C700023C4E900108DF80730B5B12022214634
S214009C800DF1070027F002FC1A220DF10700211D36
S214009C9027F0FCFB082063689DF8072043EA8263F0
S214009CA0636002B070BD1143E2E71B220DF10700AE
S214009CB0214627F0EBFB23689DF80720042043EAA3
S214009CC0C2632360EDE700BF80FFFF0738B5094B8E
S214009CD00D461A680021044611F09EFD00234FF041
S214009CE0FF322383C4E900252361A260E382A376C2
S214009CF038BD00BF844E04000138C0B205289ABFA4
S214009D00014B185C01207047894E04002DE9F04194
S214009D100746154600240E46596888B0490A0129A8
S214009D2022464FEA510104F10104F8D8DC7899780C
S214009D3024031B88C90201F4006104F480540C4318
S214009D40C3F30A035203234492B24FF000089C1850
S214009D50274B6FEA0444039325F07843ED4302A9AA
S214009D600DF107001B2202938DF8078027F08EFB6B
S214009D709DF80720029B02A943EAC2630DF1070083
S214009D801B2225F07845049302958DF8078027F06E
S214009D907DFB9DF80720029B6FEA144443EAC263EA
S214009DA005934FF0FF330794069307A9BB6901227A
S214009DB006F110009847BB6905A90446012206F182
S214009DC008009847BB69404518BF044604A901220D
S214009DD0301D98470122404518BF0446BB693046EF
S214009DE003A99847404508BF204608B0BDE8F08163
S214009DF001009AB238B5104B0546D3F800310C4630
S214009E0003F00303022B0BD0032B0DD0012B0FD135
S214009E102EF0C0FE032305B1286004B1236038BDD0
S214009E202EF002FF0723F6E730F048FD0623F2E7A0
S214009E3001230020EFE700BF0080005038B5134B29
S214009E400546D3F820010C4600F0070004281AD86F
S214009E50DFE800F003090D111500012305B12860A5
S214009E6004B1236038BD2EF05BFE0423F6E72EF027
S214009E7091FE0323F2E72EF093FE0523EEE72EF085
S214009E8085FE0223EAE700231846E7E70080005035
S214009E9038B5104B0546D3F840310C4603F00303A3
S214009EA0022B0BD0032B0DD0012B0FD130F008FD69
S214009EB0082305B1286004B1236038BD2EF0B4FE37
S214009EC00723F6E730F0FFFC0923F2E70123002022
S214009ED0EFE700BF0080005038B5104B0546D3F8BA
S214009EE060310C4603F00303022B0BD0032B0DD07E
S214009EF0012B0FD130F0E4FC082305B1286004B133
S214009F00236038BD2EF090FE0723F6E730F0DBFC2A
S214009F100923F2E701230020EFE700BF008000508E
S214009F2041F6713210B5104C104BA04294BF00247D
S214009F300124D969DA639A6801F4803122F4401268
S214009F4042EA04529A600A4A90420A4AD2F8180232
S214009F508CBF40F0020020F00200C2F8180209B1DF
S214009F600022DA6310BD00BF005A620200000350F0
S214009F7080F0FA0200C007502E4B98424AD022D8F2
S214009F802D4B984240D014D82C4B984239D00AD842
S214009F902B4B984232D02B4B98422FD02A4B9842CC
S214009FA02CD000207047294B9842FAD1284B186FC6
S214009FB07047284B98422AD0274B9842F1D1244B21
S214009FC0D3F880007047254B98422BD009D8244BF5
S214009FD0984223D0234B9842E3D11D4BD3F88C00F4
S214009FE07047214B984221D003F5740303F51053B4
S214009FF09842D6D1164BD3F898007047144B986DFC
S21400A0007047134B586E7047114B586F7047104B84
S21400A010986F70470E4BD3F8840070470C4BD3F8FC
S21400A020880070470A4BD3F890007047084BD3F867
S21400A030940070470048E8010024F400C0CF6A008E
S21400A04080841E0000093D0040420F00405DC600AF
S21400A0500080E00FC0EA210180BA8C01007E560322
S21400A06080D54302006CDC020090D00337B50C4666
S21400A0700021114B0191D3F88031054603F003030C
S21400A080022B0ED0032B11D0012B03D101A8FFF712
S21400A090D5FE0D210DB1019B2B6004B1216003B0EC
S21400A0A030BD2EF07DFD05210190F3E72EF06EFD0C
S21400A0B002210190EEE700BF0080005038B5104B3B
S21400A0C00546D3F840320C4603F00303022B0BD0B0
S21400A0D0032B0DD0012B0FD130F0F2FB082305B176
S21400A0E0286004B1236038BD2EF09EFD0723F6E7F6
S21400A0F030F0E9FB0923F2E700231846EFE700BF3C
S21400A1000080005038B5144B0546D3F800020C46C4
S21400A11000F0070004281BD8DFE800F003090D1143
S21400A1201500012305B1286004B1236038BD30F066
S21400A130C7FB0823F6E72EF077FD0723F2E730F09B
S21400A140C2FB0923EEE72EF00BFD0C23800AE9E79D
S21400A15000231846E6E700BF0080005038B5144BD1
S21400A1600546D3F808020C4600F0070004281BD862
S21400A170DFE800F003090D111500012305B1286082
S21400A18004B1236038BD30F09BFB0823F6E72EF0C1
S21400A1904BFD0723F2E730F096FB0923EEE72EF09F
S21400A1A0DFFC0C23800AE9E700231846E6E700BF39
S21400A1B000800050032814D005D8012805D00228B6
S21400A1C009D0002005E00F28FBD1084B186FC0F31C
S21400A1D0013001307047054BD3F89000C0F304609F
S21400A1E0F7E7024B186FC0F38020F2E700800050BC
S21400A1F01FB500230193252817D8DFE800F0131AAF
S21400A2001D272C363B51565B60656A78161A401639
S21400A21016561A272C27361A5127783B3B3B3B27E6
S21400A22027275B602EF082FC0190019805B05DF850
S21400A23004FB2EF095FCF7E72EF078FC0246022091
S21400A240FFF7B8FFB2FBF0F20192EEE72EF088FCC3
S21400A25002460320F4E72EF083FC02460320FFF7B5
S21400A260A9FFB2FBF0F25208EEE7002101A8FFF7C3
S21400A270FDFEDAE7002101A8FFF7E0FDD5E702932F
S21400A2804FF0E0231B695B0705D52EF069FC0290B2
S21400A290029B0193C9E703A902A8FFF7F9FDF7E7B8
S21400A2A0002101A8FFF7F4FDBFE7002101A8FFF792
S21400A2B013FEBAE7002101A8FFF724FFB5E7002147
S21400A2C001A8FFF74BFFB0E7002101A8FFF792FDBA
S21400A2D0ABE7094BD3F8803003F00303022BA8D07A
S21400A2E0032B01D000209FE72EF05AFC9CE70021AC
S21400A2F001A8FFF7E3FE98E70080005008B50120AC
S21400A300FFF776FFBDE808400349884294BF012165
S21400A3100221032000F002B880F0FA02032810B5EC
S21400A3200C4627D004D8012804D0022817D010BD28
S21400A3300F28FCD127F0C8F827F0CEF8124A013CC7
S21400A340136F23F4405343EA043313672EF008FCDC
S21400A3500021FFF7E5FDBDE81040FFF7CFBF0A4A32
S21400A3604C1ED2F8903023F0F85343EA0463C2F848
S21400A3709030DCE7044A4C1E136F23F4806343EAF4
S21400A38084231367D3E700BF008000501FB5002367
S21400A3900193252821D8DFE800F013202020202A6A
S21400A3A02F454A4F54595E7120203420204A2020E1
S21400A3B020202A204520712F2F2F2F2020204F5479
S21400A3C0314B1B6F03F00703013B032B05D8DFE877
S21400A3D003F00C02080A04230193019805B05DF807
S21400A3E004FB0323F8E70623F6E70223F4E700203E
S21400A3F001A9FFF73BFEF0E7002001A9FFF71EFDCD
S21400A400EBE702934FF0E0231B695B0705D52EF0C0
S21400A410A7FB0B230393039BDEE703A902A8FFF722
S21400A42037FDF8E7002001A9FFF732FDD5E7002049
S21400A43001A9FFF751FDD0E7002001A9FFF762FE52
S21400A440CBE7002001A9FFF789FEC6E7002001A997
S21400A450FFF7D0FCC1E70C4BD3F8803003F00303C2
S21400A460022B03D0032B05D00023B5E72EF078FB94
S21400A4700B23B1E72EF094FB0523ADE7002001A9DE
S21400A480FFF71CFEA9E700BF0080005008B50320B8
S21400A490FFF790FE034B187027F016F8BDE808404B
S21400A4A027F01AB8CC5C002010B504462EF058FBF6
S21400A4B00021FFF735FD1CB1BDE81040FFF71EBFB9
S21400A4C0034B0320BDE810401978FFF727BF00BFF5
S21400A4D0CC5C002038B50546FFF74EFD204B044601
S21400A4E05A68012A04D11F494A609A699207FCD12A
S21400A4F00020FFF74BFF042803D126F0E5FF26F0E7
S21400A500EBFF194A24F0407395421FD0174A954234
S21400A5101FD0174AD16811F0060FFBD190689360E0
S21400A52091684B4013F4F81F16D12846FDF766FDD8
S21400A5300020FFF72BFF042810D12EF011FB00217E
S21400A540FFF7EEFCBDE83840FFF7D8BE43F00073D7
S21400A550DFE743F08073DCE79060E9E738BD00BFD3
S21400A56000C0015000E0015040420F0080841E00F1
S21400A5700000015070B504460020FFF707FF0328CF
S21400A5807CD045F60E030221414AC2F88030414B8A
S21400A5909962012103F580539962936DD903FCD427
S21400A5A0D4E900131B0543EA0163E17B94F82350CA
S21400A5B00B43217B43EA0143617B43EA0133A17BE2
S21400A5C043EA811313619169D4E904031B0643EA45
S21400A5D0806301F000410B43A17EE07E0B43217EA9
S21400A5E043EA0143617E43EA01239361E169136A0A
S21400A5F0002923F00D0343EA010314BF01210021C3
S21400A60043EA800343EAC103136294F8203094F8C7
S21400A6102200916A4FEA431331D194F8216021F069
S21400A620330143EA06130B4343F0010393621A49CE
S21400A630174A936D31EA0303FBD10221154B996249
S21400A640936D5B00FCD41369A16823F4700343EA9E
S21400A650015313614FF000420E4B9A6118B9022263
S21400A66003F580539A6215B901220C4B9A6294F84E
S21400A67024301BB1064B0A4AC3F8802070BD21F077
S21400A680330129430B4343EA40039362EFE700BFDD
S21400A69000C0005000D000500300014000E0005011
S21400A6A0F1A7FFFF014B93F900007047CD5C002037
S21400A6B0014B1880704700BFDE6B00200C4A10B5B7
S21400A6C01369044643F0040313612EF0B9FD26F027
S21400A6D007FF084B084AC3F8202430BF26F001FFC6
S21400A6E002F066F91CB9BDE810402EF039BA10BD6C
S21400A6F000ED00E000E003500000FFFF034A017990
S21400A700D36E23F030030B43D366704700400050EF
S21400A710F8B504460D461F4616464AB101238B403F
S21400A7203021184A01FB0022F7B141F210015350C4
S21400A73004EB4403072D4FF00F014FEA031316D81E
S21400A740A80006FA00F281400F48184426F0CCFE16
S21400A7504EB9012330210B4AAB4001FB042277B1EE
S21400A76041F210015350F8BD42F21001DFE7A5F1A7
S21400A7700800800006FA00F281400448E5E742F24D
S21400A7801001EFE700C0035004C003500CC0035094
S21400A790012200F5805310B55A60244B244AC3604A
S21400A7A043691340FCD18361C0F89830436913F4C1
S21400A7B0401FFBD14369DA052CD4836F53BB436932
S21400A7C09B0529D4D0F8883033BB0121C26FD0F85E
S21400A7D08C2000F500525160302183600361C36213
S21400A7E003620167C0F880101249884208D142F21D
S21400A7F060041149846401654365846501664366A7
S21400A8000C49884202D10020102B08D10B4B536212
S21400A810936210BD436FCDE7D0F88430CFE703F1E5
S21400A820280441F824000133EEE700BF12000200BE
S21400A830520001000040005A00C002808F330F8093
S21400A840084608B569B91820FFF7D2FCB0B10C4B22
S21400A850984206D90B4B9B68C3F302730133B0FBD7
S21400A860F3F0094B00F5742000F23F20B0FBF3F044
S21400A87001387F2828BF7F20C0B208BD0120F0E73E
S21400A880005A62020040005A40420F000B4B10B5BF
S21400A890994228BF19460C461AB91820FFF7A8FC9B
S21400A8A00246631E1344B3FBF4F0A34228BF00F134
S21400A8B0FF30032828BF0320C0B210BD005A620232
S21400A8C010B51048104C002B08BF04468C4228BF19
S21400A8D00C461AB91820FFF78BFC02469DF8083084
S21400A8E040F2FF300133B2FBF3F2631E1A44B2FBB0
S21400A8F0F4F3A24228BF03F1FF33984228BF18465C
S21400A90010BD00BF80969800404B4C002DE9F04FDC
S21400A9102DED068BB64D0C4616462946002285B010
S21400A9200746FFF7B3FF94F805800122804538BF3D
S21400A930804607F500535A6020795FFA88F850B9C8
S21400A9401820FFF755FCA842014628BFB0FBF8F1D7
S21400A9503846FFF775FF4FF00009E37822781B01B1
S21400A960524202F0020203F03003134362780004FE
S21400A970524202F004021343A27800F4FE00524250
S21400A98002F0080213434FEA087202F0E042134353
S21400A9901843E3882289B8603B616389DFF85CA2CC
S21400A9A043EA02433B62574502D1B9F1020F08D190
S21400A9B0012307F580577B6005B0BDEC068BBDE82C
S21400A9C0F08F002235788B488B49B468954218BFC3
S21400A9D001462B468948CDF80080FFF771FF07EB4C
S21400A9E009118B6CA2B223F0405323F4EE2323F01C
S21400A9F01F0305F003041C43737882424FEA830367
S21400AA0003F01C0344EA0304B37838BF02461B0372
S21400AA10F07803F4E0432343040404F4E0242343DF
S21400AA2034794FEA091C240704F0405423438B640E
S21400AA308C6C09F1050BC4F30234013C7049042CFC
S21400AA4026D8DFE804F0252503101A00D1F8804147
S21400AA50240C2DB3C2F309020AEB0B135A6009F15A
S21400AA60010910369FE7D1F88441002DF2D1D1F8C4
S21400AA708C11A4B20914490015E0D1F88441002DC8
S21400AA80E8D1D1F88C11240C091401EB41010AE03D
S21400AA90D1F88041A4B2002DDCD1DFED5A7A06E071
S21400AAA0D1F88C11091407EE901AF8EEE77A012116
S21400AAB00CF1B44C0CF5804C2304DCF8483024F43C
S21400AAC0C045C3F3820C0CF1010C01FA0CF107EE41
S21400AAD0101A4FEA854548BF45F0004513F01C0F95
S21400AAE0B8EEC79AF6EE008A454B55D1D3F88C11CE
S21400AAF00BB208EE103AB8EEC88A38EE278A9FEDF9
S21400AB0042AAF7EE049A00285DD1039226F066FD6D
S21400AB1007EE900AF8EE677A87EE8A7AC9EE877AA9
S21400AB2027EE888A039A9FED397AC7EE097A9FED59
S21400AB30387A67EE877AB1EE007AB5F1004F48EEC4
S21400AB40077A0BD09FED337A06EE104A77EE876AC7
S21400AB50BAEEE86AF0EE477A56EE267AF5EEC07A56
S21400AB60F1EE10FACBBFF1EE677A78EEE78A77EE71
S21400AB70E87AFDEEE87AC8BFFDEEE77A17EE901A9F
S21400AB80B1F5003F2ADB6FEA55456FEA45451B489D
S21400AB904FEA0B1145505DE7D3F8901169EE286A2D
S21400ABA009B207EE101AB8EEC77AD3F8881177EE16
S21400ABB0677A0BB208EE103A87EEA67AB8EEC88A25
S21400ABC038EE078A9BE7D6ED037AF8EE677A87EECB
S21400ABD08A7AC9EE877A27EE888AA4E711F5003FBD
S21400ABE0AABFC1F3110145F400350D43CFE700BFFE
S21400ABF0005A6202404B4C00809698000040005A73
S21400AC000080E00F0000000000007A44000080434F
S21400AC10000020440000004941F67132034BDA631D
S21400AC20012203F50053DA60704700BF00000350AE
S21400AC3041F671320121044BDA6303F50052D1600C
S21400AC400022DA63704700BF00000350044B186808
S21400AC50421C02BF034AD2F894001860704700BF37
S21400AC60E866002000400050CB784A7810B55B01BB
S21400AC700C7843EA82030A79234343EA02130C2240
S21400AC80424302F1B0421363012C02BF8A78024BA2
S21400AC9043F8202010BD00BFD080035008B54FF009
S21400ACA0B0435A6802B960B15B680BB126F0BEFCCF
S21400ACB04FF0B04130B10120074B586026F0B6FC8B
S21400ACC0C86008BD26F0B2FC0223CB6026F0AEFCBE
S21400ACD00122024B5A60F4E700100058002000588A
S21400ACE04FF0B0414B6810B50BB126F09FFC012227
S21400ACF00B4BC4785A608378934043EA84034478C5
S21400AD002343047943EA0413447943EAC4038B607B
S21400AD10044B5A600378C3F10203CB6010BD00BF3A
S21400AD200020005800100058054B5B69C3F38512DD
S21400AD30827003F03F021B0B42700370704700BF27
S21400AD4000C007500120034B9B680A3303F01F0323
S21400AD50984070470080E00F034BD3F82424D3F8C4
S21400AD6020041040704700BF00C003502DE9F84390
S21400AD701E4B0546D3F810334B1E0E2B0E461746B9
S21400AD8090F8009044781DD909B34FF00008284683
S21400AD90D7B12FF09BFD09EB4903072C4FF00F01AD
S21400ADA04FEA031315D8A400114808FA04F2A1408C
S21400ADB0184426F043FCBEB928468FB1BDE8F843D8
S21400ADC02FF084BD8846E2E726F047FCE3E7884696
S21400ADD0E1E7083CA400074808FA04F2A140E7E7C8
S21400ADE0BDE8F84326F039BCBDE8F88300C0035040
S21400ADF004C003500CC003502DE9F041204B16460A
S21400AE00D3F810234A1C05460C46407804D1D3F8E4
S21400AE10241426F030FC0446002C2EDB072C14DC11
S21400AE2003274FEA84082A7807FA08F739461548B0
S21400AE3002FA08F226F002FC6A78394602F00302AB
S21400AE40114802FA08F226F0F9FB012316F0050F66
S21400AE500E4A18BF0E4903FA04F30CBFC2F81034AA
S21400AE60C1F8103416F0060F18BF094AC2F8143499
S21400AE700123064AA340C2F820342046BDE8F081EC
S21400AE8000C0035000C4035008C4035000E0035041
S21400AE9000D0035070B504462AF0CFFF064630B9FE
S21400AEA00FCC044D0FC594E80F0085E80F00304620
S21400AEB070BD00BFB03D002047F6FF739A42F0B564
S21400AEC070D0022970D8394B5B5C022B6CD8384D99
S21400AED0DE0005EBC304A77815F83330012F39469A
S21400AEE038BF0121012B16D1E078401A0021884294
S21400AEF005D8012F2CBFC0190130C0B2F0BD431ACF
S21400AF006568A0EB530335F913509542D4BF194634
S21400AF1003F1FF30EBE760680028EFD0B0F900409F
S21400AF20944204DBB0F902409442B8BF14468388CA
S21400AF303544FF2B19BFC8232827B0F90630B0F9CF
S21400AF400870A3EB04030CBF0122002293FBF7F367
S21400AF506E7813441BB29E4201DD002B01DA731E8D
S21400AF601BB24FF47A7C00EBC305EA88AD685F1C21
S21400AF7014FB02521D4622EAE2723BB25C329E424B
S21400AF80B2FBFCF204DD00EBC307BF889742EAD2AF
S21400AF9000EBC5039888904228BF1046884238BF09
S21400AFA00846AAE7FF20A9E70020A7E78F4E04007F
S21400AFB0B03D00200229F0B560D8314B595C02291B
S21400AFC05CD8304B13F83100012816D103EBC103CF
S21400AFD09C78D878012C214638BF0121904294BF36
S21400AFE0C1EB0001C1EB0201001BCAB28242C8BF1E
S21400AFF000225B6833F91200F0BD002A3CD003EB58
S21400B000C1035968002939D09878904202D3B1F923
S21400B0100200F1E7DC78B1F900009442ECD95C78E4
S21400B0208B88013CA3F1FF06734201F10405E4B2EC
S21400B030734101F10C07DEB2B44216D805EBC30328
S21400B0404FF47A756A43B3F902405B68D21A04EB90
S21400B050D47302EB630292FBF4F29042CCDBB1F9BC
S21400B06002009042C8DC10B2C6E737F833C05E1C58
S21400B0709445E3D33346DEE70348BDE70348BBE722
S21400B0808F4E0400B03D00200CFEFFFF0080FFFF47
S21400B09008B50448FFF7FEFEBDE8084001202AF088
S21400B0A0D2BE00BF944E04007FB51422002101A832
S21400B0B010F0B2FB044B01A94FF0FF3002932AF0C8
S21400B0C008FF07B05DF804FB006A18002DE9F041A0
S21400B0D08CB08846DDE912761D460446002847D027
S21400B0E0002945D0002F43D0002E41D013F00F0387
S21400B0F03ED120482049A360002A08BF01462362AB
S21400B100C4E90013404609A926F047FB68BB204661
S21400B11009992FF036FC294620462FF032FC694666
S21400B120404626F0C9FB00BB6946204626F0F4FBE5
S21400B130404603A926F0CBFBB8B9204603A926F063
S21400B140EBFB06970127204645F0005506A9079712
S21400B150089526F0E1FB204609A909960A970B9563
S21400B1602FF035FC20462FF0EFFB0CB0BDE8F08149
S21400B1702120FAE700010004000101042DE9F04F48
S21400B18097B0894690461F460546DDF880A0002801
S21400B19000F0BB80002900F0B8803AB1229B002B5B
S21400B1A000F0B380239B002B00F0AF80BAF1000FB5
S21400B1B000F0AB80219B002B00F0A78067B13C68B5
S21400B1C00026229B43440293464507D307B13C60C2
S21400B1D0002017B0BDE8F08F3C46F1E75CB1229B3B
S21400B1E0219A9B5D125D01345340239A04F00F04AC
S21400B1F093550136E8E7A8EB060BBBF10F0F58D9BD
S21400B200434B4846C5E90034AC602C6213A926F0CF
S21400B210C4FA0028DDD1284613992BF00F0B2FF027
S21400B220B0FB594628462FF0ACFB484604A926F04A
S21400B23043FB0028CDD1284604A926F06DFB4846DE
S21400B24007A926F044FB0028C3D1284607A926F004
S21400B25063FB012322992F4ACDF828A00B930C926A
S21400B2608A190D9228464BF000520AA90E930392B3
S21400B2700F9226F051FB28460DA926F04DFB239B86
S21400B280039A99190123109111931292214A284684
S21400B29010A9CDF84CA0149315922FF098FB2846D1
S21400B2A013A92FF094FB28462FF04EFB5E4400288F
S21400B2B08FD1229B03EB060B239B1E44029B9B45D0
S21400B2C001D1464680E7ACB9219B2246CDE900A3D2
S21400B2D0494610232846FFF7F9FE00287FF479AF89
S21400B2E00AF1100212F8013D0133DBB213700BB9FC
S21400B2F05245F7D1219A1BF8013B125D01345340A9
S21400B30006F8013B04F00F04D8E7212061E700BFF0
S21400B31003030004100000207FB50E461D460446B9
S21400B320F0B102B9E3B901230192029345F000534C
S21400B330039300230B4AA360C4E90023236220463C
S21400B34001A926F0E9FA314620462FF01AFB2046DE
S21400B35029462FF016FB20462FF0F6FA04B070BDF3
S21400B3602120FBE700000943084B984202D0084B17
S21400B370984207D10B88B3F5105F14BF6FF08500B5
S21400B380002070476FF08500704700BF00444004FF
S21400B3900013C0041038102808D8064BC34013F01A
S21400B3A0010F0CBF6FF08600002070476FF086001C
S21400B3B0704700BF010101002DE9F04FA7B008AFAC
S21400B3C0CDE90501DDE93295DDE9346A0021079211
S21400B3D0384610229846DDF8D8B010F01DFA102234
S21400B3E000210CA810F018FA069B2BB96FF0860403
S21400B3F0204627B0BDE8F08F079B002BF6D0B9F1AA
S21400B400000F01D1002DF1D1309B13B9319B002BD9
S21400B410ECD116B9BAF1000FE8D1BBF1000FE5D0B8
S21400B42040460599FFF7A0FF04460028E0D10146F4
S21400B43028221CA810F0F0F92022214614A810F0AB
S21400B440EBF91CA82FF093FA002840F0AF80DDE956
S21400B4500612059814AB26F0ABFA04460028C7D1AE
S21400B4601498FFF797FF04460028C1D115B9CBF80A
S21400B4700000BDE7B14518D209EB05039E4214D281
S21400B4805545B3D82A464946304610F017FA554B6C
S21400B490984526D006D3544B984524D003F54073E0
S21400B4A0984520D06FF08504A2E74F4B98451BD0F7
S21400B4B003F54073984517D04A4B9845F2D1554549
S21400B4C094D815F00F0291D12B46CDE9009614A919
S21400B4D01CA8FFF7FBFD814600285CD1CBF8005086
S21400B4E086E7B146EDE7B1461022002110A810F01D
S21400B4F093F955453FF67AAF3C4B9845319B39D189
S21400B5000D2B7FF473AF01238DF84030309B0DF187
S21400B510410203F10C0153F8040B8B4242F8040B72
S21400B520F9D11B78137001238DF84F3015F00F08F2
S21400B53042D025F00F034B440DF1300C03F1100EF2
S21400B540624618685968083303C273459446F7D1B3
S21400B5500F2D33D825F00F03334403930CABCDE9FE
S21400B560017310AB00934246002314A91CA8FFF7F2
S21400B57005FEB0E7102B7FF439AF309B10AA03F11D
S21400B580100E9446186859680833ACE803007345F3
S21400B5906246F6D1CAE752460021304610F03CF922
S21400B5A00023B9F1010FCBF8003002D06FF09204FF
S21400B5B01EE76FF08B041BE70F2D8FD910ABCDE97C
S21400B5C0029600930197002325F00F0214A91CA8E9
S21400B5D0FFF7D4FD81460028DDD1B8F1000F3FF417
S21400B5E07DAFB7E7004440040010C0040013C00459
S21400B5F02DE9F04F8A46A1B00021DDE92A56DDE9A3
S21400B6002C790590934606A81022984610F004F967
S21400B610102200210AA810F0FFF8BAF1000F05D199
S21400B6206FF08604204621B0BDE8F08FBBF1000F16
S21400B630F6D00DB9002EF3D117B9B9F1000FEFD13E
S21400B6402E9B002BECD040460599FFF78DFE044656
S21400B6500028E7D10146282216A810F0DDF820229F
S21400B66021460EA810F0D8F816A82FF080F900286A
S21400B67054D15A46514605980EAB26F099F9044621
S21400B6800028CFD10E98FFF785FE04460028C9D1C2
S21400B69016B92E9B1860C5E7BD4216D2AB199F425D
S21400B6A013D24E45BCD832462946384610F006F925
S21400B6B03A4B98455BD003F54073984531D0384BEC
S21400B6C0984511D06FF08504ACE7344B98454FD0C1
S21400B6D003F54073984525D0314B9845F2D14E4539
S21400B6E003D96FF089049DE73D46330798D133466A
S21400B6F00122CDE900570EA916A8FFF7E7FC2E9BFE
S21400B70005461E6000288DD04A460021384610F0B7
S21400B71083F800232E9A012D13603BD06FF092041D
S21400B72080E73D460D3E4E45DBD801238DF8283098
S21400B7302B460DF1290205F10C0153F8040B8B4240
S21400B74042F8040BF9D11B780D3513704FF4807353
S21400B750ADF8363006AB01930AAB009332460023B1
S21400B760CDE902570EA916A8FFF708FDC7E73D4624
S21400B770103E4E45B5D82B460DF1280C05F1100E9F
S21400B780624618685968083303C273459446F7D171
S21400B7901035DFE76FF08B0444E700BF0010C004ED
S21400B7A00044400410B54FF42F720021044610F0F8
S21400B7B033F88023C4F88C30054B04F19C00C4F8A1
S21400B7C08430012384F88830BDE8104025F03CB969
S21400B7D074B6030010B5D0F8A0400A468CB926F01F
S21400B7E0FDFA044610B90024204610BD2D2896BF49
S21400B7F0064B074953F82010064A074826F034FC43
S21400B800F2E7D0F8A4101046A047ECE7804F0400FB
S21400B81077B6030012B20300A7B70300F8B590F896
S21400B8208060044616B100263046F8BD26F009F9B9
S21400B8300028F8D1012384F8803094F8883033B19A
S21400B840D4F884101F4884F8886026F00DFC4FF06A
S21400B850FF37D4F8B402421C1FD0C4F8B47210F0FC
S21400B860FF052CD0204626F0E9F82946204600F0B1
S21400B870A7FB0028EDD0204626F0EEF894F8883096
S21400B8803BB1D4F884100F4826F0EEFB002384F872
S21400B8908830002384F88030C6E726F0CAFB431CB5
S21400B8A0DDD1D4F88C30D4F89420013B9A4204DBE6
S21400B8B0054A0649064826F0D7FB0126E9E7012691
S21400B8C0C7E700BF49C9030012B2030085B60300EC
S21400B8D0A7B70300F8B50B780446302B0D4616467E
S21400B8E004D14B7803F0DF03582B11D0284F6A1E83
S21400B8F012F8011F002934D128460A220FF07CFED8
S21400B900202C03460D4631D1B1FA81F040091AE0E9
S21400B9104A1C1F4912F8013F8BB928460FF078FEE3
S21400B9201C4B02382340032B12D10134A41084424E
S21400B9300AD1A87837288CBF0020012003E0CB5C12
S21400B94013F04400E6D1F8BDCCBF01200020FAE792
S21400B950002CB8BF0334B0EBA40FD4BF01200020E6
S21400B960F1E77B5C13F00400C2D1ECE726B1084394
S21400B97002D0013B61F100050122A240013A1A40C3
S21400B980002D08BF9A420CBF01200020DBE700BF55
S21400B990E575040003000080F0B5037801467B2BB4
S21400B9A017D10646022400220B4F16F8015F7D2DA4
S21400B9B005D10B5D6BB9D24302F0010008E07B5D58
S21400B9C013F0440002D001320134EEE7202DFBD004
S21400B9D0F0BD0020FCE700BFE575040070B5064624
S21400B9E00D460FF015FE0446304626F03DFB044E8D
S21400B9F0AC4200D370BD304626F036FB0134F7E784
S21400BA0021C003002DE9F84F044602215148FFF7F4
S21400BA10E5FF1E212068FFF7E1FF6368586826F0FF
S21400BA2023FB4D4826F020FB67683B7BFD2B12D896
S21400BA30D7F808804FF0FF3640460FF0E9FD054680
S21400BA40DFF81091DFF870A1DFF84CB10C3717F86B
S21400BA50013BFF2B01D1BDE8F88F212B18D8212BF5
S21400BA6036D8DFE803F0377274111B1D1F213535F9
S21400BA70353535353535232527292B2D2F313535C9
S21400BA803535353535353D33344C002D2BD12EE04C
S21400BA90334C344AFE2B08BF1446F6E7324CF4E724
S21400BAA0324CF2E7324CF0E7324CEEE7324CECE741
S21400BAB0324CEAE7324CE8E7324CE6E7324CE4E751
S21400BAC0324CE2E7324CE0E7324CDEE7324CDCE761
S21400BAD0234CDAE7314CD8E726F0BAFA01362AE0EA
S21400BAE0002DB4D02E4C202B06F10106AFD002213B
S21400BAF04846FFF773FF1E214846FFF76FFF504684
S21400BB0026F0B2FA5946204610F0DCF825490028FF
S21400BB1018BF2146244826F0A7FA3B78202B02D1EE
S21400BB202B2026F095FA214826F09EFA4DB118F8FB
S21400BB3006301F2B05D018F806001F2801D0AE428D
S21400BB40CADB054826F090FA81E7194C9DE7194CA8
S21400BB509BE700BF3503040012B203002FB70300B3
S21400BB6041B7030067D303008CB7030093B7030005
S21400BB7084B7030080B7030077B703006DB70300F0
S21400BB8063B7030078B703006EB7030064B703001B
S21400BB9059B7030052B7030049B703002EB7030096
S21400BBA034B703003FB7030049C90300B8BA03001F
S21400BBB08BB7030092B703004FD403002DE9F04F74
S21400BBC09BB005468B460024009203930FF020FDA1
S21400BBD0249F039B04901C6028463C600AAA09A97F
S21400BBE026F064FA064658B90A980FF011FD344656
S21400BBF0B046039B1860D5F89C300293029B1BB995
S21400BC0020461BB0BDE8F08F029BD3F80890B9F130
S21400BC10000F6CD02E4416F8013B202B11D00026C6
S21400BC200C23734309EB030A59F803300193002BE6
S21400BC3058D0099B434555DB9AF808202AB1721C58
S21400BC4039E03B6801333B60E5E73968D5F8942076
S21400BC500793039B521A1A601AAB03EB880151F83C
S21400BC60403C0199184605930FF0ECFF069000281B
S21400BC70E5D101980FF0CCFCDDE906230146DAF8A1
S21400BC800400D7F800A090F80CC0BCF1FE0F16D147
S21400BC9003F1FF3EC64512D0D0F8009005980192F9
S21400BCA00FF0B6FC0AF1010A019A50442B5C23B14E
S21400BCB0386008F101081646B2E70130F6E7D5F815
S21400BCC094200591A2EB0A028A4220DC58460FF027
S21400BCD09FFC059901447B290DD958461F4A0099B7
S21400BCE024F0D9FE2B46049A2A4493422CD1029B78
S21400BCF01B68029382E7DDE90012584624F0CBFE6B
S21400BD005846174A0099013424F0C5FE97E7BCF15F
S21400BD10FE0F94D1013B434591D1D0F800A0DFF847
S21400BD2040905AF80C2B22B9049B3B60039B1A6088
S21400BD30D8E75846009924F0AEFE4A465846009981
S21400BD4024F0A9FE0134ECE713F8011B0029CCD13E
S21400BD504FF0200103F8011CC7E700BF99B70300A6
S21400BD6021C003002DE9F047002486B01C60DDE901
S21400BD700EA8064689468AF800401168154888F8D5
S21400BD80004017461D468DF81740FCF7A5F818B971
S21400BD9001242B6801332B600020D6F89C6036B94E
S21400BDA014B1012388F8003006B0BDE8F087B0680B
S21400BDB068B14B460021CDE902A8CDE900750DF12A
S21400BDC0170225F0AAFF9DF81730002BE8D1366839
S21400BDD0E5E700BF9EB703002DE9F0470446ADF542
S21400BDE0447D8022002104A802AF0FF015FD8022BA
S21400BDF02046009703AB04A9FFF7E0FE01283DD1DB
S21400BE0004A80FF005FC03993B68461A0B4426EA83
S21400BE10E6762344054604A83246014418460FF049
S21400BE208BFE00228255D4F89060039B3968D4F8C4
S21400BE3090201944B14212DCD4F89410E81A024457
S21400BE40C4F89020014404AAC4F89410D418251805
S21400BE502B1B002B0DDC0DF5447DBDE8F087A05CA8
S21400BE6026F0F6F8D4F8903001360133C4F8903056
S21400BE70DBE714F8010B26F0EBF8E9E7EBDD24AD81
S21400BE808022002128460DF5887A0FF0C5FC0DF1BA
S21400BE9010094FF40072002150460FF0BDFC4FF021
S21400BEA001084A46002312F8016BA6B904A84AF80E
S21400BEB028300FF0ADFB2946334698451CDB19F8B1
S21400BEC0016B0DF5887C5CF8042B82420CD101F8DE
S21400BED0016B0133F1E7202E03F1010304BF4AF89A
S21400BEE0283008F10108DEE70DF1100E7244D25C2E
S21400BEF0B242E8D00022EA54D4F89060039BB342E2
S21400BF002FDC23462C4A04A92C4826F0ADF82846F8
S21400BF100FF07EFB0646039B3F68F61A1F4426EA90
S21400BF20E672E01917441D44E11904F190039942A2
S21400BF303CD904F19803984238D26A1E81190B1A2C
S21400BF40002B27DD12F8013F00F8013BD4F89030B3
S21400BF500133C4F89030D4F894300133C4F89430E8
S21400BF60EDE7D4F890300136E05C26F071F8D4F8AE
S21400BF7090300133C4F89030C0E7D4F89020013BED
S21400BF800132C4F89020D4F894200132C4F89420EA
S21400BF90002BF2DC00232E44E355731B002B7FF7A7
S21400BFA05AAF15F8010B26F053F8F6E729460FF0BE
S21400BFB0C3FD3346ECE700BF74B60300A3B7030027
S21400BFC02DE9F843D0E9245604460F46002294F89B
S21400BFD09830012B07D10A2F07D1002384F8983018
S21400BFE00020BDE8F88300F29F801B2F01D10223BA
S21400BFF0F4E70D2F0DD1012384F898300D2026F09C
S21400C00027F80A2026F024F800230120C4E9243368
S21400C010E7E74FF00008082F84F8988034D14545AC
S21400C02030DDB5420FD1384626F012F8202026F033
S21400C0300FF8013D384626F00BF8013E04F805805F
S21400C040C4E92456CCE7FBDA05F1FF39384625F07B
S21400C050FFFF04EB0903A6EB0902611918460FF06F
S21400C0602DFC04F806800146013E484825F0FCFFFA
S21400C07035464D4501DC4D46E2E7082025F0E8FF51
S21400C080013DF6E7ACD0DBE77F2F1CD1002EA7DD05
S21400C090B542A5DA6319691C21441846721B0FF0D5
S21400C0A00DFC04F806800146394825F0DDFF08201F
S21400C0B0013E25F0CDFFB542F9D1D4F89430013BCE
S21400C0C0C4F894308CE70A2F98D0092F03D1204665
S21400C0D0FFF782FE84E7D4F88C30013BB3427FF74B
S21400C0E07FAFB54204EB050805F101090CDB3846C5
S21400C0F088F80070D4F89430C4F890900133C4F8EF
S21400C100943025F0A5FF6BE74146721B04EB09004F
S21400C1100FF0D4FB404625F0A7FF0820013E25F08F
S21400C12097FFB542F9DDE2E7022B06D15B2F01D17E
S21400C130032353E784F8982049E7032B7FF450AF96
S21400C140413F84F89820032F3FF64AAFDFE807F018
S21400C15002070A160121204625F02BFF40E74FF084
S21400C160FF31F8E7B542BFF63BAF605D25F070FFE4
S21400C170D4F890300133C4F8903031E7002D7FF7C3
S21400C1802FAF013D0820C4F89050BAE7ACB70300C3
S21400C190A6BB030008B50248FEF79CF9002008BDC0
S21400C1A000B4C40430B58BB06C46174D0FCD0FC429
S21400C1B00FCD0FC495E8030084E80300134BD3F8B3
S21400C1C04C2112031CD5A3F5FE431C884FF6FF73C3
S21400C1D09C4208BF8C248DF81940FEF763FA204471
S21400C1E080F308008DF818000948FBF70DFF684635
S21400C1F0FEF7C0F93220FEF75BFA00200BB030BD28
S21400C200D3F85041E4B2E6E7385004000080E00F6F
S21400C21000F049020028ACBF00F16040064B4FEA30
S21400C2200111C9B2ABBF00F5614000F00F0080F805
S21400C23000131954704700BF14ED00E008B52EF047
S21400C24037FB0B4B1A7872B901221A702EF02BFBB3
S21400C2506FF0040210460132052152B2FFF7DAFFF2
S21400C2603D2AF7D108BDBDE808402EF01CBB00BF34
S21400C270CE5C0020002807DB01234109034A00F0BA
S21400C2801F00834042F82130704700BF00E100E005
S21400C290054B421153F8223000F01F0023FA00F03D
S21400C2A0C04300F00100704700E100E0002808DB12
S21400C2B001224309034900F01F008240603341F821
S21400C2C02320704700E100E010B504462EF0E3FAA4
S21400C2D0024B1C602EF0DAFA002010BDD83D00207C
S21400C2E010B52EF0D8FA034B1C682EF0CFFA204675
S21400C2F010BD00BFD83D002038B50C461546014697
S21400C30010B9FFF7EDFF01462B46224603480EF014
S21400C31093F90028D4BF3720002038BD032203003D
S21400C32008B500F0E3FB18B16A2102482EF0B5FB11
S21400C330002008BDB1B7030008B500F049F80C4A64
S21400C340536A43F470235362EFF308834FF0CD3102
S21400C350084A043B934208D200F070FAFFF7E0FF69
S21400C360BDE808400448FEF795BD43F80419F1E718
S21400C37000ED00E008000020944E040007B50422FB
S21400C38000200DEB020129F01CFD042803D0D72164
S21400C39004482EF082FB019800F0DCF903B05DF84B
S21400C3A004FB00BFB1B70300082310B50C0A4140D8
S21400C3B00648C9B241F30002013B024013F0FF03F6
S21400C3C082EA5101F6D184EA010010BD2083B8ED5F
S21400C3D038B5FEF73BFC044625F022F9E3072AD4DD
S21400C3E001221046114600FA01F3234002F1010231
S21400C3F023D01D4B33F811301C48062B0288448886
S21400C4001B4920D14FF20F039C4219D1B2F5406F61
S21400C41028BF4FF4C0624CF23C330A80438040F29F
S21400C42001730A889A4201BF124B134AD2E90001EF
S21400C430C3E9000115E00021DBE7102AD2D1DBE7D3
S21400C4404FF4C062E7E740F20725AB420AD14FF24D
S21400C4500F05AC4206D19A4204D14CF23C320B8016
S21400C460428038BD0B80DAE7FC510400E063002010
S21400C470BA570020DC3D0020D8630020014B188806
S21400C480704700BFBA570020014B1888000A704753
S21400C490BA570020044B05481B881A0AB3F5406FAC
S21400C4A038BF00EB82007047BA570020CC5104001A
S21400C4B0044B1888044B020A53F82230C0B203EB30
S21400C4C080007047BA5700209C51040010B50446FF
S21400C4D02EF0E5F94FF20F02044B1C805A80BFF392
S21400C4E05F8FBDE8104025F056BE00BFE063002019
S21400C4F06D4A2DE9F0416D4B55686D4C5D65516A8E
S21400C50099656C49D1F80002D865D1F80412586BC9
S21400C5101966916A10F0040F5966D16A4FF0000050
S21400C5209966116BD966516B1967D26BD8645A67D6
S21400C530D3E90E1218BF11465F4A91421A655DD3C1
S21400C54001F12000A04259D88869C5F3080518648F
S21400C550CE69062D5E6455D1584DA84252D3584D2B
S21400C560A8424FD205884DF6426085424AD11868E7
S21400C570C3F890005868C3F8940040F20170A242D5
S21400C580154604D22E680432B6F1CD3FF7D000220D
S21400C590C3E91E22C3E92022C3E92222641BDFF876
S21400C5A01CC1434DDFF818E19C648D422DD8D3E9B9
S21400C5B01EC7D3E92065D3E922414FF0000E013AA9
S21400C5C0D2B2FF2A3CD1BEF1000F05D0C3E91EC788
S21400C5D0C3E92065C3E92241B3F85430C3F3080326
S21400C5E00C2B3BD8022B54D9DA1E092A51D8DFE887
S21400C5F002F03157404350505050504D0021C3E98F
S21400C60010112D494FF42060B9E755F8044D6445E4
S21400C610CBD37445C9D2E607C7D50026294F57F8AD
S21400C620048FA045C1D00136062EF8D132B1013AAA
S21400C630D2B202F11E0643F82640B6E70522F8E716
S21400C640E0464FF0010EBC4637462E4625460C46C1
S21400C6504146B4E740F60120BDE8F0813B2B18D1F7
S21400C660194B9B6913F0020F40F2025318BF18468D
S21400C670F2E740F60320EFE740F6042240F20173AB
S21400C680B0F5206F0CBF10461846E5E740F60520CB
S21400C690E2E740F60722013B4B2B98BF1046DBE74C
S21400C6A040F60220D8E700BF00ED00E04863002017
S21400C6B00810002000E100E008000020D042000042
S21400C6C0A0AE0300BC6300200080015A00F00CB846
S21400C6D000F00AB800F008B800F006B800F004B899
S21400C6E000F002B800F000B872B61EF0080F09D0CD
S21400C6F01EF0040F0DD0DFF850E0AEE8FF1F6FF01D
S21400C70002000CE0DFF840E0AEE8FF1F6FF00E001E
S21400C71005E0DFF834E0AEE8FF1F6FF0060069467C
S21400C720EFF309828EE8070086460848084C8545E0
S21400C73001D3A54501D384F30888FFF7D9FE84F317
S21400C7400888FFF7C3FE000048630020480000206A
S21400C750081000204BF6EF6283B2002B08BF13468A
S21400C760044A000C13804FF6CE2308BF1846024B2F
S21400C77018807047E26B0020E06B00200B4BB3F98B
S21400C78000201888002AB8BF80F0620042001A8095
S21400C790074AB2F9001013880029BCBF83F48053FF
S21400C7A083F00B035900118058407047E26B00205D
S21400C7B0E06B002007B5684600F01AF8DDE90001D6
S21400C7C00022034B03B05DF804EB25F0E0BF00BF8A
S21400C7D0E43D002007B5009313460A460146034889
S21400C7E025F089FD03B05DF804FB00BFE43D0020A2
S21400C7F00249034A0160521A42607047A86C002042
S21400C8000000012000487047E43D002038B5416034
S21400C81004462EF040F805462146044824F017F951
S21400C8202846BDE838402EF031B800BF0C3E002048
S21400C830014824F009B900BF0C3E00200222014B3B
S21400C8401A6770470040005070B52EF024F8174E57
S21400C850054617482EF0CAF83378CBB900F046F9EB
S21400C860044620B128462EF011F8204670BDFFF78A
S21400C870DFFF2EF085F90F4B1C602CF05DFE0E4B93
S21400C8800E4A1860536F43F00103536725F09BFF71
S21400C89000F028F825F0AEFF094B002418600123AD
S21400C8A0284633702DF0F2FFDFE700BFDA5C002089
S21400C8B074500400103E0020383E00200040005017
S21400C8C0143E0020054B1B685843054B00F57420AA
S21400C8D000F23F20B0FBF3F0704700BF383E002068
S21400C8E040420F00294B2A4AD3F8003170B503F0B6
S21400C8F0030313602CF0B6FB4FF4C870FFF7E2FF9B
S21400C9000022244B24491860244C0B680132D2B212
S21400C9100A2A44F8040BF9D1034400EBC000034490
S21400C9200B601F4B1F4D1B7813B3184BD3F8003109
S21400C93003F00303022B22D0032B23D0012B17D1A5
S21400C9402CF028F9024698B1174B184EDC680023E5
S21400C9501946C4F30B04013404EB84040138E4FBE9
S21400C96006010EF0EDFBFFF7ADFF2B6803442B60CE
S21400C9701F20FFF7A7FF2B6803442B6070BD2CF029
S21400C98053F9DFE72DF09AFFDCE700BF0080005088
S21400C990783E00203C3E0020403E0020443E0020E2
S21400C9A0DE5C0020703E002000C0015040420F00B8
S21400C9B00122154B10B55A67144B154C1B7813B350
S21400C9C002202EF0CEF8F0B12CF03CFED8B1A36DCC
S21400C9D0D90302D5E36D9A0715D40D4B9B6DDB0783
S21400C9E011D401220B4B1A702EF0AFF8BDE81040A0
S21400C9F0094B0A4A1860136F23F0070343F003033A
S21400CA0013672CF0ADB810BD00D00050DF5C0020DE
S21400CA1000C00050DC5C00206C3E0020008000500F
S21400CA200122014B1A707047DF5C002007B5FFF744
S21400CA30C1FE01A8FEF778F99DF80530012B25D137
S21400CA40234B9A6DD20311D45A6B6FF3162242F41D
S21400CA50BC1242F4A0625A631A6B22F4704242F48B
S21400CA6040421A631A6B42F4E0621A639DF804307F
S21400CA7063B94FF000531B68164B1B68164B1B68B8
S21400CA80164B1B68164B1B68164B1B68164AD2F8CB
S21400CA90803043F00303C2F8803025F0B3FEFFF782
S21400CAA0CDFBFFF777FBFFF77DFB0DF00FFEFFF7E3
S21400CAB0CBFE00F01BF825F0A6FEFFF73DFC25F0A8
S21400CAC0B1FE28F0AEFF03B05DF804EB25F09CBE87
S21400CAD000C00050004000200080002000C0002061
S21400CAE000000120004001200080005070B52DF0AD
S21400CAF0DFFE144E05463478FCB9134B1C60134B0E
S21400CB001C60134B1C6000F031F801202CF088FEEE
S21400CB102CF07AFE0F4B0246186020B928462DF0FE
S21400CB20C2FE232070BD234640F2E7310A480EF0CD
S21400CB3007FB0A4B18600123337028462DF0B3FE1E
S21400CB400020EFE7E25C0020883E0020843E0020C4
S21400CB50903E00208C3E002018FCFFFF803E002008
S21400CB60014B1868704700BF803E00201FB50024A8
S21400CB70184B18689A880290D3F806009B7A0090A3
S21400CB801548ADF80C208DF804302DF02FFF02A8C4
S21400CB908DF808408DF80C40FEF7A2F86946012093
S21400CBA08DF80040FEF760F81F220C4B9A615A6120
S21400CBB04FF0B042936A13F00803FBD113620120D2
S21400CBC0FEF76CF80A20FFF771FB0A20FFF752FB0E
S21400CBD004B010BD255204006C500400002000581C
S21400CBE010B52DF065FE4FF0B04304465B691A079A
S21400CBF0074A03F0010003F00D0348BF40F00200AF
S21400CC0053612CF035FD2046BDE810402DF04BBE9C
S21400CC100020005821282DE9F341054604D82C466B
S21400CC20204602B0BDE8F08100240B4E0B4FDFF823
S21400CC3030800023CDF800801A461946386824F064
S21400CC404FFA8442EBD2222CE9D056F8043BAB4292
S21400CC50E6D00134EDE700BF44550400E46600204A
S21400CC60FFFF0F002DE9F04F644E654D89B025F0AB
S21400CC7025FE31682868FCF74DFB0446002827D0BF
S21400CC8033680024D3E900019A6912689047336834
S21400CC9004A89B699B689847336802209B69DB68F9
S21400CCA09847326805985368E7B2B3FBF0F3BB4287
S21400CCB0916904F101044ED8CB6800209847336888
S21400CCC09B695B68984731682868FCF723FB044635
S21400CCD00027DFF844A1DFF84481DFF84491F4B977
S21400CCE0484B2868DB5D002B00F08380D8F8006096
S21400CCF002AB314603AAFCF78FFC2D2807D070B98B
S21400CD00039B012B0BD031462868FCF7D9FEDAF8D6
S21400CD10003031461A682868FCF752FE0446013790
S21400CD20222F0AF1040A08F1040809F10109D6D1F4
S21400CD30B4FA84F3344A5B0913702B681B7C33B156
S21400CD4025F088FD18B1DB2130482DF0A6FE2046E0
S21400CD5009B0BDE8F08F12680B6907FB0020984702
S21400CD609FE7D8F8003003AA194402AB0191FCF7FC
S21400CD7053FC2D28034601992BD0286813B30BF1DA
S21400CD80010B5FFA8BF18E422868EAD8204BDB5DF8
S21400CD90002BC4D0F3B27E2B2868C0D8D8F8003059
S21400CDA003AA06EB030B594602ABFCF735FC2D280D
S21400CDB0B5D059462868FCF783FE0136044600289D
S21400CDC0E8D0ACE7039B7BB999F80020029B9A4217
S21400CDD0D5D099F80030DAF800202868FCF7EAFC8D
S21400CDE00028CCD00446D1E70191FCF769FE0199F2
S21400CDF0EFE7084BA346DE5DC3E700BFC46600202E
S21400CE00E466002020550400E45C002038B80300E7
S21400CE10FE540400BA540400305204004455040082
S21400CE20DC540400F8B51F46214B04461B780D461B
S21400CE30164623B100F47E23B3F50E2F2BD02046E2
S21400CE40FFF7E8FE2128044614D81A4B53F82010A2
S21400CE50194B1B78ABB1194B212C18681DD8184BF1
S21400CE601B5DD3B13268FCF7ABFD044650B125F02C
S21400CE70F0FC07E0FF2807D93A46314680B225F095
S21400CE80FCF900242046F8BD4FF4A9710D482DF09A
S21400CE9004FE0021DCE70146DAE77F2D08BF002507
S21400CEA03B46324651FA85F1FCF784FCDDE700BFCD
S21400CEB0E35C002044550400E45C0020E4660020A7
S21400CEC02055040038B8030030B5134600F07E62E3
S21400CED0B2F17E6F8BB00DD10A46C0F30B016846E7
S21400CEE0FEF71AFA20B140F2931109482DF0D5FD4D
S21400CEF00BB030BD5A0825F0AFFC0028F8D04FF430
S21400CF009C7103480BB0BDE830402DF0C6BD00BF95
S21400CF10C9B803002DE9F743C70705460E46144671
S21400CF2004D540F2E31149482DF0B7FDE10704D5DA
S21400CF304FF4F27145482DF0B0FD454B93F8008054
S21400CF40B8F1000F20D043F260239D4208D122465C
S21400CF50314640480EF0F0FD002003B0BDE8F083F7
S21400CF60C5F30B0705F44055B5F5805F14BF4FF4C5
S21400CF700F204FF40E20234632467F21384303B05D
S21400CF80BDE8F043FFF74EBF05F47043B3F5805F8E
S21400CF903FD1C5F30B05304A05F17E65631E2B4471
S21400CFA0934230D82F46DFF8A49007EB0408474595
S21400CFB042D1AA070ED04FF6FF7336F8022BA81EF2
S21400CFC043EA024304220DEB02010193FFF77CFFC4
S21400CFD00235023CA3070ED0023C24F00103F35AAC
S21400CFE004226FEA03436FEA13430DEB020128198C
S21400CFF00193FFF769FF002CAED022463146284643
S21400D000FFF762FFA8E740F2FD1110482DF045FD3E
S21400D010C8E705F46043B3F5005F04D1C5F30B051C
S21400D02005F53E25BEE740F2052108482DF035FD02
S21400D0306FF00F074546B6E717F8013BFF2BB6D053
S21400D0404FF4047148462DF028FDB0E7C9B8030038
S21400D050E35C0020E46B0020FF03E00F10B500F057
S21400D06077F825F045FC044618B100F079F820461C
S21400D07010BD00F07BF804460028F6D10122014BD3
S21400D0801A70F2E7E55C0020054B1B7833B1054BC0
S21400D090C0F3130100221868FCF7D6BC11207047B5
S21400D0A0E55C0020E4660020144B2DE9F0411B7877
S21400D0B005460E461746FBB125F001FC012805D9AA
S21400D0C0841EE4B2012C09D9212412E03B463146E5
S21400D0D02846BDE8F041002200F052B800F038F8CB
S21400D0E03B4600223146284600F076F8044600F01B
S21400D0F037F82046BDE8F0811124FAE7E55C002009
S21400D100124B70B51B7804460D461646E3B125F063
S21400D110D6FB012805D9831EDBB2012B08D92124B2
S21400D12010E0324629462046BDE8704000F040B880
S21400D13000F00EF820463246294625F0DBFB044672
S21400D14000F00EF8204670BD1124FBE7E55C0020D9
S21400D15008B52DF0A0FB014B186008BD943E0020DA
S21400D160014B18682DF092BB943E0020024B1968C4
S21400D170024B1868FCF7CEB8C4660020E4660020B0
S21400D18037B505460C46C0F313010848ED020068A3
S21400D19005D5224603B0BDE83040FCF709BA009337
S21400D1A013462246FCF7BEF903B030BDE466002005
S21400D1B030B405461346074A0C46C0F31301106800
S21400D1C0EA0203D5226830BCFCF7FABB224630BC24
S21400D1D0FCF7F0BAE4660020F7B505460F4614469D
S21400D1E01E461BB92125284603B0F0BD0029F9D0FC
S21400D1F025F065FB4BF23462ABB2934220D14FF080
S21400D200FF3322466946CDE9003325483346FFF70B
S21400D210E3FF08220546234968460EF049FE38B962
S21400D22033462246694641F2F010FFF7D5FF054621
S21400D230002DD8D13246694638460EF07DFCD2E73E
S21400D24041F2F01293420FD1174B311908299A6C0C
S21400D250DB6CC7D8CDE9002332460DEB0401384617
S21400D2600EF06AFC0025BEE702280BD1C5F30C437E
S21400D27032199342B6D3C5F30B0104F17E643246ED
S21400D2802144ECE7032809D1C5F30C433219934235
S21400D290A8D3C5F30B0104F53E24F0E70125A2E769
S21400D2A0021008C0D05504000080E00F10B527F02B
S21400D2B081FD28F018FEBDE810400346012102203B
S21400D2C0014A02F00BBC00BF60B9030013B5D0E9F9
S21400D2D0023253F822301C78204627F07DFD234684
S21400D2E0009001210220024A02F0F8FB02B010BDB5
S21400D2F074B90300014B187827F056B9E65C002095
S21400D300FF232DE9F04F8FB01122002108A88DF8D9
S21400D31013300EF081FA08A826F006FB0121022041
S21400D320B04A08AB02F0DAFB41F24903AE4A0121EB
S21400D330022002F0D3FB06A826F025FC08A90DF172
S21400D340130026F02BFC02200021A84A02F0C6FBA0
S21400D350002027F05AF910B106A809F047FE9DF9FB
S21400D3602A3001210220A24A00939DF82B3002F0B9
S21400D370B5FB27F01BFD831EDBB2FC2B054631D820
S21400D380012102209B4A02F0A9FB01249A4E9B4FE2
S21400D390DFF8D082234632460021022002F09EFBB0
S21400D3A005A9E0B227F004FD034650B1A0F116022D
S21400D3B0012A40F2AA8042460121022002F08EFB9A
S21400D3C00CE09DF914303A4601939DF81630012181
S21400D3D0009302209DF8153002F080FB0134E3B282
S21400D3E09D42D7D8BDF8284008F0ECF92346002126
S21400D3F0834A0090022002F071FB02200021814A3D
S21400D40002F06CFB002027F000F910B108A809F024
S21400D410EDFD01217C4A022002F060FB27F022FC91
S21400D420044627F01DFC23460121784A009002207E
S21400D43002F054FB08F09EFE00210220744A02F01F
S21400D4404DFB9DF81330FF2B65D000210220714A5A
S21400D45002F044FB01216C4A022002F03FFB26F05A
S21400D460A2FB012103466C4A022002F037FB08F0BB
S21400D47081F900210346694A022002F02FFB26F0BC
S21400D48098FB044626F097FB23460121644A009049
S21400D490022002F023FB2DF00DFB08F013FF012104
S21400D4A00346604A022002F019FB0025DFF8B88127
S21400D4B008F008FFECB2A04233D82DF0FBFA0123A7
S21400D4C0594A1946022002F009FB002027F06CF8A2
S21400D4D0564B574C0093012100230220554A02F078
S21400D4E0FDFA236863B1012102201B78524A02F03C
S21400D4F0F5FA2368012102205B78504A02F0EEFA22
S21400D50027F057F80FB0BDE8F08F012102204C4AF3
S21400D51002F0E4FA62E7002102204A4A02F0DEFA4C
S21400D52098E7494B204603EB0416D6F8089008F017
S21400D53083FF8246204608F0CBFE444F00280CBFEF
S21400D540C346BB46204608F077FF0AF031FD0028A8
S21400D55008BF4746534600210220CDE900B73C4AA3
S21400D56002F0BCFAB37901210293B388022001933A
S21400D5707388384A0093337B02F0B0FA0026DFF84F
S21400D580ECB099F80430F4B2A34203D82DF092FA26
S21400D59001358DE714235C43D9F8007002203A5B0E
S21400D5A007EB040A9AF90C3000922B4A002132EA63
S21400D5B0230228BF5A461346284A02F08FFA002054
S21400D5C027F023F838B150463C5B26F05BFB01465B
S21400D5D020460AF03BFD01210220214A02F07EFA95
S21400D5E00136CEE7B5B90300C4B90300E0B90300BD
S21400D5F00CBA0300E7B90300FDB9030004BA030040
S21400D60039BA030059BA0300A3BA030062BA03008A
S21400D61084BA0300E6DA03008FBA0300A5BA030053
S21400D620BBBA0300D1BA03004ABB030062BB0300C7
S21400D6309043002056BB030070BB030084BB03006E
S21400D64021BA030041B70300C44200208CB903008E
S21400D650DCBA0300FCBA0300A9B9030032BB03001E
S21400D660350304002CBA030094B903009DB90300E7
S21400D6702DE9F7430025134EDFF8588008F022FE08
S21400D680ECB2A04202D803B0BDE8F08327012046E2
S21400D69016F8079008F01CFE0B4A4B46002808BFF9
S21400D6A04246002102200092084A02F017FAF05D76
S21400D6B026F085FA01210220054A02F00FFA01350C
S21400D6C0DCE700BFC4420020CE0904009FBB030075
S21400D6D035030400D809040008B583685A68117831
S21400D6E0C26853F82230A1F16502514251411878C0
S21400D6F008F0A4FF30B9BDE8084001210220024A24
S21400D70002F0ECB908BD00BFAABB0300002102204E
S21400D710014A02F0E3B900BFC4BB030000210220A7
S21400D720014A02F0DBB900BFF2BB030010B50446A5
S21400D73086B01822002168460EF06EF8684626F07D
S21400D740B3FED4E9022052F8203002EB80021B78A8
S21400D7508DF80B30516891F900108DF80A10916819
S21400D7600988ADF808106168091A032907DDD26830
S21400D77003F01F03127843EA42138DF80B30684615
S21400D78008F0CEF800210346024A022002F0A6F96D
S21400D79006B010BD0EBC030007B5002027F0CAFA7D
S21400D7A000210090034B0220034A02F097F903B0D1
S21400D7B05DF804FB1BBC030021BC030013B5D0E9D5
S21400D7C0023253F8221003EB82035B68087819686C
S21400D7D00023094CA222994208BF2146C01A18BF4E
S21400D7E0012027F09BFA01210090044B0420044AF4
S21400D7F002F074F902B010BD00F8FF072CBC03005D
S21400D8003ABD030013B5D0E9023203EB820153F8A8
S21400D8102230D1E901141878FF22003818BF012001
S21400D8202378096827F07AFA01210090034B042038
S21400D830034A02F053F902B010BD00BF33BC030028
S21400D8403ABD030008B5002101230C4A27F0EBF887
S21400D8500A4826F04BFE0020094909F05FFC00202C
S21400D86026F0D3FE10B1054809F0C0FBBDE808401D
S21400D87001210420034A02F031B900BF18620020DB
S21400D88048BC03003503040010B526F096F903469D
S21400D89030B1BDE8104001210420054A02F01EB94F
S21400D8A00121BDE810400420024A02F017B900BF6B
S21400D8B056BC030067BC030010B526F019FEBDE891
S21400D8C01040034601210220014A02F007B900BFBA
S21400D8D072BC030010B526F0DDFDBDE8104003461F
S21400D8E001210220014A02F0F9B800BF88BC0300FB
S21400D8F037B5D0E90232012453F822304FF6FF70D4
S21400D9001D78FE2204FA05F1002327F073FA2B4651
S21400D910009021460420024A02F0E0F803B030BD31
S21400D9209CBC0300D0E9023253F822301B7823B1A6
S21400D93001210220024A02F0D1B8024A1370704751
S21400D940BBBC0300E65C002007B5684626F01BF962
S21400D95007F038FF01210346084A022002F0BEF80D
S21400D960684609F043FB08F0A1F901210346044A82
S21400D970022002F0B3F803B05DF804FBD1BC03004C
S21400D980EBBC030037B5D0E90245406854F82530B3
S21400D990401B0328D8BF002004EB8504C8BFE068FE
S21400D9A019786368C8BF00781A78A36893F90030BE
S21400D9B00090012027F0A2F938B901210220084A78
S21400D9C003B0BDE8304002F089B8064B01900093E2
S21400D9D001210220044B054A02F080F803B030BD56
S21400D9E0FCBC030004BD0300D8EB030018BD030015
S21400D9F007B5012027F08AF948B9009001210220D6
S21400DA00084B094A02F06AF803B05DF804FB054BC0
S21400DA100190009301210220044B054A02F05EF8B3
S21400DA20F2E700BF04BD03002FBD0300BD170400CE
S21400DA3018BD030008B5D0E9023253F82230187832
S21400DA4027F016F930B9044A0121BDE80840042041
S21400DA5002F044B8014AF7E744BD030060BD030086
S21400DA6008B5D0E9023253F82230188827F0FEF8BD
S21400DA7030B9044A0121BDE80840042002F02EB85F
S21400DA80014AF7E77FBD0300AFBD030073B5037817
S21400DA90044613F0050F0ED04588062D17D183686F
S21400DAA001215B68174A1B78019383880420009342
S21400DAB0154B02F013F82378012B20D00121042007
S21400DAC0114B124A02B0BDE8704002F007B835B9F3
S21400DAD08388012104200E4A02F000F8EBE7012DAE
S21400DAE0E9D186680B49002009F018FB304609F09A
S21400DAF07DFA29460420084A01F0F0FFDBE702B071
S21400DB0070BD00BFE5BD0300DCBD030037BE0300EB
S21400DB1002BE03001FBE0300350304002DE9F04FCC
S21400DB2000268FB0364D09AC0FCD0FC42B680121EF
S21400DB300220344A236001F0D1FF3446DFF8DC903F
S21400DB4026F035F8F5B2A8420BD826F030F8234672
S21400DB500090012102202C4A01F0C0FF0FB0BDE862
S21400DB60F08F284605A927F06DF80346002841D116
S21400DB709DF81430032B39D904238DF814302B4626
S21400DB8000210220214A01F0A9FF9DF814300EAAB8
S21400DB9002EB830300214A4653F8143C022001F0AE
S21400DBA09DFF28469DF821A09DF815B09DF8187099
S21400DBB0BDF8168027F048F85346CDE902800021CC
S21400DBC00220CDE900B7124A01F088FF0134002098
S21400DBD0E4B226F01AFD18B10DF1190009F006FAA4
S21400DBE0002102200B4A01F079FF01E0002BC6D18C
S21400DBF00136A5E700210220074A01F06FFFF7E78C
S21400DC00D855040049BE0300C2BE0300FFB9030096
S21400DC1076BE030012B203009DBE030049C903008E
S21400DC20C3688268013BDBB252F8233002201B78BF
S21400DC30652B14BF00220121044B1BBF01211A7063
S21400DC40034A044A08BF197001F048BF4B6C002015
S21400DC50D9BE0300E7BE0300D0E9023253F82230F3
S21400DC601A88014B1A807047E66B002007B5D0E98A
S21400DC70023103EB810253F8213052681988054BB4
S21400DC800548128800930088012309F0A3FE03B01C
S21400DC905DF804FB8DDA0000E66B0020C36882683E
S21400DCA0013BDBB252F823305B78A3F166025342A5
S21400DCB05341014A137070474E6C002030B5D0E9CE
S21400DCC0023253F8223089B01D78012302AA194681
S21400DCD0044626F0A8FE01230093102302210DEB34
S21400DCE00302204626F080FE284604AA02A927F052
S21400DCF09BF80446002026F088FC18B1214604480C
S21400DD0007F0F0FD0020034909F0EEF909B030BD38
S21400DD10F6BE030035030400002330B58FB00221A1
S21400DD20009309AA1223054626F05EFE05AA0146C0
S21400DD3009A807F0B5FB044698B1232805D1134A75
S21400DD400121042001F0CAFE09E0212801D1104A71
S21400DD50F6E70346012104200E4A01F0BFFE0FB08D
S21400DD6030BD01232846194603AA26F05CFE05A905
S21400DD7003A827F05BF80546204626F046FC18B1B7
S21400DD802946054807F0AEFD044AD9E703BF03005D
S21400DD9026BF030061BF030082BF030035030400F3
S21400DDA0F0B5D0E9023253F8221003EB82039B68E9
S21400DDB005461F7887B038460E7826F006FC0446DF
S21400DDC008BBD5E9022101238DF80830194452F822
S21400DDD0210002EB810200888DF809709268ADF888
S21400DDE00A00127804218DF80C2028460DF10D0249
S21400DDF026F019FE304602A98DF8154026F026FFBB
S21400DE00044626F0D6FB334601210420024A00943D
S21400DE1001F064FE07B0F0BD97BF03002DE9F041A6
S21400DE2001218EB00220274A01F058FE002005ABE3
S21400DE3001AA09A926F0F2FF00250446224E234F28
S21400DE40DFF898801CB128460EB0BDE8F0810220AD
S21400DE502B463246214601F041FE204626F0D5FBF1
S21400DE6010B10AA809F0C2F83A46002102209DF82F
S21400DE70303001F033FE424600210220079B01F0BD
S21400DE802DFE00210220BDF82030114A01F026FEAA
S21400DE90BDF8143000210F4A022001F01FFE0135A4
S21400DEA001A826F0ADFBEDB2012102200A4A01F0DE
S21400DEB015FE284605AB01AA09A926F0AFFF0446C1
S21400DEC0C0E700BFC9BF03000FC0030017C00300B0
S21400DED005DB03002CC003003503040023C0030049
S21400DEE02DE9F047064698B0C0B925F05EFE074615
S21400DEF000250EA826F09CFF01210220384A01F0DA
S21400DF00EDFD2C46DFF8E080DFF8E090DFF8E0A0DB
S21400DF10BC4205D3284618B0BDE8F0870127E7E7DE
S21400DF2013A826F085FF002E4CD0022306A913A8BE
S21400DF308DF84C30FE2426F06DFF00283FD102A954
S21400DF4013A826F06DFF9DF8593043F001038DF8B5
S21400DF505930002E3DD1234631460220214A01F099
S21400DF60BDFD9DF859300AA943F0010313A88DF8AA
S21400DF70593026F055FF002026F047FB10B114A8B4
S21400DF8009F034F80C9B42460021022001F0A6FD61
S21400DF90BDF82820002112F4007F0CBF4C2341233B
S21400DFA012F0100F0CBF6E227922022000924A4611
S21400DFB001F094FD06A826F023FB0135EDB20134EE
S21400DFC0E4B2A5E720460AAB06AA13A926F024FF6A
S21400DFD0B3E752460021022001F080FDC1E700BFF2
S21400DFE036C003000FC0030023C0030072C0030046
S21400DFF06BC0030030B5012499B00EA826F018FFB8
S21400E00013A88DF8384026F0B1FEC0B9BDF84C1004
S21400E01011EA040513D121460220444A01F05EFDB0
S21400E02029460220424A01F059FD214602203F4A75
S21400E03001F054FD214602203C4A01F04FFD06A99E
S21400E0400EA826F0E7FE20B11022FF2106A80DF04C
S21400E050E3FB04A826F0E6FE059B01210220354AD4
S21400E0600093354B01F03AFD9DF812300121022055
S21400E070324A0093304B01F031FD00212E4B304ADE
S21400E080022001F02BFD06A826F0BAFA13A826F007
S21400E090CFFE02230AA913A88DF84C3026F0C0FE46
S21400E0A000283FD10B9B009301210220254B264AD6
S21400E0B001F014FD0121234B244A022001F00EFD3D
S21400E0C00120FFF70DFF01211E4B214A022001F01F
S21400E0D005FD0020FFF704FF044625F066FD2346F5
S21400E0E00090012102201B4A01F0F8FC01211A4B86
S21400E0F0174A022001F0F2FCFFF790FE17490228AB
S21400E10003461748174A28BF0A46084928BF01464B
S21400E1100092CDE9013102200121134A01F0DEFC14
S21400E12019B030BD4FF0FF33BDE700BF3503040024
S21400E13085C00300C3C00300BBC00300D3C00300F8
S21400E14062EA03008FF80300E6C00300F6C003008F
S21400E150FDC0030006C103001AC1030081C003000E
S21400E160CCDF03001EE0030028C1030010B5D0E991
S21400E170023253F822301C78201E18BF012026F0E9
S21400E180E1FD054A054B0020002C18BF1A46BDE8E5
S21400E1901040034908F0A8BF55C1030050C1030052
S21400E1A05EC10300D0E9023210B553F822301C8855
S21400E1B0204626F0C9FD2246BDE810400020014951
S21400E1C008F092BF9FC1030037B5044607F0D2FAA5
S21400E1D0014638B100200D4A0D4903B0BDE8304075
S21400E1E008F082BFE368A268013BDBB252F8233036
S21400E1F008481D780123084A00936C2D08BF024684
S21400E2001023204626F0F0FB03B030BDEDC103001E
S21400E210F5C10300346C0020246C002013B583681D
S21400E2209A681278672A22D101A826F09FFD044634
S21400E230A8B9BDF80420174908F056FFBDF8043009
S21400E240DA070AD413F0020F134B144A18BF1A4603
S21400E2501349002008F048FF19E0124AF8E7024682
S21400E2601149002008F040FF22461049F1E7C26835
S21400E27001A953F8220003EB82035B6800681B6861
S21400E280ADF8043026F078FD04460028ECD102B044
S21400E29010BD00BF28C203001BC20300BFEB030073
S21400E2A049C203000BC203005BC2030087C203001F
S21400E2B0034A04491388C85401331380704700BFCB
S21400E2C0CA570020EC5C002073B5154D01242B784E
S21400E2D0144E13F0040F0CBF02230423124A2146E7
S21400E2E01470328802200192EB5C104A0093104BA7
S21400E2F05B8801F0F3FB002102200E4A01F0EEFBE2
S21400E3000D4B2946009332882346022001F02CFC50
S21400E31021460220094A02B0BDE8704001F0DEBB8B
S21400E320EC5C0020CA570020EB5C002096C203007D
S21400E330BC570020BBC20300DDC203003503040047
S21400E34070B516464FF48A52114B124DDA8059803A
S21400E350114B1B881A1E18BF012240EA82000F4A82
S21400E3601278003A18BF012240EA0210287063B102
S21400E37003246B701B0AAB7009F088FE631C2855DB
S21400E380EE54074B02341C8070BD0124F4E700BF36
S21400E390BC570020EC5C0020C8570020EA5C002038
S21400E3A0CA57002038B5D1E902320C46054653F864
S21400E3B02230024619880C4B1878FFF7C1FFE36835
S21400E3C0A268013352F82330188824F0D5FA4DB1EC
S21400E3D0E368A268023352F823301878BDE8384064
S21400E3E0FFF766BF38BD00BFE75C0020F0B5054606
S21400E3F0EB68AA68023352F8233008461C78294690
S21400E40085B0FFF7CFFF204625F028FC204E214F91
S21400E41078B3204625F02EFC0321441C03AA284688
S21400E42023F011FB3288E4B2C2F1FF0303991B1BF1
S21400E4309BB28B4222443CBFC2F1FF0303930123ED
S21400E440032100933A449DF80C30284626F0CCFA77
S21400E450039A022C338804BF0F48110AFA5408BFE7
S21400E460C15413441C44348005B0BDE8F040FFF7A7
S21400E4702BBF204607F086FE012332880446009311
S21400E480032103463A44284626F0AEFA3388E9E7E5
S21400E490CA570020EC5C0020ED5C0020052307B581
S21400E4A0012100930220044B044A01F017FB03B03D
S21400E4B05DF804EBFFF79EBDC4C20300CBC20300A9
S21400E4C013B5044626F04EFC38B1CDE900400121D4
S21400E4D00220034B034A01F001FB02B010BD00BF4F
S21400E4E0EDC10300E2C20300194B37B51B783BB9F8
S21400E4F001210220174A03B0BDE8304001F0EEBA11
S21400E500D0E90232144C53F8223001211D7863887A
S21400E51002200093114A2B4601F0E0FA104B2571B9
S21400E5201B78104D63B1012102200F4A01F0D6FA84
S21400E53020460E4A298803B0BDE8304025F02FB9A2
S21400E54020460A4A298803B0BDE8304025F0E9B9DC
S21400E550EB5C0020F9C20300BC57002007C3030091
S21400E560E85C0020CA5700201EC30300EC5C0020B5
S21400E5702DE9F041D0E9023253F8221003EB820372
S21400E5805A680C7817889A68DB68B2F80080C6B0BC
S21400E5901D780021304B0220304A0094CDE90178E6
S21400E5A001F09CFA002D0CBF6E2379230121022076
S21400E5B02B4A01F093FAFF23002D0DF1170606AD46
S21400E5C0019320460CBF80234023424639460296DC
S21400E5D0009525F089FE0446002835D1307825F0D0
S21400E5E043FB0746B0B1284625F0CEFF1D4BFD285D
S21400E5F0A8BFFD200093234682B20DF11901022028
S21400E60001F0B2FA01210220174A01F067FA46B07B
S21400E610BDE8F081307825F02DFB60B1284625F066
S21400E620B8FFFD28A8BFFD200E4B82B200930DF167
S21400E6301A013B46E3E7307807F0A4FD0B4B024691
S21400E640009329460123DAE7009001210220084BB7
S21400E650084A01F043FADAE72BF9030038C303004F
S21400E6605DC30300E30C040035030400DDC20300B1
S21400E670E5CB030067C30300D0E9023253F822104B
S21400E68003EB82032DE9F04F5A680F78B2F800804A
S21400E6909A68C7B0B2F80090DA681B6992F800A0D2
S21400E6A01E7800212F4B304A0446CDE9018902200E
S21400E6B0009701F013FABAF1000F0CBF6E2379230E
S21400E6C001210220294A009606AD01F007FAFF2232
S21400E6D0002128460DF0A0F8304625F0C5FA8346FE
S21400E6E008B30023052100932046FD230DF11902EF
S21400E6F026F07AF92870BAF1000F0CBF8023402369
S21400E7004A4641463846CDE9005625F0B8FD014652
S21400E710144807F0E7F801210220154A01F0DEF957
S21400E72047B0BDE8F08F304625F0A4FA60B1FD236F
S21400E73005212046CDF800B00DF11A0226F054F956
S21400E74085F801B02870D6E70590304607F01AFD28
S21400E750059A0346009205212A46204626F044F9EB
S21400E760C9E700BF1EF9030038C3030078C30300DF
S21400E770350304002DE9FF471C465B68E5685B1B14
S21400E78000255FFA83F803952E46FFF7D9FDEBB216
S21400E79098450BD90C9B9B5D282B39D8202B00F273
S21400E7A0CB800136F6B2002B40F0C980FFF78CFD17
S21400E7B004B0BDE8F087132A2FD801A151F822F043
S21400E7C087E8000099E80000ABE80000DFE80000FA
S21400E7D0ADE70000ADE70000ADE70000ADE70000E4
S21400E7E01BE800001BE800001BE800001BE8000018
S21400E7F01BE800001BE800001BE800001BE8000008
S21400E8001BE800001BE800002BE8000005E90000FC
S21400E810A3F13102D1B21329CDD90136F6B2A3F154
S21400E8204102032AC2D8422B6CD06C4F00213A8892
S21400E830DFF8B0A1C2F1FE039BB2FF2B28BFFF2377
S21400E84001320091DBB22046524469B226F0A8F8A5
S21400E8503B880AF8030001331844388011E04FF073
S21400E8600409E368A2682B4452F823301F68F8B204
S21400E87009F1FF39FFF71CFD19F0FF094FEA1727CA
S21400E880F5D1013583E7E368A2682B4452F82330BC
S21400E8901878FFF70DFDF4E7E368A2682B4452F8FA
S21400E8A02330188824F068F8EBE7E368A2682B4466
S21400E8B052F823301F68B7F1807F09D2F8B2FFF70D
S21400E8C0F7FCC7F30720FFF7F3FCC7F30740E0E7C2
S21400E8D02B4601210820424A01F000F966E74FF076
S21400E8E00409E368A2682B4452F823301F68F8B284
S21400E8F009F1FF39FFF7DCFC19F0FF094FEA17278B
S21400E900F5D1BEE7294603AA204623F09CF800214D
S21400E910324F344A3B88DDF80C9002EB030CCAB247
S21400E920914501F1010102D84B443B80A9E710F85C
S21400E93002A00CF802A0F2E7242B3FF670AF013BD2
S21400E940232B3FF633AF01A252F823F087E80000EE
S21400E95099E80000ABE800005FE80000ADE70000C3
S21400E960ADE70000ADE70000ADE70000ADE7000052
S21400E970ADE70000ADE70000ADE70000ADE7000042
S21400E980ADE70000ADE70000ADE7000087E8000057
S21400E99099E80000ABE80000DFE80000ADE7000003
S21400E9A0ADE70000ADE70000ADE70000ADE7000012
S21400E9B0ADE70000ADE70000ADE70000ADE7000002
S21400E9C0ADE70000ADE70000ADE7000087E8000017
S21400E9D099E80000ABE800005FE80000CA57002096
S21400E9E091C30300EC5C0020094B1B7823B1012186
S21400E9F00820084A01F072B8D0E9023253F82230F3
S21400EA00054A1B88012113800820044A01F066B8D5
S21400EA10EB5C0020B7C30300C8570020F9C303000F
S21400EA20D0E9023253F82230054A1B780121003B18
S21400EA3018BF012308201370024A01F04FB800BF28
S21400EA40E95C00201FC40300D0E9023253F82230EC
S21400EA50034A1B78012113700820024A01F03EB8D1
S21400EA60EA5C00204EC4030010B5D0E9023204462A
S21400EA7053F82230132219880B4B1878FFF760FCE6
S21400EA80E368A268013352F823301878FFF710FCC9
S21400EA90E368A268023352F823301878FFF708FCC0
S21400EAA0BDE81040FFF710BCE75C002010B5D0E9C9
S21400EAB00232044653F82230112219880B4B18787C
S21400EAC0FFF73EFCE368A268013352F8233018785B
S21400EAD0FFF7EEFBE368A268023352F8233018789B
S21400EAE0FFF7E6FBBDE81040FFF7EEBBE75C002053
S21400EAF0D0E9023253F82230034A1B78003B18BF95
S21400EB000123DB0013707047E75C002010B5D0E9E6
S21400EB10023253F82230044619880E4B0622187823
S21400EB20FFF70EFC0120FFF7C3FBE368A26803446F
S21400EB3052F82330188823F01FFFE368A2680233D8
S21400EB4052F82330188823F017FFBDE81040FFF76F
S21400EB50BBBB00BFE75C00202DE9F043D0E90232E2
S21400EB604FF0FD09013253F8221003EB82035A6876
S21400EB70C7B017889A68B1F80080147853F8043C38
S21400EB80002C0DF1170506AE18783A4614BF402340
S21400EB90802341460295CDF80490009625F0A4FB0C
S21400EBA0034638B1184A0121082000F097FF47B005
S21400EBB0BDE8F083201E18BF01200A224146C0008F
S21400EBC0FFF7BEFB384623F0D7FE2878FFF770FB2A
S21400EBD04A463146287824F0F5FF044628B10B4F04
S21400EBE03D88C5F1FF03984202DD2346084ADAE76E
S21400EBF0024608483146284425440CF09DFF3D80D7
S21400EC00FFF762FBD3E700BF84C40300CA570020A7
S21400EC10A0C40300EC5C002010B5D0E90232044624
S21400EC2053F82230082219880B4B1878FFF788FB18
S21400EC30E368A268023352F823301878FFF738FBEF
S21400EC40E368A268013352F82330188823F094FE54
S21400EC50BDE81040FFF738BBE75C002073B5D0E98D
S21400EC6002320546023253F8221003EB820353F8B1
S21400EC70042C53F8083C0C781988234B168818780F
S21400EC800622FFF75DFB0020FFF712FB304623F05D
S21400EC9073FE2046FFF70CFBEB68AA68033352F8B6
S21400ECA02330188823F068FEEB68AA68043352F80D
S21400ECB02330188823F060FE204609F0E7FBE8B909
S21400ECC0204607F05FFA05210446019001AA28466F
S21400ECD022F0B9FE019B01469C4206D022463146F0
S21400ECE00A480BF087FC02B070BD094D09482E8813
S21400ECF02246304434440CF0E1FD2C8002B0BDE8DE
S21400ED007040FFF7E1BA00BFE75C0020CCC4030008
S21400ED10CA570020EC5C002073B5D0E902324FF4ED
S21400ED208A5153F82230104D1A88104BD9805A80D9
S21400ED3000232A4600930121FF2325F055FE2B7859
S21400ED40044613F0040F0A4B08BF01261B7818BFB1
S21400ED50032613B109F09AF9A855064B1C8002B099
S21400ED60BDE87040FFF7B0BAEC5C0020BC5700204E
S21400ED70E95C0020CA570020D0E9023253F822305E
S21400ED80034A1B78003B18BF01231370704700BF6F
S21400ED90E85C002010B50C4608B908F003F9024BF1
S21400EDA018715C7110BD00BFBC57002002462DE9EB
S21400EDB0F341D0E90253526855F82310D21A0C8852
S21400EDC005EB8301013BDBB255F82380294D022A6F
S21400EDD04868C8BF8A682B78D8BFFF210078C8BFAC
S21400EDE011783BB901210220234A02B0BDE8F04168
S21400EDF000F074BEFFF7CEFF06F0E4FC1F4F204E77
S21400EE003B880146224600931E48334625F059FBB0
S21400EE100246C8B998F804103B885F2917D1CDE997
S21400EE2000364FF6FF712046164B24F0ACFC28B196
S21400EE30034601210220144A00F050FE0023134A24
S21400EE402B701380124A137002B0BDE8F0814FF6A3
S21400EE50FB718C4208D9CDE900362146094B4FF6A6
S21400EE60FF7024F0EEFCE2E72146064A009624F006
S21400EE701AFDDCE7EB5C002017C50300CA5700202C
S21400EE80EC5C0020BC5700201EC50300C8570020BD
S21400EE90EA5C0020002210B50A2104461046FFF75F
S21400EEA04FFA002023F068FD0122044B1A70FFF78A
S21400EEB00BFA2046BDE81040FFF778BF1562002029
S21400EEC038B51C4615460123224625F0ACFD60B930
S21400EED02146284625F070FF044620B10121042073
S21400EEE0034A00F0FBFD204638BD0024FBE700BFC8
S21400EEF045C503002DE9F0430C4615461F46D0E9EC
S21400EF00022352F8231002EB830293680E8893F8CC
S21400EF100080D3688BB0B3F800903246012106AB70
S21400EF20FFF7CEFFF0B90DF1200CF4B101232A88CB
S21400EF304021CDE902C2CDE90471CDE9009322213A
S21400EF40434606AA304625F0A5FD0B4B0B4A009318
S21400EF500B4B0190002C08BF134601210420094AE0
S21400EF6000F0BCFD0BB0BDE8F08362462868696817
S21400EF70032303C22246DBE7A4C5030089C50300BA
S21400EF8083C5030091C5030007B501236A46002127
S21400EF9025F049FD6846034908F0C8FD03B05DF852
S21400EFA004FB00BF8DDA0000D0E9023253F82230AD
S21400EFB00149188808F08CBD8DDA000010B5D0E93C
S21400EFC0023203EB8201496853F8223009784FF485
S21400EFD08A52188825F04EFDBDE8104003460121F0
S21400EFE00420014A00F07ABDAEC50300D0E9023223
S21400EFF053F8223002214FF48A5210B5188825F0B3
S21400F0002BFDBDE81040034601210420014A00F014
S21400F01065BD00BFC7C503001FB5D0E9023203EBCC
S21400F020820153F82230496818884FF48A530988B9
S21400F0300293094B094A0193094B1B7800931278F7
S21400F040084B25F07FFD012103460420064A05B043
S21400F0505DF804EB00F042BDCC570020EC5D0020CC
S21400F060EB5D0020D6570020DEC503002DE9F043F7
S21400F070D0E9023253F8221003EB82035A680E8856
S21400F08017789A68DB688BB092F80090B3F8008027
S21400F0903246042106AB0446FFF712FF28BB08AD34
S21400F0A001232A460521204625F0BDFC38B9042058
S21400F0B001210F4A00F012FD284624F064FD4FF4AB
S21400F0C08A53CDE904930023CDE90253032321217B
S21400F0D0CDE9008306AA3B46304625F0DBFC01213D
S21400F0E00346044A042000F0F9FC0BB0BDE8F083A8
S21400F0F0F6C5030025C6030038B5D0E9024303F180
S21400F1008043023B02220F4954F823009D000CF076
S21400F110CFFE60B90C4B0D491A78042A0BD82C4444
S21400F120A068008821F8120001321A7038BD084B1A
S21400F13008491A78F1E70121BDE838400420064A5C
S21400F14000F0CCBC53F10300EC5D0020D657002045
S21400F150EB5D0020CC57002037C6030008B5C36817
S21400F160806803F18043023B0222064950F82300E0
S21400F1700CF09EFE10B9044B187008BD0022034B1D
S21400F1801A70FAE753F10300EC5D0020EB5D0020F7
S21400F19037B5D0E9023153F821208C001578426843
S21400F1A0521A012AC5BF1B195B686C091C78DCBFA4
S21400F1B044F0180405F01F052946204625F086FB76
S21400F1C0034640B12346012104200E4A009500F074
S21400F1D085FC03B030BD0121A94074B92346FE2248
S21400F1E04FF6FF7025F006FE012103460420064A6E
S21400F1F003B0BDE8304000F071BCFE2241EAC461B5
S21400F200EEE700BF4DC603006DC6030070B5D0E93B
S21400F210021551F8253001EB8501044618884B6825
S21400F2201A788B68052A1B8802D85E1E072E0BD913
S21400F230012104200C4A00F051FCBDE87040012179
S21400F24004200A4A00F04ABC6468641B032CCABF48
S21400F250C9680749096825F0CDFDBDE8704002463B
S21400F2600449002007F05ABF8BC60300ABC6030054
S21400F27000F8FF07C8C6030008B5D0E9023253F805
S21400F280220003EB82035968FF22038809684FF6C1
S21400F290FF7025F0AFFDBDE808400246014900209A
S21400F2A007F03CBFDBC6030008B5D0E9023253F8CE
S21400F2B0223005214022188825F0CEFBBDE8084004
S21400F2C002460249002007F029BF00BFFCC6030023
S21400F2D008B5D0E9023203EB8201486853F82210E1
S21400F2E0027840230988312025F009FCBDE8084053
S21400F2F002460249002007F011BF00BF1DC70300E9
S21400F30008B5D0E9023203EB8201486853F82210B0
S21400F310027840230988332025F0F1FBBDE8084039
S21400F32002460249002007F0F9BE00BF37C70300B7
S21400F3301FB5D0E9023253F8221003EB82039B6814
S21400F34008881A780023D21A18BF0122CDE90233A2
S21400F35002A94023D20125F0E1FB01210090044BD5
S21400F3600420044A00F0BAFB05B05DF804FB00BFB9
S21400F370A4C5030055C7030007B5D0E9023253F809
S21400F380223003214022188825F066FB01210090D8
S21400F390034B0420034A00F0A1FB03B05DF804FB16
S21400F3A0A4C5030064C7030037B5C3688268053385
S21400F3B052F8233004211D786A460123044625F0BE
S21400F3C032FB38B904200121064A00F087FB684664
S21400F3D024F0D9FB2B466A4600212046FFF78AFD1B
S21400F3E003B030BD7EC7030007B5D0E9023203EB99
S21400F3F08201486853F82210027840230988322098
S21400F40025F07DFB01210090034B0420034A00F009
S21400F41065FB03B05DF804FBA4C50300AFC703009B
S21400F42070B585690446EA0705F0020605D476B18C
S21400F430C5F3072025F0C9F809E01EB1B2210F4830
S21400F4402BF02BFBA069C0F3810025F0ADF8E36933
S21400F4501BB9BA2109482BF020FB204614F00EFCFD
S21400F460E3693EB1607E9847AB0706D0BDE87040C2
S21400F47025F09FB820469847F6E770BDC4C703003E
S21400F48008B514F0EFFE28B1BDE808404721024851
S21400F4902BF003BB08BD00BFC4C703002DE9F04135
S21400F4A0FF2B04460F4690461D469DF8186005D073
S21400F4B0FF2E03D0D52111482BF0EFFA0023FF2DA5
S21400F4C018BFAD000E4A1CBF45F00105EDB2226024
S21400F4D00C4AC4E9063818BFA561FF2EC4E901230B
S21400F4E02361E76007D0A36943F0020323F47F4358
S21400F4F043EA0623A361BDE8F08100BFC4C703004A
S21400F500983E002021F40000002310B5054C03614E
S21400F5100460054CC261C0E901430123C1608361F8
S21400F52010BD00BF983E002021F4000070B586692B
S21400F530044606F00303032B0D4603D1FC211448B2
S21400F5402BF0ABFAFF2D16D0B20704D440F201110F
S21400F5500F482BF0A2FA284624F0D5FCFF280546D3
S21400F56004D14FF482710A482BF097FA2DB204EBBF
S21400F5704514204670BDF307FBD5A36913F00C0FA6
S21400F580F7D040F20B1102482BF087FAF1E700BFE4
S21400F590C4C703000023054AC0E9063103610260C0
S21400F5A0C360034A034B426083607047983E002066
S21400F5B021F40000493C0200014827F0DFBA00BFF2
S21400F5C0983E0020014827F0E5BA00BF983E00208C
S21400F5D013B50E4827F0ACFA23F051FA26F075FA68
S21400F5E026F097FA26F0A1FAFCF748FF0446FCF747
S21400F5F05FFF2346009001210420054A00F06EFAC2
S21400F60002B0BDE81040FCF73FBF00BF983E0020A8
S21400F61057C80300022808B503D12BF037FA014B70
S21400F620186008BDC83E002008B50DF05BF9012241
S21400F630044B1A702BF0B3FABDE8084002490348A1
S21400F640FDF7E4B8EE5D0020F0660020CC3E00201A
S21400F650014B1870704700BFED5D0020024B187814
S21400F66008B106F093B87047446C002008B5074B05
S21400F6701B780BB1002008BDFFF7F0FF0028F9D17A
S21400F68006F05EFC023818BF0120F4E7ED5D0020AE
S21400F69070B5FFF7EBFF174D20B1FFF78DFF04287D
S21400F6A0044613D82B781BB92BF079FA01232B705C
S21400F6B023F0F3F90446D8B12B781BB9F7210E488E
S21400F6C02BF0EBF9BDE87040FFF776BF23F0E7F9C3
S21400F6D00028E7D02B785BB12BF0DDF8064600213A
S21400F6E0012029F043FB30462BF0D0F800232B7086
S21400F6F0204670BDEE5D002078C803001FB5FFF7FA
S21400F700C7FF0446FDF72CFAA04228BF204688B162
S21400F71003A929F017FF034638B9CDE90000064AC9
S21400F720039906482BF0CEF918B18E2104482BF029
S21400F730B4F9012004B010BD992A0300A83E0020A9
S21400F74078C803000D4B70B51B780D4D0D4C01218C
S21400F750002B0CBF2B46234602200B4A00F0BEF9B6
S21400F7600A4B01211B780220002B0CBF2B46234698
S21400F770BDE87040064A00F0B1B900BF446C0020F6
S21400F78072F1030091F103000EC90300ED5D002045
S21400F7902DC9030010B5D0E9023253F822300220FA
S21400F7A01B780121002B15BF01240024044A054ABA
S21400F7B000F094F92046BDE81040FFF749BF00BFAF
S21400F7C04CC9030069C90300D0E9023253F822305D
S21400F7D0034A1B78003B18BF01231370704700BF15
S21400F7E0446C002038B50125084B1D702BF053F8EB
S21400F7F004462946284629F0B9FA20462BF046F852
S21400F800BDE8384002490348FDF700B8EF5D002028
S21400F810F8660020F43E002070B514F0A9FD10F044
S21400F820070F1D4D11D02B785BB901262E702BF0DB
S21400F83032F804463146304629F098FA20462BF036
S21400F84025F8BDE8704014F063BB25F0B7FA02282F
S21400F85003D1124B1B78032BE5D914F089FD18B998
S21400F8600E4B1B78032B14D814F052FB04460028CA
S21400F870D9D02B785BB100262E702BF00CF80546FD
S21400F8803146012029F072FA28462AF0FFFF20466A
S21400F89070BD4FF0FF34ECE7EF5D0020766200208D
S21400F8A01FB5FFF7B9FF0446FDF75AF9A04228BF77
S21400F8B0204688B103A929F045FE034638B9CDE9AC
S21400F8C00000064A039906482BF0FCF818B18C2174
S21400F8D004482BF0E2F8012004B010BD732F03009B
S21400F8E0D43E002088C9030010B5094C0949002001
S21400F8F007F0FAFB23681B68587924F03AFB236864
S21400F9001B68587923F03EFB05F066F9002010BD11
S21400F9105444002016CA030008B525F03FFA0246F4
S21400F92028B1BDE808400020014907F0DDBB08BD4E
S21400F93039CA030008B525F047FA024628B1BDE8E3
S21400F94008400020044907F0CFBB5422BDE8084019
S21400F950FF2102480BF060BF51CA0300E0570020A9
S21400F96038B504460D4625F033FA024628B1BDE800
S21400F97038400020034907F0B7BB034B23F8145068
S21400F98038BD00BF6FCA0300E05700202DE9F341E1
S21400F99000240C4E0C4DDFF838800C4F56F8043B14
S21400F9A00BB9D8F8003035F8022B39460092002003
S21400F9B02246013407F098FB2A2CEFD102B0BDE8AE
S21400F9C0F08100BF04670020345800208BCA030073
S21400F9D00067002008B52A21034825F0F1F9BDE8A4
S21400F9E00840FFF7D3BF00BF3458002007B5D0E962
S21400F9F0023253F822301A78292A0DD8084B53F8C9
S21400FA0022300BB9074B1B680749002031F812104B
S21400FA100091064907F068FB03B05DF804FB00BFE1
S21400FA200467002000670020345800208BCA0300BB
S21400FA3008B52A21034825F0C5F9BDE80840FFF7B8
S21400FA40A5BF00BF3458002038B5D0E9023253F8BD
S21400FA50221003EB82035B680C781D8800200449A3
S21400FA6007F042FB29462046BDE83840FFF778BF3E
S21400FA7096CA03002DE9F34100240C4E0C4DDFF826
S21400FA8038800C4F56F8043B0BB9D8F8003035F8E0
S21400FA90022B3946009200202246013407F024FB50
S21400FAA02A2CEFD102B0BDE8F08100BF0467002029
S21400FAB0E05700208BCA03000067002010B50246FE
S21400FAC023F076FA20B9044C236811B1134323605F
S21400FAD010BD23EA0203FAE7B06700200CB413B5A2
S21400FAE002460C4623F064FA60B9094B1B681A42BA
S21400FAF008D005A9049801910AF090FD14B10548B4
S21400FB0025F06FFF02B0BDE8104002B0704700BF9E
S21400FB10B067002095CD0300034610B5D3E9023246
S21400FB2053F8223008461C78211E18BF0121FFF723
S21400FB30C5FF014648B9084A084B0220002C08BFFA
S21400FB401346074AFFF7CAFF10BD00210220054AE8
S21400FB50FFF7C4FFF8E700BF94B903008CB90300B1
S21400FB6097CD0300ADCD03002DE9F04105461F46B5
S21400FB700C46DFF82C808E18B44201D1BDE8F08127
S21400FB800021284614F8013B069AFFF7A7FF002F2E
S21400FB90F2D0424600212846FFF7A0FFECE700BF60
S21400FBA021C003000021024A0248FFF7ADBC00BF97
S21400FBB039FC0000FC3E0020FF21014822F051BF26
S21400FBC0FC3E00200022034BFF2103481A7022F05F
S21400FBD041BF00BFF05D0020FC3E002013B5114C75
S21400FBE02378032B13D8009300230F4A18460F4997
S21400FBF007F07AFA237842F21072002B08BF002230
S21400FC00FF210B4802B0BDE8104022F012BF0022D0
S21400FC100849104607F068FA02B0BDE81040FFF742
S21400FC20D1BF00BFF05D0020BECD0300D0CD0300E5
S21400FC30FC3E0020DACD0300F0B52B4D8FB02B78BC
S21400FC4023B309A825F0F4F8022309A88DF8243078
S21400FC5025F0DCF801AA06469446244B03F110076B
S21400FC60144618685968083303C4BB422246F7D1C5
S21400FC7005AA17461E4B03F1100E1446186859685D
S21400FC80083303C473452246F7D1E6B1012409A818
S21400FC9025F06AF828B9BDF8243013F0020F18BF13
S21400FCA001242B781349002B4FF000034FF0A002DD
S21400FCB008BF1946204625F031F890B92B78013355
S21400FCC02B700FB0F0BD614609A825F0A1F80028FA
S21400FCD0DCD1394609A825F09BF804460028D6D082
S21400FCE0D4E7FFF77BFFECE7F05D0020EC5504005F
S21400FCF0FC55040000F8FF0710B50020324907F055
S21400FD00F3F908220020314907F0EEF9304B314A6A
S21400FD101978314B0020002918BF1A462F4C30495D
S21400FD2007F0E2F9002024F03FFC2368002B47D0C0
S21400FD301B78022B44D900222A4B10462A4907F08A
S21400FD40D3F923F07CF929490246002007F0CCF9C4
S21400FD5000F0D0F826490246002007F0C5F92368CF
S21400FD601B78032B2CD900F0D5F822490246002038
S21400FD7007F0BAF900F0DEF81F490246002007F047
S21400FD80B3F900F0DFF81D490246002007F0ACF991
S21400FD9000F0A4F81A490246002007F0A5F900F082
S21400FDA0D7F8184C184954F82020002007F09CF982
S21400FDB000F024F9154954F82020002007F094F9A3
S21400FDC0BDE8104024F0F5BBFCCD030018CE0300C0
S21400FDD0F15D002072F1030091F1030090430020D2
S21400FDE03BCE030062BB030056BB030057CE0300A6
S21400FDF07BCE03009FCE0300C3CE0300E7CE0300F6
S21400FE000ECF0300B467002035CF030058CF0300A1
S21400FE1008B5D0E9023253F82230187840B10020F5
S21400FE20074907F061F9BDE80840802000F034B8C3
S21400FE30044907F059F9BDE80840802000F046B8AC
S21400FE407BCF030098CF0300D0E9023253F822306C
S21400FE50034A1B78003B18BF01231370704700BF8E
S21400FE60F15D002018220021094BC3E900121A7B1D
S21400FE700AB9084A9A601A7C12B94FF47A72DA8183
S21400FE8040F6B8325A8200229A829A75704700BFAE
S21400FE901C3F0020E09304000A4B10B51B687BB1A2
S21400FEA01B78032B02D8B0F5007F09D1064C2368D7
S21400FEB0034323606368184202D02AF0E2FDA08262
S21400FEC010BD00BF904300201C3F0020024A13686C
S21400FED023EA0003136070471C3F0020014B18689C
S21400FEE0704700BF1C3F0020014B9868704700BF5A
S21400FEF01C3F0020024B9868FA23B0FBF3F07047D3
S21400FF001C3F00200122024B98601A73704700BF06
S21400FF101C3F0020024BD889FA23B0FBF3F0704751
S21400FF201C3F00200122024BD8811A74704700BF84
S21400FF301C3F0020024B588AFA23B0FBF3F07047B0
S21400FF401C3F0020014B5868704700BF1C3F002034
S21400FF502DE9F84300244FF00C08104B104F9D7D00
S21400FF60104E3988E3B28B4202D32846BDE8F883A8
S21400FF7008FB03F3F05C06EB030924F01CFB50B906
S21400FF80FF21D9F8080022F06CFD20B199F8053061
S21400FF909D4238BF1D460134E3E700BF1C3F0020EA
S21400FFA0EA6B002038680020124B10B51B68124C14
S21400FFB0EBB11B78032B02D823689B0517D52AF0D4
S21400FFC060FDA38AC01A638A80B283423EBFD4E92A
S21400FFD000329343236024F06BFE08B1E08910BD25
S21400FFE02368002BFAD1FFF7B3FF0128F6D0A068EC
S21400FFF0F5E700BF904300201C3F0020014B987D92
S214010000704700BF1C3F002038B504460D462AF055
S214010010E9FD244B1B7813B1204623F00BF8402C46
S21401002027D006D884B13F2C18D0BDE8384024F03C
S214010030C0BA4C3C0C2CF8D81B4B2341DB07F4D43C
S2140100400220FFF743FFF0E74FF40070FFF73EFF93
S2140100500220FFF721FF154B1C71E6E74FF40070F5
S214010060FFF734FF0220FFF731FF00220F4B1A7112
S214010070DBE724F021FA0028D7D10C4C02202379A3
S21401008001332371FFF722FF4FF40070FFF704FFDF
S2140100902379AB42C9D322F0CEFF0028C5D122F086
S2140100A0A3FFC2E7F15D0020FEEEFFFF343F002014
S2140100B010B505F05FFB02280AD124F0D5FD0346F2
S2140100C030B1BDE8104000220249104607F00CB8D6
S2140100D010BD00BFE4CF03000021024A0248FFF72B
S2140100E013BA00BFB10001003C3F002038B5002024
S2140100F024F05AFA124B1B6893B11B78022B0FD9C6
S21401010005F038FB022816D10E4C2568FFF74CFF88
S214010110A842206008D0FF2122680B4822F089FC03
S214010120BDE8384024F045BAFF21074822F099FC83
S2140101300028F5D1EFE7FF21034822F08BFCEFE71B
S21401014090430020343F00203C3F002002460249F5
S214010150002006F0C9BF00BFF8CF030010B5234C3E
S2140101602348FF2122F076FC207802281ED003289F
S2140101702ED0012804D02120BDE81040FFF7E6BFAD
S2140101801C4B19780029F7D002231B4A23701378D9
S214010190052B0EBF00230133DBB29942137003D146
S2140101A0052313700020E7E7052BFBD0124B1B78C5
S2140101B0052B02D103232370DDE7104A104932F8DC
S2140101C0230007F085FC032323700028D4D110BD3B
S2140101D0094B0C4A1878094B03EB8001897833F8F0
S2140101E0200007F045FC0123EEE700BFF25D00208A
S2140101F05C3F0020FB5D0020466C002088580020F4
S214010200E5030100910301002DE9F04F0D46144668
S21401021095B00490112200210FA89946DFF86C8151
S2140102200BF0FAFA04EB45030393D9F800301C2BC4
S21401023002D0039B9C4202D115B0BDE8F08F01238A
S214010240DFF844A18DF81C3023884C4AADF81E30E7
S2140102509AF800304A4D08EB83039B7828788DF88E
S214010260203013688DF81D00CDF821305368CDF885
S214010270253024F0A0F9049B8DF8290021882878E0
S214010280002B4AD123F066FE002844D09AF80030AD
S2140102900FAA38F8230007A922F0DBFE00283AD07F
S2140102A023F085FC4FF0000B074606461C255FFA37
S2140102B08BF2974234D8B7422BD99DF81C30032BCA
S2140102C01AD10FAB0193BDF821300022042100930F
S2140102D001202C4B06F08EFD9AF8003008EB8303C4
S2140102E09978274B187806F001FE9AF8003000201E
S2140102F038F8231024F0B4F85DB107A9304624F08D
S214010300A5FC214B05461B78304638F8231024F00F
S2140103109FFCC9F80050023487E723F012FEB3E7CA
S21401032010460BA9059224F08DFC30B99DF82C10CF
S21401033031B9059AB74208BF16460BF1010BB6E76D
S214010340BDF82E00BDF81E209042F6D19DF8300073
S2140103509DF820209042F0D19DF81C208A42ECD1D5
S214010360032A14BF082202220DF121010DF13100EA
S2140103700BF09EFD002808BF0025DEE7F35D002098
S214010380456C002075D20300466C0020885800207A
S21401039013B503460020114A9C6812780190052A7D
S2140103A003D01B78032B00D12CB9012002B0BDE885
S2140103B01040FFF7CBBE6268217801ABFFF724FF40
S2140103C0217A0120E26801ABFFF71EFFFF210448F6
S2140103D002B0BDE8104022F035BB00BF466C0020DD
S2140103E05C3F0020094B1B78052B02D00378032BBA
S2140103F002D00120FFF7AABE8168054A0B680548AE
S21401040013604B68FF21536022F01CBB466C002032
S214010410F35D00205C3F002038B50024114B124DDF
S2140104201870124BFF211C702C7006F05FFD012224
S214010430032110460E4B06F0DDFC4FF6FF712246F7
S214010440084624F010F8044648B940F6B832FF21B1
S214010450084822F0EEFA01232B70204638BDFFF73C
S21401046075FEFAE7456C0020F25D0020FB5D00207A
S214010470350304005C3F0020144BF0B51A6814499C
S21401048013680978587988420BD11249D7880846EB
S2140104900022114D1E792B78D4B2A34203D8052C25
S2140104A00AD10020F0BD0C88BC4202D18C78B4423F
S2140104B0F7D001320431EFE7A342F2D120F82270DF
S2140104C0013300EB820086702B70EAE7544400206B
S2140104D0456C002088580020FB5D0020FF2307B5EF
S2140104E00021044A04480093FEF7D8FF03B05DF8E4
S2140104F004FB00BF5D0101005C3F00201FB5B42373
S21401050003210446ADF80E3023F01BFD98B12123DC
S21401051020460093002203210DF10E0323F0C0FEB6
S21401052004460020054B064A0649009406F0DCFD09
S214010530204604B010BD8624F3E700BF22D0030096
S2140105402FD0030044D00300D0E9023253F8223002
S214010550034A1B78012113700220024AFFF7BEBA34
S2140105605E6C002053D003000122014B1A707047C5
S2140105705E6C00200A4B90F805111B7890F8082154
S21401058019448A42BCBFB2FBF3F103FB11234FF0BF
S214010590FF32B8BFDBB202FA03F380F80A317047C4
S2140105A05E6C00202DE9FF410446057F867EDFF85C
S2140105B070806E43237F98F8002013449D4212DB1F
S2140105C0607F60B9238B029363690193237C009358
S2140105D06288A31D217805F095FDFF232370002076
S2140105E004B0BDE8F081E37EAB42E9D9A77E228B59
S2140105F0F1199142A4BF921BD7B205EB0323E38105
S2140106003A4633462946204622F03DFD0028E7D1EA
S214010610637F3744013301356377BEB2EDB2C9E774
S2140106205E6C002037B5054624F03EFB0D4B0446B4
S2140106301B6869461B78032B82BF0B4B1B881B1854
S214010640284688BF9CB224F0B7FB38B9684624F028
S2140106502DFB18B9044B1B8823449CB2204603B0DB
S21401066030BD00BF90430020EE6B0020084B1B7886
S214010670FF2B0BD1074B1B78FF2B07D1064B1B78A3
S214010680022B03D04FF48070FFF720BC704700BFE9
S214010690BC670020AC4000207C3F002010B504461B
S2140106A0FF2122F0D7F9054B9C4202BF0023A4F597
S2140106B088742370BDE81040FFF7D8BF8C40002037
S2140106C02DE9F0479A462A4B81461B7888461646FE
S2140106D0BDF82050002B49D0FF2D3ED9382528469D
S2140106E0BDE8F087234B0C223146A01D636184F8D8
S2140106F00090A4F802800BF0E1F8A289414642F48A
S214010700004242F040022046A28122F0CEFC2A4658
S214010710514660690BF0D2F841464846A21D258332
S21401072024F016F8A0760028D8D00544013DB5FB84
S214010730F0F0FF28D2DC0023E0762046A383FFF703
S21401074031FF054680B923794FF48070B372FFF705
S214010750A3FB227C099B1A80C1E7074C2778FF2F51
S214010760C0D040F60345BAE72770F2E70225B6E7A0
S2140107705E6C0020FD5D0020AC400020B0F9063024
S21401078010B5002B25DA144C2278237CFF2A02D0E0
S214010790827A9A4207D0114C2378FF2B17D0827A9F
S2140107A0237C9A4213D169B9637F013BDBB263773D
S2140107B05BB90B4A237F1278204613442377FFF751
S2140107C0F1FE0146204622F07FFCFFF74FFF012095
S2140107D010BD0020FCE700BFAC400020BC67002035
S2140107E05E6C00202DE9F04F9A46B1F9063091B0C3
S2140107F0002B0D461746DDF86880049080F22981AB
S214010800B8F80030FF2B04D94FF4B871A6482AF087
S21401081044F9A64B00241A7893F80401B3F80211A0
S214010820002A40F0A5802E7AA14A1278B24240F200
S214010830AF800222A3F802711A70AA7AFF2483F805
S21401084004210022A3F8084183F80521A3F8062114
S214010850B8F80020954883F80C21FFF78BFE384640
S214010860FFF7E0FE214600EB4002924822F0E1F855
S2140108704FF48070FFF710FB8C4C94F80A91B9F195
S214010880FF0F20D18A4A94F8053112781344B342F7
S21401089019DC94F80C1184F80531B4F806312046B9
S2140108A001FB0233A4F80631FFF764FE0122824BF6
S2140108B038461A70FFF7B6FE494600EB400204F5CB
S2140108C0887022F0B6F894F80531B34260D8DFF8A4
S2140108D0E0B19BF800C00CEB0302964258DA764969
S2140108E094F808210878013A002853D0964205DA90
S2140108F0B8F8002084F80C2100220A70B6FBFCF937
S21401090001220CFB196994F80A015FFA89F902FAC7
S21401091009F2D1B2024076B92889000A844584F8E2
S214010920080108D92046CDE906210593FFF722FEE6
S214010930DDE90621059B94F80A01014384F80A11B2
S21401094082B994F80921B4F806C1013284F8092164
S214010950B8F80020DAF800100CEB0200FF2826DDBC
S2140109600323237094F80831013B9E4230D138E0CE
S214010970AE7A864202D18F4200D11C462E7A002CD6
S2140109807FF47BAF002A3FF44FAF012A3FF44CAF10
S21401099001205FE09642B1DA94F80C1198F8002035
S2140109A09142ABD004F58870FFF778FEF0E794F833
S2140109B00CE1F31A0EFB03C3A01C10FA83F0059298
S2140109C00AF07CFF94F80831059A013B9E4244D018
S2140109D0012394F80A2103FA09F3013B1343FF2B81
S2140109E004D122462946384622F060FB94F80831A5
S2140109F094F809219A42CBD19BF80030B2FBF3F16F
S214010A0003FB112212F0FF0218BF13462278022AB6
S214010A1026D1264A023410785178012804BF0131C4
S214010A205170012224F8022CEA88B4F8041122F04D
S214010A304002EA8094F809210A44591E94F80A31C2
S214010A4013FB01F31344A8F80030CAF80040FFF77F
S214010A500DFE002011B0BDE8F08F84F80B21C0E731
S214010A606979002994D0032A92D1B4F8062194F822
S214010A700B1108AE11445A1E94F80C31284613FB8C
S214010A8002F30B4400219BB2A21CA8F80030CAF85E
S214010A900020CDE900710296049907F005FD892131
S214010AA0304623F052FE7DE77AD003007C3F0020DB
S214010AB05E6C00208C400020FC5D002013B50446CF
S214010AC018B101280BD002B010BDFF2301460093D8
S214010AD0064A0748FEF7E2FC064B1C70F3E7FFF7F1
S214010AE043FDFF22044B1A70EDE700BF9D0601008F
S214010AF08C4000207C3F0020AC40002013B501A9AB
S214010B0009F04AFE044648B9BDF806309DF80420AF
S214010B10034906F0E9FA204602B010BD8120FBE742
S214010B2011D1030013B5694609F042FE044688B99F
S214010B30BDF802309DF80020074906F0EFFA20467E
S214010B40019906F043FA2046044906F0CDFA2046FC
S214010B5002B010BD8120FBE735D103005BD1030055
S214010B6037B5694609F048FE044618BB9DF80130C2
S214010B709DF80020104906F0D1FA104D9DF801208D
S214010B80E3B29A4206D800200D4906F0ADFA0020DD
S214010B9003B030BD0198630003F4FF730222002105
S214010BA0184423F0EBFC29460246002006F0B6FA6C
S214010BB00134E3E78120EBE75DD103008CD103002C
S214010BC03503040013B501A909F0ECFD044648B944
S214010BD0BDF806309DF80420034906F085FA204644
S214010BE002B010BD8120FBE796D1030030B500248A
S214010BF00B4D85B06946E0B224F024F850B99DF853
S214010C000030032B06D12946BDF805309DF801209A
S214010C1006F06AFA0134202CECD105B030BD00BFD5
S214010C20BDD1030008B50020034906F05DFABDE812
S214010C300840FF2000F0DEBACFD103002DE9F04FC7
S214010C4085B006460D46174622F07EFA044640B1A8
S214010C5030463A46294622F061FA002005B0BDE842
S214010C60F08F4FF003094FEA15285FFA84FA6946B8
S214010C70504623F0E7FFB8B99DF800B0BBF1000F6E
S214010C8012D1694650468DF800908DF805508DF8C2
S214010C9006808DF8016023F0D9FF02460028D7D0E0
S214010CA05846064906F020FA0134202CDDD10020F2
S214010CB0034906F019FA8920D0E700BFE4D1030002
S214010CC00BD203001FB5002304468DF80F3022F027
S214010CD026FA28B19DF80F3063F07F038DF80F30A8
S214010CE0182301930DF10F030022009304214023E2
S214010CF0204623F0C4FA024618B10020024906F045
S214010D00F3F904B010BD00BF26D203001FB502A937
S214010D1009F060FD044688BBBDF80820184906F0B6
S214010D20FDF92046039906F051F92046154906F0CB
S214010D30DBF94FF6F672BDF80810134C4B1E9BB24A
S214010D40934219D82368039A1B685879FFF776FFF0
S214010D5023681B79012B0BD8BDF808300022CDE99A
S214010D6000030421094B092006F044F823F0E7FCB0
S214010D706FF0FF0004B010BD8720E9E78120F9E796
S214010D8045D203005BD10300544400205CD203002B
S214010D9070B504468AB005AD1122002128460AF036
S214010DA03BFD204604A909F009FD044600283AD176
S214010DB01E4EBDF810201E4906F096F932681379CA
S214010DC0012B28D84FF6F670BDF810104B1E9BB2BB
S214010DD0834224D81368587922F0B6F908B33368E9
S214010DE02A461B68BDF81010587922F096F9BDF80E
S214010DF0103001220421CDE9004309200D4B029554
S214010E0005F0F8FF23F09BFC034620B100200A4AB8
S214010E100A4906F069F96FF0FF000AB070BD872431
S214010E20E5E78B24E3E78120F7E700BF5444002081
S214010E305FD2030074D2030078D2030083D203008A
S214010E402DE9F0479AB004A909F0D0FC0446002821
S214010E5040F0B5809DF810205B4906F05FF9254605
S214010E605A4E9DF81020EBB29A4254D800205849A9
S214010E7006F03AF99DF81050002D40F099802C4666
S214010E802E46544F06A9F0B223F0DCFEC8B99DF8F1
S214010E901830032B15D13B689DF819201B685B7928
S214010EA09A420ED19DF81D2005F168036B4403F8A4
S214010EB0402C9DF81E200235013403F83F2CEDB27C
S214010EC0E4B20136202EDDD19DF810300BB1002C96
S214010ED077D00AABCDE90143FF2302220421009318
S214010EE009203D4B039505F085FF23F028FC0346BA
S214010EF060B19DF81020002A5FD0384A3849002C8E
S214010F0008BF0A460020374906F0EEF86FF0FF00EA
S214010F101AB0BDE8F08705986B0003F4FF73022250
S214010F200021184423F02AFB31460246002006F031
S214010F30F5F8013595E70598730003F4FF7302226F
S214010F400021184423F01AFB002780465FFA80FA36
S214010F5006A9F8B223F076FE00BB9DF81830032BE5
S214010F601CD1D9F800309DF819201B685B799A428C
S214010F7014D19DF81D30534510D19DF81E30C8F38D
S214010F8007229A420AD105F168036B4402350134FF
S214010F9003F840AC03F83F2CEDB2E4B20137202F42
S214010FA0D6D101369DF81020F3B29A42C3D88BE70A
S214010FB00025DFF820902E46F4E7084AA2E78120B4
S214010FC0A6E78B20A4E700BFDDD203008CD1030087
S214010FD03503040054440020FCD20300AED20300C3
S214010FE0CCD2030000D303002DE9F04389B002A957
S214010FF009F0EAFB0446002867D1BDF80820344909
S21401100006F072F84FF6F672BDF80850DFF8D49085
S2140110106B1E9BB2934254D8D9F8003029461B6800
S2140110205F79384622F090F800284CD026465FFAC1
S21401103086F8404603A923F005FE28B92946384616
S21401104003AA22F06EF820B90136202EEFD14FF018
S214011050FF08404623F0F4FD014658BB112203A8C1
S2140110600AF0DAFB2946384603AA22F057F8D9F8DF
S21401107000301A79012A18D81B68BDF8081058796B
S21401108023F03DFABDF8083003220421CDE90043E0
S2140110900920104B05F0AEFE23F051FB034620B1AC
S2140110A000200D4A0D4906F01FF86FF0FF0009B049
S2140110B0BDE8F08302460A49002006F015F801242F
S2140110C0D5E78724D3E78B24D1E78120EFE700BF5C
S2140110D022D303005CD2030060D3030083D2030053
S2140110E039D30300544400202DE9F043DFF89480FF
S2140110F00020D8F8003021491B688BB05E790025A6
S21401110005F0F2FF01275FFA85F9484601A923F0A9
S21401111099FD044690B99DF80430032B0ED19DF835
S2140111200530B3420AD1484623F08AFD0146A0B1F4
S21401113002461349204605F0D7FF27460135202DE4
S214011140E1D1D8F8003000211B68587923F0D7F98F
S21401115087F001000BB0BDE8F083112205A80AF064
S2140111605BFBBDF809403046214605AA21F0D6FFB3
S2140111702146304623F0C3F9E0E700BF6DD30300F4
S21401118039D303005444002037B5694609F028FBDB
S214011190044638BBBDF80020134905F0BFFF134DC8
S2140111A02046019905F012FF2046114905F09CFFE3
S2140111B02B681B68587923F0B1FA70B14FF6F672B6
S2140111C0BDF800104B1E9BB2934209D82B68019ABA
S2140111D01B685879FFF732FD0446204603B030BD40
S2140111E08724FAE78120F9E781D3030054440020DD
S2140111F05BD103007FB505460024E6B2694630465A
S21401120023F020FDA8B99DF80030032B11D19DF8DD
S2140112100130AB4204D0FF2D0BD19DF80D3043B900
S214011220304623F00DFD024618B10020034905F0B3
S2140112305BFF0134202CE0D104B070BD39D303002C
S214011240034B1B681878012808BF0220704700BFAF
S21401125090430020D0E9023253F822301A78024B2C
S2140112601A7000F0E7BA00BFFC5E002070B5D0E946
S21401127002456B1EDBB254F8230003221B490AF019
S21401128017FE54F8253004EB8504197863681A783C
S214011290A2F10B030F2B05D915490020BDE87040BC
S2140112A005F022BF01290FD1124C9140236840B9A5
S2140112B00B43114A23600020BDE870400F4905F03A
S2140112C013BF23EA0103F4E702290CD101230C49D9
S2140112D003FA02F20B6818B913430A4A0B60EAE7ED
S2140112E023EA0203F9E70A460749D6E7A5D303002E
S2140112F0A9D30300E0670020BFD30300C7D30300D0
S214011300DC670020DAD30300E4D3030007B5D0E995
S214011310023103EB810253F821300B491B785268E6
S214011320012B0A4B08BF0B4612684FF000001A60EB
S2140113300092074A074B084918BF1346074A05F0AB
S214011340D3FE03B05DF804FBE0670020DC670020F5
S214011350FFD30300F7D3030009D403001C5604008F
S21401136038B5254A254B264C0020264905F0BCFEFB
S2140113700020254905F0B8FE22682449002005F022
S214011380CDFE2068224C234D05F088FE2146002024
S21401139005F0AAFE2A682049002005F0BFFE28684D
S2140113A005F07CFE2146002005F09EFE1B4B1C49E5
S2140113B01A781C4B002053F8223005F095FE00F0F9
S2140113C00DF919490246002005F08EFE174B002044
S2140113D01A78174905F088FE164B17491A78002027
S2140113E005F082FE04F0C6F9BDE83840024613490E
S2140113F0002005F079BE00BF1C56040023D403006C
S214011400E06700202AD4030032D4030040D403004E
S214011410A3BA0300DC67002051D403002A5F002032
S21401142062D40300E467002075D403000F5F002038
S21401143089D403000E5F00209BD40300ADD40300C3
S21401144007B500F071F8054B0090054A00200549E4
S21401145005F04AFE03B05DF804FB00BFC3D40300E9
S2140114601C56040044D00300F8B504460B4F0C4E3E
S2140114700C4D00200C4A0D4905F036FE20463B78FF
S21401148029783278F4F784FE00233B7033702B7092
S214011490FF21BDE8F840064821F0DCBA2A5F0020AB
S2140114A00E5F00200F5F00201C560400C8D4030006
S2140114B0CC40002037B51248FF2121F0CBFA114B62
S2140114C0187810F0100505D0002003B0BDE83040B4
S2140114D003F01CBF0121B42004F0C6FA04460A4BEF
S2140114E00A4A0B490090284605F0FEFD2046FFF704
S2140114F0BBFF4FF4806003B0BDE83040FEF7E6BCAA
S214011500CC4000202A5F0020DFD403001C560400D4
S21401151044D003000021024A0248FDF7F5BF00BF90
S214011520B5140100CC40002008B5054B1B7823B14B
S2140115301720FFF799FF002008BD0220FCE700BF37
S2140115402A5F002010B550B1054B00F1100250F88B
S214011550044B904243F8044BF9D1024B197010BD6D
S214011560105F0020205F002037B5174D04462B780A
S214011570DB0626D50090154B0020154A154905F0C7
S214011580B3FD1E2C0BD0652C09D0032C19D00020DE
S21401159023F0D0FB40F61C40FFF766FF0DE023F07A
S2140115A0F1FB4FF4FA63B0FBF3F202FB1300C2182F
S2140115B0FF21094892B221F03CFA2B7823F0100360
S2140115C02B7003B030BD00BF2A5F0020F8D40300A3
S2140115D01C56040044D00300CC400020014B18796F
S2140115E0704700BF9C58002070B54C4E8EB03378C3
S2140115F003F0FB02A3F10905022AEDB258D0042B31
S21401160041F6041257D0A3F108014B424B415B004F
S21401161013434348ADF80C3021F0C6FD48B9414BA1
S2140116203F4A03F1100153F8040B8B4242F8040BB6
S214011630F9D13D4B1B78002B3FD03C4B0DF10E02F0
S21401164003F1100153F8040B8B4242F8040BF9D155
S21401165003A823F08FFB2328044610D1012D49D877
S2140116600020334A334905F03FFDBDF80C3003A88E
S21401167023F40053ADF80C3023F07CFB0446002C19
S21401168041D14FF40C7023F073FB044600283AD185
S21401169003F0FAFE012D36D8274A01AB10685168CF
S2140116A003C3264901A823F0C1FB78B319242AE015
S2140116B043F60412A7E70223AAE73378042B0DD0DA
S2140116C0082B0BD01E4B0DF10E0203F1100153F83F
S2140116D0040B8B4242F8040BF9D1B9E7104A0DF11D
S2140116E00E0302F1100152F8040B8A4243F8040B70
S2140116F0F9D1ADE7337803F0FB03022B03D10020C9
S214011700104905F0F1FC20460EB070BD044901A851
S21401171023F08CFB04460028C8D1F4E72A5F00209A
S214011720FE5E0020C5D50300205F0020105F00206C
S2140117301C5604001CD50300D6D503000C56040025
S214011740DFD5030077D5030070B5002686B00446C2
S214011750252023F0F5FA1622002116480AF05CF837
S214011760154B1E60154B1878FFF76AFD022814BF4B
S2140117700123042303208DF8083023F02FFB0423D4
S2140117808DF810300E4B02A80593039403F030FD3C
S21401179005460C4B0C4A19680C4B3046A14208BF53
S2140117A0134600940A4A0B4905F09EFC284606B0EB
S2140117B070BD00BF9C580020EC4000202A5F00202E
S2140117C0A91A0100E0670020F7D30300FFD3030046
S2140117D01C560400F0D5030008B5134A1378042BF1
S2140117E009BF124B01331B78C3F10603DBB213703A
S2140117F003F0FD02092A04D11720FFF735FE172052
S21401180008BD0A4A1278002A14BF052206229A4207
S21401181007D1074B18680028EED0FFF795FF4D203B
S214011820EEE70020ECE700BF2A5F0020205F0020E3
S214011830DC67002073B51E4C1E4E236832681343C6
S21401184034D01D4B1B6853B31C4D2B783BBB03F0A8
S21401185091FFF8B94FF48060FEF71EFB184B246821
S2140118601B7894B1C3F102032B7003F047FD2046A9
S214011870FFF76AFF04460020124B134A13490094EF
S21401188005F032FC204602B070BDC3F10603346891
S2140118902B70EAE70121B42004F0E6F8EAE700201D
S2140118A0094A0B4905F020FC0224E4E70224E9E793
S2140118B0E0670020DC670020904300202A5F0020BC
S2140118C0205F002038D603001C56040044D00300D5
S2140118D01ED603002DE9F347384D394E00202A79EC
S2140118E02B88384905F000FC3268287922FA00F086
S2140118F010F0010002D1344905F0F6FB334F3C7875
S2140119003CB10822324933480AF0D2FA041E18BF05
S2140119100124DFF8DC80DFF8A490DFF8B4A014E03F
S21401192098F8000049460130C0B288F8000023F05C
S214011930F9F9002835D13C783CB1082251462548B2
S2140119400AF0B6FA041E18BF01242A793368D34078
S214011950DB07E5D5002CE3D100922B881E4A1F49F0
S214011960204605F0C1FB1E4B1878FFF769FC0123E2
S2140119700322124923F0DCF91A4A0546137801338B
S214011980137010B902B0BDE8F08720462B46124A04
S214011990154905F0A9FB284602B0BDE8F047FFF758
S2140119A063BD0020114905F09FFBFFF715FF0028D6
S2140119B0E8D102B0BDE8F04700F01CB89C58002002
S2140119C0EC4000203ED603006FD60300295F0020BE
S2140119D0215F0020AA5800201C5604003ED70300B1
S2140119E02A5F00200E5F0020DFD6030008D7030021
S2140119F0FD5E00202DE9F041214C224D2378002088
S214011A0055F82330204A214905F06EFBFFF7ECFD1F
S214011A1003461D4E1E4FDFF874802BB92378042B26
S214011A2015D8B3B91B4B15E032463946002005F0F0
S214011A305BFBFFF7D1FE00BB2378324655F8233017
S214011A40414605F051FBFFF7CFFD0346E5E7092BBD
S214011A50E8D1114B00201B68104A11491360114B45
S214011A60187023F05FF920B1BDE8F0410120FFF7BF
S214011A70FBBCBDE8F041FFF72DBFBDE8F08100BF1C
S214011A802A5F0020E46700201C5604005ED703008E
S214011A906BD70300DC670020E0670020EC400020E5
S214011AA09C580020FD5E002070B51C4C23789BB32B
S214011AB0838913F4407F2FD0056835B12A46BDE8E7
S214011AC070400020164905F00FBB23F029F9154E8A
S214011AD003463070144A2846144905F005FB33784E
S214011AE01BB1BDE87040FFF785BF2378082B0CD8E3
S214011AF0042B0CD80E4B1B78C3F1060323700D4B39
S214011B00BDE870401868FFF71FBE0A2BF2D1BDE88A
S214011B1070401820FFF7A8BC70BD00BF2A5F0020E8
S214011B2096D703000F5F00201C560400C3D703009E
S214011B30205F0020DC67002030B5464D0346044692
S214011B40454A0020454987B005F0CEFA2B782BBBD5
S214011B5001A823F06DF9022301A88DF8043023F0C3
S214011B6055F9B0B93E4901A823F052F988B1152CB0
S214011B700FD123F007F947F23153B0FBF3F202FB22
S214011B80130000F51C50103080B203F0BFFB07B005
S214011B9030BD162CFBD103F0F3FBF8E7152C2AD148
S214011BA000202D4A2F4905F09FFA2B78042B11D0DF
S214011BB0082B0FD02C4B1B78DA070BD401A823F087
S214011BC0D3F818B9BDF804309B0703D42B7843F03B
S214011BD010032B7023F0D6F84FF4FA63B0FBF3F240
S214011BE0FF2102FB1300C218204892B207B0BDE8DD
S214011BF0304020F01EBF23F0F7F804460028C6D177
S214011C002B78013B092B1ED8134A194905F06CFAAB
S214011C10184A194913780133D8B2107023F082F8A4
S214011C2060B12046154905F05FFAFFF7D5FD00289B
S214011C30ADD107B0BDE83040FFF7DCBE07B0BDE868
S214011C403040FFF747BE40F61C4007B0BDE83040C5
S214011C50FFF70ABC2A5F00201C560400E7D70300E2
S214011C600C560400FED70300FC5E0020CC4000208A
S214011C7011D80300FD5E00209C58002008D7030001
S214011C802DE9F0410B4686B004460E4617463A4902
S214011C900246002005F028FA4FF000080123CDE99E
S214011CA001380DF1160300934246402306212046D3
S214011CB022F01AFB054640B102463049404605F07F
S214011CC013FA284606B0BDE8F0819DF816202AB919
S214011CD036B900202A4905F007FAF2E7012EF8D0B6
S214011CE082F00103002027498DF8173005F0FCF932
S214011CF09DF817300DF1170633B310230022CDE9F6
S214011D00006306214023204622F0B9FA064630B188
S214011D10324600201C4905F0E7F93546D1E74FB9B0
S214011D200821204622F00DF920B120469DF8171013
S214011D3022F0E6FB0521204622F003F90028C0D058
S214011D40204622F0DAFBBCE74FB90821204622F0F4
S214011D50F8F820B120469DF8171022F0D1FB102389
S214011D600022CDE9006306214023204622F087FAAF
S214011D7006460028DED0CBE740DA03005CDA030033
S214011D8075DA030095DA0300B5DA0300002208B518
S214011D90034B11461B681B685879FFF771FF08BD96
S214011DA05444002008B5044B00221B6801211B681F
S214011DB05879FFF765FF08BD5444002008B5044B69
S214011DC000221B6802211B685879FFF759FF08BDDE
S214011DD05444002010B50123002488B001A88DF8D2
S214011DE00430CDE90244F5F7E3FC20469DF80420D3
S214011DF0124905F079F92046039A114905F074F95C
S214011E002046029A0F4905F06FF910220E4B0DEB92
S214011E100201188840F0604040F48010FBF744F956
S214011E2020460A4905F07AF904A822F0E9FB204683
S214011E30074905F059F908B010BD00BFCEDA030016
S214011E40EDDA03000CDB0300CC5504002BDB0300AA
S214011E503503040008B521F0D8F90020024905F041
S214011E6043F9012008BD00BF48DB03000023054AF3
S214011E708360C360044BC0E9002311B14FF6FF73C2
S214011E800B807047491039AA0030031110B504467B
S214011E9060B10020064905F027F9052C06D002F0AE
S214011EA0CBF904490246002005F01EF9012010BDB9
S214011EB05CDB03006DDB030037B500216A4601AB2E
S214011EC0054621F063FA044668B100220F49104620
S214011ED005F00AF902F0B0F90D490246002005F0B6
S214011EE003F903B030BD0B4905F0FEF8012020F0E0
S214011EF0A2F901F099FF431C02D007F09DFFF0E71D
S214011F0021462846FFF7A6FFEBE700BF96DB030056
S214011F106DDB0300DEDB030038B5054601F084FF08
S214011F20044622F0B6FA4DB100200E4905F0DCF861
S214011F30631C14BF2046002007F040FF21F073F910
S214011F400228044605D0012805D10020064905F0DF
S214011F50CBF8204638BD0020044905F0C5F800241A
S214011F60F7E700BFFBDB030015DC03002EDC0300F4
S214011F7008B50020034A044905F0B6F8BDE8084054
S214011F8000F050BDD8EB030047DC030008B5002085
S214011F90034A044905F0A8F8BDE8084001F0CAB9AB
S214011FA066DC030047DC03001FB5D0E9023253F8B4
S214011FB0223068461C78214601F0D0FB684601F0C5
S214011FC073FC28B92246044905F08EF804B010BD0A
S214011FD06846FFF771FFF9E76CDC03000020014952
S214011FE005F082B888DC03007FB50DF1060102A872
S214011FF0FFF73CFF0020264905F076F80020BDF8E3
S2140120000820244905F070F80020BDF80A2022496E
S21401201005F06AF8039A0020204905F065F80020CB
S2140120201F4905F07BF84FF6FF73BDF806209A426C
S21401203029D000201B4905F057F800201A4A1B49F1
S21401204005F052F800201A4A1A4905F04DF8002208
S2140120501949104605F048F80020154A174905F0B9
S21401206043F80A220020164905F03EF80A2200200D
S214012070144905F039F80A220020134905F034F80E
S21401208007B05DF804FB0020104905F02DF8D4E7F1
S21401209097DC0300AFDC0300C8DC0300E1DC0300CF
S2140120A0FADC030005DB0300E093040010DD030007
S2140120B0C02709002FDD03004EDD03006DDD0300A0
S2140120C08CDD0300ABDD0300C9DD03000DDD03007D
S2140120D008B50020034905F007F8BDE808400120CF
S2140120E001F0FAB9E7DD030008B50020034904F062
S2140120F0FBFFBDE80840002001F0EEB900DE03005A
S21401210030B5104B104D1B5C85B08DF80F302B7819
S2140121100446834206D00D4B0D4953F8202000207B
S21401212004F0E2FF30232C700A4801930DF10F03EF
S2140121300093062280231921007822F0A0F805B02A
S21401214030BD00BF33560400325F00204056040005
S21401215018DE0300486C00201FB52323039001936B
S214012160064803AB0093012280231921007822F050
S21401217086F8039805B05DF804FB00BF486C0020A4
S21401218073B5164D04462B78154ECBB121F06CF87D
S214012190012815D0346040F6B244124B1B78072B49
S2140121A017D02D78C5B921F05FF8031E18BF01239B
S2140121B00D48009522461921007821F0E4FB03E042
S2140121C000233360002CE8D1201E18BF012002B086
S2140121D070BD02250123EBE70025FBE72F5F0020FA
S2140121E0F0400020325F0020486C002008B504480B
S2140121F0FFF7C6FFBDE808400220FFF781BF00BF1A
S214012200C027090010B5064C208822F07AF96088AC
S21401221022F077F96068BDE8104022F081B900BF6E
S214012220F44000207FB523238DF813300DF11303FE
S214012230029304230648019305AB009301228023F1
S2140122401921007822F050F8059807B05DF804FBD4
S214012250486C00202DE9F047DFF84C91044699F8C8
S214012260000090460F4621F04EFE0B2899F80020FC
S21401227005D9BDE8F04700203F4904F035BF0026E8
S2140122803E4B3F4D1E803F4BDFF820A103EB001372
S2140122905B8801202B802A7104F04EFE05F0F6FEC5
S2140122A004F04AFE204604F047FE0123042C8AF877
S2140122B000300BD8022C45D89C4216D02346BDE8E8
S2140122C0F0470020304A314904F00EBF062CF5D104
S2140122D030462F4904F008FF384604F02DFEFFF77C
S2140122E091FF97B18AF800600FE04FF6FF76294F0D
S2140122F03888801B18BF012004F01EFEFFF782FFFE
S2140123003888B04201D022F0FCF819236B8099F886
S214012310003000202B71204B1B786B71EB8843F04B
S2140123204003EB801D4B198822F09AF8034620B132
S214012330224600201A4904F0D7FE4046BDE8F04781
S214012340FFF71EBF304604F0F7FDFFF75BFFFFF710
S21401235069FF22F0E5F8134B1B78002B0CBF3F20DA
S214012360202004F0E9FD042CCFD14FF4806022F048
S214012370C8F83220C7E700BF2BDE0300C058002094
S214012380C4580020C4420020E5CB030077DE0300DA
S2140123905ADE0300B4580020476C0020E86B00208A
S2140123A090DE03002E5F0020486C00202F5F002087
S2140123B038B5044605200D46FFF7A2FE184B1A88CD
S2140123C04FF6FD739A4207D10020164904F08CFEA1
S2140123D0BDE83840FFF70ABF65B1134A13780133E9
S2140123E0DBB2092B137014D90A2200200F4904F01E
S2140123F07BFEEDE7012C0ED10B4B1D700C490D48F1
S214012400FFF734FDBDE83840002101200A4AFFF7F6
S21401241021BF012CF2D0BDE838400748FFF7B0BE17
S214012420E86B0020CADE0300315F0020F5DE030002
S214012430B4580020F4400020E093040008B5064993
S214012440002004F051FE0548FFF736FDBDE80840C0
S21401245000210846FFF7ACBF39DF0300F440002037
S214012460814237B50346154608D2002000910F4A2F
S2140124700F4904F039FE002003B030BD0C1A224685
S21401248000200C4904F030FE40F6BB5322460020E3
S214012490094904F029FE4FF47A735C43074B012087
S2140124A09C4294BF2C602B60E6E700BFE5CB03009F
S2140124B04ADF030087DF0300A2DF030080EE360059
S2140124C010B504460820FFF71BFE0D4B3CB91C70E7
S2140124D00021BDE8104006200A4AFFF7BBBE1B7864
S2140124E0092BF5D90A220020074904F0FDFD00203A
S2140124F0064904F0F9FDBDE81040FFF79FBF00BF95
S214012500315F0020C0270900CEDF03000FE0030083
S21401251073B51F4D2C7834B100201E4902B0BDE8BA
S214012520704004F0E1BD0220FFF7EAFDFF221A4EDB
S2140125301A4B30781A7021F0E6FC0B2807D9204692
S2140125403278174902B0BDE8704004F0CDBD154B96
S2140125501549009301EB0011012319224FF6FD7076
S214012560498805F037FA70B12046104904F0BCFDE1
S21401257000220F4B0F481C700F4B1A7002B0BDE8BB
S2140125807040FFF7FDBD01240C492C70EEE700BF3B
S214012590305F002020E00300486C0020476C0020DC
S2140125A02BDE0300A1280100C442002061E00300E5
S2140125B02F5F0020C0270900315F002087E003005D
S2140125C038B5144D04462B78052B21D91249FFF74F
S2140125D05DFC24B918B9114904F086FD0424104B9A
S2140125E0195D21B9BDE838400846FFF769BF032CDD
S2140125F006D02B78052B03D006200A4AFFF72AFEC1
S2140126000021094B08461970BDE83840FFF7D0BED7
S21401261038BD00BF325F0020F4400020A9E003006F
S21401262029560400C02709002F5F002030B5044654
S21401263089B00720FFF764FD052C0AD100222A4B3A
S21401264003A91A7002A804AA01F0FEFD30B1022007
S21401265045E09CB90122244B1A700224224D2878A9
S21401266078B1421E504221495041FFF755FC0223E2
S21401267004462B70022C0ED10A200FE0022CE6D164
S214012680EBE7631F5A424FF0050018495A4120F004
S214012690F2FD0446EEE7032C04D10020FFF770FD9F
S2140126A009B030BD062C06D10020114904F01CFDEE
S2140126B001232B70E0E70F4A0F4B2878002C18BF38
S2140126C013460E490E4A0094002808BF0A46002009
S2140126D00C4904F009FD201E18BF0120400009B076
S2140126E0BDE83040FFF76CBF2D5F0020F4400020AE
S2140126F0E4E00300DDE00300D6E00300C5E00300EC
S214012700CFE003001FE1030013B51F4C0620FFF7BF
S214012710F7FC2278092A09D900201C4904F0E4FCB8
S214012720042002B0BDE81040FFF74ABF184B1B78E3
S2140127302BB300201FF0A3FD20F096FD68B9FFF72C
S21401274071FD144B196820F086FD02460420002115
S21401275002B0BDE81040FFF77DBD01A820F082FD64
S214012760FF2809D14FF4FA6023780133237002B0B1
S214012770BDE81040FFF704BD0198FFF7EDFC4FF4EC
S214012780FA620320E3E700BF315F00203AE103006D
S2140127902E5F002004410020F023F0B589B0CDE97A
S2140127A0000334488023002219210078324E334F2B
S2140127B021F065FD0020324904F096FC3246394688
S2140127C003A801F041FD032804462E4D1CD1062620
S2140127D0039A2D49002004F087FC0398FFF7BCFC00
S2140127E00020396800F0ACFE2E7001F09FF900223F
S2140127F00446264B30461A70FFF782FC84BB09B0AC
S214012800BDE8F040FFF780BF28BB7268204904F09E
S2140128106BFC214604A8FFF729FB059B72689342CF
S2140128200BD020461B4904F05FFC072305202B70C4
S21401283009B0BDE8F040FFF7F9BE1A462046164932
S21401284004F052FC0523002101202B7009B0BDE8DD
S214012850F040FFF7ADBD0020104904F045FCF1E75C
S214012860042C05D0042009B0BDE8F040FFF7A8BE4F
S21401287009B0F0BD486C0020F4400020044100205F
S21401288072E10300325F0020A3E10300315F002004
S214012890DEE1030017E203006BE20300A7E2030098
S2140128A0F7B50446876800202378364D012B28703B
S2140128B004D0354B3549187004F016FC26785EBBFB
S2140128C0334B1B78FF2B04D103B0BDE8F040FFF774
S2140128D08DBC304B1B78032B11D82F4C0320FFF7F0
S2140128E00FFC6946208822F067FA002843D02B495E
S2140128F0208805F0EDF820B12E70FFF777FC03B0C5
S214012900F0BD0124204B26491C7004F0EDFB03208A
S214012910FFF7F6FB2C70F2E7012E25D13B78002B52
S214012920EDD01B4D2B78FF2BE9D1A68802F04AFF8C
S214012930864206D100201B4903B0BDE8F04004F0F2
S214012940D3BB194BA2881B783BB132B11749002083
S21401295003B0BDE8F04004F0C7BB7B6814491B78A0
S2140129602B700D4B1A80F2E7032E08D10822684619
S214012970A16808F0A3FF6846FFF70EFFBFE7002334
S2140129802B70A1E72F5F0020305F0020C2E203001A
S214012990476C0020325F0020E86B0020A128010070
S2140129A087E00300E2E203002C5F002008E3030057
S2140129B033E303007FB5094B1A78FF2A0AD1187052
S2140129C001F088FB0022064B0DF1060102A81A80D1
S2140129D0FFF74CFA07B05DF804FB00BF486C002017
S2140129E0B2580020152838B517D10C4B1D78A5B95B
S2140129F022F0C8F9C4B2012C38BF01240120FFF728
S214012A007FFB28462246064904F06EFB4FF47A7097
S214012A106043BDE83840FFF7B3BB38BD325F0020E6
S214012A2050E30300034B1B78022B01D8FFF770BD60
S214012A30704700BF325F002070B5284C20F00FFCB5
S214012A402578274EBDB10020264904F04DFB264AC5
S214012A50137801331370002323703378062B0AD1C1
S214012A60BDE87040214B1868B0F5FA6F38BF4FF4D7
S214012A70FA60FFF785BB3378013B082B2CD8DFE8DB
S214012A8003F005090D2B13191D222700BDE8704020
S214012A90FFF7C8BFBDE87040FFF73ABD00232370BB
S214012AA0BDE87040FFF7A2BB2946BDE87040012093
S214012AB0FFF77EBCBDE87040FFF726BE0220BDE8EA
S214012AC07040FFF7B3BD0120BDE87040FFF7F8BCCA
S214012AD0BDE87040FFF7B2BC70BD00BF2F5F00209D
S214012AE0325F00207FE30300315F0020F0400020CA
S214012AF010B90520FFF764BD034B1B78062B01D1E7
S214012B00FFF79ABF704700BF325F00202DE9F047FC
S214012B108E68054633189A780C46092A8EB008D96D
S214012B200020A34904F0E0FA852420460EB0BDE853
S214012B30F08750B98B899F49895C8B4205D20091F9
S214012B409D4904F0D1FA8024EFE79C4BE7881B8867
S214012B509F4236D09A490978012932D932B13A468C
S214012B600020984904F0C0FA7E24DEE7964B1A70DE
S214012B70934B26791B78052B03D0012B3AD8FFF708
S214012B8051FF5EB93146204621F0DFFD034600289D
S214012B9051D030468D4A8E4904F0A6FAD4F8088002
S214012BA0A48998F8037098F80450002E4CD130464A
S214012BB0884A894904F098FA00210120FFF7F8FBBA
S214012BC04FE00021804B1970072A00F28A8301A387
S214012BD053F822F0712B01001F2D01001F2D01005B
S214012BE0312F0100312F0100312F0100C7310100C3
S214012BF0C7310100022B17D102F0E4FD8742B3D0A2
S214012C000020764A764904F06FFAFFF781FC46BB4E
S214012C103146204621F099FD034610B36B4A6C49B4
S214012C20002004F061FA1CE06E4A00206E4904F0B0
S214012C305BFA012479E7A3681B78DA06AED432463C
S214012C406A4904F051FAA9E700210AA8FFF70EF92C
S214012C50032F08D95F4B664A66490097002004F0A7
S214012C6043FA002461E76B1E632B04D9594B604A73
S214012C7061490095F2E7614BE4B2DB5D9C4209D005
S214012C80CDE901430020534B594A5D49009704F0B2
S214012C902BFAE6E757B3A4B222460521404621F0B7
S214012CA06DFCBDF82830834203D04A4B554A56493D
S214012CB0B6E7012F1AD022460721404621F05EFCD6
S214012CC0BDF82A30834203D0424B4E4A4F49A7E70C
S214012CD0032F0BD122460921404621F04CFC0B9BC9
S214012CE0984203D13B4B474A494999E7642D3FF443
S214012CF063AF22F047F86423C0B2B0FBF3F203FBE4
S214012D0012030133DBB29D42BFF456AFCDE9005347
S214012D100020304B3B4A3F4904F0E6F9A1E7284B37
S214012D201B78052B01D03C4A7FE7EB1CDBB2277BE7
S214012D30F45C44B123460020374A384904F0D4F9FC
S214012D4000210C460BE00F2F0DD8102320463449E6
S214012D500093314A3B4604F0C7F980240121002044
S214012D60FFF726FBE1E60435EDB220462A4A2D4957
S214012D7004F0BAF97A1B7119D2B206A820F082FAC9
S214012D8005443A46E9B2304621F0F5FB264D069A4F
S214012D902B68264F9A42386001D100284AD124492F
S214012DA000201D4A04F0A0F985240121D7E700BFC1
S214012DB09CE303006C560400B4E30300E86B0020B8
S214012DC0325F0020E3E303002F5F002059E4030095
S214012DD061E40300E9E40300FEE4030027E40300E2
S214012DE034E4030089E4030096E40300B3E403003B
S214012DF013E503001BE5030035E503002F56040029
S214012E0053E50300A8E903008DE50300B7E50300D9
S214012E10DFE5030006E603003AE6030054E6030096
S214012E2083E603009AE60300F440002004410020F4
S214012E30C3E6030000F08EFF3E68B0420AD200F0FF
S214012E4089FF9D4903463246204604F04DF9892400
S214012E50012184E7079A6B689A4205D12046974A72
S214012E60974904F041F96BE79649097859B19A42B6
S214012E7009D22046944904F037F996210620934A50
S214012E80FFF7E8F95CE7924A924905A801F0DCF9F8
S214012E90079E48B96A68964206D88F4904F024F915
S214012EA00520FFF7C3FB40E6324600208B4904F0BD
S214012EB01BF939680027002000F042FB00206E60F5
S214012EC0FFF74AF9864B06201F80FFF719F9854B55
S214012ED01F7001F0B1F90646F8B94FF6FF73824A42
S214012EE00AA81188994214BF13463B466A88298866
S214012EF001F012F90AA800F0D7FC58B10AA801F0AF
S214012F00DDF938B13046794904F0EEF80420FFF7D0
S214012F1057FB0AE6FFF7F8FB07E6042805D1744BD2
S214012F201921187820F046FDFFE538467149EBE790
S214012F30714B1B78062B01D0704A76E6DFF8A0A10C
S214012F40EB1C94F80C90BAF80080DBB22EB9304630
S214012F506B4904F0C9F88724E7E5F75C2C1D972F29
S214012F60E4B22FD025D8812F71D0952F67D017BB0B
S214012F70B9F1100F7FF6E7AD31194A460AA820F0DD
S214012F8081F90444E4B221464A46304621F0F3FA78
S214012F90231DDBB2053416F803A0E4B2A9EB040343
S214012FA05345054666DA009338465346534A554913
S214012FB0C7E5982F43D03B460020504A524904F0BB
S214012FC093F8C8E7B9F10A0F7FF6BDAD1FFA89F786
S214012FD021463A46304621F0CEFA05F1080104466C
S214012FE03A46C9B2304621F0C6FA0AAA0146204638
S214012FF0FFF736FA08B9454B0A93B9F10C0F12D907
S21401300005F10C013A46C9B23046DDF8288021F0B8
S214013010B5FA044602463E49002004F065F8AAF8CF
S214013020004044440A940A9C3A492246002004F08F
S2140130305BF82046FFF7A4F820F01CF911E63649A4
S214013040002004F051F80320FFF7BAFA09E6334CE2
S21401305023786BB120F001F950B10020304904F01B
S21401306043F80023237020F005F9FFF74DFBF8E540
S2140130702C49E5E7DFF8A49099F8003043B9FFF74B
S214013080D1F88542034607D01C4A27490095E5E555
S21401309020F0EAF80128F2D110220D480AA908F01A
S2140130A007FF10B9BAF13F0F42D9144A1F49002051
S2140130B004F01AF84FE700BFE2E603003AE6030021
S2140130C01AE703002B5F00204FE70300C027090023
S2140130D0F440002004410020DEE1030090E70300F5
S2140130E0B2580020315F0020B4580020B2E7030038
S2140130F0486C0020D1E70300325F0020F7E70300A9
S2140131000CE8030039E903001BE90300E09304001F
S21401311047E8030072E8030091E803002E5F0020F1
S214013120ADE80300ECE8030075E90300B1E903002C
S2140131306D4B187099F800304BB120F08EF830B115
S214013140284620F08DF8042807463FF48AAD5146FC
S2140131502846321920F0C7F928B10020634903F048
S214013160C3FF042070E799F80030554463B120F09E
S21401317074F848B1FF2FF4D0012F3FF472AD032F3E
S21401318016D120F075F805462846FEF7E5FF0446F9
S21401319002460521564820F09CF8564B1B689C4277
S2140131A00AD3204620F09AF90520FFF73FFA58E5A2
S2140131B020F05CF88046E7E74046FEF7E1FF00288E
S2140131C07FF44FAD51E74C4B1B7803F0FD03082B02
S2140131D001D04A4A29E5A48935B1F27822B1002006
S2140131E0474903F081FF2EE7E4B22246F11C0AA804
S2140131F020F048F8434BBDF828201988054691422F
S2140132000DD04FF6FF718A4209D03C4A00203E4B52
S2140132103E4903F083FFBDF828203D4947E7BDF846
S2140132202A20598891420CD04FF6FF718A4208D065
S214013230324A0020374B354903F070FFBDF82A208B
S214013240EBE70B9A5B689A420AD0013208D02B4A08
S2140132502E490020304B03F061FF0B9A2F4926E7D9
S214013260A4B2E91C2246C9B2304621F084F9E91D10
S214013270C9B207462246304621F07DF9431C014675
S21401328006D10820FEF73CFF2548FEF779FFE8E463
S214013290384606AAFFF7E4F8A8B9214B0693214B56
S2140132A000221978204B18781FF0C8FF069C20468C
S2140132B0FEF766FF224600201C4903F015FF092091
S2140132C0FEF71EFFCDE440F6B733069A9A42E6D8DB
S2140132D040F6B8320020164903F006FF40F6B83330
S2140132E0DCE7812421E400BF315F0020E4E903002C
S2140132F007EA030004410020325F002010EA0300C1
S21401330025EA0300F4400020A7E503004CEA030089
S21401331005DB0300D1E5030067EA030064F203005E
S21401332080EE3600476C0020486C00209FEA0300C0
S21401333074EA030008B50420FFF742F90020FEF7FF
S214013340DFFE0023054A19211370054A1370054B49
S2140133501878BDE8084020F02DBB00BF2F5F002085
S214013360305F0020486C002010B5164B164C1A78BA
S214013370164B002053F82220154903F0B5FE21789C
S214013380144B154A0020002918BF1A46134903F0AA
S214013390ABFE23782BB1124B00201A68114903F0BB
S2140133A0A3FEFEF73FFF0446FEF73CFF0E4B1968EF
S2140133B01FF082FF2246BDE8104003460B4900205D
S2140133C003F092BE325F00202F5F002040560400BB
S2140133D0BBEA030091F1030072F10300C8EA03009F
S2140133E0F0400020E2EA030004410020FBEA03006B
S2140133F038B5014604460020FFF788FB054698B11C
S214013400E37C00200A4A0B4903F06EFE2379042B65
S2140134100AD02946204621F098F9034620B100201B
S214013420054A064903F060FE6FF0FF0038BD00BF95
S214013430E5CB030023EB030059E4030061E403003A
S21401344010B51346094A127882420DD163B1084A73
S214013450002014680A46074903F046FE2146BDE8E7
S21401346010400120FFF752BB10BD00BF486C002082
S2140134705444002045EB030010B50D4B1C782CB1CD
S214013480BDE8104000200B4903F02EBE6420FEF775
S21401349063FE4FF6F0716FF00F02074B0320C3E98E
S2140134A0001222462146BDE81040FEF7D3BE00BFFB
S2140134B0325F00207EEB0300F4400020014B1870C1
S2140134C0704700BF2E5F002000210620014AFEF74C
S2140134D0C1BE00BFC0270900014B1870704700BF6E
S2140134E02B5F0020114B2DE9F04107460D46186869
S2140134F00F49101A09681FF0DFFEDFF840800D4EF5
S21401350098F800400346FF2C307004D0A8420AD336
S2140135102C44A04207DB3A460020074903F0E4FDAD
S214013520337888F800303078BDE8F0810C4100200F
S21401353008410020335F0020ACEC0300496C0020FA
S21401354050EA010208D0FF22054B091A1A70054BF2
S2140135501860054B1960704711461046FFF7C2BF49
S214013560496C00200C410020084100202DE9F04F55
S214013570AFB006AD284600F0FDFD0026624FDFF82D
S214013580D091284600F090F9044648B900F0BEFDF7
S2140135905E490246204603F0A7FD2FB0BDE8F08F36
S2140135A039460020F2B203F09FFD284616A900F026
S2140135B0FFFD044620B15649002003F095FD8FE03B
S2140135C0BDF85820534903F08FFD49462046BDF803
S2140135D05A2003F089FD2046BDF85C204E4903F0D1
S2140135E083FD2046BDF85E204C4903F07DFD204654
S2140135F0BDF860204A4903F077FD2046199A4949EB
S21401360003F072FD2046BDF86820474903F06CFDC3
S214013610204646490DF16A0203F066FD44492046FC
S214013620239A03F061FDBDF85C30D90705D5204625
S2140136309DF890203F4903F057FDBDF85C309A078E
S21401364014D500203C4903F069FDBDF85830B3F5A8
S214013650807F4FD1002020F0D8FF18B10DF19100E6
S21401366003F0C4FC0020354903F03EFDBDF85C3094
S2140136705B070BD50020BDF8B220314903F034FDBD
S2140136800020BDF8B4202F4903F02EFD062228465F
S2140136900DF116030AA91FF03EFE044690BBBDF8C5
S2140136A01620294903F020FDDFF8A8A0DFF8A8B00E
S2140136B00DF12808BDF81610A2B2914210D9B8F83B
S2140136C000205146002003F00FFD0134D8F80420F5
S2140136D05946002003F008FD062C08F10808E9D138
S2140136E06C46204600F05AFD94E80F00013685E846
S2140136F00F0046E70123202200200DF1910103F07F
S21401370057FCAFE7114957E7BEEC03008BEE030009
S214013710C7EC0300EBEC03001FED030038ED0300DC
S21401372051ED03006AED030083ED03009CED0300F9
S214013730B1ED0300CDED0300E6ED03003503040013
S214013740F9ED030012EE03002BEE03005EEE03001C
S21401375004ED03003CEE03004CEE03002DE9F041BE
S21401376088B004AD044628468846002700F002FDCE
S2140137706E46474507D195E80F0084E80F002046BE
S21401378008B0BDE8F081304600F008FD96E80F006D
S21401379085E80F00284600F087F801370028E8D1B1
S2140137A0014B0FCBE9E700BFC05804001FB5D0E9B5
S2140137B0023253F8223068461978FFF7CFFF684681
S2140137C000F07CFD48B1042809D1074A00200749CA
S2140137D003F08AFC05B05DF804FB054AF6E7002015
S2140137E0044903F081FCF5E72DF80300A6EE03007B
S2140137F0DDF10300B2E7030010B5D0E9023203EBB6
S2140138008201496853F8223098B00C6804A81978E8
S214013810FFF7A4FF03AB40220093214608AB04A8A0
S21401382000F0E2FC024628B100200E4903F05CFCE1
S21401383018B010BD039808A900F007040122C0F3D0
S214013840C70003F0FBFB039908A8091B01440648BF
S21401385001232246008803F0ABFB044803F0E4FB97
S214013860E6E700BFB6EE0300D0580020350304009B
S214013870F0B504460D460B4BEF880FCB84E80F00DE
S214013880AB882E899B0741BFD5F83900D5F83D1086
S21401389004F1080303C3EA68204627806680626055
S2140138A0F0BD00BF78560400102208B5034908F0A1
S2140138B0FFFA003818BF012008BD00BFC058040039
S2140138C008B521F0BDFEC288FF219208012A38BF43
S2140138D0012202481FF0ADF8012008BD1C4100205E
S2140138E038B5134690B10120274A1070274A0020A8
S2140138F01160274A13600A46264903F0F5FB02F0D9
S21401390043FB254B1870022002F044FB21F0B3FE66
S214013910E8B91D4D1D4C2B782BB921F091FE22687C
S214013920C368134423601A4B24681B689C4229D23F
S21401393021F086FEC168204606F022F800240246E1
S2140139402C7050B921F097FEFFF7BAFF03E0FFF79E
S214013950B7FF0028DDD0012038BD20460F4903F00F
S214013960C3FB0D4B187802F015FB00200C4903F041
S214013970BBFB00F091F908B900F0AEF92046FFF75D
S214013980B7F8E8E70124ECE7355F00201441002092
S21401399010410020DDEE0300345F002009EF030034
S2140139A029EF030038B500F04BFA044600F042FA5E
S2140139B0241A21F045FE054618B9B1211B4827F007
S2140139C06CF8AB8803F00303032B03D0B22117482E
S2140139D027F063F800F02EFA05461FF00FFD0123CD
S2140139E08340013B2B4203D0B421104827F055F801
S2140139F01FF004FD01238340013B234203D0B52180
S214013A000A4827F04AF805F091FD05461FF0F6FC36
S214013A104FF48063B3FBF5F3C440A34205D2BDE87F
S214013A203840BA21014827F038B838BD3FEF0300C7
S214013A30FF2108B504481FF00DF8BDE80840002234
S214013A4011461046FFF74CBF1C410020F7B504464F
S214013A500E4600F089F8054621F0F2FDC3682B44B6
S214013A609C4220D31FF0CAFC2C44C440013C114F99
S214013A703B68DEB1A34219D101340023ADF804300E
S214013A8000F0E4F9054605F051FD103504FB00543D
S214013A9005F04CFD01A90246204605F099FD1FF0F0
S214013AA0BDFC386004E04FF0FF34E0E7A342E4DBFE
S214013AB003B0F0BD106800204FF0FF320A4B10B57E
S214013AC01A600022094B1A7000F0B4F9044600F09F
S214013AD0B7F9214602460120FFF702FF00280CBF76
S214013AE00120042010BD00BF10680020365F0020B2
S214013AF038B500F0D1F808B9002038BD094D0A4C98
S214013B002B7823B91FF08AFC012320602B702468D0
S214013B101FF074FC01348440EED000F025F82044F8
S214013B20EBE700BF365F00201068002070B50D4C33
S214013B302368002B01DA012070BD00F07BF90546F1
S214013B4021F07EFD2468C6681FF058FC013404FA93
S214013B5000F1294401208A19FFF7C2FE0028EAD0A5
S214013B600420E9E710680020024B18680C301FF0AB
S214013B7085BC00BF14680020FF2307B50021044A56
S214013B8004480093FBF78AFC03B05DF804FB00BF12
S214013B90313A01001C4100200E4B70B51C680546E9
S214013BA0036804F582641C440E46FFF7DDFF2B68AC
S214013BB0834208D232681A44824208D9C31A0120C5
S214013BC033602C6070BD044A126813441C1A00202E
S214013BD0F7E700BF14680020184100202DE9F04FD8
S214013BE0B3F5803F87B00F469846019003D3002077
S214013BF007B0BDE8F08F03A904A8CDE90332FFF7AB
S214013C00CBFF0024824600F10109DFF888B05FFA95
S214013C1089F9019BDDE90356AAB27BB130461099BA
S214013C2021F015FD0028E2D1B9F1020F2BD1DBF806
S214013C3000300493019B03BB2F4421E039463046F4
S214013C4005F0C6FC0028D2D1BAF1000FECD0002C4A
S214013C50EDD105F06BFC2E44B6FBF0F303FB1060D0
S214013C600028E4D005F062FC05A90246304605941A
S214013C7005F0AEFC0028DAD0B9E7109B2B44109370
S214013C80A8EB05050395631C4B454FF00104C0D313
S214013C902046ADE7184100207FB56B460C4A1068F8
S214013CA0516803C390680C2218600A4B0DEB0201A1
S214013CB0186821F0CCFC0C2268460DEB020108F0D6
S214013CC0F7F8B0FA80F0400907B05DF804FB00BFD2
S214013CD088560400146800201FB5084A01AB106816
S214013CE0516803C3906801A91860054B0C22186837
S214013CF005F06EFC05B05DF804FB00BF88560400B5
S214013D0014680020F7B5044615460E4681B9072A01
S214013D1003D80024204603B0F0BD0D4B8079196806
S214013D20E379063000EB03200C3180B21FF0B0FBC4
S214013D30002721462B46324638460097FFF74EFFAE
S214013D4004460028E5D039467019FFF77FFEE1E703
S214013D5014680020024B1868A0F50060704700BF89
S214013D602068002010B58AB0684606F015F810F0F5
S214013D70FF0027D1009BFBB1174C01A9206005F07D
S214013D8083FF10F0FF001DD12268009B9A4204D3E6
S214013D904FF4DD71114826F080FE019B104A11494F
S214013DA01360029A13440B600F49A3F500630A607F
S214013DB00E4A1360009B63B940F2CF11074826F004
S214013DC06CFE06E0044A034612680020084903F028
S214013DD08BF90AB010BD00BF18680020F2EF03008F
S214013DE0184100201C68002020680020146800206C
S214013DF09AF0030008B5FFF7B5FF21F021FC50B19A
S214013E0021F01EFC064B02691B689A4203D2B321BD
S214013E10044826F042FEFFF7C5FD012008BD00BF9D
S214013E2020680020F2EF0300014B1868704700BFBE
S214013E3018680020014B1868704700BF1841002021
S214013E40014B1868704700BF1C680020014B1868BA
S214013E50704700BF1468002010B5FFF749FE0446FE
S214013E602849002003F040F90020274903F03CF9D7
S214013E700020264903F038F90020254903F034F9DB
S214013E80244B00201A68244903F02EF922462349C0
S214013E90002003F029F9FFF767FE214902460020BA
S214013EA003F022F91F4B00201A681F4903F01CF982
S214013EB01E4B1F4C1A6800201E4903F015F9226894
S214013EC000201D4903F010F94FF4806200201B49C1
S214013ED003F00AF9226800201949103203F004F9A8
S214013EE02268002017490C3203F0FEF822680020F1
S214013EF0154902F5826203F0F7F8BDE8104005F0B7
S214013F0049BA00BF19F1030056F1030075F1030029
S214013F1095F1030018680020C0F10300DFF10300EB
S214013F2002F203001841002025F203001C6800205D
S214013F301468002048F203006BF203008EF20300BF
S214013F40B1F20300D4F20300F7F203002DE9F041C9
S214013F5094B004460D460020482102AA1FF0A9FA93
S214013F6018B9534903F0C0F819E060220021204631
S214013F7007F052FC04224F4902A807F099FF90B1BE
S214013F806DB19DF80B30002001939DF80A309DF825
S214013F900820009348499DF8093003F0A5F8012050
S214013FA014B0BDE8F081BDF80C20B2F5807F228008
S214013FB003D0424903F098F8F1E7BDF81420BDF8A4
S214013FC00E102281DDF816206180E2600499BDF8AA
S214013FD01A206160228284F8320007AD04F11202D1
S214013FE00FAE2B4603CBB342106051601D4602F163
S214013FF00802F6D10F9B324A63631360314B1022DD
S2140140001846002107F008FCE288A388028022896E
S2140140104280E26842600BB90020C1E700263546BF
S214014020A388D90709D536B105F150026A4412F8BA
S214014030482C84F838200135EDB29A0714D520882B
S2140140401FF04DF907466EB102AB03EB05080246B9
S214014050414604F1390007F06FFD3A4641461A48D9
S21401406007F06AFD2F44FDB2A3885B070DD556B154
S21401407005F150036B4433F8482C33F8463CA4F85A
S2140140805A20A4F85C300435EDB2002EC4D1482D78
S21401409002D930460D4965E72946382002AA1FF0A5
S2140140A008FA08B90A495DE738250126B8E700BFCE
S2140140B01AF30300945604004CF3030082F3030042
S2140140C03C41002040410020484100209DF3030070
S2140140D0EDF3030030B50B4C99B025786DB9FFF7B9
S2140140E089FE68B129466846FFF730FFB0FA80F0CE
S2140140F0054B4009187001232370002019B030BD0C
S2140141000120FBE7375F0020385F0020014B18785D
S214014110704700BF385F002070B51E46134B04463B
S21401412018881D46884298B002D15B88934206D013
S2140141300F4B0FCB84E80F00204618B070BD96B128
S21401414000216846FFF702FF0028F1D1BDF80430D0
S2140141505B0708D53388BDF85A209A42E8D8BDF8DF
S2140141605C209A42E4D395E80F00E3E74041002043
S214014170C0580400064B10B51B7804462BB9054BF6
S2140141800FCB84E80F00204610BD034BF8E700BFB5
S214014190385F0020C05804004041002010B5044696
S2140141A0024B0FCB84E80F00204610BDC058040018
S2140141B00B4B10B51B78044608467BB10021FFF770
S2140141C0C5FE48B910222146064807F071FE0038A0
S2140141D018BF0120C0B210BD0120FBE70120FAE79D
S2140141E0385F0020404100202DE9F0410E46904600
S2140141F00E4910221F4607F05BFE044670B90C4BB1
S2140142003A461D683046AD1B454528BF45462946FA
S2140142101FF04FF928B9074902F066FF0120BDE8F3
S214014220F081069B20461D60F9E700BF4041002053
S2140142303C410020EDF303000022024B1A70FFF709
S2140142403BBC00BF385F00202DE9F0419CB00F4613
S21401425016468046FFF74CFC0546024615490020E7
S21401426002F042FF382D20D9012104A8FFF76EFE87
S2140142700446D0B9119B04A93B606F463846FFF748
S214014280F7FA97E80F0086E80F00119BAB4297BF3D
S21401429001210324084AC8F8003094BF1170C8F8F9
S2140142A0005020461CB0BDE8F0810022024B0124DC
S2140142B01A70F6E71FF40300385F002070B5084D4A
S2140142C000262B7853B1FFF7F7FB04461022002196
S2140142D004482E7007F0A0FA204670BD3446F5E774
S2140142E0385F00204041002008B50020064902F052
S2140142F0FBFE064B00201A78054902F0F5FEBDE8E4
S2140143000840FFF7A9BD00BF3EF40300385F002058
S21401431068F4030003460120024AC3E90320002291
S2140143201A7070470100FEFF2DE9F0410024264E69
S214014330264FDFF8A88088B000F0D4F9A5B28542F0
S21401434002D308B0BDE8F081284603A91FF0E7F8BC
S214014350A2B23146002002F0E1FE9DF80D2012B314
S2140143609DF81210BDF81030402914BF6E21792136
S2140143700020CDE900313946BDF80E3002F0CEFE00
S214014380BDF814201AB10020114902F0C7FE9DF8AD
S2140143900C00BDF8182070B9079B0E490093BDF8B4
S2140143A01A3002F0BBFE00200B4902F09DFE0134DC
S2140143B026F080FBC0E7BDF81C3041460093002084
S2140143C09DF81A30EDE700BF81F4030087F403007F
S2140143D0AAF40300B4F4030035030400DBF403007D
S2140143E010B500F0ABFABDE810400346024A0020C3
S2140143F0024902F079BE00BF03F503003ABD03008F
S214014400D0E9023253F8223010B5188800F086FA47
S214014410BDE810400346024A0020024902F064BE8D
S21401442009F503003ABD030010B5D0E902320024B5
S21401443086B08DF8044053F8221003EB8203097806
S21401444001A88DF805105A681288ADF806209A68FA
S2140144501288ADF80820DA681278ADF80C40A2424E
S21401446014BF402280228DF80A201A691288ADF8FE
S21401447010205A699B691288ADF812201B680593B3
S21401448000F0D0FB034A03460349204602F02CFE07
S21401449006B010BDA5D303003ABD030038B500240D
S2140144A0064D26F0F3FA45F824000634C02CF8D160
S2140144B00020BDE83840024902F016BE80100020F8
S2140144C010F5030030B5002087B0204902F00CFE3D
S2140144D000201F4902F008FE00201E4902F004FEDB
S2140144E026F0D4FA00240546A0B201A901341FF033
S2140144F016F8202CF8D126F0C9FA1749421B0020DD
S21401450002F0F2FD1549002002F0EEFD26F0BEFA9B
S2140145100446012000F09EF826F0B8FA0E49021B68
S214014520002002F0E1FD0E49002002F0DDFD26F03C
S214014530ADFA04461EF0E4FF26F0A8FA021B00209E
S214014540054907B0BDE8304002F0CEBD3CF503009A
S2140145506BF503009BF50300B8F50300C7F50300F0
S214014560E1F5030010B50C4603F022FD08B9032C53
S21401457012D101F0FFF804280ED001F0FBF805284F
S2140145800AD0064802F060FC1C2801D11FF065FF26
S214014590BDE8104002F068BC10BD00BF0B3503003B
S2140145A02DE9F04F00274FF0FF36DFF8A4B0264C78
S2140145B087B0BBF80030B8B2834209D8731C3BD031
S2140145C03246FF21214807B0BDE8F04F1EF031BA50
S2140145D001A91EF0A4FF9DF8050001F001FFF8B146
S2140145E09DF80480B8F1000F1AD1BDF810A0BDF8EF
S2140145F0129026F04BFA18210246BBB24B43E01844
S214014600E158007C4FF47A73A2EB010C50B103FB26
S2140146100AF363450ED30B44981A864228BF064612
S2140146200137C6E74D466B43FAD06345F5D31944C7
S214014630881AF2E74046F0E7FF21044807B0BDE8D4
S214014640F04F1EF007BA00BF801000205041002036
S214014650B65800202DE9F041014688B058B102282D
S21401466010D01EF076FF78B3D221194808B0BDE805
S214014670F04126F012BAFF23164A17480093FAF7BC
S2140146800DFFEEE700244FF001082746134EA5B2B2
S214014690284603A98DF80D701EF041FF9DF80D0008
S2140146A068B101F09DFE20B19DF80C300BB986F87B
S2140146B010800134202C06F11806E8D12546084B57
S2140146C01D80FFF76DFFCCE708B0BDE8F08100BFA5
S2140146D001F60300094A0100504100208010002025
S2140146E0B6580020014B1888704700BFB658002006
S2140146F02DE9F04F634A077D89B0044662490020E0
S21401470002F00CFD00201FF080FF20B12368218AF3
S214014710588803F09BFC00205C4902F0E5FC637DB1
S214014720DFF87491002B236808BF08205988574B7F
S21401473018BF00200093228A4FF0090314BF4FF0E0
S21401474080084FF0400802F02FFBA289BB1C934261
S2140147500CDB1FF0F4FF034620B100204C4A4D4904
S21401476002F0C2FC012009B0BDE8F08FA068791CF8
S21401477089B2C55D1FF002FF0337012D0646BFB2A1
S21401478013D82368324659885879238A00934346BA
S2140147901FF03EFB824600283ED1862002F0CCFB6D
S2140147A0284602F0C9FB304668E08520F6E703A9F3
S2140147B01EF0B5FE9DF80C30AB4223D123689DF860
S2140147C00D105A7991421DD1BDF80E105A889142AA
S2140147D018D1BDF81020B24214D19DF812204245DE
S2140147E010D1BDF81410228A91420BD1002D38D079
S2140147F0BDF81810E288914204D19DF81A201B7961
S2140148009A422ED00BF1010BB9F800305FFA8BF00B
S2140148108342CCD88B20C1E74FF0000BF4E79AF81F
S214014820020002F089FBBDF818001FF06AFEBDF811
S2140148301A001FF066FE9AF8020003F027FE002811
S21401484083D19AF8020001F09DFC0546079E002DD3
S2140148503FF47BAFF0B2013D02F06EFB360AEDB2DB
S214014860F5E7002002F068FB284602F065FB3046BB
S2140148701FF047FE012DD2D1BDF81C001FF041FEEE
S21401488063E700BF90F6030062EA03003503040005
S2140148909DF60300BAF60300B65800202DE9F04352
S2140148A091B0694680461EF03AFE0023194F8DF8F6
S2140148B001303888431E98B28045388009D1694650
S2140148C040461EF034FE68461EF018FE11B0BDE8E4
S2140148D0F0834FF0180905A91EF021FE0E4C3E8804
S2140148E00AAD09FB06460FCE0FC596E8030009FB85
S2140148F0084485E803000AAE404605A91EF017FEE7
S2140149000FCE0FC495E8030084E803006946388893
S214014910D7E700BFB65800208010002008B5064B28
S2140149201B88834205D9FFF7B9FFFFF739FE002040
S21401493008BD2720FCE700BFB658002038B5074D54
S2140149402C882CB9FF2106481EF084F8204638BD75
S214014950601E80B2FFF7A2FFF2E700BFB658002044
S214014960504100202DE9F3479A4618239DF82890D8
S214014970244FCDE9001203FB09731446D3E9022341
S2140149801FF0BCFF064620460D4603F07FFD04F0EF
S214014990FD03382B80460FD1009432462B4600216A
S2140149A0DAF810001EF0E6FDB8F1010F1BD1354311
S2140149B01ED102B0BDE8F087392CDAF810300BD1E1
S2140149C007EE906A07EE103AF4EEC77AF1EE10FAA7
S2140149D0ACBF01200020E7E79E4275F100032CBF23
S2140149E001200020E0E7B8F1000FE2D10028E0D076
S2140149F0182303FB097701233B7402B0BDE8F04797
S214014A00FFF7CEBD801000202DE9F04F00252E4681
S214014A10A846AA462C46DFF8BC91D1B0694BA8B28D
S214014A201B88834209D81CB161882079FFF79AFD5B
S214014A30FFF7B6FD51B0BDE8F08F0BA91EF06FFD74
S214014A4026F024F81823AFB27B4309EB030B59F881
S214014A50033005909DF82D00049301F0C1FC002859
S214014A6000F0AE809DF82C10002940F0A980DDE909
S214014A700432D01A4FF47A72BDF838305343834269
S214014A8000F29E809BF8103043B9BDF83A30002BF7
S214014A9000F096805343834200F29280FD23002269
S214014AA0CDE9013210AB00930DF119020DF11A0395
S214014AB0E9B20BA8EFF70CFC002877D1BDF81A3045
S214014AC0DA1C0493D2B214B33F4B9DF82D101B8809
S214014AD013442279914214D1BDF82E106288914276
S214014AE00FD19DF83220B8EBD21F0AD1BDF8342081
S214014AF0524506D1B3424DDD0020344902F0F4FAA6
S214014B0001E0B342F8DC61882079FFF72BFD02F063
S214014B10E7F904469DF932002D4BC043C00F0093C0
S214014B20BDF834200A23BDF82E10C0009DF832804F
S214014B3002F03AF99DF82D304FF0000B23714FF437
S214014B408A53FF26BDF834A04FEAD818E38007A998
S214014B505FFA8BF020F076F8C0B2B0B99DF81D1060
S214014B609DF82D20914210D1BDF81E10BDF82E20C3
S214014B7091420AD122469DF829109DF81C001FF08B
S214014B80E7FDB04228BF3046C6B20BF1010BBBF1C0
S214014B90200FDCD1BDF830001FF0B3FC9DF81900E2
S214014BA002F0CAF9049910A802F0DAF918230022D3
S214014BB05F4309EB07031A7425F068FF49F80700FD
S214014BC001352BE7B6580020C058002079F70300BE
S214014BD0350304008010002070B500240126104D16
S214014BE08AB02B88A0B2834204D80AB0BDE87040D0
S214014BF0FFF7D6BC05A91EF092FC9DF8150001F042
S214014C00EFFB50B19DF814303BB91A46CDE9013699
S214014C100093E1B205A8EFF75BFB0134E1E700BFC3
S214014C20B65800202DE9F0430389DFF858818BB090
S214014C30B8F80090009304468379828841884078CA
S214014C401FF0E6F8002800F09580E78927B1A389D0
S214014C50BB4200F291800027B8F80030BDB2AB42EB
S214014C6014D84D4601264FF6FF73E2899A4226D1A3
S214014C7046B9B8F80030AB4202D92846FFF70EFE17
S214014C80FFF78EFC00200BB0BDE8F083284605A98F
S214014C901EF045FC9DF814307BB92268059B5340F5
S214014CA0FF2B0AD86368069E5E4036F07F4604D125
S214014CB0BDF81C2023899A42D5D00137CCE7E2689B
S214014CC09A422BD0002E53D1D4E90323CDE90823F1
S214014CD005A81EF013FC0028D5D1B8F80030AB4269
S214014CE004BF6B1CA8F8003025F0D0FE18236B43D8
S214014CF0234AE9B2D050D418002305A81A46CDE9B4
S214014D0001330093EFF7E4FA18B100220023C4E957
S214014D100223284605A91EF00AFCB1E7234605AA88
S214014D2004F1100C174618685968083303C7634521
S214014D303A46F7D11868386005A81EF0E2FB00284D
S214014D40C0D01F2D1AD800238DF8143063788DF843
S214014D5015306388ADF81630A388ADF81830A379FE
S214014D608DF81A302389ADF81C300028B0D1ABE796
S214014D700020E6E7862086E7872084E7892082E709
S214014D8080100020B65800202DE9F04FB04A90F868
S214014D9014908DB00446AF49002002F0BFF9002000
S214014DA01FF033FC20B12368218A588803F04EF99E
S214014DB00020A94902F098F9637DDFF8B8A2002B1C
S214014DC014BF802340230293236808BF0820598814
S214014DD0A14B18BF00200093228A072301F0E4FFAD
S214014DE000230393A28909F10305954211DB039B76
S214014DF013B9184602F0A0F81FF0A1FC034620B133
S214014E000020964A964902F06FF901200DB0BDE8E0
S214014E10F08FA06809F1010189B210F809601FF04E
S214014E20ADFB3246804603468E490020ADB202F005
S214014E305BF98EB1012E00F08A808527384602F094
S214014E407BF8304602F078F840461FF05AFB852F73
S214014E50D2D00123039376E0A06809F10401A28968
S214014E6089B2475D1FF08AFB09F10601A289049009
S214014E7089B2A0681FF082FB3A4605900090049B19
S214014E803046794902F030F909F1080938461FFA27
S214014E9089F503F0FBFA002857D1384601F072F97C
S214014EA0294603468146A289A0681FF058FB6F4930
S214014EB08346304602F032F9A1684A462944334611
S214014EC0304602F075F83046634902F00DF9A94400
S214014ED01FFA89F52368424659885879238A009330
S214014EE0029B1EF095FF18B18378BB4240F0AC8060
S214014EF0483FFFB2092F05D840F21133FB40DB07CC
S214014F0000F1A48000238DF81C30236807A85A7985
S214014F108DF81D205B88ADF82080ADF81E30029B11
S214014F20CDF82CB08DF82230238AADF82430049BBE
S214014F30ADF82830059BADF82A30FFF773FE07461B
S214014F4000287FF47BAFA9464CE7B346C2E7294663
S214014F50A289A0681FF012FB4FF0000B024607461D
S214014F604349002002F0C0F809F10509BAF80030FB
S214014F701FFA89F5BAF800201FFA8BF94A4503D8BB
S214014F801F2B31D9892759E7484607A904931EF0F4
S214014F90C6FA9DF81C20049B012A22D122689DF89E
S214014FA01D00517988421CD1BDF81E0051888842E7
S214014FB017D1BDF82010414513D19DF82210029853
S214014FC081420ED1BDF82400218A884209D1BDF85C
S214014FD02800E188884204D19DF82A10127991426E
S214014FE01BD00BF1010BC5E7012299468DF81C2059
S214014FF0226851798DF81D105188ADF82080ADF8E2
S2140150001E1002998DF82210218AADF82410E1882D
S214015010ADF8281012798DF82A2007A8ADF82C7063
S2140150201EF06CFA074600287FF408AFBAF8003085
S2140150304846994508BF09F1010307A908BFAAF820
S21401504000301EF074FA7EE78D27F7E68C27F5E62A
S214015050A4F7030062EA03003503040005F8030021
S214015060BAF60300ACF70300C9F70300EAF703003A
S214015070F5F70300B65800202DE9F04F074688469D
S2140150809146002589B09A46BDF848B09DF84C6017
S214015090149C224B1A88A8B2824235D903A91EF065
S2140150A03EFA9DF80C201D4BB2BB9DF80D10B9427F
S2140150B032D1BDF80E1041452ED1BDF8101049452C
S2140150C02AD19DF81210514526D1BDF81410594524
S2140150D022D13046029201F055F8A6F14103012B88
S2140150E001460AD820461FF04FFA0D4B0D4A2044C0
S2140150F084420CD10421029302ACEDB23246204622
S214015100009503ABFFF72EFC09B0BDE8F08F14F84D
S214015110011F4B405343EBE70135BBE7B658002070
S214015120C59D1C81930100011FB50F4C2478C4B1A5
S21401513042EA03229DF818308DF8051042EA432210
S2140151400A4BADF80C201A78094B8DF80610079912
S21401515003EB021300908DF80400DB6868460291A9
S214015160984704B010BD00BF395F00203B5F0020A8
S2140151707041002073B51A4DFF211A481DF06AFCD4
S2140151802B7853B3184C194E2378180106EB0313EA
S2140151901A7A5968305C1FF0D9FD4D281DD0E0B150
S2140151A0012300212278CDE900311201B25CC0B2A0
S2140151B0FFF7BAFF0A2223780A480133DBB2B3FBB2
S2140151C0F2F102FB1133FF2123702B78013B2B7088
S2140151D002B0BDE870401DF035BC02B070BD00BF26
S2140151E0395F0020104200203B5F00207041002004
S2140151F0F8B5104F3E780A2E1AD00FC8DFF840C017
S2140152000D4D9CF80040013605EB041585E80F00AE
S2140152100A230134E4B2B4FBF3F203FB1244074859
S214015220FF218CF800403E701DF00CFC0020F8BDFC
S2140152300120FCE7395F0020704100201042002069
S2140152403A5F00200021024A0248FAF75DB900BF22
S2140152507551010010420020002337B50C46124D4F
S21401526012492A78CDE9003312018A5C01230146EE
S214015270E0B2FFF759FFA4B90D490A788AB10A20AE
S2140152802B78013A0133DBB2B3FBF0F40A70FF214D
S21401529000FB143307482B7003B0BDE830401DF007
S2140152A0D1BB03B030BD00BF3B5F00207041002082
S2140152B0395F00201042002008B500F0BDF850B15B
S2140152C0054B064A0649052808BF1A46BDE80840A8
S2140152D0002001F009BF08BD19F8030035030400DA
S2140152E03AF8030008B503201FF04AFD10B9012261
S2140152F0014B1A7008BD00BF3C5F00200022024B24
S21401530018781A70704700BF3C5F00200246FF21E4
S21401531001481DF08EBB00BF30420020114B37B54F
S2140153201D78C5B9FF2110481DF094FBFFF7DAFF81
S214015330044600900D4B28460D4A0E4901F0D4FE56
S2140153404CB10D4B1B78DB0605D528461FF0F2FC49
S21401535020461DF044FF094B186803B0BDE83040F5
S214015360FFF7D4BF3C5F00203042002057F803000F
S21401537085F8030044D003002A5F0020246800203B
S214015380FF2101481DF066BB3042002070B51A4E61
S214015390054633780C466BB30020184A184901F0CD
S2140153A0BDFE032C01D0652C20D11649002001F04A
S2140153B0B5FE22460020144901F096FE002013494E
S2140153C001F0ACFE012329460822002001F0F0FD81
S2140153D000200F4901F088FE032C88BF00232046D9
S2140153E088BF3370BDE87040FCF7BEB8012CE0D032
S2140153F00849DBE770BD00BF3C5F002085F803006D
S2140154002ED4030098F80300E5DA0300B6F803008B
S21401541035030400AEF80300014B1860704700BF67
S214015420246800200021024A0248FAF76DB800BF3E
S2140154301D53010030420020054B10B51C782CB9D5
S2140154400448FF211DF0FEFA204610BD0520FCE7AA
S2140154503C5F002030420020F8B50024074B084E80
S2140154601D68084FE3B29D4204F1010400D8F8BD5F
S214015470394656F823001CF0A4FCF3E794740400A4
S21401548098740400F068002010B5044C23780BB122
S2140154901FF066FC0123237010BD00BF4A6C00207C
S2140154A02DE9F743254B0D4616460446019350B1A8
S2140154B04AB1042301AA12F8011BA94235D0013BC7
S2140154C013F0FF03F7D1212003B0BDE8F08317F8EE
S2140154D0010F90FAA0F0000E1CF0AFFE014608EB9B
S2140154E007039945F3DCCAB2C1F30F2392FAA2F27D
S2140154F093FAA3F3120E1B0E03EB0223DB4362198E
S21401550012F8020C99B2DBB298420CD112F8013CA7
S214015510B3EB112F07D132462146284603B0BDE82A
S214015520F0431FF085BB2320CEE74FF6FF71671EC1
S214015530A5F10209C4F10108D1E700BF080A0E125D
S214015540014B1870704700BF3D5F0020024B1A6880
S21401555018608260704700BF28680020024B1868F8
S21401556000B14068704700BF2868002070B5044647
S21401557000250A4B1B687BB100211E8807E05A688C
S21401558002EB0110013145B9021B554255418AB261
S2140155909642F4D89B68EEE7184670BD286800204E
S2140155A02DE9F04F1E46002393B0022E074688468B
S2140155B01446DDF870909DF874A0ADF81A3040F2EC
S2140155C0C08099F800305A0729D5042E40F2B980D8
S2140155D099F804B000255F4B33F83520002A00F017
S2140155E0B68001350A2DF7D1209B002B40F0AD8007
S2140155F0FF250023207908AA0DF119018DF819302D
S2140156001EF050FF70B1BDF82C309DF819002380B4
S2140156101EF0CAFF0790C0B113B0BDE8F08F99F82D
S21401562002B0D7E720791EF06EFC0B28059000F239
S2140156308A8020791EF0C9FF07900028ECD1464ADF
S214015640059B02EB03135B8823804FF6FF73002F45
S21401565008BF434662880021CDE9002358465246DA
S214015660238802F0FDFD18B1E38843F02003E380B0
S214015670209B07A90DA8CDE90D34CDF83C90ADF8D7
S2140156804080ADF842608DF844708DF845A01EF05C
S2140156901CFF08B10798BFE7484602F025FDA01D8C
S2140156A002F010FD2246414638461FF051F8B0423E
S2140156B027D3E3882246C3F30E03E3809DF87C30AC
S2140156C041460393BDF87830384602930DF11A032C
S2140156D0CDE90093F3B21EF089F9209B079003B33E
S2140156E0F8B9BDF81A2042B1092D06D81B4B03EBB9
S2140156F0C5018A80209A43F835201120FAF7CCFBA1
S2140157001CE0BAF1000F0AD10DF11A03CDE90063CE
S21401571022464B4641463846FAF7D2FFDDE73820A7
S214015720DBE7052807D1E388DB0607D50023012040
S2140157300793FFF705FF079B002BDED01EF039FF0E
S214015740A8E7012068E7212066E71C2064E7EDB2A0
S2140157504FE700BF58420020C442002054420020B8
S2140157604FF6FF72024B1A805A809A80704700BF2C
S214015770B858002010B5044C2379FF2B02D11FF036
S2140157801DFB2071207910BDB858002010B50C4CB7
S2140157902379FF2B08D100201EF006FF20B91FF049
S2140157A00DFB20711EF005FF2079022805D0043874
S2140157B0012894BF0020012010BD0020FCE700BF97
S2140157C0B85800204FF6FF7310B5044C22889A4251
S2140157D002D11FF0E9FA2080208810BDB8580020B9
S2140157E010B5FFF7BDFF40F61D439842044607D8A3
S2140157F0B0F5416F05D2182826D8152848D829D0E3
S21401580010BDA0F541630D2BFAD801A252F823F082
S2140158105558010055580100015801000158010072
S214015820015801000158010001580100015801000A
S214015830A5580100B7580100515801005158010000
S214015840515801005158010040F606439842D7D1FD
S2140158501C4920E0FFF7B6FF1B490246002001F075
S21401586043FC152C05D11FF089FABDE810401EF047
S21401587035BE164B164A1749B4F5416F08BF1A468E
S214015880002001F031FC1EF028FE1EF027FEECE79A
S2140158901628DDD11049002001F026FCBDE8104095
S2140158A01EF03EBF1EF089F9BDE8104002460B49C6
S2140158B0002001F019BC0020BDE81040084901F0A5
S2140158C013BC00BF15000400C2FF0300350304002B
S2140158D0BDFF0300DEFF0300FEFF03002A000400F5
S2140158E05200040007B5094A0346108831B9084A30
S2140158F0084903B05DF804EB01F010BC0091064ABC
S214015900064901F00BFC03B05DF804FBD0580020FB
S21401591041CB030072000400E5CB030044D0030032
S2140159200D4B37B51B68044693B11D780389012DCD
S21401593008BF02250093C37A084A0020084901F0EF
S214015940D3FB2146284603B0BDE830401FF0EEB930
S214015950022003B030BD00BF90430020E7000400E2
S21401596096000400002010B51EF01EFE0D4B1B68AD
S21401597063B15A78052A03D862B1052402220AE0E7
S214015980FF2AFAD00020084901F0AEFBBDE810401E
S2140159901EF00FBE144610461FF024FA20461FF0D4
S2140159A01FFAF3E790430020EC00040013B5134CF4
S2140159B000201EF0F9FDFFF7D3FE23689BB101A876
S2140159C01EF0EEF878B923681A789DF804309A42EA
S2140159D009D0D91E032906D9D11E012903D9012AC6
S2140159E007D1022B05D1032301A8ADF804301FF01F
S2140159F0A3F902B0BDE810401EF0DBBD90430020C5
S214015A0000231946034A01330A2B918042F8081BEA
S214015A10F9D17047544200207FB50E4605461FF067
S214015A208DF92A46044603460D49002001F05CFB29
S214015A3096B10C4B36211A889B78ADF80C208DF860
S214015A400E300323002200934FF6FC7003AB8DF853
S214015A500D501FF0C7F80446204604B070BD00BFC5
S214015A600D010400D0580400FF2810B50C4604D1DF
S214015A700020044901F038FBFE202146BDE8104015
S214015A80FFF7CABF26010400F8B51E460B88074675
S214015A900C461546002B64D14A88B1F90210002045
S214015AA00029B8BF6B78304901F01EFB6288132AC3
S214015AB01DD002F5FF437F339BB2052B23D8A2F5F9
S214015AC00042013A052A1ED8DFE802F0193F1D03FD
S214015AD03C09264A2649002001F006FB13E0254A28
S214015AE02349002001F01AFB2A792349F3E7022E05
S214015AF094BF4FF6FF72B5F801202049EBE700206E
S214015B001F4901F0F1FA33462A462146384620F06D
S214015B105FF870B933462A462146384620F05AF8CF
S214015B2048F2210362889A4203D1384669781EF00A
S214015B30C2FC6388B3F5004F02D90820FAF7C6F90C
S214015B400120F8BD2A790F49C5E70F4A0849002008
S214015B5001F0E4FA032E94BF4FF6FF726A880B49F0
S214015B60B9E70020EDE700BF6101040089010400E8
S214015B7090010400A1010400A7010400B50104007E
S214015B80CD010400E7010400090204000E0204002E
S214015B902DE9F04116888AB0DFF88C80ADF80E301A
S214015BA00DF10E03C8F8002015460093324610ABDF
S214015BB007460C46FAF716FE90BB109B8DF824009C
S214015BC00693BDF80E3004A8ADF81C30AB898DF8ED
S214015BD01070ADF820306B890594ADF81E60ADF8F5
S214015BE022301EF070FCD8B921463046BDF80E3082
S214015BF0109A01F0C9FF98B921463046BDF80E301B
S214015C00109AFFF741FF58B9CDE9006039462046A2
S214015C10BDF80E30109A02F049FB08B9C8F800002A
S214015C200AB0BDE8F08100BF50420020F0B585B053
S214015C3004AB03E9030000231C469DF80D609DF8A4
S214015C400E70154AD9B202EBC1004568EDB99DF850
S214015C500C30284600939DF80A209DF80B300F491A
S214015C6001F05CFA26B1324628460D4901F056FA93
S214015C700C4A0020002C18BF2246BDF808300A49FD
S214015C8005B0BDE8F04001F02FBA12F8311001332B
S214015C90B94208BF2C46D5E7785804002002040014
S214015CA031020400B0CA0300350204004FF6FF7348
S214015CB010B5084C88B062889A4207D102A90DF146
S214015CC007001DF06BFFBDF810306380608808B0D8
S214015CD010BD00BFB85800202DE9F04F85B08946A9
S214015CE092461C460746BDF83850BDF83C80109ECB
S214015CF0002833D00346464A0020464901F00EFAF2
S214015D002388002B76D040F20912934274D0424A7F
S214015D104249B3F5827F08BF0A46CDF80480618800
S214015D20002000913E4901F0F9F9238893B1B8F1BA
S214015D30020F0FD933783B4913F0010F3A4A18BFC7
S214015D400A4659074FF000004CBF3379B3783749FC
S214015D5001F0E4F90020364901F0C6F9002335497F
S214015D6031F83320AA4249D1334A52F833B00023DE
S214015D7031F83300DA00A84246D100202E490A4401
S214015D80908041F8330047B9238833B9B4F902301B
S214015D90002B02DB0820FAF77FF80120FAF796F8C5
S214015DA09EB13578EB0710D515F0040004D04246B5
S214015DB0012130461EF0E2FBCDE901704346224642
S214015DC05146484600961EF0FBF8BBF1000F06D080
S214015DD04346224651464846CDE90067D8474346E2
S214015DE0224651464846CDE900671DF0AFFD05B095
S214015DF0BDE8F08F114A90E7114A8EE701330A2B6E
S214015E00AED14FF0000BB2E701330A2BB0D1BAE79F
S214015E10EDC103005C020400B1CA03004A0204009B
S214015E206A0204004D020400550204009B020400AD
S214015E303503040058420020544200204302040067
S214015E40470204000D4BF0B54FF00C0C1F880546B9
S214015E5000230B4EDCB2BC4201D30020F0BD0CFB8C
S214015E6004F43019345DAC4205D144888C4202D129
S214015E7004799442F2D00133ECE700BFEA6B0020CC
S214015E803868002073B501262B4D2C4C2A46204637
S214015E90FF2300210096F9F701FB2A462046FF233F
S214015EA000210096F9F7FAFA2A462046FF23002138
S214015EB00096F9F7F3FA2A462046FF2300210096BA
S214015EC0F9F7ECFA2A462046FF2300210096F9F757
S214015ED0E5FA2A462046FF2300210096F9F7DEFA66
S214015EE02A462046FF2300210096F9F7D7FA2A46CC
S214015EF02046FF2300210096F9F7D0FA2A462046CD
S214015F00FF2300210096F9F7C9FA2A462046FF2307
S214015F1000210096F9F7C2FA2A462046FF230021FF
S214015F200096F9F7BBFAFF232A4600212046009681
S214015F30F9F7B4FA02B070BD7B320300A442002028
S214015F402DE9F84300244FF00C090C4B0C4F1E783A
S214015F50DFF830803A88E5B2954202D33046BDE894
S214015F60F88309FB0585FF21A8681CF081FD18B997
S214015F70AB799E4238BF1E460134EBE73E5F0020F8
S214015F80EA6B002038680020014B1878704700BF84
S214015F903E5F0020014B1870704700BF3E5F002037
S214015FA0F8B506460C461EF07BFA0546C8B93046DB
S214015FB01DF0A9FF0B2815D80B4B03EB00131F7B15
S214015FC087B95A88012122809A88304662809B7957
S214015FD0237100F037FA39466071304600F032FA24
S214015FE0A07101252846F8BDC442002070B50446BC
S214015FF00E4615461DF087FF0B2802D94FF6FF7097
S21401600070BD094B03EB00131A7B002AF6D146B983
S21401601001222946204600F03DFA0028EED00088ED
S214016020EEE7012EEAD1F4E7C4420020FF2313B5C0
S2140160300DF1070104468DF807301EF02FFA18B14E
S2140160409DF8070002B010BD074B03EB04131B7B42
S2140160500BB1FF20F6E7204600F03AF90028F8D009
S214016060204600F0E9F9EDE7C442002013B5F6F743
S2140160700BFA0446F6F70EFA2246034612490020AA
S21401608001F032F800F084FFFFF7BAFC00F0A6F842
S2140160900221084602F046FDFFF764FC41F2490082
S2140160A01EF0B2FE4FF0FF130093FF2368468DF8F3
S2140160B004301EF08FFE4FF400401EF06DFE0020EF
S2140160C01EF08AFE02B010BDEA02040038B505468D
S2140160D01EF006FA90B928461EF0B2FD044628B115
S2140160E040F60443984214BF88248D2423462A464A
S2140160F00020034900F0F8FF204638BD8D24FBE759
S214016100020304002DE9FF4705460E46174698464A
S214016110BDF83090DDF834A0BDF83840CDF80090D9
S214016120CDE9014AE4B2FFF7D7FD43463A46314688
S2140161302846CDE90094CDF808A01FF012FDFF21F6
S214016140034B044A044804B0BDE8F04700F01ABE09
S214016150C4580020C058002016610020044B014698
S2140161601888102240F0404040F48010F6F79CBF9B
S214016170CE550400024B18685968FFF757BD00BF9B
S2140161807A9904000123064AD15C814202D1054A6C
S214016190D05C704702335F2BF6D10020704700BFFA
S2140161A0D2580400D358040070B500220446094BA7
S2140161B01D78094BD0B2854201D8FF2070BD1E78EC
S2140161C0A64204D10029F9D05E7BF607F6D4013247
S2140161D01033EFE73F5F0020C44200202DE9F04175
S2140161E098B06B46304A1068516803C390680CAA91
S2140161F018602E4B14469C4603F11806154618687F
S2140162005968083303C5B3422A46F7D112AA17467E
S214016210274B03F11806154618685968083303C555
S214016220B3422A46F7D1234A03AB106851684FF0B0
S214016230010E03C3906871681860DCF83000002214
S21401624006AB03C30C21EC46B068CDE90922186001
S214016250194BDFF86C801970184B0DEB01060B9289
S21401626006AD09A91CF8010B0132187034F8020BAF
S2140162700C2A588037F8020B83F80DE0988016F840
S214016280010B03F1100303F80A0C15F8010B08EBD8
S214016290C00043F8080C11F8010B03F8040CE1D117
S2140162A018B0BDE8F08100BF1C030400425C040086
S2140162B05A5C0400290304003F5F0020C44200200A
S2140162C03C590400014B1878704700BF3F5F00201F
S2140162D0034B03EB0013587B00F00100704700BF2F
S2140162E0C4420020F0B504460846D9B100220E4B40
S2140162F011461F780D4B1D46D6B2B74201D8002075
S21401630010E01E78A64206D09E68F688314489B20F
S21401631001321033F0E75E7BF607F9D505EB02157F
S2140163200180A868F0BD00BF3F5F0020C442002086
S2140163302DE9F347894690461D46074618B90020C1
S21401634002B0BDE8F0870029F9D0002AF7D0002B6B
S214016350F5D0002400780DF10601ADF80640FFF7F0
S214016360C1FF0028EBD039460DF10602BDF80660E4
S2140163701DF0BEFC07460028E1D00DF10602BDF86F
S21401638006A01DF0DCFC0028D9D0C9F80070C8F8BA
S2140163900000037913F0200219D1DB0614D4BDF8EE
S2140163A006300C4A564413FA86F612FA86F20BE0C9
S2140163B01A790C33920642BF13F8092C891889B250
S2140163C09842F5D8044A0A4401202A60B8E72146D3
S2140163D0024BF5E762600020405F00207C5B040012
S2140163E008B50021FFF7E0FEFF2817BF044B08465B
S2140163F003EB0013587B18BF00F0010008BD00BF77
S214016400C44200202DE9F0410D4616461F461DF0F8
S2140164107AFD0B280AD8074C3B4604EB001032469F
S2140164202946BDE8F04180681DF03ABD0020BDE870
S214016430F08100BFC4420020014B0001185C704788
S214016440C442002070B50C461DF05DFD0B281BD81C
S2140164500F4B03EB00139A68C2B1002314261846AB
S2140164601579D9B28D4200D870BD116806FB0311AB
S214016470097B34B911F0800F1CBF0130C0B2013363
S214016480EFE711F0400FF7E70020EDE71046EBE7E6
S214016490C4420020F8B50D4616461DF034FD0B2803
S2140164A00BD80F4B4FF0140C03EB00139A68002324
S2140164B01C461779D9B28F4201D80020F8BD106862
S2140164C00CFB0300017B46B911F0800F03D0AC42F0
S2140164D0F4D00134E4B20133ECE711F0400FF5E7F4
S2140164E0C44200202DE9F04F064600243A4B87B0FF
S2140164F01B783A4F0093009B9C4207D2FF2E08D090
S21401650030461DF000FD0B28044606D907B0BDE84D
S214016510F08F07EB04131B7B2BBB23014FF0000806
S214016520019307EB041A14E014221B6802FB0535DD
S2140165302B89B3F5967F01D924F0BCFA4FF00009F8
S2140165404FF00C0B29891FFA89F291420ED808F1F7
S2140165500108019B5FFA88F5FB189B681A79AA4225
S214016560E2D8FF2ED2D10134E4B2C4E71FFA89F093
S2140165700BFB00F06B6819180A7912F0100F23D183
S2140165809AF800E012F0400F8DF80CE0B5F800E044
S214016590185AADF80EE00CBF4FF0400E4FF0800ECB
S2140165A0ADF8120028468DF810E01DF06DFB53077C
S2140165B0ADF81400C8780AD50228896800D9096898
S2140165C0002203A81DF03CFC09F10109BAE70228E4
S2140165D08CBF89680831F3E73F5F0020C442002082
S2140165E0052370B5094A06881488B44208D19578FF
S2140165F0047B2C403F2C03D90D4201D0506870BD5E
S214016600013B02F10802EFD11846F8E7EC5B040003
S21401661070B50024074D084E2B78E0B2834200D8AF
S21401662070BD06EB0010437BDB0701D51DF04AFD6C
S2140166300134F1E73F5F0020C4420020F8B50C4664
S21401664000210546FFF7B0FDFF2829D0154A0601AF
S21401665002EB00135B7B03F001016CB143F0010315
S2140166601644A142737305D0C4B100B202EB001008
S2140166701DF028FD0120F8BD2346F1E77B43116894
S2140166802846CA18127BC95AD2091DF087F9013467
S214016690B268E3B211799942F0D8EBE71427F7E72D
S2140166A00846E8E7C4420020F0B59446497D20B389
S2140166B039B3012918BF042100254FF6FF702F4674
S2140166C02A46144E3488644511D196F803E01EEA32
S2140166D0010F0CD0B4789C4209D30AB1BC4206D84B
S2140166E01EF0100F03D08AB1BC420CD370B901352D
S2140166F0072D06F10406E5D1F0BD002908BF0821E3
S214016700D8E70221D8E727460020F0E727460122EE
S214016710FAE700BFD05B04002DE9F04F0A9FBDF8F1
S21401672024E09DF82C809DF830904C7D78B394B38E
S214016730012C18BF04240025194800F11C0C0688FA
S21401674096421ED190F803B01BEA040F19D0867842
S214016750464516D31BF0100F91F80FA004D0BAF1DE
S214016760000F0ED0B1F810A0BAF1000F09D1A9455B
S21401677013D0AE4511D95E553E88013501363E80AF
S214016780ADB204306045DAD10120BDE8F08F002CAF
S21401679008BF0824CDE70224CDE70020F5E700BFB7
S2140167A0D05B04002DE9F04F0024B1F57C4F0E4676
S2140167B038BF4FF0010BA246A1464FF6FF781F46A1
S2140167C028BF274B85B028BFB3F800B000900192D0
S2140167D05C4503D3404605B0BDE8F08FB6F57C4F67
S2140167E00CD3204B3A4603EB840331465B88009872
S2140167F0FFF708FE054680B300232AE03A463146F5
S21401680000981DF0B0FBF5E70C229CB254436A6871
S2140168100199105B02EB040C884219D3B9F1000F01
S21401682001D0504514D861462846CDE902321DF004
S2140168302BFA029B60B1039A125BB9F1000F03D0E9
S214016840524501D3804503D9924680464FF001094F
S21401685001332A899CB2A242D6D80134A4B2B7E742
S21401686032590400345904002DE9F04F91461A4676
S21401687000238BB08DF82020BDF850208DF81C0029
S214016880ADF81E10ADF8242005460F461A4604A999
S21401689007A8159C9DF858609DF85CA09DF860B00F
S2140168A09DF864800493ADF822901DF075FA049863
S2140168B050B92B46CDE90079644A654900F014FCCD
S2140168C086200BB0BDE8F08FBAF1000F14D18378A3
S2140168D0B34206D050465D4A5E4900F005FC8D2065
S2140168E0EFE7037913F0010306D11846574A5A49D0
S2140168F000F0FAFB8820E4E703795B072CD5836870
S2140169005A689B680592069380781DF0D9FF049B10
S2140169100546DF782146022F03463A4610D805A8D9
S2140169201DF08AFF81462B463A46214606A81DF0F1
S21401693083FFB9F1010F01D001300DD18720C0E7E7
S21401694005981DF079FF0128F8D02B463A462146D6
S21401695006981DF071FFEFE7BBF1000F6FD1049FA2
S2140169604FF6FF722146B8781DF02CF900286BD03F
S214016970BDF82430C5B20093CDE902549DF820300D
S214016980BDF82220BDF81E109DF81C0001961DF0D2
S21401699096FD002895D1BDF82430CDE90254009328
S2140169A0BDF822209DF82030BDF81E109DF81C0071
S2140169B001961DF061FB002883D121469DF86820D1
S2140169C007A81DF03DFA00287FF47BAFB8F1000F51
S2140169D007D03B462046BDF81E209DF81C101DF032
S2140169E0D2FABDF82430BDF82220BDF81E109DF85D
S2140169F01C000093CDE901649DF82030FEF73CFBB6
S214016A00BDF82430BDF82220BDF81E109DF81C00EC
S214016A100093CDE902549DF8203001961DF04EFDFD
S214016A20BDF82430BDF822200093BDF81E109DF855
S214016A3020309DF81C001DF0F7FA002041E70020E9
S214016A40064900F051FBF8E701203AE73603040057
S214016A50420304006E03040082030400960304004C
S214016A607FB500258DF80830BDF820308DF804007C
S214016A70ADF80610ADF80A20ADF80C306946BDF841
S214016A802830099A01A80B9E00951DF085F9044649
S214016A9030B916B1009B9B783370204604B070BDA8
S214016AA08928FAD12846024900F01EFBF5E700BF07
S214016AB0B30304002DE9F04F4FF0000AC7B0FFF70B
S214016AC001FC5FFA8AF6B04202D847B0BDE8F08F03
S214016AD05B4B36019A5D00205A4900F005FB002009
S214016AE0594900F001FB00230593554B9DF81440CE
S214016AF033449B681A79A24202D80AF1010ADEE7FA
S214016B0014224FF000091B6802FB043422891FFA85
S214016B1089F39A4202D8059B0133E5E70C231FFA55
S214016B2089F803FB08F8D4F804B023F0C3FF0BEB95
S214016B3008052B79454913F0400F3BF808302288A9
S214016B404FF000000093424B18BF0B46414900F03E
S214016B50E5FA294620461DF097F8074600283CD15D
S214016B603D4900F0DBFA2979DFF814C111F0010F75
S214016B703A4818BF604611F0020FAA78EB7832D176
S214016B80DFF800C111F0100F354918BF6146CDE995
S214016B9000010020334900F0C1FA2B793BF80820A8
S214016BA013F0400F4FF0000B4FF0FD030DF11808E6
S214016BB02188CDE9023BCDE9007821480CBF40236E
S214016BC08023805DFFF74CFF86280ED126490020E2
S214016BD000F08AFA09F1010998E7024623490020E4
S214016BE000F09CFABFE72249D1E7A8781DF03CF8EF
S214016BF0D8B140461DF0C8FC421C92B20123414662
S214016C00002000F0D5F93946208801F001FA4FF648
S214016C10FF73984207D0174B174903EBC0035A6816
S214016C20002000F061FA1549D1E7A8781DF022F896
S214016C3020B140461DF0ADFC821CDEE7EA78DDE7B8
S214016C40C44200200504040013040400DD0304000C
S214016C50E20304005304040096F50300EA0304006B
S214016C60ED030400670404008304040024090400FF
S214016C70F5030400BC5C040070D403003503040073
S214016C80E7030400FD0304002DE9F04FC7B0BDF88B
S214016C9044A10646BAF1040F0D4614461F46BDF838
S214016CA040B163D9CDE9013B00920B46024630491B
S214016CB0002000F019FAFD230DF117090DF118084F
S214016CC03046029322463B462946CDE900B8CDF828
S214016CD00C90FFF7C5FE0646B8B9FD22414699F865
S214016CE000001CF06FFF0746C0B1AAF104038342FF
S214016CF038BF892620461DF004FC8EB1304600F0D0
S214016D001BF9304647B0BDE8F08F009023462A466F
S214016D100020184900F0E8F90027EBE78926E9E7A3
S214016D20DFF85CA0BA1CBAF80030C3F1FF039A4240
S214016D3019DA304600F000F999F8000000F0FCF886
S214016D40BAF800900C483A4641464844B94404F023
S214016D50F3FEAAF8009023462A46304607490097D4
S214016D6000F0C2F9CDE7892000F0E6F88926C8E7E9
S214016D708F040400CA04040016610020F104040014
S214016D80C058002010B5044C206004480180044916
S214016D900A60044A136010BD8C430020BE580020D0
S214016DA0884300208443002030B587B00AAC0D46E6
S214016DB054F8041B0093CDE9011413460949024611
S214016DC009480988006805941DF09DFA4FF48A5217
S214016DD0064B1B681880064B1B685D80DA8007B07F
S214016DE030BD00BFBE5800208C43002088430020E1
S214016DF08443002008B410B587B009AB0C4653F89D
S214016E00041B0092CDE9011302460B490B4805937A
S214016E100988002300681DF076FA4FF48A52084B61
S214016E201B681880074B1B685C80DA8007B0BDE8DA
S214016E30104001B0704700BFBE5800208C430020B0
S214016E408843002084430020044A0346116804480E
S214016E50044A0988126800681CF02EBD8843002089
S214016E60844300208C430020044B054A1B681268AB
S214016E701988044B18681CF092BC00BF8843002098
S214016E808C4300208443002007B5074B1B681B88F2
S214016E900192064A12680092054A12681CF0E0FC4C
S214016EA003B05DF804FB00BF884300208C4300203C
S214016EB0844300201FB51446064A12681288CDE99D
S214016EC001430091044B05491B6809681CF0A4FCAA
S214016ED004B010BD884300208C430020844300206A
S214016EE0014B1868704700BF84430020024B1B68A3
S214016EF018715971704700BF8443002010B50024F3
S214016F00084B1C70FEF75EFC074BFF2218802146DB
S214016F10064804F081FC064B1C80064B1C605C6036
S214016F209C6010BD20620020C2580020166100201F
S214016F30C0580020C458002007490B88FE2B9FBF6D
S214016F40064AD054581C80B29DBF088000F1FF301D
S214016F5080180020704700BFC0580020166100202E
S214016F60F8B5094F0D463B885C18FE2C0ADC074E27
S214016F700A46A4B20146F01804F0A0FC3C80641B4B
S214016F80A019F8BD0020FCE7C058002016610020BB
S214016F90024B034A00201A60704700BF904300204E
S214016FA038590400014B1878704700BFC4420020CE
S214016FB030B4044D044C002B0CBF2B46234630BC8A
S214016FC01DF00BBBDDC20300C405040070B5054609
S214016FD008460C461DF0D8FA611C0246024B2846AC
S214016FE0BDE870401DF0F9BAE30C040000B5037863
S214016FF089B0069343783E22059383780849049323
S214017000C3780393037902934379019383790093B9
S214017010C3790448008800F081F809B05DF804FBE4
S2140170201F050400D0580020024B0246024918886A
S21401703000F05AB8D058002049C903002DE9F0479E
S21401704005460E4617460024DFF84480DFF844A0C4
S214017050DFF84490AC4201D1BDE8F087B8F80000F3
S21401706006EBC401534608221DF0B7FA0134B8F8FE
S21401707000003FB9044AA54208BF4A46034900F04A
S2140170804DF8E7E74A46F9E73503040048C9030027
S214017090D0580020C405040011B203002DE9F041C8
S2140170A00E4E044630881DF0B0FAA8B100250C4FEC
S2140170B0DFF83080E3070AD518B94146308800F07A
S2140170C02DF830882A46394600F028F80020013588
S2140170D01B2D4FEA5404EDD1BDE8F081D0580020B5
S2140170E0DCF10300670204000EB417B505A90446D7
S2140170F051F8040B019103F091FA01210220054A8F
S214017100F8F7ECFC044B1C8003B0BDE8104003B05C
S214017110704700BF35030400D05800200EB417B5E1
S21401712005A9044651F8040B019103F077FA034BC5
S2140171301C8003B0BDE8104003B07047D058002053
S21401714013B503680446587900F032FF90B92368F6
S2140171505A88032A0ED0E17C5B79CDE900211649D5
S214017160164AFFF7C1FF012120461DF0EEFA012065
S21401717002B010BD637D012B0AD0637D33B923684D
S214017180228A598858791CF0CAFE48B9C3200AE0F9
S2140171902368228A598858791CF0CAFE0028ECD048
S2140171A020461DF034FA064B1B78002BDFD110F574
S2140171B0807FDCD0C1B2D7E74C050400440504004B
S2140171C017620020002970B50F491D460F4B144663
S2140171D00CBF6E227922002808BF0B4600200C49FE
S2140171E0FFF79CFF0B4E2544AC4205D1BDE870402D
S2140171F000200949FFF778BF3146002014F8012B1B
S214017200FFF78CFFF0E700BF850504007B0504004F
S2140172108E050400C205040019E903002DE9F04FAC
S214017220C27C8BB00592427D0368002A14BF80227F
S2140172304022077D0446856886895879B846B3F8A2
S2140172400290069200F0B4FEA0B9059B052B05D866
S2140172506FF02D03059A1341DB070BD5B9F1030F28
S21401726008D0AB490020FFF73FFF012120461DF063
S2140172706CFA76E0E37B1BB1228A002A00F0B78124
S214017280607D0022B0FA80F05B4203F00403DFF871
S2140172908CB2400943EAC000ABF80020FFF74CFE71
S2140172A0E37B1BB3208A1DF02CF98246A07CFFF7F6
S2140172B043FE059A162A00F29A81DFE812F01900B9
S2140172C09E016C005600D2016C009201D9019A0110
S2140172D0E001E701EE0139010202980198019801E7
S2140172E01402580214027002390102029A46DDE7BE
S2140172F000204B46874A8849FFF7F6FE0120FFF734
S2140173001BFE08F10207B74229D8414632462846F5
S2140173101DF034F98046236842465879BBF80030A0
S2140173204946C3F1FF039BB20193238A0093069B50
S2140173301EF051FC10B11FFA87F8E2E723684246B7
S2140173405879BBF800304946C3F1FF039BB201935D
S214017350238A0093069BFFF797FC8928EBD11DF043
S214017360EEF901200BB0BDE8F08F4FF0000B0420C2
S214017370FFF7E2FDF31E0893089B984552D3BBF135
S214017380000FECD1E37B94F81480002B0CBF022293
S2140173900422624B1A804FF0000B0420FFF7CCFD4D
S2140173A05F4608F1030A564540F29D803246414643
S2140173B028461DF0E3F805EB08039B78F21EAA4465
S2140173C0A2EB080207905146184692B209931CF0A8
S2140173D0F9FB0890002879D02268099B5079CDE9FD
S2140173E001A3238A49460093DDE906321CF019FF02
S2140173F082464A460020079B4949FFF78FFEBAF1AD
S214017400000F55D10BF10103504646495FFA83FB45
S214017410FFF76AFE089B08F1030813FA88F81FFABB
S21401742088F8BEE73246414628461DF0A7F805EB28
S21401743008039F78089B08F10301A3EB080229447F
S214017440824692B2384609911CF0BCFB079068B39D
S21401745023680999587902970191238A5246009325
S2140174604946069B1CF02DFF0746B8B10BF10103F8
S21401747038465FFA83FBFFF75FFD50461DF041F883
S21401748053464A4600202649FFF72EFE3A4600207C
S2140174902549FFF729FE802F3FF471AF079B08F1BE
S2140174A0030813FA88F81FFA88F865E78027DDE7EE
S2140174B05046FFF741FD07981DF023F80137524665
S2140174C000201949FFB2FFF70FFEA3E78720FFF759
S2140174D033FD07981DF015F80137872212490898E1
S2140174E0FFB2FFF701FE059B052B3FF43AAF002FD5
S2140174F07FF435AFBBF1000F05D10C495846FFF7B5
S214017500F3FD8021B2E63846FFF716FD27E700BFF8
S21401751094B90300CF0504001C060400C0580020DF
S214017520D90504001C050400F5050400FF05040048
S2140175300599A84AA84B0020152918BF1346CDF86F
S2140175400090A64AA649FFF7CFFD059B0C2B14BF5A
S21401755016200D20FFF7F0FC3246284639461DF06E
S2140175600DF8059B3D440C2B0646AD7835D1192DFB
S21401757028BF1925E37BB3B14FF6FF73278A9F42D5
S21401758011D1206832464946069B4079FFF70AF931
S214017590B84208D0BAF1000F05D020828AF8000060
S2140175A0000A8AF801000020BBF80070FFF7C4FC4F
S2140175B0236832465879059B4946A3F1150CDCF140
S2140175C0000343EB0C03CDE90153238A0093069B8A
S2140175D01CF09BFD834BD855C1E6132D28BF132500
S2140175E0C8E72046FDF7D0FB00287FF4BAAE81211C
S2140175F03CE62046FDF77CF8F6E7B9F10A0F05EB05
S2140176000708A6EB070A21D1DFF8DCB19BF80030AA
S214017610E3B1E37BD3B9BAF1080F17D13246394645
S21401762028461CF0ABFF88B998F8023073B998F871
S2140176300320E22A0AD13246391D284605931CF05A
S2140176409AFF1DF067F8059B8BF8003041464846C7
S2140176501FFA8AF21EF0C1FA00287FF482AE0021DA
S21401766004E6F21B484692B2E9191CF044FFF3E720
S214017670F21B484692B2E9191CF001FFECE7F21B37
S214017680484692B2E9191CF026FFE5E7F21B484688
S21401769092B2E9191EF0A3FADEE72368EE5D587987
S2140176A0238A0137ED5D0193069B324649460093D6
S2140176B02B461CF069FC2A46314648461CF0E1FE82
S2140176C04FE605987A1CE95DB31AA0F116067042DA
S2140176D070410039009018BF012148469BB22A44E8
S2140176E01CF0D1FEB8E7059BEE5D112B3D446F788B
S2140176F038D11220FFF720FC0025E37BB3B14FF60B
S214017700FF73B4F81080984510D133464A46214697
S2140177102846FEF7C9FF404508D0BAF1000F05D04C
S21401772020828AF80000000A8AF80100BBF800806F
S214017730DFF8B0A0C8F1FE0292B208F10103009290
S21401774053444A4621462846CDE90267CDF804B09F
S214017750FEF7E2FFBBF800300AF808000133ABF889
S2140177600030FCE51420FFF7E7FB0125C5E77B1C8D
S2140177709E422CD3EF5D1D44003F18BF0127F31A2C
S2140177809EB233462A4639460020FFF71BFD009677
S2140177902B463A464846218A1CF079FE5CE77B1C5C
S2140177A09E4214D3EF5DF61A003F18BF01271D4411
S2140177B0B6B233462A4639460120FFF703FD009646
S2140177C02B463A464846218A1CF05FFE44E70020D5
S2140177D0C8E500BF35030400CA050400100604000E
S2140177E01A060400166100201562002038B54FF60F
S2140177F0FB750446A9424FF001019DF8100098BFA1
S21401780043F40043217023816260A07202230020AA
S214017810084A0949FFF768FCE07A084B40F6CA02B5
S21401782003EB4010FF211BF004F9BDE838400420AB
S214017830F8F732BB2A06040035060400D4430020BC
S21401784030B5054685B028B91D4905B0BDE83040BC
S214017850FFF74ABC0024007B1CF0A6FE2046194A0E
S21401786019492C70FFF740FC184BE87AFF2103EB0F
S21401787040101BF0EFF82046154B02019A5C22B926
S21401788001300428F9D1F8F721FB696899B1B5F9F7
S21401789008302A899B1303F002038DF80430C2F3E3
S2140178A00E03ADF806304FF6FF73ADF8083000232F
S2140178B001A80393884705B0BDE830401CF079BEA7
S2140178C0600604002A06040092060400D443002041
S2140178D0944300200948037873B91946084AD372BD
S2140178E00133042B1173117051601181917202F1F1
S2140178F01002F4D101230370704700BF1662002006
S2140179009443002008B5FFF7E5FF002305491A0157
S2140179108A5C01EB03101AB10133042BF7D1002066
S21401792008BD00BF9443002070B50D460646FFF71C
S214017930D1FF0023094800EB0514A17AB14205D115
S214017940217819B12B4400EB031070BD0133042BD1
S21401795004F11004F1D10020F7E700BF94430020A2
S21401796010B50446FFF7B6FF0E4B9C4212D003F14A
S2140179702002944210D003F1400294420ED06033AC
S2140179809C420DD10323084800EB0310BDE81040CC
S214017990FFF756BF0023F6E70123F4E70223F2E7D9
S2140179A00020F3E7D44300209443002070B5002460
S2140179B0064D074E2846324600210134F7F7A4FD4E
S2140179C0042C05F12005F5D170BD00BFD44300207D
S2140179D0617901002DE9F34105460C4617469846A4
S2140179E0FFF790FF064640B91C4A1D49FFF77CFB8E
S2140179F00224204602B0BDE8F0814FF6FB739D429B
S214017A000AD94FF6FD739D4204D00020134A15494A
S214017A10FFF76AFB4FF6FD75434621463A46284670
S214017A201CF060FE044600F02FFE804634B123466B
S214017A3000200A4A0C49FFF757FBDAE73B46204687
S214017A40064A0A49FFF750FB062329463046089A9C
S214017A50CDF80080FFF7CAFECBE700BF2A06040078
S214017A609F060400C9060400FE060400270704005A
S214017A70F7B506460C461746FFF744FF054638B9E4
S214017A80104A1149FFF730FB0224204603B0F0BD2F
S214017A9021464FF48A5230461CF0ECFF044600F0B3
S214017AA0F3FD34B123460020064A0849FFF71CFBC4
S214017AB0EBE7009004233A4631462846FFF796FE48
S214017AC0E3E700BF2A0604009F0604004F070400F0
S214017AD0F7B506460F46FFF715FF054638B9104AB3
S214017AE01049FFF701FB0224204603B0F0BD002237
S214017AF04023114630461DF081F904461DF07CF9FD
S214017B0034B123460020064A0749FFF7EDFAEBE7B2
S214017B10009001233A4631462846FFF767FEE3E721
S214017B202A0604009F0604008207040073B5044673
S214017B300E46FFF7E7FE054638B9104A1049FFF72B
S214017B40D3FA0224204602B070BD00222046114618
S214017B501DF056F904461DF04FF934B123460020B6
S214017B60064A0849FFF7C0FAECE70090234632467A
S214017B704FF6FC712846FFF739FEE3E72A060400B4
S214017B809F060400B00704002DE9F04188461078EE
S214017B9000219EB014461D46FFF7C6FE0646002885
S214017BA000F0FD800778002F7BD0B8F80010002980
S214017BB040F0F5800389B8F8022043F40040824281
S214017BC040F0ED80617800296BD1A2F50042062ACB
S214017BD000F2E580DFE812F0A100A100E300E30077
S214017BE00700B8006900E3880D3DADF8243023890D
S214017BF015F00105ADF8263063798DF82830E37A63
S214017C0003F1060214F812208DF814308DF81C20AA
S214017C1042D10BA98E46069104F10C005FFA85FC51
S214017C209C4500F1020009D210F8018C10F802CC34
S214017C3001350CEB082C2EF802CBEFE701EB4301E4
S214017C401A440891D2B2590001F10D009A42C0B20D
S214017C500BD025186D78205C7831694400EB05203F
S214017C60013321F84C0CDBB2EDE7B6F90820338975
S214017C70002AACBF01220322C3F30E038DF80820AD
S214017C806288ADF80A3005ABADF80C20049302A962
S214017C9030461CF012FD04E0424A43490020FFF73B
S214017CA023FA38461EB0BDE8F081042D02D83D4ABD
S214017CB03E49F3E72379053DADB29D42B4F8028013
S214017CC002D0384A3A49E9E73A4A3B4B0020002DB0
S214017CD008BF13463949334ACDF80080FFF704FA46
S214017CE005348DF81450B6F90830069485B1002B8A
S214017CF0ACBF012303238DF82C303389ADF83080D7
S214017D00C3F30E03ADF82E3005AB0D930BA9BFE7F9
S214017D10002BACBF06230523EDE70B2DC7D9D4F8FE
S214017D200200D4F8061013F4004F05AA03C20CBFD4
S214017D30042203228DF82C206289C3F30E03ADF8CA
S214017D403020ADF82E30DFE7042DB0D96388ADF8CA
S214017D50303023790533DBB29D4206D00020114A2C
S214017D6017490095FFF7C0F99BE70E4A0020154911
S214017D70FFF7BAF9B6F908203389002AACBF012209
S214017D800322C3F30E03ADF82E3005AB0D93631D2E
S214017D90069323798DF82C208DF81430B6E700274A
S214017DA07FE700BF2A060400DD070400050804007B
S214017DB01908040059C103003503040040080400F3
S214017DC05D0804009E080400304BF0B5B0FBF3F2EA
S214017DD04FF4616503FB1200B0FBF5F3DCB205FB63
S214017DE013033C25B3FBF5F3DBB2A0EB04104B7198
S214017DF0C3EB0313A0EB83004FF4FA630B8040F24E
S214017E0001134B8001230C711F4600246425204E6C
S214017E108871944200D1F0BD91F802C013B1BCF153
S214017E20020F2BD006EB0C0010F801ECC878704559
S214017E300BBF012001300CF1010CC0B208BF81F864
S214017E4002C0C87088780D2816D10B888F70013350
S214017E509BB298070B8014D1B3FBF5F005FB1030ED
S214017E6080B280B94FF4C870B3FBF0FC00FB1C3342
S214017E709BB2B3FA83F35B090134CAE74FF01D0ED8
S214017E80D4E70023F8E70123F6E700BF805101009D
S214017E907E5C040010B5044688B006A9FFF794FF7F
S214017EA09DF81E300A4803939DF81D3004940293F2
S214017EB09DF81C309DF81A200193BDF8183005492D
S214017EC0009300889DF81B30FFF70EF908B010BD2F
S214017ED0D0580020B7080400026808B51188154B71
S214017EE019805188598051791971117959714FF456
S214017EF08A51D980D28812F0200F0CBF0A464FF45F
S214017F008B528169DA800C4A137831B9C0880B49E3
S214017F1023F002030880137008BD43F002031370B8
S214017F20074B15221846013103F0C8FC002200F861
S214017F30012CF1E7C458002020620020C25800201E
S214017F40D358002010B5184C236858791BF0DBFF76
S214017F500B2822D8154B03EB0010027B237F9A4295
S214017F601BD12368428819888A4205D04FF6FF70D4
S214017F70814212D1120410D42279023A012A06D97A
S214017F80A37B63B9BDE810400748FFF747B91989D5
S214017F9058791BF0EEF80028F2D1002010BD0248F7
S214017FA0BDE81040FFF7CCB858440020C44200207A
S214017FB008B51BF0A8FF0B2896BF024B0020185CE3
S214017FC008BD00BF2562002008B500201CF0ECFAB1
S214017FD0FF201BF0CBFF1CF0ECFA1CF093F9FEF728
S214017FE071F901210246064803F016FC054BFF21F4
S214017FF0054A0648FEF7C6FEBDE80840FEF708BB80
S21401800025620020C4580020C058002016610020B8
S214018010F0B5002204464FF6FF750B4F90B237F8C5
S21401802030600346AE4201D12846F0BDA64209D1D2
S214018030B4F57C4FF9D307EBC3035B888B42F4D0CE
S2140180400029F2D00132E9E7BC5C040010B5044611
S214018050FFF7DEFF094A034610884FF6FF72934288
S21401806014BF074A2246BDE8104017BF02EBC30300
S21401807004495A680449FFF751B800BFD058002098
S214018080BC5C0400DA08040070D40300034B1878C3
S2140180900130C0B2187000F07F0070474C6C0020B1
S2140180A0044A137818B143F001031370704703F0C4
S2140180B0FE03FAE720620020014B1870704700BFEC
S2140180C02362002038B1074B1B78012B04D10388AB
S2140180D043F0400303807047022BFCD1038823F052
S2140180E04003F7E72362002068B1074A1378012BA3
S2140180F007D1064B1B781370037843F01003037007
S21401810001E0022BF8D07047226200202162002095
S2140181107FB50121264B274E197033780246D907C1
S21401812044D42549096881B10868C1888D0641BFD4
S214018130224CE18841F02001E180C1884C0641BF14
S2140181401E48C18841F04001C1801D4D1D49287857
S214018150097840074CBFE97069701B4913F00204A7
S214018160098809D0164A19481CF0A1F9337823F07A
S2140181700203337004B070BD154B18884FF6FB73BD
S214018180984208D80B46CDE9005201460B4A2046D4
S2140181901BF066FBEEE74FF6FF73CDE90142009355
S2140181A00A46074B05491BF037FBE3E70020E1E7EA
S2140181B0176200202062002054440020C45800208A
S2140181C0166100204D6C0020C0580020D2580020B7
S2140181D0C258002070B503790446012B0D46164699
S2140181E031D883681B78DB0600D561B3A37B13B94E
S2140181F0E37C0B2B27D00022144B1A80637DB3FA45
S21401820083F35B09D800E37BABB9FEF795FEA07C50
S214018210FEF792FE0B20FEF78FFEE07CFEF78CFE4B
S2140182202846FEF789FE2046FFF756FE3046BDE893
S2140182307040FFF76DBF40F00400FEF77DFE208A18
S2140182401CF05FF9E3E7002070BD00BFC0580020B6
S214018250024B0A4601461868FFF7BCBF544400208B
S214018260F0B4054618460F4B0C461B78BDF81010A7
S214018270012B0D4E01D0377827B100233370002033
S214018280F0BC70470CB9002AF9D143B14FF65743F9
S214018290994204D02B462246F0BC1CF0EEB80120D1
S2140182A0EEE700BF4E6C0020246200202DE9F04F5F
S2140182B0684C4FF0000A25468446964698460F4677
S2140182C0654B664E83F800A00FCE0FC596E80F00EB
S2140182D085B085E80F00DDF83C90BDF83830724671
S2140182E00093394643466046CDE9019400F0DCF838
S2140182F0DFF89081064670B90025FEF7FFFD1622CD
S2140183000021574803F088FA00232846C8F80030B1
S21401831005B0BDE8F08F534BA27CC8F800401A7038
S214018320514B1B78002B36D01CF0F6F94F4902460C
S2140183305046FEF7F3FE22685046537952884C4960
S2140183400092A289FEF7EAFE50461CF05EF920B1C3
S2140183502368218A5888FFF779FEE37B23B1002042
S214018360228A4449FEF7DAFEA36800201A78E37CE5
S21401837041490093A37CFEF7D1FE207DA289A16826
S214018380121A01440123002092B2FEF711FE0020CA
S2140183903A49FEF7A9FE2F48FFF79EFD2D481DF02E
S2140183A015FC054630BBB9F1000F25D12168E088E0
S2140183B00B8801904988BA1E032A00918CBF0022BF
S2140183C001220121E07CFFF74BFF38B923685B7976
S2140183D0FF2B3AD0FFF7B6FD05468EE72368DB880C
S2140183E09A06F3D40121264C1A4821701CF0ADF9E7
S2140183F084F80090354680E7B9F814309B07E5D439
S2140184007AE75846FEF718F882465846FDF760FFA9
S21401841088B123685046228A59881BF077FD50B1EF
S2140184203846FFF759FD236889F804A083F805A0AC
S214018430FFF788FD00B9284605460136FDF742FFDD
S2140184405FFA86FB5845DCD857E70026014FDFF870
S2140184503890F3E758440020176200209C5C040023
S214018460D25800204D6C00204B6C0020F30804000D
S214018470FC0804001D09040029090400A3BA03002E
S2140184802462002054440020C45800200023054ADA
S214018490D15C814202D31A44507870470233DBB272
S2140184A0F6E700BF8A5C040073B515462E781A46B7
S2140184B016F0040F0CBF032605269E42089C08D919
S2140184C0224A234900960020FEF70EFE002002B045
S2140184D070BDBDF8183021712060E380A560A281CF
S2140184E02B7803F00103A3732B7803F00403002B0E
S2140184F014BF01210021E1732978C1F3C001617520
S2140185004FF00101217518D028461CF037F8237D5D
S214018510208202332375227D531CDBB22375A95CAE
S2140185200232D2B2A1742275EB5CE374A3899A423B
S21401853005D900920749054AC5E72382EBE7079B61
S2140185400120A36100232377C1E700BFEDC103002B
S2140185506C090400880904002DE9F7430024204F24
S214018560DFF89C80DFF89C90E0B21CF083FBFF28CC
S21401857005460FD12346012102201A4AF7F7AEFA23
S214018580194B0134187819F056FE152CECD103B0AE
S214018590BDE8F08346B238EA260328BF4B460121E0
S2140185A00093022057F82430104AF7F797FA002E66
S2140185B0E6DA0923E340DB070AD50D4A0D4B15F031
S2140185C0010F18BF1A4601210220F7F787FAD7E7ED
S2140185D00A2CD5D1084A094B15F0010FF1E700BF67
S2140185E0D45C0400E10904004F6C0020090A040071
S2140185F0BA090400A4090400D6090400CC09040041
S21401860059C103003503040008B55422002102486D
S21401861003F002F9002008BDC059002008B5542215
S214018620FF21024803F0F8F8002008BD6C5900202D
S214018630024B23F810100020704700BF6C59002031
S214018640002310B4074ADCB2A14203D85DF8044BFC
S214018650FFF7DABF2A2BF9D032F8024B20F8134085
S2140186600133F0E7C0590020002310B5054A9942AE
S21401867001DD2A2B00D110BD32F8024B20F8134041
S2140186800133F4E7C0590020024B187800F07F0050
S214018690704700BF31620020034B18780130C0B22A
S2140186A0187000F07F0070473162002030B51C461C
S2140186B000238BB0ADF82220021D92B2012A0E9D36
S2140186C0ADF82030ADF81E10ADF81C3003D94FF6CA
S2140186D0FF7290420FD10022CDE90352CDE9012469
S2140186E0094B01461B784FF6FF70009307AB1CF051
S2140186F0E1FA0BB030BD0146CDE9015318460094AE
S21401870007AA1CF0F3FAF4E7506C002038B50546CA
S2140187104FF480500C4603F085FA4FF480532860DE
S214018720236030B940F2A511BDE83840014822F077
S214018730B4B938BDF80A0400004870477E5B0020D3
S214018740014B1878704700BF696C0020014B1888F0
S214018750704700BFF26B0020014B1878704700BFCE
S214018760626C0020014B1878704700BF356200200C
S214018770014B1878704700BF5D6C0020014B1870E4
S214018780704700BF38620020014B1870704700BF69
S21401879037620020014B1888704700BFF06B00203D
S2140187A02DE9F74F4FF00008394B3A4F93F80090F8
S2140187B0394B3A4E3A4D3B4C3B483C49DFF8F4C006
S2140187C0DFF8FCE0DFF810A1DFF810B10193019BA0
S2140187D02037203301935FFA88F3994506F1200686
S2140187E005F1200504F1200400F1200001F120012B
S2140187F00FD8002211462E4B2E4D1C782E4E2F4B95
S2140188002F4FD0B2844203F1200338D803B0BDE81D
S214018810F08F2C4B2C4A47F81C3C002346E90723D3
S2140188202A4A47E9063E45E90723294A46E905E378
S21401883044E90723274A45E905E340E90723019A66
S21401884044E905E340E905E341E908CA41E9063E92
S21401885047F820CC47F8103C46F820CC45F820CC09
S21401886044F820CC40F820CC41F8103C08F101082F
S21401887042E908CB42E9063E42F8103CA7E743E945
S214018880085643E9061743F8101C0132B9E700BF42
S2140188906D6C002030480020304700201048002032
S2140188A0F0470020904700207047002050470020E6
S2140188B0676C0020AC560020B5B30200B04700201C
S2140188C035030400EF720300C7710300F17B020059
S2140188D0919502002F4C030065F90200F56A02002B
S2140188E0002208B5074B1A605A601CF092F9064B35
S2140188F018701CF08EF9054B1870054B1A78054B4D
S2140189001A7008BD4E560020736200207262002065
S2140189105B6C002071620020002100B593B0084610
S2140189206A460AF0E7F90146C8B90E4B0E4A0993A2
S2140189300E4B0D920A930E4A0E4B0E920B930E4A55
S2140189400E4BCDE90F230C930D4B6A4611930AF09B
S21401895087FC003818BF012013B05DF804FB012026
S214018960FAE700BF596D03008D7702005D6F0300C3
S2140189704D4C02005D4C0300B9860200BD6F03003A
S214018980BD730200084B1878112806D8012809D9AA
S214018990064BC34003F001007047A0F14303584261
S2140189A0584170470020704775620020340002006D
S2140189B008B5064B1B78013B022B05D80020FFF7B4
S2140189C0E1FF0138C0B208BDFF20FCE77662002057
S2140189D0044B00F1100250F8041B904243F8041BAC
S2140189E0F9D1704777620020044B03F1100253F867
S2140189F0041B934240F8041BF9D1704777620020AC
S214018A0030B5002491B0114B0546214614220BA81F
S214018A10CDE9094302F000FF102209ABCDE900447D
S214018A200693CDE90452CDE90252094B09490AA839
S214018A3019F000F804460AA81CF065FE1CB1A02136
S214018A40054822F02AF811B030BD00BF002480008E
S214018A500044400477620020830B040070B50024B4
S214018A6090B0154B05460E46142221460BA8CDE9BB
S214018A70094302F0D1FE102209ABCDE9004406936A
S214018A803146CDE90452CDE902520C4B0AA818F042
S214018A90D1FF04460AA81CF036FE1CB1BA210848CC
S214018AA021F0FBFF099B102B03D0BB21044821F0CA
S214018AB0F4FF10B070BD00BF0024800000444004E5
S214018AC0830B040030B50D4600218FB0124B0446CF
S214018AD0142209A8CDE9071302F09EFE102207AB67
S214018AE0CDE90242CDE90042049329460B4B08A882
S214018AF018F0A2FF044608A81CF005FE1CB1D121FF
S214018B00074821F0CAFF079B102B03D0D221044847
S214018B1021F0C3FF0FB030BD0024800000444004A4
S214018B20830B04000022034B1870034B1970034B90
S214018B301A707047886200208962002087620020D0
S214018B402DE9F04FDFF89080064698F800300D4684
S214018B5085B0002B3AD04FF6FB73984236D84FF0CB
S214018B60000B1C4FDFF874A03C7898F800305FFAD1
S214018B708BF94B459AF8000011D9484402AA0DF129
S214018B800601C0B214F00CFB082229460DEB0200C8
S214018B9003F08EF90BF1010B0028E6D14C463B7829
S214018BA0A34208D198F80020631CDBB29A423B70BE
S214018BB004BF00233B70324629469AF800301C4415
S214018BC0E0B205B0BDE8F04F14F0D8BB05B0BDE883
S214018BD0F08F00BF87620020896200208862002033
S214018BE02DE9F74F06460D4614461F464FF0010B7A
S214018BF0DFF8789003F10C0A15B903B0BDE8F08FE1
S214018C00102DA84628BF4FF010083A46164B5FFABB
S214018C1088F152F8040B524543F8040BF9D101913F
S214018C209AF8002011481A70002389F80F4089F835
S214018C3000B089F80E30FFF7E3FE324601340B48E8
S214018C400199E4B212F801CB10F8013B83EA0C0358
S214018C5002F8013C931BDBB28B42F3D3A5EB080869
S214018C6016461FFA88F5C7E78B6200208A62002045
S214018C702DE9F04F9046914685B00090981A0293E0
S214018C8083B20193009B0F46354903F10C0453F858
S214018C90045BA34241F8045BF9D11B78314E0B709B
S214018CA049233370019BF0731B0A3046B373FFF7F9
S214018CB0A7FE0221BB460D46737888EA030373704C
S214018CC04FF0000A1DE0C5F11004A9EB0A039BB2A0
S214018CD0A4B29C4228BF1C4600231FFA83FCE81856
S214018CE06445C0B21FD82544EDB2A344102D5444A8
S214018CF01FFA84FA05D1002530460391FFF780FE5E
S214018D000399D145DFD807EB080B25B11548039128
S214018D10FFF776FE039901294FF000050DD00121DA
S214018D20DDF80490CCE71BF803C016F800E0013329
S214018D308CEA0E0C06F800C0CFE7029B09491F44D7
S214018D40094B38461C78224602F0F6FE2A46214692
S214018D503846009B05B0BDE8F04FFFF741BF00BFA6
S214018D608B6200208A6200206E6C002030B540784D
S214018D700C4601284FF0110387B001F1100516D1FA
S214018D80144A01A90AF0F4FF234601AC22461868EA
S214018D905968083303C2AB421446F7D111230D4A72
S214018DA0002001A90AF0E4FF002007B030BD012031
S214018DB0094A01A90AF0DCFF234601AC22461868DD
S214018DC05968083303C2AB421446F7D11123024A4D
S214018DD0E6E700BF75E4010079EB010030B50C460B
S214018DE0407887B001284FF011030DBF0B4A0C4A9B
S214018DF0012001A918BF01A90AF0BAFF234601AA5A
S214018E0005AD144603CCAC4218605960224603F106
S214018E100803F6D1002007B030BD00BF75E401009D
S214018E2079EB010010B50C4688B01A230C4A01A94B
S214018E3001200AF09DFF21460DF10E0304F11002F8
S214018E4051F8040B914243F8040BF9D11A23002080
S214018E50034A01A90AF08CFF002008B010BD00BF2C
S214018E6024E10100F0B58BB004460D461DF039FF34
S214018E70A8B101A812F044F988B1667B271D16F047
S214018E80020F05D00822384601A903F011F8D0B91F
S214018E9001AB46F0020603CB6060796066731A2365
S214018EA00A4A03A901200AF063FF29460DF11603B9
S214018EB00DF1260253F8040B934241F8040BF9D145
S214018EC000200BB0F0BD2D20FBE700BF24E1010020
S214018ED0F0B50546071D00220C463846082193B01A
S214018EE01DF08DFE6A7B0646D0070BD5687808A96B
S214018EF01CF03AFBDDF83D306B60DDF841307B60FD
S214018F0080B10BE0910709D5D2000121384602F065
S214018F1080021CF034FBFF28687002D12D2013B0AC
S214018F20F0BDD6B1687801A91CF0BBFA9DF81C30DB
S214018F305B0604D54FF4C6710A4821F0AEFD234600
S214018F4003AD07AC2A4603CAA2421860596015460B
S214018F5003F10803F6D10020E1E708A91CF004FBA1
S214018F60CEE700BF010C04002DE9F04106468AB0A9
S214018F701F480F4615460024FFF736FD002C01A9B1
S214018F8014BF4FF05C0C4FF0360C10238846184A7D
S214018F9012F8010B013B8CEA000013F0FF0301F805
S214018FA0010BF5D105A81EF065FC4246102105A867
S214018FB01EF064FCC4B93946324605A81EF0C6FC4C
S214018FC02A460DF1140C0DF1240E634603CB7345AE
S214018FD0106051609C4602F10802F6D114B10AB045
S214018FE0BDE8F0810124C9E72A461021E5E700BF64
S214018FF0BA6200202DE9F04791460D46C0B09DF8B3
S2140190002041DDF828811E46DFF87CA09DF824313A
S21401901007462246494640468AF8003002F08CFD53
S2140190209DB12346324641463846FFF721FEB442FB
S21401903007D9A11B3B46012289B208EB0600FFF7C0
S214019040CFFD002040B0BDE8F087A11B3B460122C2
S21401905089B208EB0600FFF7C3FD22464146684683
S21401906002F06AFD3246694638462346FFF700FE9F
S2140190709AF800200DEB040109EB040002F018FF3A
S2140190800028DED02C20DDE76E6C002038B50346C4
S214019090104601F1100451F8045BA14242F8045B4A
S2140190A0F9D104491BB1FFF7D9FC002038BDFFF701
S2140190B009FDFAE7BA62002030B5054689B069466F
S2140190C01CF073F86B8804ACABB12246294668469F
S2140190D01CF00BF80E4A08AD234603CBAB421060DA
S2140190E051601C4602F10802F6D10948FFF770FCF0
S2140190F0002009B030BD6B46054D1A4603CAA24290
S21401910028606960134605F10805F6D1EDE700BF52
S214019110BA62002050B10B4B0B4A03F1100153F811
S214019120040B8B4242F8040BF9D17047064B054AF3
S21401913003F1100153F8040B8B4242F8040BF9D1EA
S214019140704700BFBA6200209A62002008B510225C
S214019150024802F0B3FB002008BD00BFAA6200204F
S21401916008B508461022024902F0A8FB002008BDF7
S214019170AA62002010B5044686B001A9114A11233F
S21401918001200AF0F5FD9DF8143001A8E3701EF0E9
S21401919038FF80F001000C4A01A9607011230120FC
S2140191A00AF0E6FD9DF8143001A8A3701EF029FF11
S2140191B080F00100207010F03DFB6060002006B0DA
S2140191C010BD00BF75E4010079EB010010B504463F
S2140191D086B01123134A012001A90AF0C9FDA3781C
S2140191E09DF814209A4207D08DF8143000201123E0
S2140191F00C4A01A90AF0BCFD11230B4A012001A962
S2140192000AF0B6FDE3789DF814209A4207D08DF84F
S214019210143000201123044A01A90AF0A9FD06B062
S21401922010BD00BF79EB010075E401002DE9F041A6
S21401923086B0064603A80C4612F000FF0546002835
S2140192404AD1BDF80C30980646D51022294620464C
S21401925002F0E2FA01A811F053FFC0B1777B06F1E4
S214019260040817F0020F06D00822404601A902F0B2
S2140192701FFE00282ED101AB47F0020703CB70601A
S214019280C8F804107773238843F0080323802388E3
S21401929043F00203238011F00DFB60601DF021FDF9
S2140192A030B10E4B1B68A360238843F00403238070
S2140192B00B4B1A68D1035EBF238843F0100323804B
S2140192C0130203D5238843F400632380284606B09F
S2140192D0BDE8F0812D25F9E72425F7E76048002051
S2140192E06448002010B5D0E9023253F8223090B01D
S2140192F01C684022694620461CF0A9F9034630B195
S214019300224600200549FDF7EFFE10B010BD0122F0
S21401931069460820FDF792FEF7E700BF970C0400A8
S21401932070B500F0B1F800280CBF6E22792200203B
S2140193301349FDF7D9FE00F0A7F8F0B11CF09BF930
S21401934000280CBF6E22792200200E49FDF7CCFEC4
S214019350082200200C49FDF7C7FE00250B4C0C4ED9
S214019360234654F8042C314600200335FDF7BCFE95
S214019370182D04F10C04F3D170BD3F22E4E700BFC1
S214019380CF0C0400E60C0400F60C0400884900200B
S214019390150D040070B51CF053F904462149002050
S2140193A0FDF7A2FE2CB92046BDE870401E49FDF728
S2140193B09BBE00F0BBF805461C4B62690020002AE4
S2140193C008BF1A461A492668FDF78EFEA2880020B5
S2140193D01849FDF789FE1849E2880020FDF784FE4A
S2140193E0A388228913F010001ABF002013491449DC
S2140193F0FDF77AFEE26800201249FDF775FE226944
S21401940000201149FDF770FE104A114B0020B6F5F9
S214019410817F38BF13460F492A46BDE87040FDF7E5
S21401942063BE00BF4A0D0400570D04000DDD0300A6
S214019430780D0400960D0400B70D0400D40D040049
S214019440F10D04000F0E04002D0E0400420D040061
S214019450380D04004B0E040038B5014600230C25D8
S214019460084A05FB03F4A0181459013404D10C2250
S21401947002F024FA002038BD0133082BF1D1012077
S214019480F9E700BF84490020034B1878012894BFF0
S21401949000200120704700BFCC62002038B504468A
S2140194A0044D2878A04203D021461CF0A9F82C7060
S2140194B038BD00BFCC62002000B58FB03422002139
S2140194C001A802F0A9F901A8EEF710FB0598D0B1A2
S2140194D082680E4BB2F5803F34BF92B2C2F38F2240
S2140194E041881A81028828BF41F010011A6042683B
S2140194F09980DA80C268DA6002691A6142695A6143
S214019500027E18461A760FB05DF804FB0849002063
S214019510054B1B7820B1012B04D80220FFF7BEBFF4
S214019520012BFBD8704700BFCC62002010B5084C59
S214019530237853B91CF084F80123237028B10368FB
S214019540B3F5817F24BF037E2370207810BD00BF52
S214019550CB62002070B5184B1B78012B2BD81CF062
S21401956052F8164D024616490020FDF7BDFD0120B2
S214019570FFF7CEFF2E78FF2E1DD1FFF79DFFC8B156
S214019580848860223146C4F340040E482C7002F0F1
S21401959043F9602231460C4802F03EF95CB1FFF710
S2140195A0C5FF042807D9BDE8704040F22B110748D3
S2140195B021F073BA287070BDCC6200206F6C002059
S2140195C06E0E04008449002024490020800E040009
S2140195D02DE9F04FDFF884928DB003AB074688463D
S2140195E0144699E8070083E80700FFF7B3FFFFF783
S2140195F09DFF944B06461D784B46012D40F0708129
S214019600012840F27281B7FBF0F200FB1272002AC9
S21401961000F06B818C4900228B46D1F800C0BCF16A
S214019620FF3F04D0087A6044874200F01981013276
S214019630082A01F10C01F0D193E8070006AE0DF1FE
S214019640240A86E807008AE80700FFF76FFFB7FBE2
S214019650F0FB00FB1B7BA0EB0B094A464146064686
S2140196600AA809978DF82C9002F066FA00224FF0AE
S2140196700C0E764902E00132082A0ED00EFB02F0EB
S21401968000EB010C08580130F5D19AE807008CE888
S21401969007006F490A7801320A70A14504DD4FF4CC
S2140196A0E2716C4821F0F9F9A41B5C444F44A1B265
S2140196B017FA84F4B4FBF6F206FB1242C8448E1A7B
S2140196C091B1A41A08EB060107A88DF8202006948C
S2140196D002F032FA06A8FFF7BFFEFF2804D140F2D7
S2140196E0D9115C4821F0D9F9B6B2B6B10320FFF71B
S2140196F0D5FE802E0AD832464146574802F01CFA5B
S2140197003246384654491BF086FF05460220FFF7CD
S214019710C5FE28460DB0BDE8F08F0025F9E74FF4E9
S2140197200E714C4821F0B9F9464B1B78012B00F01D
S214019730E380002C36D00320FFF7B0FE802C2FD814
S21401974022464146444802F0F7F922463846424945
S2140197501BF061FF05460220FFF7A0FEDFF8F09040
S21401976099F8003093B1039CFFF7E0FE374B0027D2
S21401977098461A68511C04D0197A411A521A944212
S21401978024D00137082F03F10C03F2D1002DC0D1EC
S214019790039B0133C1D003A8FFF75EFE0546B8E779
S2140197A00125D8E72546D9E740F26D21294821F061
S2140197B074F9012524E0012D30D0802E2FD83246B1
S2140197C0254903981BF027FF054628E0002DA0D168
S2140197D00C247C4308EB04039DF814A093F808B00E
S2140197E00AEB0B03802BDFDC1B4B524604A9184601
S2140197F002F0A2F9211D5A464144504402F09CF958
S2140198000C2303FB07839DF814201B7A13449E4206
S214019810D1D040F273210F4821F03FF901250220F3
S214019820FFF73CFE99F8003013B1013B89F8003090
S2140198304FF0FF3308EB040248F80430C2E9013365
S21401984067E700BF6F6C0020844900202449002090
S214019850CA620020800E040088480020385D04009B
S2140198604FF00C0A0AFB02B3187AA6EB00095FFA5E
S21401987089F9A14501D35FFA84F90AFB02FA0AF1D4
S214019880040528444A464146584402F055F90BEB74
S2140198900A031A7AA4EB09044A44D2B2B242A4B229
S2140198A01A7219D103200193FFF7F8FD32460BEB2C
S2140198B005015BF80A001BF0AEFE05460220FFF725
S2140198C0EDFD4FF0FF32019B4BF80A20C3E9012260
S2140198D0002D7FF41EAFC844002C3FF41EAF4F444A
S2140198E0104B1B78012B7FF424AFB7FBF6F306FB76
S2140198F01373002B7FF413AFE319B3FBF6F506FBE6
S2140199001535002D3FF415AF641B5B1B08EB0401F6
S2140199102A4604A80393A4B202F00EF98DF8145057
S21401992007E700BF6F6C002070B5134B1B78012B47
S2140199300CD1FFF70FFE0026104D55F8043C0133FD
S21401994006D10336182E05F10C05F6D1002411E0D8
S2140199500320FFF7A3FD55F8044CFFF7E7FD294662
S214019960024620461BF057FE04460220FFF796FDEE
S214019970002CE6D0204670BD6F6C00208849002080
S21401998070B505460C46FFF7E5FD0520FFF786FD99
S214019990214628461BF04DFE06460220FFF77EFDB7
S2140199A000220A4B2C441968481C08D0A94206D349
S2140199B0A1423EBF4FF0FF31C3E900119960033267
S2140199C0182A03F10C03EED1304670BD84490020FD
S2140199D0D0E9023253F8223010B51C68204600F058
S2140199E095FA28B12146BDE81040024800F002BEB3
S2140199F010BD00BFFE0E040008B5D0E9023253F8D0
S214019A002230186800F06CF920B1BDE80840024821
S214019A1000F0F0BD08BD00BF200F04002DE9F041A5
S214019A20D0E9023253F8221003EB82035B680F6819
S214019A301D789AB0642D04D96421114800F0DAFD2E
S214019A4064252A46384601A900F002F9044698B969
S214019A500C4800F0CFFDDFF8348001AE013DA54291
S214019A6002DC1AB0BDE8F0813919404616F8012B20
S214019A7000F0C0FD0134F2E7034800F0BBFDF0E75B
S214019A80430F0400630F04008D0F04007A0F0400D7
S214019A902DE9F04700252D4FDFF8E080DFF8E09054
S214019AA08CB0284603A900F0EFF810B10CB0BDE861
S214019AB0F087049B2946039A0093384600F09AFDE6
S214019AC0404600F097FD059910290CD810290CD8AE
S214019AD0DFE801F00F14320B340B0B0B360B0B0BBC
S214019AE00B0B0B0B3A0020292CD0194800F082FDF5
S214019AF007E0184800F07EFD0135D2E7164800F071
S214019B0079FD0699484600F075FD0799134800F05F
S214019B1071FD134800F06EFD1024DFF868A00DF10A
S214019B201F06504616F8011F013C00F063FD14F0B5
S214019B30FF04F6D10B48DDE70B48E0E70B48DEE70C
S214019B400B48DCE70B48DAE70B48D8E7A80F040018
S214019B504D100400FD0F04000D10040073100400E6
S214019B608B10040012B20300151004001D1004002F
S214019B70261004003110040048100400EC0F040005
S214019B805C1004009C10040010B50B4C8EB02378BA
S214019B905BB9EDF725FF014650B9012301A82370F3
S214019BA0EDF7A4FF054B049A1A6020780EB010BD9D
S214019BB0034800F01FFDF8E7CD620020C84C0020E6
S214019BC0A210040000B58FB0FFF7DEFF002829D0F1
S214019BD001A8EDF78BFF059B1448198800F00AFDD4
S214019BE0059B13485969134B002908BF194600F015
S214019BF001FD059B1048598800F0FCFC059B0F48A9
S214019C00196900F0F7FC059B0D48D96800F0F2FCD5
S214019C10059B0C48197E00F0EDFC0B4B0B481968B0
S214019C2000F0E8FC0FB05DF804FB00BFDF10040095
S214019C30F11004000DDD03000311040017110400E8
S214019C402B1104003F110400C84C002053110400DE
S214019C5070B5064615460C4679B172B1FFF794FF0A
S214019C6068B121462A463046EEF74AF8014618B151
S214019C70044800F0BFFC012070BD2120FCE7112044
S214019C80FAE700BF6511040037B505460C46FFF735
S214019C907BFFE0B1114B1B68AB421AD9CCB1002156
S214019CA02422204601F0B8FD2146284616F07EFE05
S214019CB088B9284601AA04F10801EDF7D3FF20B1BF
S214019CC040F20643C01A18BF012003B030BD112070
S214019CD0FBE72120F9E70120F7E700BFC84C002089
S214019CE0F0B593B00546FFF74FFF002845D0254B4A
S214019CF01A68AA4207D829462348013A00F07AFC96
S214019D00212013B0F0BD05A8EDF7F0FE284603A903
S214019D1016F04CFE98BB049A22F4FF57C2F30C03CC
S214019D2027F01F072BB14FF400532946174800F0C0
S214019D3061FC039E7FB120F0BDFE30464FF400511A
S214019D40EEF76AF83346044606F5005650B9039B0B
S214019D50F31ABB42EFD32A4639460D4800F04AFCB7
S214019D60002406E000902A464FF40051094800F00E
S214019D7041FC201E18BF0120C3E71120C1E70120C6
S214019D80BFE700BFC84C0020931104004112040035
S214019D9000130400AF12040010B5044638B1FFF7F3
S214019DA0F3FE30B10020044B1B68236010BD212058
S214019DB0FCE71120FAE700BFC84C002010B50446A6
S214019DC0FFF7E2FEB0B10C4B1A68A24206D8214654
S214019DD00A48013A00F00EFC212010BD20F06AFE70
S214019DE040F2C12220460649EDF7FCFE003818BFB6
S214019DF00120F2E71120F0E7C84C0020931104007F
S214019E00044A002010B50446FFF7BEFE70B1214695
S214019E100848EDF707FF40F20323984208D040F2C6
S214019E20012398420CBF0520012010BD1120FCE73C
S214019E300020FAE7044A00202DE9F0412D4D0446A2
S214019E402F68FFF7A1FE002851D02968A14207D844
S214019E504A1E2948214600F0CDFB2120BDE8F081AD
S214019E602648EDF79FFEDFF894800246B0B94346D8
S214019E702E68964222D1BE4214BF3A4606F1FF3200
S214019E8012BB31461D48C8F80040EDF76BFE01468F
S214019E9000B31B4800F0AEFB0120DFE72046EDF7DC
S214019EA041FE044638B10146164800F0A3FB201EC9
S214019EB018BF0120D2E7EDF791FCF8E753F8041B31
S214019EC08C42DDD00132D4E70C499200081D01F026
S214019ED0F5FCD6E729680948EDF764FE044610B19B
S214019EE001460948D6E7EDF779FC2046B6E711208A
S214019EF0B4E700BFC84C002093110400E4490020D9
S214019F00461304001C13040079130400F8B5044634
S214019F10FFF73AFE002845D0234B1A68A24207D81D
S214019F2021462248013A00F065FB21242046F8BD6F
S214019F301F4800F05FFB20F0BDFD40F2C1221D4925
S214019F402046EDF74FFE40F20327054620F0B2FD0E
S214019F50184E65B140F203239D421AD02946164891
S214019F6000F048FB0124154800F044FBDEE720F032
S214019F70A1FD29463046EDF755FEB84209D040F21C
S214019F800123984203D10E4800F034FBE1E7054671
S214019F90DFE721460B4800F02DFB2046FFF74CFF7C
S214019FA00446E0E71124C1E7C84C002093110400E1
S214019FB0B0130400044A0020D013040012B20300B8
S214019FC019E90300E813040010B50A46044619B15E
S214019FD0024B00211B68984710BD00BF445D04007A
S214019FE010B5114C2378580744BF23F0040323709F
S214019FF02378990705D500F05DF8237823F002034E
S21401A000237063781BB10023084A63605360002302
S21401A010082106486370FFF7D7FF2378DA0744BFA5
S21401A02023F00103237010BDCC4C0020D04C00203F
S21401A03038B51A4C62782378022A01D1072B11D041
S21401A040DD0712D52378980707D400F02BF823787C
S21401A050054643F00203237080B96278237882B103
S21401A0605A0716D50025284638BD17F061FC237817
S21401A070054643F0010323700028E3D0FFF7B0FF45
S21401A080F1E7D907ECD5064962604A6002226270A0
S21401A090E6E743F004032370E4E700BFCC4C00205E
S21401A0A0D04C00200122024B002083F8F02070479C
S21401A0B0D84C00202DE9F0410A4C002526464FF0E9
S21401A0C0010803272046C4F81C80277601351BF0BB
S21401A0D0FDFA062D04F12804F4D1002386F8F030A9
S21401A0E0BDE8F081D84C00202DE9F04F984691B09C
S21401A0F00B1E0A93B44B914614BF83469B4600251C
S21401A1001A9E98F8000070B94D4538BF2A464B464E
S21401A1104FF000000A9928BF09F1FF32D8472846B8
S21401A12011B0BDE8F08F252808F1010806D02A46AF
S21401A1304B460A996C1CD8472546E2E70023414660
S21401A14011F8012B2B2A16D00AD8202A16D0232A3A
S21401A15017D0A2F13000092834D800270A2418E0C5
S21401A1602D2A05D0302AF4D143F001038846E6E7CC
S21401A17043F00203FAE743F00403F7E743F008036A
S21401A180F4E743F01003F1E7884604FB0722A2F147
S21401A1903007414611F8012BA2F130000928F3D906
S21401A1A098F800202E2A52D198F8011008F10102E1
S21401A1B0A1F13000092843F480633ED800244FF013
S21401A1C00A0E11E02A2A08D156F8047B8846002F89
S21401A1D0BCBF43F002037F42E2E70027E0E7024606
S21401A1E00EFB0411A1F13004104610F8011BA1F179
S21401A1F0300CBCF1090FF2D99046424612F8011B09
S21401A2006C292DD025D8682933D06A293BD04246FF
S21401A210904618F8010B672860D8572836D8452885
S21401A22008D084D9462800F0188147287FF47FAFEC
S21401A23043F4006343F0200327E12A2906D156F8A8
S21401A240044B08F1020824EAE474D6E79046002499
S21401A250D3E7742901D07A29D9D143F48073D7E79B
S21401A26098F801106C29F8D143F4407308F1020202
S21401A270CEE798F80110682902D043F08003C7E7BB
S21401A28043F0C003F2E743F40073C1E7A0F15802BC
S21401A2900F2A3FF64CAF01A151F822F03DA3010071
S21401A2A02FA101002FA101002FA101002FA1010064
S21401A2B02FA101002FA101002FA101002FA1010054
S21401A2C02FA101003DA30100A9A401003DA30100A7
S21401A2D07FA401005FA401007FA40100A0F1690131
S21401A2E0C9B20F293FF623AF012249F2410C8A4039
S21401A2F012EA0C0218D10A2900F0158107297FF409
S21401A30016AF43F0210305930823CDE90343102339
S21401A310CDE9012356F8043B2A46009358464B469E
S21401A3200A991BF0C3FAA8E06F2800F05E8110D9E5
S21401A330782808D1102223F00C0310E0582839D0D1
S21401A340622800F054810A2223F01003642806D004
S21401A350F1E769284FF00A0223F01003F6D15905F8
S21401A36048BF23F00103692803F4007101D0642873
S21401A37040D111B3073626F00706B24670685AF880
S21401A380081BCDE9077300230593C30F002802932A
S21401A39006940B46049202DA4B4260EB4000CDE98C
S21401A3A000304B462A4658460A991BF0C1FA054624
S21401A3B05646A6E643F02003BCE7D90506F1040A93
S21401A3C004D5316805E000BF0F57030058060CD5C9
S21401A3D03178CDE90224CDE9047300294FEAD1731F
S21401A3E00193B8BF4942009120E01906E9D5B6F9B4
S21401A3F00010EEE779B1CDE907730023CDE9042318
S21401A40006F1070A2AF0070A06940293FAE80223DD
S21401A410CDE90023C5E7D80506F1040A0DD5CDE937
S21401A4200473CDE902240191336800934B462A4612
S21401A43058460A991BF03AFAB9E7590607D5317812
S21401A440CDE904730023CDE902240193CBE73168FB
S21401A45013F0800F18BF89B2F2E743F02003CDE96D
S21401A4600173073626F007060094B6EC020B4B463E
S21401A4702A4658460A99EAF78BF9054641E600F05E
S21401A480DF00472801D143F40063CDE901730736A5
S21401A49026F007060094B6EC020B4B462A465846B1
S21401A4A00A99E9F7B9FFE8E713F0020426D04FF05E
S21401A4B0010A6B1C0B932A464B460A9916F8040BA5
S21401A4C0D84774B354460B9A21E04B4620200A998C
S21401A4D0D8470AEB05020AF1010A5745F5D83A1E94
S21401A4E018BF0122002A07F1FF3308BF002307F136
S21401A4F0010A1D4408BF4FF0020ADAE7A246E8E760
S21401A500551C4B4620200A99D8472A460134BC429E
S21401A510F6D3A7EB0A03574538BF00230B9A1A4414
S21401A5200B920B9DEDE53246002C52F8046B14BFDE
S21401A53021464FF0FF310B9232463144107808B174
S21401A540914211D1A2EB060A13F480620C9202D05A
S21401A550A24528BFA24613F002030D931BD1AAEB16
S21401A56005032A460F9308E00132E7E7531C0E93D2
S21401A57020204B460A99D8470E9A0F9BD318BB4208
S21401A580F4D3A7EB0A03574538BF00230AF10102AB
S21401A5901D4403EB020AAB1B0E9304E01C464B461C
S21401A5A02A460A99D8470E9BF51816F8010B28B1CA
S21401A5B00C9B002BF3D0631E002CEFD10D9B93B1A7
S21401A5C02A46AAEB050405E0561C4B4620200A99AC
S21401A5D0D84732461319BB42F6D3A7EB0A035745B1
S21401A5E038BF00231D440B9E8BE50822A3E60222FA
S21401A5F0A1E600BF0FB41FB506AA52F8043B02A994
S21401A6000392009204484FF0FF32FFF76DFD05B04C
S21401A6105DF804EB04B07047D15903001FB503463B
S21401A62000914FF0FF3203A90248FFF75DFD05B028
S21401A6305DF804FBD15903001FB5CDE90201009373
S21401A64002A9134603484FF0FF32FFF74DFD05B050
S21401A6505DF804FBD95903001FB5094B094A186870
S21401A660094B01A91860094B1360094A0192094A6E
S21401A6701268CDE9022317F002FA05B05DF804FB73
S21401A680D8680020D03D0020D43D0020CC680020B2
S21401A690EB4B040088500020014B186817F003BAF2
S21401A6A0D868002038B5F1F71BFE0446064D2B6826
S21401A6B0D3F8B002F1F708FE286817F007FA20462B
S21401A6C0BDE83840F1F700BED868002010B51F4C31
S21401A6D0EFF7DCFE236F012023F0070343F00203AC
S21401A6E02367EFF7E1FED4F82031002023F00703BB
S21401A6F043F00103C4F82031D4F8403123F00303BA
S21401A70043F00103C4F84031D4F8603123F0030369
S21401A71043F00103C4F86031D4F8403223F0030358
S21401A72043F00103C4F84032D4F8003223F00703A3
S21401A73043F00103C4F80032D4F8083223F00703CB
S21401A74043F00103C4F8083210BD00BF008000507A
S21401A750064B1B681A7A022A01D81AB97047032ACF
S21401A76000D070471B68024A13607047DC680020FF
S21401A770885000200022024B5A60DA601A60704747
S21401A7808C50002008B501F037FF0022014B1A70EB
S21401A79008BD00BFCE6200200A4601491BF086B9FB
S21401A7A0DD7504000A4601491BF080B9D87504001E
S21401A7B00A4601491BF07AB9D17504000A460149D7
S21401A7C01BF074B9CE7504000A4601491BF06EB938
S21401A7D0CB7504000A4601491BF068B9C67504002A
S21401A7E00A4601491BF062B9C17504000A460149CF
S21401A7F01BF05CB9BC7504000A4601491BF056B94A
S21401A800B575040081F0004102E000BF83F000430B
S21401A81030B54FEA41044FEA430594EA050F08BFF5
S21401A82090EA020F1FBF54EA000C55EA020C7FEAB9
S21401A830645C7FEA655C00F0E2804FEA5454D4EB36
S21401A8405555B8BF6D420CDD2C4480EA020281EA00
S21401A850030382EA000083EA010180EA020281EA38
S21401A8600303362D88BF30BD11F0004F4FEA01318A
S21401A8704FF4801C4CEA113102D0404261EB410199
S21401A88013F0004F4FEA03334CEA133302D052421F
S21401A89063EB430394EA050F00F0A780A4F10104DB
S21401A8A0D5F1200E0DDB02FA0EFC22FA05F2801815
S21401A8B041F1000103FA0EF2801843FA05F35941FB
S21401A8C00EE0A5F120050EF1200E012A03FA0EFC7A
S21401A8D028BF4CF0020C43FA05F3C01851EBE371A4
S21401A8E001F0004507D54FF0000EDCF1000C7EEBC1
S21401A8F000006EEB0101B1F5801F1BD3B1F5001FFF
S21401A9000CD349085FEA30004FEA3C0C04F101041D
S21401A9104FEA445212F5800F80F09A80BCF1004F46
S21401A92008BF5FEA500C50F1000041EB045141EAC8
S21401A930050130BD5FEA4C0C404141EB0101013C91
S21401A94028BFB1F5801FE9D291F0000F04BF014680
S21401A9500020B1FA81F308BF2033A3F10B03B3F152
S21401A96020020CDA0C3208DD02F1140CC2F10C02E2
S21401A97001FA0CF021FA02F10CE002F11402D8BF40
S21401A980C2F1200C01FA02F120FA0CFCDCBF41EA0C
S21401A9900C019040E41AA2BF01EB0451294330BDDB
S21401A9A06FEA04041F3C1CDA0C340EDC04F11404B8
S21401A9B0C4F1200220FA04F001FA02F340EA03008F
S21401A9C021FA04F345EA030130BDC4F10C04C4F1D5
S21401A9D0200220FA02F001FA04F340EA03002946B5
S21401A9E030BD21FA04F0294630BD94F0000F83F4FF
S21401A9F0801306BF81F480110134013D4EE77FEAE2
S21401AA00645C18BF7FEA655C29D094EA050F08BF2D
S21401AA1090EA020F05D054EA000C04BF194610460E
S21401AA2030BD91EA030F1EBF0021002030BD5FEA52
S21401AA30545C05D14000494128BF41F0004130BD7A
S21401AA4014F580043CBF01F5801130BD01F00045CE
S21401AA5045F0FE4141F470014FF0000030BD7FEA41
S21401AA60645C1ABF194610467FEA655C1CBF0B463C
S21401AA70024650EA013406BF52EA033591EA030F53
S21401AA8041F4002130BD00BF90F0000F04BF00214B
S21401AA90704730B54FF4806404F132044FF000057E
S21401AAA04FF0000150E700BF90F0000F04BF0021F7
S21401AAB0704730B54FF4806404F1320410F000455D
S21401AAC048BF40424FF000013EE700BF42004FEA58
S21401AAD0E2014FEA31014FEA02701FBF12F07F43D5
S21401AAE093F07F4F81F06051704732F07F4208BF8C
S21401AAF0704793F07F4F04BF41F40021704730B593
S21401AB004FF4607401F0004521F000411CE700BFDE
S21401AB1050EA010208BF704730B54FF000050AE061
S21401AB2050EA010208BF704730B511F0004502D562
S21401AB30404261EB41014FF4806404F132045FEA64
S21401AB40915C3FF4D8AE4FF003025FEADC0C18BF0D
S21401AB5003325FEADC0C18BF033202EBDC02C2F1FF
S21401AB60200300FA03FC20FA02F001FA03FE40EA91
S21401AB700E0021FA02F11444BDE600BF70B54FF095
S21401AB80FF0C4CF4E06C1CEA11541DBF1CEA135573
S21401AB9094EA0C0F95EA0C0F00F0DEF82C4481EADB
S21401ABA0030621EA4C5123EA4C5350EA013518BFFB
S21401ABB052EA033541F4801143F4801338D0A0FBE8
S21401ABC002CE4FF00005E1FB02E506F00042E0FB95
S21401ABD003E54FF00006E1FB03569CF0000F18BF9B
S21401ABE04EF0010EA4F1FF04B6F5007F64F5407443
S21401ABF004D25FEA4E0E6D4146EB060642EAC621D6
S21401AC0041EA55514FEAC52040EA5E504FEACE2E42
S21401AC10B4F1FD0C88BFBCF5E06F1ED8BEF1004F45
S21401AC2008BF5FEA500E50F1000041EB045170BDC1
S21401AC3006F0004646EA010140EA020081EA030105
S21401AC40B4EB5C04C2BFD4EB0C0541EA045170BD01
S21401AC5041F480114FF0000E013C00F3AB8014F17B
S21401AC60360FDEBF002001F0004170BDC4F10004C4
S21401AC70203C35DA0C341BDC04F11404C4F1200545
S21401AC8000FA05F320FA04F001FA05F240EA0200A0
S21401AC9001F0004221F0004110EBD37021FA04F6D6
S21401ACA042EB06015EEA430E08BF20EAD37070BD90
S21401ACB0C4F10C04C4F1200500FA04F320FA05F0EF
S21401ACC001FA04F240EA020001F0004110EBD370F1
S21401ACD041F100015EEA430E08BF20EAD37070BD61
S21401ACE0C4F1200500FA05F24EEA020E20FA04F33A
S21401ACF001FA05F243EA020321FA04F001F00041E9
S21401AD0021FA04F220EA020000EBD3705EEA430E59
S21401AD1008BF20EAD37070BD94F0000F0FD101F088
S21401AD200046400041EB010111F4801F08BF013CC1
S21401AD30F7D041EA060195F0000F18BF704703F0FF
S21401AD400046520043EB030313F4801F08BF013D86
S21401AD50F7D043EA0603704794EA0C0F0CEA135542
S21401AD6018BF95EA0C0F0CD050EA410618BF52EAFC
S21401AD704306D1D181EA030101F000414FF0000002
S21401AD8070BD50EA410606BF1046194652EA430610
S21401AD9019D094EA0C0F02D150EA013613D195EA84
S21401ADA00C0F05D152EA03361CBF104619460AD1CC
S21401ADB081EA030101F0004141F0FE4141F47001D6
S21401ADC04FF0000070BD41F0FE4141F4780170BDC6
S21401ADD070B54FF0FF0C4CF4E06C1CEA11541DBF2B
S21401ADE01CEA135594EA0C0F95EA0C0F00F0A7F82D
S21401ADF0A4EB050481EA030E52EA03354FEA01315A
S21401AE0000F088804FEA03334FF0805545EA13136C
S21401AE1043EA12634FEA022245EA111545EA106534
S21401AE204FEA00260EF000419D4208BF964244F1CB
S21401AE30FD0404F5407402D25B084FEA3202B61AEA
S21401AE4065EB03055B084FEA32024FF480104FF4BE
S21401AE50002CB6EB020E75EB030E22BFB61A754632
S21401AE6040EA0C005B084FEA3202B6EB020E75EBC5
S21401AE70030E22BFB61A754640EA5C005B084FEA2D
S21401AE803202B6EB020E75EB030E22BFB61A7546FA
S21401AE9040EA9C005B084FEA3202B6EB020E75EB05
S21401AEA0030E22BFB61A754640EADC0055EA060EC6
S21401AEB018D04FEA051545EA16754FEA06164FEA09
S21401AEC0C30343EA52734FEAC2025FEA1C1CC0D1B5
S21401AED011F4801F0BD141EA00014FF000004FF042
S21401AEE0004CB6E711F4801F04BF01430020B4F103
S21401AEF0FD0C88BFBCF5E06F3FF6AFAEB5EB030CBB
S21401AF0004BFB6EB020C5FEA500C50F1000041EBB7
S21401AF10045170BD0EF0004E4EEA113114EB5C0484
S21401AF20C2BFD4EB0C0541EA045170BD41F4801157
S21401AF304FF0000E013C90E645EA060E8DE60CEA5F
S21401AF40135594EA0C0F08BF95EA0C0F3FF43BAF7C
S21401AF5094EA0C0F0AD150EA01347FF434AF95EA33
S21401AF600C0F7FF425AF104619462CE795EA0C0F17
S21401AF7006D152EA03353FF4FDAE1046194622E7E4
S21401AF8050EA410618BF52EA43067FF4C5AE50EABE
S21401AF9041047FF40DAF52EA43057FF4EBAE12E7AE
S21401AFA04FF0FF3C06E000BF4FF0010C02E000BF8F
S21401AFB04FF0010C4DF804CD4FEA410C7FEA6C5C72
S21401AFC04FEA430C18BF7FEA6C5C1BD001B050EA15
S21401AFD0410C0CBF52EA430C91EA030F02BF90EA00
S21401AFE0020F0020704710F1000F91EA030F58BFBF
S21401AFF0994208BF90422CBFD8176FEAE37040F021
S21401B000010070474FEA410C7FEA6C5C02D150EABE
S21401B010013C07D14FEA430C7FEA6C5CD6D152EA79
S21401B020033CD3D05DF8040B704700BF844610463E
S21401B03062468C461946634600E000BF01B5FFF73D
S21401B040B7FF002848BF10F1000F01BD4DF808ED0D
S21401B050FFF7F4FF0CBF012000205DF808FB00BFDE
S21401B0604DF808EDFFF7EAFF34BF012000205DF838
S21401B07008FB00BF4DF808EDFFF7E0FF94BF012085
S21401B08000205DF808FB00BF4DF808EDFFF7CEFF86
S21401B09094BF012000205DF808FB00BF4DF808EDC5
S21401B0A0FFF7C4FF34BF012000205DF808FB00BF96
S21401B0B04FEA410212F5001215D211D56FF47873DA
S21401B0C0B3EB625212D94FEAC12343F0004343EA7D
S21401B0D0505311F0004F23FA02F018BF4042704758
S21401B0E04FF00000704750EA013005D111F00040E2
S21401B0F008BF6FF0004070474FF00000704700BF78
S21401B1004A0011D212F5001211D20DD56FF47873E0
S21401B110B3EB62520ED44FEAC12343F0004343EA35
S21401B120505323FA02F070474FF00000704750EA80
S21401B130013002D14FF0FF3070474FF000007047EA
S21401B14053B94AB9002908BF00281CBF4FF0FF3188
S21401B1504FF0FF3000F08CB9ADF1080C6DE904CE6C
S21401B16000F006F8DDF804E0DDE9022304B07047DC
S21401B1702DE9F04F099D0E4604460F46002B47D198
S21401B1808A429446B2FA82F35AD943B102FA03FCD0
S21401B190C3F120029F409C4020FA02F217434FEA77
S21401B1A01C461FFA8CFE220CB7FBF6F106FB117744
S21401B1B001FB0EF042EA0742904208D91CEB02025C
S21401B1C001F1FF3702D2904200F23C813946121A51
S21401B1D0A4B2B2FBF6F006FB102200FB0EFE44EA18
S21401B1E00244A64508D91CEB040400F1FF3202D242
S21401B1F0A64500F22A81104640EA0140A4EB0E045F
S21401B20000211DB1DC400023C5E90043BDE8F08FF5
S21401B2108B4205D90DB1C5E9000100210846F5E7C5
S21401B220B3FA83F100294FD1B342C0F002818242C2
S21401B23040F2FF800846002DE8D0C5E90047E5E763
S21401B240002B40F0AF808A1A4FEA1C4E1FFA8CF78B
S21401B2500121B2FBFEF60EFB1620220C42EA00424A
S21401B26007FB06F090420FD91CEB020206F1FF38ED
S21401B2702CBF4FF001094FF00009904203D9B9F1F4
S21401B280000F00F0DC804646121AA4B2B2FBFEF0B4
S21401B2900EFB102200FB07F744EA0244A7420FD92F
S21401B2A01CEB040400F1FF322CBF4FF0010E4FF0EF
S21401B2B0000EA74203D9BEF1000F00F0C980104668
S21401B2C0E41B40EA06409CE7C1F120048B4006FAE5
S21401B2D001FC00FA01FE22FA04F7E6408A401F4309
S21401B2E020FA04F34FEA174843EA0C031FFA87FCD7
S21401B2F04FEA1349B6FBF8F008FB106649EA064622
S21401B30000FB0CF9B1450ED9BE1900F1FF3A2CBF6E
S21401B3104FF0010B4FF0000BB14503D9BBF1000F05
S21401B32000F0A2805046A6EB09061FFA83F9B6FB89
S21401B330F8F308FB136603FB0CFC49EA0646B44522
S21401B3400ED9BE1903F1FF382CBF4FF001094FF09B
S21401B3500009B44503D9B9F1000F00F082804346D5
S21401B36043EA0040A6EB0C06A0FB028C664543466A
S21401B370E14602D307D1C64505D2B8EB02036CEB12
S21401B380070C0138E1465DB1BEEB030266EB090628
S21401B39006FA04F422FA01F3CE401C43C5E900463E
S21401B3A0002133E702FA03FCC3F1200299409C40D6
S21401B3B0D6404FEA1C4E20FA02F21FFA8CF7B6FB73
S21401B3C0FEF00A430EFB1066110C41EA064100FB33
S21401B3D007F68E420ED91CEB010100F1FF382CBF97
S21401B3E04FF001094FF000098E4202D9B9F1000F62
S21401B3F034D04046891B92B2B1FBFEF60EFB161105
S21401B40042EA014206FB07F191420ED91CEB020209
S21401B41006F1FF382CBF4FF001094FF000099142A9
S21401B42002D9B9F1000F16D04646521A46EA004133
S21401B4300FE7841A66EB030201201746FBE6023E7D
S21401B440624421E702396244C1E664440238D3E625
S21401B4506444023834E7023E6244E6E70238614457
S21401B460C8E7023B3E447BE702383E445BE700BF49
S21401B470704700BF2DE9F04F924685B089461E46BB
S21401B4800D46554A0390294615F8014B135D13F0F6
S21401B4900803F8D12D2C7CD02B2C4ED04FF0FF3149
S21401B4A002936FF00043CDE9001336F0100851D037
S21401B4B037464FEAE6783A464346DDE90001FFF7AC
S21401B4C03FFE002383468E4618461946A44613E0DF
S21401B4D0ACF13704A6421FDD002B09DB83457EEB6A
S21401B4E0010305D38E4508BF83453BD1A24239DA15
S21401B4F04FF0FF3315F801CBACF13004092CE9D934
S21401B500ACF14104192CE3D9ACF16104192C03D830
S21401B510ACF15704A642DFDC5A1C2FD0029A12B1B6
S21401B520404261EB4101BAF1000F03D0002B48D134
S21401B530CAF8009005B0BDE8F08F4FF0FF300293D7
S21401B54036F010086FF000432C7801F10205CDE9C2
S21401B5500003ADD1302C25D0002E3AD10A27B046B3
S21401B5603E46A8E700FB08F307FB0133A0FB0701F3
S21401B5700B44201843EBE4710123BBE72223039A13
S21401B5801360BAF1000F17D005F1FF39DDE90001AC
S21401B590CEE74FF00047009301232C788D1CCDE9B0
S21401B5A0017382E72B7803F0DF03582B0CD086B9A2
S21401B5B00827B0463E467EE7DDE9000105B0BDE856
S21401B5C0F08FCDE90001DFE710276C7802353E46A3
S21401B5D071E710273E466EE7E57504004AE700BFAF
S21401B5E010B4044C13460A46014620685DF8044B25
S21401B5F040E700BF0C69002010B4044C13460A460D
S21401B600014620685DF8044B34E700BF0C69002052
S21401B61020F0030110F00300C0F1000051F8043BD4
S21401B62000F1040C4FEACC0C6FF000021CBF22FAAA
S21401B6300CF213434FF0010C4CEA0C2C4CEA0C4C68
S21401B640A3EB0C0222EA030212EACC1204BF51F861
S21401B650043B0430F4D0C2F1000102EA0102B2FA5E
S21401B66082F2C2F11F0200EBD20070472DE9F047CB
S21401B67080460C464548264614F801EB10F80EC0E5
S21401B6801CF0080CF7D1BEF12D0F5BD0BEF12B0FCD
S21401B6903AD0654633F010003ED04FF0FF379A4659
S21401B6A0B7FBF3F703FB07F96FEA090900263046F3
S21401B6B00EE0AEF1370C63451DDD002E04DBB8420B
S21401B6C002D833D1CC4531DD4FF0FF3614F801EB0B
S21401B6D0AEF1300CBCF1090FEDD9AEF1410CBCF165
S21401B6E0190FE6D9AEF1610CBCF1190F03D8AEF112
S21401B6F0570C6345E1DC731C1CD005B140420AB10E
S21401B700F6B91160BDE8F08733F0100094F800E058
S21401B710654606F10204C0D1BEF1300F17D06BBBEF
S21401B7200A234FF005091A4F9A46BFE700FB0AC0E5
S21401B7300126CBE722233046C8F80030002AE1D0A4
S21401B740611EDEE794F800E00125B41CA2E720782C
S21401B75000F0DF00582807D083B908234FF0070907
S21401B7606FF060479A46A1E7102394F801E04FF086
S21401B7700F0902346FF070479A4697E710234FF08F
S21401B7800F096FF070479A4690E700BFE575040011
S21401B790999999196AE700BF10B4044C13460A46F2
S21401B7A0014620685DF8044B60E700BF0C69002085
S21401B7B010B4044C13460A46014620685DF8044B53
S21401B7C054E700BF0C6900200F4B70B50F4DAB421C
S21401B7D0A3EB050607D0B6100024013455F8043B48
S21401B7E09847A642F9D80A4D1FF05AFB094B5E1B33
S21401B7F0AB424FEAA60606D00024013455F8043BB6
S21401B8009847A642F9D870BDA06C0020A06C002015
S21401B810A06C0020A46C002070B5860747D0541E8B
S21401B820002A3ED0CAB2034601E0013C39D303F8F0
S21401B830012B9D07F9D1032C2CD9CDB20F2C05EB8A
S21401B840052505EB054535D9A4F1100C03F1100EBD
S21401B8501A462CF00F064FEA1C1CB644C2E90055E6
S21401B860C2E9025510327245F8D10CF1010214F00A
S21401B8700C0F04F00F0C03EB021213D0ACF104030F
S21401B88023F003030433134442F8045B9342FBD1D1
S21401B8900CF003042CB1C9B21C4403F8011BA342EB
S21401B8A0FBD170BD64461346002CF4D1F9E703467C
S21401B8B01446C0E71A46A446E0E700BF88420ED900
S21401B8C08B1883420BD900EB020C002A6ED062461D
S21401B8D013F801CD994202F801CDF9D170470F2A2C
S21401B8E00FD8034602F1FF3C002A5FD00CF1010C91
S21401B8F0013B8C4411F8012B614503F8012FF9D166
S21401B900704740EA01039B0751D1A2F1100301F1F0
S21401B910200C70B523F00F0501F1100E00F1100494
S21401B9201B09AC445EF8105C0EF1100E103444F89E
S21401B930205C5EF81C5C44F81C5C5EF8185C44F8FD
S21401B940185C5EF8145CE64544F8145CEAD10133F1
S21401B95012F00C0F02F00F0C01EB031100EB0313B6
S21401B96029D0ACF1040C1C1F8E462CF003064FEABE
S21401B9709C0C1E445EF8045B44F8045FB442F9D1A3
S21401B9800CF1010402F0030203EB840301EB8401D2
S21401B99002F1FF3C4AB10CF1010C013B8C4411F859
S21401B9A0012B614503F8012FF9D170BD704702F1F3
S21401B9B0FF3C03469AE76246EAE700BF2DE9F04FEF
S21401B9C082468E463F4875461EF801BB10F80B406E
S21401B9D014F00804F7D1BBF12D0F5BD0BBF12B0F90
S21401B9E06FF0004904BF9EF800B005F1020E33F077
S21401B9F0100010D1BBF1300F04D0002B5ED10A230A
S21401BA001F4609E09EF8000000F0DF0058284ED0DF
S21401BA10002B53D108231F460025B9FBF7F628460D
S21401BA2007FB16980EE0ABF1370C63451DDD002DC4
S21401BA3004DB864202D321D1E0451FDA4FF0FF3501
S21401BA401EF801BBABF1300CBCF1090FEDD9ABF11F
S21401BA50410CBCF1190FE6D9ABF1610CBCF1190F21
S21401BA6003D8ABF1570C6345E1DC6B1C0AD004B17B
S21401BA7040420AB1CDB91160BDE8F08F07FB00C0A6
S21401BA800125DDE72223CAF800305AB10EF1FF3155
S21401BA904846F0E79EF800B04FF0004905F1020E67
S21401BAA00124A4E74846BDE8F08F8146EEE710235F
S21401BAB09EF801B00EF1020E1F46ADE710231F4699
S21401BAC0AAE700BFE5750400242B02D8012B00D09D
S21401BAD074E710B500F02EFA16230360002010BD9F
S21401BAE010B5242A084C1346246807D8012A05D025
S21401BAF00A4601462046BDE810405FE700F01AFA04
S21401BB0016230360002010BD0C69002010B5242AFE
S21401BB10084C1346246807D8012A05D00A46014670
S21401BB202046BDE8104049E700F004FA16230360FA
S21401BB30002010BD0C690020844641EA000313F082
S21401BB40030349D1403A23D30B6803604B68436033
S21401BB508B688360CB68C3600B6903614B69436183
S21401BB608B698361CB69C3610B6A03624B6A43626B
S21401BB708B6A8362CB6AC3620B6B03634B6B436353
S21401BB808B6B8363CB6BC36340304031403ADBD26F
S21401BB9030320BD30B6803604B6843608B6883605D
S21401BBA0CB68C36010301031103AF3D20C3205D393
S21401BBB051F8043B40F8043B043AF9D2043208D069
S21401BBC0D2071CBF11F8013B00F8013B01D30B88DB
S21401BBD003806046704700BF082A13D38B07B1D095
S21401BBE010F00303AED0C3F10403D21ADB071CBF67
S21401BBF011F8013B00F8013BA4D331F8023B20F8D1
S21401BC00023B9FE7043AD9D3013A11F8013B00F809
S21401BC10013BF9D20B7803704B7843708B788370B5
S21401BC2060467047024B0146186816F00EBD00BF0D
S21401BC300C690020024B0146186816F009BD00BFCA
S21401BC400C690020CAB384460B4630B50446084347
S21401BC50800719D09CF800000C78A04212D150B38E
S21401BC60012A28D0E64603E01CEB030F23D010B3CD
S21401BC701EF8010F11F8014FA2EB0E03A04203F1CB
S21401BC80FF33F1D0001B30BD032A07D8E2E7043AA0
S21401BC9011D01EF0803F0ED1032A10D92068194614
S21401BCA053F8045BA446A0F1013E0434A8422EEAF0
S21401BCB0000EECD0CEE7002030BD10467047A446FB
S21401BCC01946C7E780EA010C1CF0030F37D110F0C4
S21401BCD0030C20F0030021F0030150F8042B08BFE9
S21401BCE051F8043B0ED08CF0030C6FF07F434FEA03
S21401BCF0CC0C23FA0CFC51F8043B42EA0C0243EA52
S21401BD000C0300BFA2F1013C9A4201BF2CEA020CCF
S21401BD101CF0803F50F8042B51F8043BF2D04FEA58
S21401BD2002604FEA1222012828BFB0EB036F08BF5A
S21401BD301B0AF4D003F0FF03000EC01A704710F080
S21401BD40030F0AD010F8012B11F8013B012A28BF76
S21401BD509A42F4D0A2EB030070474DF8045D50F808
S21401BD60042B01F0030521F0030151F8043B022DD9
S21401BD7026D04DD822F07F45B5EB132FA2F1013C1A
S21401BD802CEA020C0DD11CF0803C08BF51F8043B94
S21401BD900AD185EA0205B5EB036F0CD150F8042BE6
S21401BDA0E8E74FEA13235BE03CF07F4C54D10B7875
S21401BDB04FEA126554E04FEA126503F0FF034FE0C5
S21401BDC04FEA0245A2F1013C4FEA15452CEA020C66
S21401BDD0B5EB134F18D11CF0803C08BF51F8043B5B
S21401BDE007D185EA0205B5EB034F09D150F8042BBC
S21401BDF0E6E75FEA0C4C2FD10B884FEA12452FE09D
S21401BE004FEA03434FEA12454FEA134328E000BFC7
S21401BE1002F0FF05B5EB136FA2F1013C2CEA020C10
S21401BE200DD11CF0803C08BF51F8043B0AD185EACD
S21401BE300205B5EB032F0AD150F8042BE8E74FEAC9
S21401BE4013630DE012F0FF0F06D051F8043B4FEAE2
S21401BE50122523F07F4303E04FF0000020BC70471B
S21401BE6005F0FF0203F0FF00012828BF904204BF3F
S21401BE702D0A1B0AF4D0A2EB000020BC704700BFBD
S21401BE8008B5064B044613B1002100F0AFF8044B89
S21401BE901B6803B19847204614F010FEEDBF010061
S21401BEA0D4510020002301461A46184600F048B82F
S21401BEB0032A30B415D941EA000484460B46A40788
S21401BEC004D0541E0FE0043A032A08D919466046E6
S21401BED053F8044B5CF8045BA542F4D0F1E76046E6
S21401BEE01946541E7AB1431E0139021901E09A42DD
S21401BEF009D013F8010F11F801CF6045F7D0A0EB78
S21401BF000C0030BC7047002030BC704738B5074D78
S21401BF10074C2C1BA41005D0013C55F8043D98474E
S21401BF20002CF9D1BDE838401EF0C0BFA86C002037
S21401BF30A46C0020014B1868704700BF0C690020F4
S21401BF40F0B5264C83B006460F46256805B36C68E7
S21401BF501F2C3FDCA6B1D5F8880048B3D0F80011F5
S21401BF604FF0010C40F82420022E00EB84020CFA5C
S21401BF7004FC4CEA0101C0F80011C2F8803010D070
S21401BF80631C002002346B6045F8247003B0F0BDDA
S21401BF9013491448216010B10068C1F88800104D9B
S21401BFA0D5E7D0F8043143EA0C03C0F80431E7E7DB
S21401BFB00D49CDE9002369B14FF48470FFF732FED5
S21401BFC040B100216C68C0E94011DDE90023C5F8E5
S21401BFD08800C5E74FF0FF30D8E700BF6452002065
S21401BFE0D85100200000000025BC01002DE9F04FCB
S21401BFF0DFF8B49083B0D9F8006096B38846019014
S21401C0007568D6F888706C1E2BD4013507F1800B45
S21401C01006EB8505B8F1000F26D173682A68013B47
S21401C020A3423BD000232B60BAB1D6F804A05FB37D
S21401C0300123D7F80011A3400B4225D0D7F80401FD
S21401C04057F8241003422BD1019890477368D9F80A
S21401C050002053451ED1B2421CD1013C043D631C55
S21401C060D8D103B0BDE8F08F4FB15BF8243043451B
S21401C070D3D0013C043D621CF3D0002FF5D1013C26
S21401C080EFD3013CFBD2ECE790477368D9F8002068
S21401C0905345E0D0002AE4D01646B1E77460C3E702
S21401C0A008469047D2E700BF64520020431E033380
S21401C0B006D8044B984228BF1846642838BF642027
S21401C0C0704700BF40420F0038B5194B05461B6844
S21401C0D00C4603B1984744B1236833B11B6801335A
S21401C0E003D0E3680BB1A3684BB91AF0A5F9002099
S21401C0F04FF4C172412100F0FFF9212038BD2046DE
S21401C10002F04AFC00230B4A85F83C31C5E9374367
S21401C110C2E9003363694BB1074A422110684FF404
S21401C120D272C31A5842584100F0E6F90020E5E7FA
S21401C130D45400208065002038550020F8B5044608
S21401C1401EF0A9FB002607460E4B1B6893B19E689E
S21401C150AEB196F82420D20711D435460FCC0FC5C0
S21401C1600FCC0FC523682B6096F8243043F00103EB
S21401C17086F8243038461EF089FB3046F8BD1B6829
S21401C180E4E700BF6069002010B5044618B9054B06
S21401C190054A136010BD00F0D9FCD4F8E830002B36
S21401C1A0F6D1F4E7E35B03005C690020014B1868F5
S21401C1B0704700BF8065002008B502460868FFF793
S21401C1C075FF08604868FFF771FF48608868FFF7E9
S21401C1D06DFF8860C868FFF769FF0B69C860581C67
S21401C1E003D00B48834228BF03460B614B69581C9A
S21401C1F003D00748834228BF034688694B61FFF78F
S21401C20055FFBDE808408861104601F07BBC00BFC1
S21401C21040420F00D0F8E0302DE9F04105460C46CB
S21401C22013B1C38D8B424CD0D5F8DC30002B4BD0EC
S21401C2309E68002E48D0D868002845D0013800B244
S21401C24000281ADB002106E0128A591CA24217D2E6
S21401C25009B2884211DB0B1803EBD3735B1003EBB7
S21401C260C30206EB8202B2F80EC003F1FF3EA445FC
S21401C270EAD90FFA8EF08842EDDA2120BDE8F08186
S21401C2804FF6FF7299B29142F7D09BB203EBC3030C
S21401C29006EB83062846B6F9122095F83011D5F834
S21401C2A0F080EEF709FE0746B8F1000F04D0002330
S21401C2B0324628461946C047EC85C5F8E06085F841
S21401C2C039710020BDE8F0810E20BDE8F08100BF85
S21401C2D02DE9F04782B004460F46164601F086FE69
S21401C2E0002863D14F4D2B68D4F8DCA0D4F8E08049
S21401C2F00BB1534576D04FF00009AF6001F09EFEBA
S21401C3000128074665D1204619F0D5FF002851D1EE
S21401C3102B68DAF80010D8F8002013B118688842A4
S21401C3206BD0204619F079FFC5E900A8D4F8F05083
S21401C3308DF80760002D67D00022204611460DF1CA
S21401C3400703A847204600F0EDFF0546B9F1000FA8
S21401C3500FD076B9D4F88C300BBB012F05D025B1A0
S21401C360314B002103205B689847284602B0BDE8A0
S21401C370F087B5FA85F040F207523321400900F004
S21401C380BBF83146204601F00BFA284B05461B68E0
S21401C390414620469847D4F88C30002BDDD0002249
S21401C3A04FF40073204600F0E1FBD6E700231D4D55
S21401C3B06B6098E794F82530DA07A9D5D4F894305D
S21401C3C05B05A5D51A4B0122002120461B6898471C
S21401C3D09EE70021012000F001FC01F02FFE01285C
S21401C3E0FBD190E76B68002B85D0434583D1AB68C2
S21401C3F09F4215D04FF001097FE7696811B10968BE
S21401C400914291D059688CE794F82A1094F8393102
S21401C4103246994228BF1946204600F0D1FE91E7E0
S21401C4200025A2E780650020686900205C6900207D
S21401C430D8540020F8B50F4605461EF02CFA3946AA
S21401C44006462846FFF7E6FE044620B130461EF0B3
S21401C4501DFA2046F8BD01F0A7FD224639462846BA
S21401C460FFF736FF04460028F0D1284619F023FFCF
S21401C4700028EBD095F8253013F001030DD0D5F840
S21401C480942052050DD5B5F82A21BA4205D0B5F843
S21401C4902C31DB1BB3FA83F35B09034A82F8C43001
S21401C4A0D4E72346F9E700BF001E00B013B50446E3
S21401C4B0694619F0C4FC204619F008FEFF2802461A
S21401C4C006D020469DF80010EEF774FD02B010BDB0
S21401C4D00048FBE70080FFFF38B5044D044C054BD0
S21401C4E0286021601A601DF0D1FE38BD6854002016
S21401C4F0646900206C54002010B550B90548064BFD
S21401C5000160064802601868054B18601868FFF756
S21401C510E3FF10BD64690020C45500206C54002060
S21401C520685400202DE9F0418AB001AC05460B465F
S21401C5302746194A02F1200C26461068516808322F
S21401C54003C662453446F7D1002B08BF3B46002799
S21401C55010681C463060384603F10C0690B95FFA45
S21401C56087F842462846218819F0A8FE50B9424667
S21401C5702846E18819F0B3FE20B9424631462846DE
S21401C58019F0BFFE0137032F06F1080604F1020475
S21401C590E4D10AB0BDE8F08108770400F0B589B0AF
S21401C5A005460E4619F0BCFE044600BB01AC06F17A
S21401C5B00C070FCF0FC497E8070084E8070001A90E
S21401C5C02846FFF7F9FD2846311D1AF083F8044680
S21401C5D048B92846074901F057FA044618B92846CB
S21401C5E001F0C6FD044628463168FFF79BFF20464A
S21401C5F009B0F0BD00770400014919F073BC00BF13
S21401C60041E1010070B5164E032804460D46337805
S21401C6101ED023FA04F202F00102AA421DD053B141
S21401C6200122A240A54023EA02032B43DBB233706A
S21401C6304BB1012070BD2DB10A4B01201B689847F4
S21401C6403378EDE73570074B00201B689847F0E715
S21401C6509A07DED003F0FC03E9E7002070BD00BFB7
S21401C660CF620020AC54002038B504460D4605F0D4
S21401C67077FD60B101F0C6FC48B9012D07D801204D
S21401C68019F0F9FD0D4B1B6823B15B6898470C4BFD
S21401C6901C7038BD1EF059FA0A4B1A68801A1860C9
S21401C6A01CF06EFF4FF47A72074B1B6802FB0030DA
S21401C6B019F016FC012001F0ADFCE8E7D05400208B
S21401C6C0716C0020A4540020A8540020F8B505463B
S21401C6D00C461EF0E0F8104F06463B7833B1012DAC
S21401C6E004D01CB90D481CF09DFE3C70214628461E
S21401C6F0FFF788FF0A4B04461B783BB93B782BB9FA
S21401C70019F0ADFD10B1074B1B68984730461EF077
S21401C710BDF82046F8BD00BFD0620020805400203E
S21401C720CF62002068690020054A0B46117831B1B6
S21401C73000211170034A012152681878104770478A
S21401C740D062002068690020124B0239012910B519
S21401C75018701ED805F004FDD8B101F053FCC0B125
S21401C76001F034FAA8B90C4B1C6834B12368984719
S21401C770BDE81040002019F07EBD19F0AFFB074B55
S21401C78018601EF0E2F9064B1860204601F042FCE4
S21401C790EEE710BD716C0020D0540020A854002094
S21401C7A0A454002038B5044680B11EF074F8012167
S21401C7B0044608461CF0DAFA01210B4A084616F030
S21401C7C018F82046BDE838401EF060B81EF063F841
S21401C7D00546214601201CF0C9FA01202146024ADD
S21401C7E016F007F82846EDE7CF4C0400F0B585B003
S21401C7F01EF051F8344D04462B7823B133481CF013
S21401C80011FE002852D11CF097FE02AA03A919F0C6
S21401C81010FD0346002838D019F01FFD029B9842F0
S21401C8201CD100202A4B03991B682A4E994230706E
S21401C83020D90027C91A012324482B70264A3346DB
S21401C840CDE900771EF05DF9002837D1234A137829
S21401C850D90701D53178F9B1204611E019F0FBFC72
S21401C860029B984228D0002318461949194A09689C
S21401C870137003910121FFF7C5FE002320462B709C
S21401C8801EF004F8002005B0F0BD20462B701DF008
S21401C890FDFF212005B0F0BD03F0FE031370002B51
S21401C8A0DAD10F4B1B6898472046E9E720461DF072
S21401C8B0EDFF0E2005B0F0BD0220B3E703232046AE
S21401C8C02F703370F3E700BFD06200208054002041
S21401C8D0A0540020706C002029C70100CF62002000
S21401C8E0AC54002038B51DF0D6FF0F4D04462B780A
S21401C8F09BB90E4A0E4913700E4B0F4A0F481A6029
S21401C9000F4A5A60EFF782FF0E490F48EFF77EFF96
S21401C9100E4B0F4A1A6001232B70F0F781F8204660
S21401C9201DF0B4FF002038BDD1620020D062002087
S21401C9302C77040068690020EDC7010070540020C0
S21401C940CDC601003477040078540020AC54002092
S21401C950A5C701002DE9F0438F7880460F2F0C46BE
S21401C96085B003D9212005B0BDE8F08327B901239E
S21401C970374A00201370F6E70D784E78EDB9002E91
S21401C980F0D194F90310E08803F00AF82128E9D0E1
S21401C99055EA0603A088DFF8C89013D003F064F8C0
S21401C9A04FF60403B9F8002001469A424BD1AE4235
S21401C9B0334638BF2B4600262DE0082DD2D8082E48
S21401C9C0D0D8DEE703F050F84FF6040501464FF6DF
S21401C9D00500204A136E9BB2AB4208BF0346B1F571
S21401C9E0803FA9F800300FD902230825136680235B
S21401C9F00126C2F880302B4649084FF6FF720139EE
S21401CA00914228BF114608E08023012608251666B4
S21401CA10C2F880302B460029EFD100220292012273
S21401CA20013FFFB2009201972A4608F1F80002F092
S21401CA30B7FE1EB14FF48012074B5A65074BA2682A
S21401CA401A60022394E703480266A9F80030AEE7AD
S21401CA50D262002000C001B800D001B8B85400204E
S21401CA60F86B002010B50446D0F818210B4B4FF494
S21401CA700061C3F8A82090F82420D20102F40062D5
S21401CA8005F0D2FA94F8243013F0100F4FF4007327
S21401CA9014BF034A034A136710BD00BF001E00B04F
S21401CAA0001002B8002002B8431C07D06FF0FF0246
S21401CAB0034B10401A62A3F580531862704700BFFB
S21401CAC000E000B8F8B504460F4616461DF0E3FE32
S21401CAD00546A047044620B128461DF0D7FE20464D
S21401CAE0F8BD04F07FFC04220549D1F8D83E23EABC
S21401CAF007033343C1F8D83E024B1A67ECE700BF81
S21401CB00001000B0002002B800F01803182B0AD05D
S21401CB1003070AD440F2011310F0100018BF18469C
S21401CB20034B186570470020FAE70120F8E700BFBD
S21401CB30001F00B0044B1868830654BFC0F30F20D3
S21401CB404FF6FF70704700BFA055002038B103684C
S21401CB50044A002B08BF1346034A13607047014B73
S21401CB60FAE700BF2B5F03007469002010B4D0E918
S21401CB70544122400B4052EA030104D003495DF8B8
S21401CB80044B096808475DF8044B70477469002038
S21401CB900F2938B505460C460ED801F04FFA012884
S21401CBA00CD1074A2846D36B23F00F032343D363E4
S21401CBB019F0C5FB002038BD2120FCE70220FAE76A
S21401CBC0001F00B0014B186C704700BF001F00B07B
S21401CBD0014B002019647047001F00B003282DE99F
S21401CBE0F347884655D82C4B13F800902B4B1E5C08
S21401CBF02B4B13F800A01DF04EFE074604F03EFB3B
S21401CC00054640B100230022CDE900330120002370
S21401CC10002104F079F904F039FB48B10023002221
S21401CC20CDE90033002000234FF4004104F06CF9F5
S21401CC306EB31C4BDC6C04F008041B4B3146DC6401
S21401CC40484604F02DFC52463146484604F092FC14
S21401CC50164BDC646DB1164B1868D0F89410F8309A
S21401CC6003F06EFA13490868FFF71EFF4FF0FF3313
S21401CC700B60B8F1000F04D00F4B002103205B6856
S21401CC809847384602B0BDE8F0471DF0FFBD344670
S21401CC90D3E702B0BDE8F08744770400407704008C
S21401CCA03C770400004000B8006000B8005000B8AF
S21401CCB0C455002070690020686900200F4A136F70
S21401CCC013F0A00F15D1506F10F0040013D10C4BC8
S21401CCD0D3F8D83E23F07F4323F0FF035BB1D3683C
S21401CCE0C3F30362092A07D0B2F10C0018BF012072
S21401CCF07047002070470120704700BF000002B84F
S21401CD00001000B070B50D46064620B91A4B1B68D8
S21401CD10A3B10E2011E001F091F9012829D1174B9A
S21401CD2093F90040C4F11C04641BC4F11C03002BDE
S21401CD30B8BF5B42232B0CDD212070BD81EAE17375
S21401CD40A3EBE173DBB2232BF6D80C4B1970002052
S21401CD50F3E786F828501DF09EFD094AE402D369E0
S21401CD6004F4FF2423F4FF231C43D4611DF08EFD3D
S21401CD70EDE70220E1E700BFC4550020D3620020A2
S21401CD8000C000B818B9034B93F90000704790F93A
S21401CD9028007047D362002010B5044619F08BFABC
S21401CDA010B1012001F0D4F92046FFF75BFE1DF01B
S21401CDB072FD0A4A0121D2F8A030044623F020036E
S21401CDC0C2F8A0300222064B08469A60054B5B6803
S21401CDD0984720461DF05AFD002010BD001E00B0E9
S21401CDE0001002B868690020064B5A6A920207D4FE
S21401CDF0D3F8803013F4706F14BF01200020704701
S21401CE0001207047004001B8F8B50E46D0F89430BE
S21401CE1002EA010423EA01032343C0F89430464A98
S21401CE2001F00B0323EA0401D1642340A2F58052EA
S21401CE30D3647207054610D50121FFF7D5FF60B10F
S21401CE4004F0D0FA4FF4007314F0040F14BF3B4AF9
S21401CE503B4A536204223B4B1A67F30606D514F08D
S21401CE60100F14BF00221B22374B5A6537061DD5FB
S21401CE70200616D54FF40012304B1A62012203F534
S21401CE808053C3F800211DF006FD0E21074603203E
S21401CE9003F09EF840F201222B4B3846DA621DF071
S21401CEA0F5FC214605F1F80003F04AF9F10503D532
S21401CEB0E2052AD503F05CF8B30503D5A70527D507
S21401CEC003F062F816F48C6F1DD014F4806224D03F
S21401CED095F82530DC070CD5EA8DB5F82A31934252
S21401CEE019D0B5F82C31981A43424341174A82F8B3
S21401CEF0C430D5F8E410284619F018F88022144BEF
S21401CF00D864144B1A610020F8BD03F02BF8D3E760
S21401CF1003F034F8D6E70123E8E77105E9D595F87B
S21401CF202530DB07E5D5094B114683F8C4200A4BAB
S21401CF3028461B689847DCE7006000B8005001B837
S21401CF40006001B8002002B8004000B8001E00B022
S21401CF50001F00B0000002B8D8540020014B18682A
S21401CF60704700BFC454002037B51DF094FC002460
S21401CF7001230022CDE90034002305461946104658
S21401CF8003F0C2FF022002F0E7FA064B21461C60BE
S21401CF90054B02205B68984728461DF077FC204623
S21401CFA003B030BDCC540020686900202DE9FF4154
S21401CFB002290D4616469846039004D1FFF7D4FF82
S21401CFC004B0BDE8F0811DF066FC1E4F04463B68C8
S21401CFD03BB1B34205D01DF059FC002321203B6034
S21401CFE0EEE7194B0022C3F800803E6000230126BD
S21401CFF04FF0000810461946CDE9006603F084FF9D
S21401D000124B022083F8008002F0A6FA43462A4615
S21401D010022003A902F0BEFA0D4B039A1A6008B962
S21401D0202046D8E70B4D2B689847212804D0204688
S21401D0301DF02CFC0020C3E731466B6802209847A0
S21401D040F5E700BFCC540020C8540020D56200206C
S21401D050C454002068690020044B5B6E5B054EBF1C
S21401D0600120034B187800F00100704700C001B89A
S21401D070D56200200A78022A11D0101F424242418E
S21401D08052004B781201022B0BD0191F4B424B4119
S21401D0905B000549054842EA8312FFF713BD0122EA
S21401D0A0EFE70123F5E700BFF0FFFF0085E0010091
S21401D0B00B78022B10D0181F434243415B004A787D
S21401D0C0022A0BD0111F4A424A4152000F2104483E
S21401D0D043EA8202FFF7F6BC0123F0E70122F5E7F7
S21401D0E0B1E001002DE9F8430E780446042E0D4602
S21401D0F090F830810BD100275FFA87F9484601F096
S21401D1007DFD08B14E4602E00137042FF4D13046CA
S21401D11001F074FD002849D094F83031B34209D1AA
S21401D120AA88D4F8A8309A4204D16A88B4F8323171
S21401D1309A4238D084F83061AB883046A4F834314E
S21401D1406B88A4F83231AB8804F59875C4F8A8301A
S21401D150FF2384F82B3019F0A3F984F82A00284617
S21401D16001F078FC18BB284601F03EFDF8B9D4F86A
S21401D170E03053B194F83011414506D02046B3F95A
S21401D1801220EDF799FE84F83901204601F09AFE47
S21401D1900949A4F834010123084AD1F8FC1004F126
S21401D1A0F80003F0AFFC0020BDE8F88321200C2333
S21401D1B084F83031F8E700BF001F00B0581F00B0F8
S21401D1C0F8B5054690F830010C460C28164623D0D3
S21401D1D0FF2923D01AB14FF0FF32114B1A6019F014
S21401D1E05FF9074695F8300101F068FD844228BFD3
S21401D1F00446E4B2BC4238BF3C46E0B285F82B0098
S21401D20001F002FEFF280CBF2124002416B928468F
S21401D21001F068FD2046F8BD0224FBE72124F9E76A
S21401D2207869002010B590F8303104460C2B43D0B5
S21401D230D0F8E03080F82A10D3B3D0F8F020CAB97D
S21401D24090F839318B421BD300222046FFF7B8FFF6
S21401D25040BB1A4B1B78022B23D8204601F032FE26
S21401D26017490123174AD1F8FC1004F1F80003F01E
S21401D27049FC16E0B0F94220B3F912309A42E3DDD8
S21401D2800022204694F83911FFF79AFF50B9C4F8E6
S21401D290E000204618F04DFD4FF6FF739842014618
S21401D2A001D1002010BD2046BDE81040FFF7C2B8EE
S21401D2B0FF2380F82B30F4E70220F3E7FC6B002015
S21401D2C0001F00B0581F00B0F0B51D46144B0446B1
S21401D2D01B780F46164685B05BB1D0F8E030E3B157
S21401D2E002AAB3F912300092002214F0E4F905B054
S21401D2F0F0BD02A918F0A3FD9DF808103A46204695
S21401D300EDF7DAFD014626B92A462046FFF758FF13
S21401D310EDE72046FFF786FFE9E71846E7E700BF97
S21401D320924E0400D0F89C30012B01D100207047AA
S21401D33070B5044665498CB019F0E7F8D4F8E0609A
S21401D3400146E58DC4F8E40026B1336813B15B6885
S21401D350002B71D11DF09FFA1DF098FA0123D4F825
S21401D360E4108DF80630B389D6E90120EB1A9BB29A
S21401D37000FB03225648ADF80430036800928B4246
S21401D38007D0204618F0D2FD80225249524BC8647D
S21401D3901A61514D00F052FE0128FBD1AB689E0682
S21401D3A0F8D420469DF80620009906AB03F0E6F86F
S21401D3B000283ED100F042FE0128FBD1464A136FF9
S21401D3C0D801FCD493689906F9D4684606A903F0F7
S21401D3D08DFA054668BBE28D404B5A6494F82430BA
S21401D3E060F3410384F8243000F0EEFFD4F8E03017
S21401D3F05969431E0E68DBB2FD2B029622D9F31C37
S21401D40034D84B68FF2803935ED10126DA1C25D851
S21401D410024602A9204618F0A1FFE6B9D4F8543115
S21401D42099053FD494F8243043F0020384F824305D
S21401D43011E002200CB070BD1A68032A8AD99B6AD3
S21401D4405B0E8EE74B6801280393DED0024620462A
S21401D45002A918F083FF00200CB070BD0133204BE9
S21401D4605B6816D0DA1C23D80393D1E71C4B013630
S21401D4701B6818BF0126DD1C06D802934B68FF28DF
S21401D4800393C3D00020C3E7FF284B6819D003934A
S21401D490C3E7DD1C0FD80246204602A9039318F005
S21401D4A05DFFBBE720464FF4803119F0DFF8D2E785
S21401D4B0FF28B2D1E6E7FF28B0D10022204602A914
S21401D4C0EDE701200393A1E72A46C0E7FC1F00B061
S21401D4D0B4540020001F00B0000002B8008001B85C
S21401D4E08069002010B50C4619B118F0E4FE00B1B1
S21401D4F00434204602F0B8FA024B4042C3F8C80E84
S21401D500002010BD001000B0838E70B593420C460B
S21401D51015461CD3836C8B4208BF00241DF0BBF953
S21401D5204FF49C530B490646CA68C2F30362D340C4
S21401D530DA0702D50B6F9B0304D401222946204645
S21401D54001F016F830461DF0A1F9002070BD21202B
S21401D550FCE700BF000002B82DE9F84F0646154665
S21401D5600B4611B92120BDE8F88F002AFAD003290D
S21401D57005D8002201F05EF903460028F2D01C8887
S21401D5809978B4F5804F01F0070080F0C580A0F1CE
S21401D590070C1A7993F805A0DF88DCF1000343EB4A
S21401D5A00C0305282B7394BF0023C1F30013C1F3AA
S21401D5B0801C6B738B0985F810C003F00203C1F35E
S21401D5C0C00C43EA0C03C1F340116B74A974AF821B
S21401D5D0002A40F0828096F81E31013BDBB2EB74E4
S21401D5E0D6F89430DF0600F18380063801287FD80C
S21401D5F0B6F81280F76908F1FF38484B083C04EA90
S21401D60008045B6D3B5D0134802B0EBF6FF07F031A
S21401D610323B5BB2AB730023AB6096F8279004EA0B
S21401D6200804B9F1000F61D1631D03EA08035A1C0F
S21401D63002EA0802BA5CFB5C43EA0223D9040FFA49
S21401D64083FB4CD5D6F8E43013B11B68022B05D802
S21401D65041F24D724C210020FEF74EFFD6F8E42031
S21401D660CBF30B0392F82420DB000AB1B3FBF2F3F1
S21401D6709A4508D83BB1CAEB0A2ABAFBF3FA6FEA15
S21401D6800A0A5FFA8AF9D6F8EC3023B1484695F9CA
S21401D6900E1098478146631C85F80F9003EA08032D
S21401D6A0F95C013303EA0803FA5C013303EA080371
S21401D6B041EA0221FA5C013303EA0803F85C41EA15
S21401D6C00241002341EA00616A7C304603F0D8FA41
S21401D6D006232860AB71002045E7531E7EE717F846
S21401D6E004904FEA49095FFA89F9CCE79946D2E7EF
S21401D6F000230020EB730A4B5A69C2F30723120476
S21401D70048BF63F0FF035AB212F1800F1CBF323BD1
S21401D7105AB2AA730346DCE7022024E7004000B8A9
S21401D72000C000B838B5148811F003054FEAC404E8
S21401D73022D13F2C20D9B4FA84F4C4F11903DBB208
S21401D740052B01D8192C15D0052B28BF052301243C
S21401D7500633DBB29C40C4F3CF031380038281619E
S21401D760448700F02DFF054A631E2343C2F8A43008
S21401D770284638BD2B46EAE72125F9E7001E00B00A
S21401D78011F5004F1FBF01F30E01044BC1F30E014B
S21401D790002014BF99642120704700BF008001B8A3
S21401D7A0F8B504460E4619B990F824305A063FD407
S21401D7B04FF6FF73618ED4F8E470994204D0314B72
S21401D7C01B680BB1204698472F4D2B68BB424DD0A6
S21401D7D02E4B1B683BB11FB13A68002A48D0BF6880
S21401D7E03946204698470727204601F06BFB002E56
S21401D7F032D006270126264B94F9282093F90030CB
S21401D8002449C3F11C039B1ACA69DB0222F4FF22D6
S21401D81003F4FF231343CB61D4F8E4301E4A2B6094
S21401D8201E4B976720461E7018F089FD0020F8BD34
S21401D8304FF6FF71144DD0F8E4702A6866F386132C
S21401D8409742418680F8243017D0104B1B68002B76
S21401D850C1D101F037FB072711493B46114AD1F8E0
S21401D860FC1004F1F80003F04DF9C2E70127BBE70D
S21401D8701746204639469847B5E701F023FB0127AE
S21401D880EAE700BFC0540020B4540020BC54002076
S21401D890D362002000C000B8006000B8D462002047
S21401D8A0001F00B0581F00B0054A12681AB190F860
S21401D8B01E1119B91047084602F0AABB0148704765
S21401D8C0B054002000FEFFFF344B2DE9F7431C68DF
S21401D8D001F4007900F00103174653EA09020646EF
S21401D8E00D4635D04FF000083BB30023002200213F
S21401D8F00120CDE9008803F007FB042001F02CFE8F
S21401D90041462046FFF7D0FF0122414620861046B9
S21401D91018F0C1F9D4F8941004F1F80002F010FCE4
S21401D9201F490868FFF7C0F84FF0FF330B6094F803
S21401D930243043F0040384F82430B9F1000F07D0F3
S21401D9400121204618F092FE25F4007506430D438A
S21401D9502B4632462046FFF709F9FB070FD511493A
S21401D960114A086800211368116001210F4A1170DD
S21401D97003B198470E4B002102205B68984717F0C9
S21401D9800E0F08D04FF409723B21002003B0BDE80A
S21401D990F043FEF7B1BD03B0BDE8F083C4550020E7
S21401D9A070690020C8540020CC540020D5620020A5
S21401D9B06869002008B5482200210248FDF72CFFBF
S21401D9C0002008BDDC1E00B073B578216422A0F8E3
S21401D9D0141182210C23C0E94112C0E94322C0F888
S21401D9E0002107224FF0FF35002680F830314FF630
S21401D9F0FF730446C28700F14C0282641E4AC38547
S21401DA00A0F8403080F82C3043864263038780F8C4
S21401DA102860C0F8A850458580F8265003F03EFCE3
S21401DA202046FFF7C7FF94F928102046FFF76AF94A
S21401DA30602340F6FF71114A2046D36402F11C426E
S21401DA40D162D1650E4A2946D36440220D4B1A672E
S21401DA50D4F89420FFF7D8F90E230022CDE900333D
S21401DA6040F202231046194603F04EFA01F0E2F89E
S21401DA70304602B070BD00BF4000FFFF004000B856
S21401DA80005000B8002002B810B50C46FFF792FF10
S21401DA90BCB1A378082B16D8E278082A13D843EA33
S21401DAA0021313F0FF030CBF19466168074AC2F858
S21401DAB0DC10217882F82011617882F8233182F80F
S21401DAC02111002010BD2120FCE700BF001E00B080
S21401DAD0012A10B512D8032B10D803EB82020123BA
S21401DAE0074C934094F82201DBB221B10343002096
S21401DAF084F8223110BD20EA0303F8E72120F9E774
S21401DB00001E00B0034670B50C68B0F8342101342D
S21401DB1008BFD3F800418D6808BF0C604C68F83028
S21401DB20013404BFD3F80C414C606E1C3CD1D3F8D1
S21401DB300841CE688C60751C3CD1D3F804510E693F
S21401DB40CD60013604BFD3F8F8600E614E69013628
S21401DB5004BFD3F8FC604E618E69013604BFD3F86A
S21401DB6010618E618E695EB35A32B24238BF324658
S21401DB700E688A6116B15A2E38BF5A26C3F8084174
S21401DB804C68C3E94065C3E943420A69C3F8F82013
S21401DB904A690C49C3F8FC20D1F8FC1007230A4A4D
S21401DBA002F0B0FF002070BD02F15A04AC4238BF4B
S21401DBB02C46BEE702F17805B54238BF3546BEE7CA
S21401DBC06422D5E7001F00B0581F00B070B51CF0E6
S21401DBD062FE04460B4E00F031FA012805D02046BD
S21401DBE01CF054FE0225284670BDF36813F0706FD2
S21401DBF0C3F30365EFD1B36ADB06ECD520461CF010
S21401DC0045FEF0E7000002B838B51CF044FE4FF6BA
S21401DC10FF710A4A13888B4203D11CF037FE0E208F
S21401DC2038BD074C074D1B046566A4F58054636632
S21401DC3011801CF02BFE0020F2E700BFFA6B0020DB
S21401DC40006001B80000FFFF2DE9F74304460F46C8
S21401DC5015461E46FFF732F830B3A38A23B3204693
S21401DC6018F02FF978B9002E40F0F280794BD3F8EE
S21401DC70D83E03F03002102A00F0EA8003F0C00319
S21401DC80402B00F0E580DFF80082D8F81430D90781
S21401DC9040F1DE801CF0FFFD0646032001F058FD32
S21401DCA030B130461CF0F2FD022003B0BDE8F0832F
S21401DCB0D8F8142012F00608F3D130461CF0E6FD21
S21401DCC0644B4FF400612046D3F8D89ED3F8AC6E6F
S21401DCD004F0BEF940B14FF4007201215E4B0846D4
S21401DCE01A67424617F0D7FF94F82530DA0707D5AA
S21401DCF0D4F894305B0542BF4FF40022574B1A67A5
S21401DD0039462046FEF796FB524BC3F8D89EC3F819
S21401DD10AC6E0028C9D194F82430980601D4002DA1
S21401DD2057D0C5F3400003F023FB022315F4807F90
S21401DD301BBF0021494A484A136717BF484A136761
S21401DD405161136303F04EFB4FF4806315F0040F2B
S21401DD5014BF444A444A15F0400F53624FF0040280
S21401DD603D4B28461A674FF0400314BF3F4A404ACE
S21401DD70C2F88830FEF7C8FE204618F0CCF938B154
S21401DD804FF4807315F0010F14BF344A324A1367FB
S21401DD90A90647D54FF6FF72B4F8403093420FD02C
S21401DDA0344A3549526E100CC2F301120132B3FBEC
S21401DDB0F2F308802B4A2C4930481B044866536608
S21401DDC0003D18BF012594F8243065F3451384F807
S21401DDD02430204618F06FFAF0B1204618F09BF96F
S21401DDE0D0B14FF40031204604F032F9431C03222F
S21401DDF09BB2234801A918F016FB9DF8042002F0F7
S21401DE000703052B9DF8053015D112070DD443F4F1
S21401DE1080731C4AC2F8B830002003B0BDE8F04356
S21401DE2018F00EBBFFF7F0FECAE713F0040F09D196
S21401DE309DF80630EBE703F03002202A05D113F0F7
S21401DE40010FF4E74FF48073E3E79DF80630E0E74F
S21401DE500E202AE7001000B0002002B8001002B819
S21401DE6000400054005001B8006001B800D000B86E
S21401DE7000E000B8004001B8FA6B00200000FFFF88
S21401DE8008400054001E00B000C001B82DE9F3415F
S21401DE900646884615461F461CF0FDFC0446032030
S21401DEA001F056FC38B120461CF0F0FC0E2420464A
S21401DEB002B0BDE8F081042001F04AFC0028F2D14E
S21401DEC020461CF0E3FC01232A4641463046FFF774
S21401DED0BBFE04460028EAD1DFF8C8805FB388F8A5
S21401DEE0000039463046FEF735FD00284CD198F83B
S21401DEF00030012B1CD02022244B1A67244BDB6CEC
S21401DF00B3F5817F1FD2012018F0DBFA1CF0C3FCA9
S21401DF10204B06461B680193CBB901F093FC15F024
S21401DF20800526D101F0E0FC284603F0F5F925E04E
S21401DF3003F008FABBE798F80030012BF8D0002B65
S21401DF40D9D12124B3E78022134B1A61DBE70420E1
S21401DF5001F002FB00230122042001A901F01AFBB3
S21401DF600028DAD103F056FA212430461CF08EFC44
S21401DF709DE70022094B9A6701F0B6FC084B012188
S21401DF805B6800209847F0E7044690E7001002B867
S21401DF90001F00B0B8540020000002B800C001B84D
S21401DFA068690020D262002008B50C4BD3F84C11EA
S21401DFB04B1C12D011F080410FD1094B1B6813B1D5
S21401DFC00320FEF70BFE4FF080624FF40071054B05
S21401DFD0DA67054AD16201225A6108BD0080E00F66
S21401DFE0C4550020001002B8004000B84FF40022CB
S21401DFF0034B186F03F500531A67C0F3C040704710
S21401E000000002B8024B586900F00100704700BFDB
S21401E01000C001B8084B5A69D10707D508B901F005
S21401E02077BA5B69DA0706D401F064BA5B69DB0785
S21401E03001D40028F8D1704700C001B80F4BDB6847
S21401E040C3F30363013B0B2B0FD8DFE803F006068F
S21401E0500C06060606080A0808080220704704206F
S21401E06070470520704703207047054B5B6913F026
S21401E070060F0CBF01200420704700BF000002B845
S21401E08000C001B8094AD368C3F303630B2B08D059
S21401E0906FF49050184100F0010080F0010040003C
S21401E0A07047106F10F48030EDD17047000002B851
S21401E0B00C4AD368C3F30363062B07D8042BD8B2E4
S21401E0C00BD8C31E5842584140007047072B06D153
S21401E0D0D2F830010028ECD17047022070470020AA
S21401E0E0704700BF000002B8094BDB68C3F3036347
S21401E0F09A1E012A8CBF00220122012B02701EBF2C
S21401E1004FF4026222FA03F303F001030B70704727
S21401E110000002B8094AD368C3F30363032B01D096
S21401E120072B08D1536FDB0605D4906F80F00800EB
S21401E130C0F3C00070470020704700BF000002B85F
S21401E140024B0022196818F097B800BFA8770400A0
S21401E150024B1B6803B11847704700BFE454002008
S21401E160024B1B6803B11847704700BFE0540020FC
S21401E17010B5FF224FF6FF71044618F09FF868B9F4
S21401E180FF224FF6FF71204618F0A9F830B9204655
S21401E190BDE81040FF22024918F0B3B810BD00BF19
S21401E1A04C7704002DE9F0411C46184B05461E68C5
S21401E1B00F46904646B1306801F01CFEF3681BB16D
S21401E1C0B368186801F016FE114B1B682BB1DA68AC
S21401E1D01AB19B68186801F00DFE9DF818306407A7
S21401E1E044EA08425B0503F0BC6342EAC7621A438D
S21401E1F02846084942F4C87203F016FF0022284652
S21401E2001146FFF781F90020BDE8F081A4770400EC
S21401E210A87704009007E12D08B5FFF77BFF88B1CA
S21401E220094BDA6912030DD5186F10F4003009D1C5
S21401E2309B6F13F0100F4FF010030CBF034A044AF4
S21401E240936708BD0220FCE7000002B8001002B880
S21401E250002002B838B50446F8B1124AD3691B0348
S21401E2601DD5556F104BC5F38115032DB3F8B4308A
S21401E2700DD10822083B9BB221460C4818F0D3F872
S21401E2800020084B25729B6F1B0A637238BD022D56
S21401E29005D1023B2A469BB2EEE72120F6E7022093
S21401E2A0F4E700BF000002B8001E00B0384000547A
S21401E2B0431EDBB2FD2B14D9FF280B6801D14A6837
S21401E2C0134313F0802F1EBF42F20102074BC3F81F
S21401E2D0282251F82020054BC3F85022C3F85422B7
S21401E2E070470128F5D10023E9E700BF004001B8D7
S21401E2F0F0B585B06D460E460F4B074614460FCB5C
S21401E30085E80F000D4BD3F848020090D3F84C2255
S21401E31001923EB1631EDBB2FD2B0AD93060FF2CA1
S21401E32000D1726022462946384618F017F805B023
S21401E330F0BD012CF4E700BF547704000080E00F25
S21401E340F0B585B06E460D4B07460D460FCB86E8F9
S21401E3500F0000F039F8314604460246384618F0F8
S21401E36076F94DB140B9FF2C1BBF04AB03EB840417
S21401E370009B54F8103C2B6005B0F0BD54770400A8
S21401E38030B50C4B0546187085B0082380B90A4A8B
S21401E390C2F8FC3351B96C46084B0FCB84E80F002A
S21401E3A0074B2A4621461868FFF7A2FF05B030BD85
S21401E3B0044AEDE7726C0020001002B8647704008E
S21401E3C0C4550020002002B8014B1878704700BFE2
S21401E3D0726C0020124BD3F8E020D2031ED54FF406
S21401E3E080321049C1F8E020A1F58051C1F8EC2037
S21401E3F01A6CD1B2C2F30722C3F88010C3F880208A
S21401E4000422C3F880200022C3F88020C3F88020AD
S21401E410C3F88020C3F88020C3F88020704700BF6F
S21401E4200040005400600054F0220A4B01219A6417
S21401E430A022A3F580539A64074B826CC3F8C010E0
S21401E440FC21C3F89810C3F89C204FF40052C3F87F
S21401E450BC207047006000B800400054F8B50D4677
S21401E460174606461CF017FA01230421084C094AF0
S21401E4702363A760E6602561C2F8E010064AC2F889
S21401E48084311CF003FA0DB102232363F8BD00BFEB
S21401E490004000540060005400E100E00222024BFC
S21401E4A058611A63704700BF004000540122044BB4
S21401E4B01A6640F6FF729963D863DA65704700BF43
S21401E4C0004000542DE9F04F042A05460B4683B060
S21401E4D039D901260978141F81615A7803F1040994
S21401E4E082619A788261DB7883610368D0F808B02C
S21401E4F003F0070306339E4006F1FF3A0AEA0B08CB
S21401E5004768A6EB0802944247F000570ED84946E2
S21401E510224607EB0800FDF70FFB46EA0A0604EB66
S21401E5200B023240AA6003B0BDE8F08F494607EB04
S21401E53008000192FDF700FB019A384609EB02013B
S21401E540A21B4244E7E7013A032AECD8DFE802F0CF
S21401E5500B08050213F8012B826113F8012BAA613F
S21401E56013F8012BAA611B78AB6103B0BDE8F08FED
S21401E57038B50C46154601460F4B60B101220F48CF
S21401E580C3F8C0202246FFF79DFF1DB104220A4BA7
S21401E590C3F8C02038BD64B1D3F8A420A24284BF1A
S21401E5A00122C3F8C0200222C3F8A040C3F8C0204D
S21401E5B0EBE70122FAE700BF004000549840005400
S21401E5C038B504461CF067F901211A4A638F0546DF
S21401E5D011663BB3B3FA83F3C3F11903DBB2A06947
S21401E5E0C2F8901093660723D066C2F88C304FF4B9
S21401E5F0A02302F50052C2F8E030A2F58052C2F81C
S21401E600EC3000220C4B1A600C4B1B6F5B0209D5D9
S21401E6104FF480020A4B04F1F8001A67D4F89410FC
S21401E62001F08EFD4FF4E0232846E363BDE8384051
S21401E6301CF02CB900400054E8540020000002B839
S21401E640002002B82DE9F84305460C46B1B1D0F8D2
S21401E6501880478F1CF01FF9B5F83CC0791E01EAF7
S21401E6600C0323F00702032C0646DFF8F8E04244C9
S21401E6705CD1DEF8004024B91CF008F90E20BDE894
S21401E680F88324F00104DEF8000020F00100A04227
S21401E69051D10023CEF80030238894426FEA4343D9
S21401E6A06FEA534323803CD1EB8F08EB07091846EA
S21401E6B0083880B202F108044C4528BF44460828B1
S21401E6C004D9B4F800E0BEF5804F3ED263440F4350
S21401E6D01B1A3B409BB2AB87E887118894781C4A8B
S21401E6E0C1F30C0151645367C2F88C004FF48022C9
S21401E6F0184B04F00704C3F8E0200122164BC3F8B8
S21401E7008421FFF767FE042C0BD14FF48002134BD4
S21401E71005F1F8001B6F124B1A67D5F8941001F03B
S21401E7200FFD30461CF0B2F80020A8E7601E012855
S21401E73098BF1446A7E7E88F4344E31A48BFDB199E
S21401E74008389842A8DC304696E72246B0E700BF74
S21401E750004000540060005400E100E0000002B8F0
S21401E760002002B8E8540020144B10B51968CA8F6F
S21401E7708B8F488F13440138073B8C69034023F085
S21401E78007031C4402F108030D4A9BB2CB87C2F86B
S21401E7908C304FF480220B4BC3F8E02001220A4B49
S21401E7A0C3F88421A07800F00700042803D1074AA3
S21401E7B0D3681B03FCD4064B1C6010BDC455002057
S21401E7C0004000540060005400E100E0000002B880
S21401E7D0E854002010B5064C216839B1CB0703D4A4
S21401E7E0044B1868FFF72EFF0023236010BD00BFFF
S21401E7F0E8540020C45500204FF480320B4B0C49DE
S21401E800C3F8EC20A3F50053C1F8E020D3F8881034
S21401E8109A6E012302F0070206329340C1F30C01FF
S21401E820083B994201D8FFF7D5BD704700600054F8
S21401E830005000542DE9F04780460C46164687697D
S21401E840458F1CF028F8B8F83C2005F1FF3C02EA99
S21401E8500C0323F00701032C82463944B8F83E0026
S21401E86019D1494C24689CB90244073A02EA0C02C1
S21401E87022F00702BC183B44E31A48BF5B198342E7
S21401E88010DB50461CF002F800242046BDE8F08755
S21401E89024F00104EFE7012C02D0022CEBD108385A
S21401E8A00C46E8E7002E3DD08C423FD1374AD2F8DD
S21401E8B044903649B8F81270D1F88820C2F30C0299
S21401E8C0934247DA2588B5F5804FDAD2A378C5F3A7
S21401E8D00C0503F007037A1EA5EB09053A43052B41
S21401E8E0337005EA02052DD82DB2E84340F24142C5
S21401E8F00421C00FFDF700FE7580E3783374D8F865
S21401E9001C207B1E03EA0903D118B160A9B213FAD1
S21401E91085F5AF422FBF0023FF1AB780F26024BFF0
S21401E920B180F36050461BF0B1FFAEE7A4F10802D8
S21401E930974284BFED0802EBC502B2F80090C9F316
S21401E9400C09B6E7124B5B6D003B18BF0123A5EB24
S21401E950C305C9E70B6C7A1EA3EB09033A431A40B9
S21401E9600C4915B2002DCB680BDCC3F30363D81E2C
S21401E97043424341DB0033708B6F72801B0A337452
S21401E980BDE70823F7E700BFE85400200040005425
S21401E990004000B8000002B8054BA822D3F84C018D
S21401E9A03121431C0CBF0120C0F38070FDF7A4BDCC
S21401E9B00080E00F38B5094D0446286840F69702F6
S21401E9C0003818BF01202B21FDF796FDFA235C4382
S21401E9D02B680A20B4FBF3F4604338BD1C550020B5
S21401E9E0174B30B51A68431C164B22D0B2F1407F44
S21401E9F01FD3154D00F03F04D5F8002122F03F0249
S21401EA001443C3F8C84001F03F042243C3F8D020A2
S21401EA10D5F804310D4A1A400D4B03EA500003EABB
S21401EA20510110431143074BC3F8CC00C3F8D4106F
S21401EA3030BD00200146C3F8C800C3F8D000F2E795
S21401EA400080E00F001F00B0000002B81FF087E151
S21401EA50E0FFFF7F73B5574E0446317819B91C2283
S21401EA605548FCF7D9FE2378544A618813705180C3
S21401EA704FF0FC62524CFF21C4F8FC204FF47F0299
S21401EA80C4F808214F4A022B4F4D117033D104238D
S21401EA9007224E49C4F8FC23C5F8FC33C4F800111C
S21401EAA04FF4C071C5F80011C4F8FC234FF480522E
S21401EAB0C5F8FC33C5F870214FF40052C4F8702134
S21401EAC0C4F808314FF4FF13C4F8FC304FF4BB13FD
S21401EAD0C5F8FC308023C4F8703148F2C8023C4BBC
S21401EAE0C3F8D8203B4B3C4A0020C3F8C02F012373
S21401EAF0337002B070BD394A012BC4F80021384B7F
S21401EB0027D14FF4C072C5F80021D3F83802D3F8E4
S21401EB103C12FFF765FF0723C4F8FC330223C5F850
S21401EB20FC334FF48053C5F870314FF40053C4F8EA
S21401EB3070310423C4F808310DEB0300ECF7F4F848
S21401EB409DF80530023B012B9CBF8023C5F8703130
S21401EB50C3E7244AC5F80021D3F83002D3F83412AB
S21401EB60FFF73EFF0723C4F8FC330123C5F8FC3347
S21401EB708023C4F870314FF4805301A8C4F8703173
S21401EB80ECF7D2F89DF80530012B05D19DF804303D
S21401EB9053B948F25D1309E0FBD9023B012B9CBF38
S21401EBA04FF40053C5F8703148F25813084AC2F8BA
S21401EBB0D83097E7D6620020C41F00B0FC6B002057
S21401EBC0002002B8766C0020001002B8C0F10F00D9
S21401EBD0001F00B0001000B0F0540020C0F70F0076
S21401EBE00080E00FC0F60F00034B1A6802609B8896
S21401EBF083800020704700BFFC6B002010B50446E0
S21401EC0001F026F80A4BD3F8F83724B983F4002329
S21401EC10C3F3C04010BD012C05D113F4C02F0CBFA7
S21401EC2001200020F6E7A31E58425841F2E700BF34
S21401EC30000002B86FF07F42154BD3F8FC379342C1
S21401EC4008D0144A03F03F031370F123124A1370DD
S21401EC50124A13701249134B09781A68A9B1B2F116
S21401EC60A06F12D3D3F850120F4A104BB1F1FF3FE9
S21401EC7018BF13460E4A136041F66A020D4B1B6815
S21401EC80B3FBF2F30C4A13607047084BF2E700BF80
S21401EC90000002B8776C0020786C0020796C0020A8
S21401ECA0756C00200080E00F5082E00F887704002A
S21401ECB0EC540020385500201C550020012807D0B0
S21401ECC0022802D030B100207047034B18787047F5
S21401ECD0024BFBE7024BF9E7776C0020786C0020CB
S21401ECE0796C00200023F0B590F8304185B00246DB
S21401ECF02046CDE90133CDF80B30FFF7DFFF92F860
S21401ED002B30411EC9B28B4228BF0B46002C3CD08B
S21401ED10012C38D1042418464FF00F0C384E0DEB59
S21401ED200405B0FBFCF7F75D013CC01BC0B2814295
S21401ED3038BF00206055002CF3D105240F278DF82D
S21401ED400830B3FBF7F0305C0344DBB28B4228BFDC
S21401ED500B462B5501340B2CF3D10F2602F1A800DC
S21401ED60D43215F8013BB3FBF6F14C1CC1EB011193
S21401ED705B1A0133DBB2E4B21B0443EA045340F8E6
S21401ED80043F8242EDD105B0F0BD042418464FF091
S21401ED900F0C1C4F0DEB0406B0FBFCF5EDB27D5DD0
S21401EDA0013C401BC0B2814238BF0020A055002C58
S21401EDB0F2D105240F258DF80830B3FBF5F0385C49
S21401EDC00344DBB28B4228BF0B46335501340B2C70
S21401EDD0F3D10F2502F1A804D43216F8013BB3FB98
S21401EDE0F5F1481CC1EB01115B1A0133DBB2C0B26D
S21401EDF01B0443EA005344F8043FA242EDD1C2E7A4
S21401EE00817704007477040038B5284B05461A78D4
S21401EE1027490C2A02D1FF20087038BD104617F08A
S21401EE203FFB04461046FFF749FFA84228BF284685
S21401EE30C0B2A04238BF20460B78C0B28342ECD0A5
S21401EE40087088B1431EDBB2022A1A490ED14FF070
S21401EE50FC62C1F8FC20A1F50051D1F8FC2042EA81
S21401EE604353C1F8FC30D8E70346EDE7124A134C8A
S21401EE701268AC32C4F8C02F4FF47F02C1F80821E3
S21401EE800F49CA6FD202C8D40F22B3FBF2F2551C47
S21401EE90C2EB02129B1A0133D1F808411B0443EA64
S21401EEA005532343C1F80831B7E700BFFC6B0020C8
S21401EEB0766C0020002002B8C4550020001000B077
S21401EEC0000002B82DE9F04F90F830510646D0F810
S21401EED0A82087B035BB1F2A38BF1F22093A4C2409
S21401EEE0844B85481B6A96F82B10C3F38213DC40CB
S21401EEF00368DFF82CA29342DFF828827F4B04F0E8
S21401EF00010414D11F78A74211D19AF80070AF42BC
S21401EF100DD17B4F3F788F4209D1B8F8040007B076
S21401EF20BDE8F08F032A38BF0322023AD7E7026012
S21401EF3098F800001C70FFF7C1FEFF2924D128466F
S21401EF4017F0AEFA07466F493CB3D6F8E4702FB116
S21401EF503B68082B40F2CB8097F838701DBB0B68D6
S21401EF6040F27121B3FBF1F353431922B3FBF2F3E1
S21401EF7039462A4605A8059317F068FA02023C04AA
S21401EF80059842F0110988E0471E8F4228BF0F46B8
S21401EF90012F38BF0127FFB2D5E7012D29D0022D59
S21401EFA001D0B5B327460B6840F27121B3FBF1F3EC
S21401EFB053431922B3FBF2F33946012207EB072428
S21401EFC005A8059307EB042417F040FA7F00032FEA
S21401EFD038BF0327020242EA001242EA0009033F51
S21401EFE000F01F0007FA00F0FFF7E4FC00F5FA67EF
S21401EFF058E00F23B7FBF3F3581CC3EB0313FB1ABC
S21401F0000133DBB2C0B21B0443EA0053C3F3074724
S21401F010C9E70C6840F27121B4FBF1F40F235443A5
S21401F0201922B7FBF3F3B4FBF2F43748374A00680A
S21401F030A2FB0412013350FA83F313F8013C039246
S21401F040A3F140012A4603A8019317F0FFF9039F95
S21401F0502F4AE41BA2FB041200903021049204A85C
S21401F0602A4617F0F3F9DDF810B08146A4EB0B043D
S21401F07001220594102144F2100405A817F0E6F9C0
S21401F080009B1A02019B42EA091244EA0344059BCB
S21401F09042EA000907EB0B001844FFF78BFC00F56A
S21401F0A00C57283740F6FF711A4B3846C3F8C01084
S21401F0B0A3F58053C3F8C090A3F58053C3F8C440AA
S21401F0C0154C276001F0B0FC4FF47A72134B4042A6
S21401F0D0986523680A49B3FBF2F3A8F8043096F85A
S21401F0E02B30B7FBF2F08AF800500B7017E70027B9
S21401F0F034E700BF004001B878690020D7620020DD
S21401F100736C002038550020EC54002069C2F56865
S21401F110911E856B006001B820550020001F00B0CD
S21401F120746C0020FC6B0020014B1870704700BF08
S21401F130756C002010B5044603F012F878B1174B31
S21401F1401B786BB964B1164B1B784BB1154B1B780A
S21401F150013B012B04D84FF40042134BDA6710BD74
S21401F160124BDB6F1B04FAD41BF095FB4FF40042E5
S21401F1700F4B0446DA67A3F5A0435B682BB1FEF795
S21401F18041FF10B1022017F09CF90222094B2046DC
S21401F190BDE81040C3F884241BF078BBD862002079
S21401F1A0D962002024550020002002B8000002B8D1
S21401F1B0001002B800D003500122024B00201A7042
S21401F1C0FFF7B8BFD86200200022024B01201A7058
S21401F1D0FFF7B0BFD8620020F7B50646504C00F0E6
S21401F1E037FD504B2578504F1E7085BB2846FFF7DC
S21401F1F0A1FF2378013B012B19D8E37B01A88DF8E9
S21401F2000430237C8DF80530E8F7AEFFC7F8845448
S21401F2104FF6FF72454BC3F88420F822A3F58053BE
S21401F220C3F884200022404BC3F884240DE04FF637
S21401F230FF723E4BC7F88454C3F88420F822A3F526
S21401F2408053C3F88420C7F88454394B5BE0002010
S21401F250FFF770FF2378013B012B08D8E37B01A859
S21401F2608DF80430237C8DF80530E8F77DFF002308
S21401F270C7F88434002ECBD062685AB32D4B1B6876
S21401F28003EB5203B3FBF2F3013B1B0243F0F8031B
S21401F29026782649022E284A1ED0032E4FF6FF75E1
S21401F2A0214826D0012E34D143F00203C1F8845000
S21401F2B0C2F884300723C0F88434E37B01A88DF8B4
S21401F2C00430237C8DF80530E8F722FF0120FFF794
S21401F2D031FF17E0F823DBE74FF6FF7043F0010339
S21401F2E0C1F88400C2F8843006220F4BC3F8842488
S21401F2F0E3E743F00503C1F88450C2F884300423E1
S21401F300C0F884340D4B4FF080420020DA6703B01A
S21401F310F0BDC1F88450C2F884300023F0E700BF86
S21401F32024550020D962002000C00350006000B8B8
S21401F330002002B838550020005000B8001002B86E
S21401F340F0B5294F06463D4604460FCE0FC5336835
S21401F35085B02B6000F07CFC0022244BC3F884248B
S21401F360A17A627A42EA0142C3F89024217CE27BC8
S21401F37042EA0142C3F88C24217B627B41EA0240C7
S21401F380C3F888043B78032B2AD8DFE803F022026F
S21401F3900C178DF8041004218DF805200DEB0100E3
S21401F3A00022E8F781FEE37B00228DF80830237CFB
S21401F3B0042102A88DF80930E8F776FE637A012267
S21401F3C08DF80C30A37A042103A88DF80D30E8F7E8
S21401F3D06BFE074B187805B0BDE8F040FFF7FCBEA2
S21401F3E0212005B0F0BD00BF2455002000C0035009
S21401F3F0D9620020034BDB6F002BBCBF024BC3F866
S21401F40088007047000002B8004000B82DE9F047B8
S21401F41017F0BBF84FF47A762D4BB0FBF6F6186072
S21401F4204FF4FA73734307462A48190E1B0218183D
S21401F430294A4FF0000341F10001FBF781FE274BFB
S21401F440A0F5807205461A6320B948222B21FDF7E4
S21401F45053F801254FF47A724FF0000A6A43534677
S21401F46050083102FBF76CFE1C4B1D4AB7F57A7F3C
S21401F4709A601C4B4FEA056819601B4B8946044687
S21401F48018604FEA152505D29B222B215046FDF721
S21401F49033F801264FF47A73A8FB030103FB051129
S21401F4A07308C01841F1000100233246FBF748FEFD
S21401F4B00E4B023419600E4B49F10009A40818607E
S21401F4C044EA8974054B013C9C63BDE8F08700BFA4
S21401F4D03855002020A1070040420F0000C001B8A7
S21401F4E002110100485500204455002040550020D7
S21401F4F03C5500201022044BC3F884215A60012297
S21401F500024BDA60704700BF00E100E000C001B8BE
S21401F5101022064BC3F88421C3F88420BFF34F8F13
S21401F520BFF36F8F0422024BDA60704700E100E000
S21401F53000C001B810B50446A242A2EB0000A3EB3E
S21401F540010104D2034B01399B6B0133184401F0CE
S21401F550030110BD00C001B838B501250A4B0201F0
S21401F5609D504FF480730446084A834053661BF04F
S21401F57092F9074AA540137823EA05031370BDE8FC
S21401F58038401BF083B900BF00E101B800E001B8C4
S21401F590E26200202DE9F84F164605468A461F46C8
S21401F5A01BF079F9022E00F0908080461BF080F95E
S21401F5B0594B5A4AD3F82090147D5A6EE4B252073A
S21401F5C044BFD3F82090013404F003041BF06BF918
S21401F5D04846214600F036FA8446DAF80000012E45
S21401F5E004BF01306044ACEB000C08BFCAF8000051
S21401F5F0BCF1804F7DD300F037FA8145A1EB0401C1
S21401F60088BF454BDFF834C188BF01F1FF3101F0F7
S21401F610030188BF9B6BA0EB090E0CF80510A1B186
S21401F620F90742BF41F61F723D4B5A67BA0742BF00
S21401F6303B4B3C4A5A677B0742BF0022364B9A67D0
S21401F6403C0742BF0022344B9A6511244FF0010A51
S21401F650314B05F11002120103EB051BCBF80C012F
S21401F66031499C501A6A0AFA05F4586E0B78A2EBD7
S21401F6700902E4B2234372450B7025D34FF480731D
S21401F680AB40034220D11CF80520002A40D10EB31E
S21401F690264AF807536607D541F61F7140F2011056
S21401F6A01F4B596750675967B90706D51C4B1D4A4A
S21401F6B01E491F485A6748675A677A0742BF0122A0
S21401F6C01C4B1A613B071AD440461BF0DFF8012099
S21401F6D0BDE8F88F184A2D0142F805A042F89C3C77
S21401F6E01BF0D9F810490B7823EA04030B701BF0C2
S21401F6F0CDF840461BF0CAF80020BDE8F88F21205F
S21401F700FFF778FE4FF48032034B4046DA60DCE7C1
S21401F710064A40465366D8E700C001B8A8550020FF
S21401F72000E001B800001F1FE262002000D001B80F
S21401F73000000101000002B800E101B8DA62002011
S21401F740024B1878003818BF01207047E26200208B
S21401F750034B10300001185800F00100704700BF3D
S21401F76000C001B870B50646FEF74CFC044608B169
S21401F770FFF7CEFE0023084D3046AB61EB612B62EE
S21401F78000F072F9054BC9B2197528620CB1FFF782
S21401F790B1FE002070BD00BF00C001B8A855002012
S21401F7A02DE9F0419DF818800D46B8F1000F08BF0D
S21401F7B00022214EB5F5803FB168074621F470015D
S21401F7C041F4A001B1609DF820409DF81C104FEA5D
S21401F7D0042444EA016444EA031444EA084444EA7B
S21401F7E002044FF0180140F2E9222CBF002001204C
S21401F7F07465FCF781FE3564B8F1000F1AD00F4B23
S21401F800BC68D3F888305A2C38BF5A245B0606D514
S21401F81000F0F0FB18B10A4BB3FBF0F31C44204692
S21401F82000F022F90130854238BF0022024B34BF76
S21401F8305A645864BDE8F08100C001B800C000B841
S21401F84000093D00214B10B51A6E1A66596C59B164
S21401F8501F49C96800292EDB596D4FF0FF3301F0AF
S21401F8600F018B409A4326D110242020FFF7C2FDBA
S21401F870184B9C6002F088FB2022174BC3F88421AA
S21401F88001F0F4FC48B1002200200821FEF71CF824
S21401F890124B5C66A3F580531C670D4AD36803F0D0
S21401F8A07063B3F1807FF9D9084B0D4A5A6741F26C
S21401F8B001429A6710BD01F0D9FC0028F4D0094B2B
S21401F8C0064A5366A2F580521367EDE700C001B8F9
S21401F8D0000002B8001002B800E100E000E001B844
S21401F8E0011B01181000002008B52120FFF782FD3A
S21401F8F04FF48032014BDA6008BD00BF00C001B88A
S21401F900F8B5184D04462B6A1B0426D500F0E6FB15
S21401F9102B6AA0FB044613F0787F4FEA9367C3F384
S21401F9204450C3F3044505D140F25A422B21FCF75B
S21401F930E3FD0120AD01B5FBF0F010EB871005D11A
S21401F94040F25F422B21FCF7D7FD0120024600233F
S21401F95020463146FBF7F4FBF8BD00F04BFBA0FB5D
S21401F9600401F9E700C000B80246012030B50B4C8F
S21401F970A0F12003C0F1200524FA05F504FA03F3EB
S21401F9802B4304FA00F595428B4100D330BD0F2876
S21401F99001D00130ECE7FF20F8E700BF40420F003E
S21401F9A010B50C46FFF7ACFFC30943EA4163C01A22
S21401F9B061EBD111FFF7D8FFFF2814D00F220C4BB3
S21401F9C040F01000C3F88820A3F58053C3F88800E0
S21401F9D0A3F580531B6ADBB2802B06D02046BDE818
S21401F9E0104000F067BB212010BD0220FCE700BFDD
S21401F9F000E000B838B51AF05BFF084B084A1D6AEC
S21401FA00147D5A6EE4B2520744BF1D6A01341AF0DF
S21401FA104AFF284604F0030138BD00BF00C001B804
S21401FA20A85500200346064A103302EB00111B01BD
S21401FA30D1F80C01D158C1F3400116F04DBD00BFFD
S21401FA4000C001B8064B1B68434303EB8171054BAD
S21401FA501B68A3FB003013F1004341EB0000704725
S21401FA60405500203C5500200C4A20F040430146FA
S21401FA7010B5002014684FF00042E4FB0320084A4A
S21401FA80890F126802FB0300064B9B6B984204D950
S21401FA9001330131C01A01F0030110BD44550020A5
S21401FAA04855002000C001B8044B01F0F071103039
S21401FAB041F0030100011950704700BF00C001B8B2
S21401FAC008B52220FFF796FC4FF48022014BDA603E
S21401FAD008BD00BF00C001B808B5064B4FF0304066
S21401FAE01A6805499200FCF727F8BDE8084001F0BE
S21401FAF0E3B800BFC4770400C877040070B50C688B
S21401FB00651C15D0C4F302669E42C4F3074530D186
S21401FB10A4B294422DD804EB8506B24229D2141B16
S21401FB20A50824F003040E59340F04D0012C08D084
S21401FB300022212402E06B1C51F82320C0E9002496
S21401FB4070BD0E4C34F8133042EA03431A686B1C3E
S21401FB5051F8234001EB83014B6822405E4036F0AA
S21401FB60704404D11B0F032B04BF8B681A43002477
S21401FB70E4E7013501EB8501C1E700BF9C7704008E
S21401FB8007B501A8EBF7D0F84822164B5A65164A76
S21401FB90D2F8D43023F4FC33C2F8D430134B1B68AC
S21401FBA09DF80530023B012B19D84022104BC3F8B3
S21401FBB0FC23104BD3F85C32DBB2FF2B00D10623BB
S21401FBC0094A1B03D2F8FC139BB20B43C2F8FC3361
S21401FBD0D2F83021084B1A6003B05DF804FB00F040
S21401FBE0E7FEECE7008001B8000002B8002000B094
S21401FBF0001002B80080E00FDC54002000224FF411
S21401FC0000710F4B10B51A675A679A670D4AD16291
S21401FC10012102F5E8325161DA6812F0706FFBD10A
S21401FC204FF0304201245A6602F5FC5208329C66B7
S21401FC30DA64054B1B689847044B5C6110BD00BF36
S21401FC40000002B8004000B87C690020002002B81D
S21401FC5001230F4A0F49C2F880328A6A22F0020253
S21401FC608A620D4A53600D4A53600D4A5360A2F5ED
S21401FC7080425360A2F54042536002F5C0325360A1
S21401FC8002F580425360A2F500425360704700BF00
S21401FC900080005000C0005000D000B80050005452
S21401FCA0005001B808B5FFF7D3FF0E4B0E4ADA67CE
S21401FCB000F076FEFFF764FF03220C4BC3F8E0204A
S21401FCC0012203F54043DA674FF460725A614FF43C
S21401FCD00072DA67FEF778FBBDE808400021FEF700
S21401FCE04FBB00BF000002B80048F000005001B84A
S21401FCF02DE9F04F054687B002900F4657F8044BA2
S21401FD00631C06D1029B2C60E81A801007B0BDE880
S21401FD10F08F5FEA147B18BF0123344AC4F30161F4
S21401FD2008BFC4F3074332F81120A4B24FEAC30A4E
S21401FD302F4844EA02440AF104022A4482421BD2B2
S21401FD400722CA4002F0010201929A0004EB8303E3
S21401FD5003930123B94603FA0BF808F0940305F15F
S21401FD60080604920593039B09F10409A34208D1EE
S21401FD70049955443944C0E71D4A9542E0D800200D
S21401FD80C4E7059B53B918F0420F19D118F0280F94
S21401FD900BD146F8084C59F8042C21E04FF42062A8
S21401FDA032210020FCF7A8FBF3E740F604223221BB
S21401FDB00198FCF7A1FB04F5805246F8082CEAE707
S21401FDC040F60D2232210198FCF796FB04F500520D
S21401FDD0BBF1010F46F8082CDDD159F8042CD243AB
S21401FDE046F8042C04340836BDE700BF9C770400AF
S21401FDF0003000B0F8B50546F0B10026154B344684
S21401FE001F46154953F8042BBAB9A00000F130403B
S21401FE10294600F50150FFF76BFF30B940F6AE32C8
S21401FE203621BDE8F840FCF767BB0C4B01340444AF
S21401FE3047F8265023F81640F8BDAA42FCD00136F2
S21401FE400C2E02D031F81640DCE740F6C8323621D7
S21401FE500020E6E74C550020AA5B0020AC5B0020A2
S21401FE6070B50446A8B1C1B1384A52F8043B98426D
S21401FE7015D1002336498A689206FCD49B00354A80
S21401FE8003F1304303F50153C2F8B0302022324B60
S21401FE909A6070BD01330C2B02D1304D12E0012364
S21401FEA052F8041BA142F5D12D4A32F81330E1E78E
S21401FEB004D16268C3E90012083403E0012A01D1C3
S21401FEC0043419602268531CE3D0C2F3016335F889
S21401FED01300110C93B211F0FE0F43EA0043606861
S21401FEE00DD00434CAB2022A2168E1D9D4E90160EE
S21401FEF0033AC3E9001698600C340C33F3E7120F8B
S21401FF00072AD9D8DFE802F00704090D1013181DD7
S21401FF10C04303F500531860CEE71A6842401A60E2
S21401FF20CAE703F58053F6E716F0CBFAC4E70122D9
S21401FF3003F580538240F2E7012203F50053824025
S21401FF40EDE71A6830EA0202FBD1B5E74C5500200E
S21401FF50000002B8001E00B0001002B89C77040032
S21401FF60AA5B00200122014BDA677047001002B835
S21401FF700122014BDA677047002002B84022014B8C
S21401FF80DA677047002002B84022014BDA677047F3
S21401FF90001002B80B4B1B68D3F8E43023B11A6883
S21401FFA0022A01D9186A7047074B9A6D90B238B188
S21401FFB0064BC2F307421B68DB085343B3FBF0F062
S21401FFC0704700BFC4550020004001B838550020D6
S21401FFD0064BDB68C3F30363984206D1044AD36B2E
S21401FFE023F0F00343EA0111D1637047000002B821
S21401FFF0001F00B0054B1B68D3F8E43013B11A6834
S2140200000A2A01D8FFF7C6BF186C7047C4550020ED
S2140200102DE9F743064616F04DFA00248046DFF82F
S21402002090901AF038FC0DF1070105460DF1060016
S214020030FEF75AF89DF806308BB9721C29D016F0D6
S21402004039FAA0EB080428461AF020FC9DF8063080
S21402005013B99DF807303BB3A642E2D824E0D9F89C
S2140200600C3013F4603FE8D0D9F8100016F08FFA7F
S214020070731C074603D016F01DFAA0EB08042846A8
S2140200801AF004FC17F5007FE0D0384603B0BDE84E
S214020090F08328461AF0FAFB9DF80630002BC0D1F2
S2140200A09DF80730002BBCD1004FEEE700FEFFFFA5
S2140200B000C000B810F1800F04D04D28CEBF7F20BC
S2140200C0323040B2FF22044BC0B21A62A3F580530C
S2140200D018620020704700BF00E000B80B4A10B557
S2140200E0136E0B4C116E03F00703E35CC1F3CD01F4
S2140200F001FB0333126E0748C2F3454202FB033389
S21402010000688001B0FBF3F010BD00BF004001B8EC
S2140201109477040038550020084910B5D1F89C3071
S21402012040B11C46CA68D1F89C309C42F9D1C2F351
S2140201300362027003F00F0010BD00BF000002B899
S214020140094B01F080011B6F03F480030B4309D1B6
S2140201504FF40012054B1A62837F1BB10122044B37
S214020160C3F80021704700BF000002B8006001B863
S214020170005001B82DE9F04F404F804685B03868F0
S2140201800C4615F09EFE20B90024204605B0BDE8B8
S214020190F08F224600214046FBF73EFB384B5D6956
S2140201A015F00105F0D1FCF701F806460028EBD061
S2140201B03F68384615F0BDFD4FF6FF73984234D0BF
S2140201C04FF060512F4E304B304AD3F82090D6F87D
S2140201D08C3011624FF00061A2F580521162242227
S2140201E00421C6F88C202A4A4FF4804B91604FF4C3
S2140201F080520027DFF8A4A0CAF868B0F262A742CD
S2140202001ED30421234A9160A2F5F032C2F88C3044
S2140202104FF060521D4B1A6209EA02031E4A13622D
S2140202204FF480421D4B9A66AFE73146384615F0CA
S21402023024FD01463846FCF7FDF80028C0D0A3E7A7
S214020240B26E5104FCD5B268D205F9D5CAF868B0C8
S214020250D6F890200135012D0392D0D9E21B042A4C
S214020260A8BF042208EB070003A901930092FBF73C
S21402027063FC009A019B3A4497B2C0E7C45500203B
S214020280000002B8004000B8004001B8006001B8A3
S214020290001002B8002002B8005001B8006000B892
S2140202A04FF604014FF60502044B01201B6C9BB26D
S2140202B08B4208BF1346024A136670470080E00F5F
S2140202C000C001B82DE9F74F81460F464FF0FF35C3
S2140202D0FFF790FB002601908A462C463046DFF850
S2140202E0D8B006F110031B015BF8033003F00308D5
S2140202F0B8F1010F15D13046FFF794FB02460B46C4
S21402030001985146FFF716F9DBF8643006F1080249
S214020310D340DB0739D5002F40D000252C463E605F
S21402032040460136082EDCD160B3234A0027D2F8B5
S21402033008C0916B0CF440330131A4FB01416419EF
S21402034041F10001B3F5003F30D1536B0CF4405C31
S214020350013347F10006BCF5805F22D1156B15F517
S214020360807505FB06F647F1000203FB0266A5FB55
S21402037003323244594304FB0212A3FB04341444EE
S214020380C9E9003403B0BDE8F08FA84271EB04035C
S214020390C6D207B13E6005460C46C1E73D463C461E
S2140203A0BEE7320242EA13621B02E3E7136B13F55F
S2140203B0807347F10002DDE700C001B808B516F009
S2140203C0FAF8044B5A7C012302329340024A5361E4
S2140203D008BD00BFA8550020002000582DE9F341B3
S2140203E005460F4668461146FFF76CFF0646B0B153
S2140203F0AFB1DDE900321B0A43EA0263A5FB0384C0
S214020400094B120A05FB02441A6812B916F0BDF827
S2140204100246002340462146FAF792FE38603046EE
S21402042002B0BDE8F08100BF3855002037B504465B
S214020430FFF70EFCE17822791B4841EA0243C0F836
S214020440CC34E579A37943EA0543C0F8D03423785F
S2140204504BB18DF8041004218DF805200DEB010038
S2140204600022E7F721FE63785BB10421A37900221C
S2140204708DF80430E3790DEB01008DF80530E7F7CF
S21402048013FE227801235AB1084AC2F8C8346278A9
S21402049002233AB1054A0020C2F8C83403B030BD80
S2140204A0034AF2E7024AF6E700C0035000D00350C0
S2140204B000E0035070B52C4B0C461A7812B92B4A42
S2140204C0926D1A702A4AD26F52054AD51D78294B68
S2140204D005F00F06B0FBF3F040434FEA151505D1C1
S2140204E040F27C622B21FCF707F80120224A0A21FF
S2140204F07243B2FBF0F34843B3FBF1F602EB500251
S214020500B2FBF0F201FB1633042BD2B207D8C3EBD0
S2140205108310C3EB80035BB283B96DB217E0C3F1FD
S2140205200B0303EB8303DBB2B3FBF1F32B44DDB225
S2140205300F2DF2D9013AD2B2053DEEE7053B5BB28A
S21402054093FBF1F31D44EBB26DB2002D04DB0020E9
S21402055042EA0512226070BD01320533D2B25DB2A4
S214020560F5E70220F7E700BFE3620020008001B84B
S214020570000002B8403B2500809698004FF0000C21
S2140205802DE9F84FA2FB017BC84EDFF85CE3BE19EB
S21402059099466BF10003B6457CEB030308D240F2A2
S2140205A03E220E216046FBF7A7FF0220BDE8F88F29
S2140205B0D0F8E4A00C461546BAF1000F04D0DAF8DB
S2140205C00030032B00F21B81B94BBA4A9B6BD2F860
S2140205D0FCA0C3F31408B84BD3F8EC305E00B64B5D
S2140205E048BF48F400181B6E48EA456858074EBFD5
S2140205F04FF440039B0503F0E07348EA030818F043
S214020600C9FA012D0646D0D10028CED0AB4B98426F
S21402061000F0048103F5122303F5F863984200F014
S2140206200381A74B984200F02F81002502462B46F5
S21402063000204FF00071FAF783FD2B46013007FBCE
S21402064003F3C8F3130100FB0B33A1FB0662A7FBFF
S214020650007001FB0522034420339B09C9F80030D1
S214020660F60C984B46EA423618F4801F1C6008BF08
S2140206707642954B954DC9F8144034441E602C6062
S214020680BAF1000F00F0B98000239149C8F38152F5
S2140206908A5C194618F0807F18BF6408002EB8BF1F
S2140206A0764292066008C2FB06012246FAF748FD29
S2140206B0DAF800300E2B08D97F4B7D4A926BD96947
S2140206C0D3F80C31C90600F1D68018F4001814BF0E
S2140206D0C42240F207127F49C0F31300A1FB046153
S2140206E04FEA511102FB01F1C9F80400DAF81800CA
S2140206F04FF4FA73B1FBF0F118BF4FF0000801FB9C
S21402070003F3A4FB0262FA33A3FB003004FB0822C5
S214020710B342904138BF0131C9B241F4006CC9F806
S21402072008C000297ED0DAF81C00A1FB003624B1EE
S214020730B4FA84F20E2A40F38880E203002E77D1C0
S214020740B2FBF3F2530003FB0113A3FB00764FEA5E
S214020750044EBE454FEA144474EB060609D34E0017
S2140207603344A0FB0371BE4574EB010102F10102A2
S214020770F6D2C2F30E024CEA023C4CF00063C9F811
S214020780083018F007FA2B68002B00F08880B3FABE
S21402079083F4D4F102044CBF1C4623FA04F44E4BF5
S2140207A09C4288BF6408002846D0B4FBF0F364215C
S2140207B000FB134201FB02F2904244D85A1E520832
S2140207C05B08013B120242EA0313C9F80C3018F028
S2140207D0ADF900285CD0B4FBF0F2642100FB1244B1
S2140207E001FB04F4A0425ED8531E5B085208013A8D
S2140207F01B0243EA0213C9F810300020D6E6042B87
S214020800DAF828807FF4FBAE18F0807F0CBF08F081
S214020810E0734FF4400328F0E078EEE600232F481A
S2140208201D460CE72120C1E600232D481D4606E79B
S2140208300B46002289E7044640F2C2422B210020E2
S214020840FBF75AFE2346013BB8E7C2F10F0702F157
S214020850110E06FA0EFEFB4043EA0E03A7F1200E27
S21402086026FA0EFE43EA0E03FE40013304FA02F2B3
S21402087046F1000662E702F4801203F400131A43FC
S21402088008BFC0F5801020E7002316481D46D6E6AE
S21402089040F2E5422B21FBF72FFE621EA4E700285A
S2140208A0C9D01C46CFE71446F7E700BF006CCA88DB
S2140208B0008001B8001F00B0004001B800F04902F5
S2140208C0005A620284550020805500207C55002084
S2140208D0AC770400D34D62103FBE40250A3BB2DF20
S2140208E0313641DCD694BFD6807C814A10B50B46A1
S2140208F0044686B039B98279016821486B46006899
S214020900FFF73CFE6B461F4A196851631E4AD2F82F
S214020910FC2062B35A6842B11C4A1D49C2F80C1147
S2140209205968A2F58052C2F80C119A6842B1174A69
S2140209301849C2F8EC109968A2F58052C2F8EC1079
S2140209401549D868D1F8642122F4EE620243C1F850
S2140209506421D1F85C21186922F4EE620243C1F8E0
S2140209605C21A1F5FF4158692839FFF7A3FD002055
S214020970A2880A4B9A6203F5A033186406B010BD2B
S214020980C4550020008001B8001F00B0006001B806
S214020990FFFF0F00FFF8FF0F000002B8004000B88C
S2140209A04FF48062014BDA67704700BF001002B84E
S2140209B04FF48062034BDA67034B1B780BB1034A92
S2140209C093657047002002B8E3620020008001B8F9
S2140209D040B10368012B05D90069034B002808BF04
S2140209E01846704700487047B477040010B590B1B7
S2140209F00468012C0FD902696AB11168094B102CE0
S214020A00196051685960916888BFD268996094BF2E
S214020A10D960DA6010BD102200210248FAF7FCFE07
S214020A20F8E700BF8C550020084BC1171A68A2FBD6
S214020A30000302FB013310F1807043F10003400E05
S214020A4040EAC310803820EAE07070479C550020C8
S214020A500722164B70B5DA66154B164A1D68164BFA
S214020A60EC08E005C0184FEA153141F100010023F9
S214020A70FAF766FB114B124E18604EF66020FFF72F
S214020A80D3FF4042C6F884000E48FEF7EDFF02464A
S214020A9058B1E301500818184FEA15714FF00003D9
S214020AA041F10001FAF74CFBF06570BD000002B898
S214020AB03855002065CD1D00B2E60E009C5500207C
S214020AC0001F00B040420F0010B5044698B10B4B11
S214020AD0D3F8FC00FFF78AFF4FF47A7303FB04F0A7
S214020AE0074BA0F6AC50DA689B681044C01ABDE803
S214020AF01040FFF799BF4EF66020F8E7001F00B0DF
S214020B008C5500202DE9F8430546084614461E4635
S214020B10FFF76CFF0DB306F0020716F004061ED1AF
S214020B20DFB14FF47A706B685843002B40F08C802C
S214020B30FFF77AFF60626B69002B00F08C804B4AED
S214020B40D0684FF47A7202FB0300A0F50350103807
S214020B50FFF76AFF2062002E57D1BDE8F8832869A6
S214020B60002868D04FF47A735843404BA0F6AC5036
S214020B709B68C01AFFF758FFE061A88B00285DD07B
S214020B804FF47A735843394BA0F6AC509B68C01AA0
S214020B90FFF74AFF2061364BE968D3F80080002948
S214020BA04FD04FF47A735943304BA1F6AC519A6842
S214020BB05B68891AC91A2F4BC8171A68DFF8BC90E7
S214020BC0A2FB011302FB003311F1807143F1000313
S214020BD0490E41EAC3118039274B6161DB6EA3617E
S214020BE0D9F8003053B1404615F065FB30B12246C5
S214020BF0D9F800301D49D8F8D80098470021A869CE
S214020C00FFF762FFA062002F8BD1A86830BB47F2C5
S214020C103050FFF709FFA0604FF47A702B685843F4
S214020C202BB1124B1B6803F51C5310331844FFF705
S214020C30FBFEE06091E74EF660209BE74EF66020F2
S214020C40A6E74EF66021B6E7084B1B6803F51C5371
S214020C50103318446CE747F2305079E74FF47A7352
S214020C605843A0F503501038D3E700BF8C55002038
S214020C70C45500209C550020001F00B08855002057
S214020C8038B5054608461C4615F037FC0246D5F828
S214020C90E400FFF79DFE4368A018002B044AA8BF95
S214020CA04FF4FA721A44034B92FBF3F2104438BD27
S214020CB00CFEFFFF18FCFFFF70B5124C88B001ADAA
S214020CC00FCC0FC594E8070085E807008C220021A8
S214020CD00D48FAF7A1FDD42200210C48FAF79CFD34
S214020CE00B4B0C4A5A6301F04DFA0B4B1B783BB187
S214020CF0044E01AD0FCD0FC695E8070084E8070045
S214020D0008B070BDC41F00B0A01E00B02C1F00B0FB
S214020D10001F00B010111111D662002008B519F09C
S214020D20BAFD0E4B1A78A2B90D4A126812F4843F25
S214020D300FD10C4A1021D1671B7863B9084B1B6888
S214020D40DB0508D4074B2022DA67BDE8084019F015
S214020D509DBD054AEEE7044BF5E700BFE9620020B9
S214020D60A0150020002002B8001002B80A4B19781D
S214020D7001F0FF0229B10021197008499202C1F858
S214020D80B420597801F0FF0229B10021597093026C
S214020D90024AC2F8B8307047E4620020005000B839
S214020DA0064BD3F8D80E064B5B6F1A0103D4054BDD
S214020DB09B6E1B0401D500F580707047001000B0D2
S214020DC0000002B8004000B810B519F064FD0E210C
S214020DD004460320FFF7FCF840F20122034B2046AC
S214020DE0BDE81040DA6219F051BD00BF004000B8FD
S214020DF008B519F050FD4FF00042224BC3F8802090
S214020E00BFF34F8FBFF36F8F0122C3F88420BFF367
S214020E104F8FBFF36F8F0222C3F88420BFF34F8F2A
S214020E20BFF36F8F0422C3F88420BFF34F8FBFF344
S214020E306F8F0822C3F88420BFF34F8FBFF36F8FE4
S214020E401022C3F88420BFF34F8FBFF36F8F202288
S214020E50C3F88420BFF34F8FBFF36F8F4022C3F8CF
S214020E608420BFF34F8FBFF36F8F4FF48072C3F8A7
S214020E708420BFF34F8FBFF36F8FBDE8084019F091
S214020E8005BD00BF00E100E008B519F004FD4FF013
S214020E900042094B1A6001225A6004225A60082254
S214020EA05A6010225A6020225A6040225A60BDE8D8
S214020EB0084019F0EBBC00BF00E100E0012370B56A
S214020EC0074C2370074B1E68074B3240D3E900538A
S214020ED019402840FCF7F8FC0023237070BD00BFC1
S214020EE0E7620020A4550020A01500200022044B33
S214020EF01A70044B197811B11A70FFF70FBF7047BA
S214020F00E8620020E96200202DE9F047DDF820A023
S214020F1003EA0108099B06460C4602EA000703EAB2
S214020F200A09BAF1000F40F04E81031F0B4300F08E
S214020F300E81052871F1000380F0E48050EA010377
S214020F4000F06081431E0B4300F02481FFF750FF40
S214020F50AD4AD2E9005323EA040325EA06053D43D7
S214020F6043EA0807A94BC2E900571E68DFF8F48275
S214020F7026EA0A0646EA09061E60FFF7CFFE15F0C5
S214020F802A4F14BF48F202034FF40043A04AB007A8
S214020F90D26EA04848BF43F4005383EA020122EA15
S214020FA00302C2669C4A0B408166D366C5F3804242
S214020FB01203290348BF42F48072EB0648BF42F48C
S214020FC00052964BAC0648BF42F400726806D3F84D
S214020FD00C3248BF42F48062290648BF42F40062DF
S214020FE08F4882EA030123EA0203C0F80C328D4BD3
S214020FF00A40C7F34024A404C0F80812C3F80C221F
S214021000EA0448BF44F48034AB0348BF44F4801477
S214021010A80748BF44F4800415F4001F06D0D8F889
S214021020000015F09EFB08B944F40024E90248BF0C
S21402103044F40034FA0648BF44F4000473077A4BBB
S21402104048BF44F004041A6A44F4001484EA020313
S21402105023F0010375491A400A621C40CB61744BA7
S21402106016F0010F1C62734B734A18BF1A46734B75
S2140210707C071B6F48BF42F00062714882EA030198
S21402108023EA020303676F4B0A4041661A676E4AF9
S21402109005F00103516CA0F5803081EA030221EAD3
S2140210A00301416482631A40684B28025A64D8F8E6
S2140210B0002048BF664B92F8F62058BF654B69077A
S2140210C048BF43F4806322B115F4C06F18BF43F4DF
S2140210D080733207604A48BF43F00043D2F8EC10F0
S2140210E05E4883EA010222F4A0221140C0F8EC1006
S2140210F01340C0F8E0205A4ABDE8F047C2F8EC3088
S214021100FFF7C2BEA0F580630B4306D020F48063CF
S214021110A3F500730B437FF419AF19F0BCFB3A49F1
S214021120D1E9003223EA060322EA040242EA08026E
S2140211303B43C1E900324B4A126892F8F610474A1E
S21402114009B313F4C06F1ED04FF4807311E019F088
S214021150A2FB2D4AD2E9003123F004033B4341EAC5
S214021160080157EA0807C2E900314FF480633B4A98
S2140211700BD0C2F8E030A2F58052C2F8EC30BDE8DF
S214021180F04719F083BB4FF48073C2F8EC30C2F814
S214021190E030F4E719F07FFB1B4AD2E9003123F076
S2140211A001033B4341EA0801C2E9003101232E4A0A
S2140211B057EA08071BBF9363A2F580525364536431
S2140211C008BF9363DBE750EA01037FF4BFAEBAF1D0
S2140211D0010F7FF4BBAE19F05EFB0C4A136823F0D6
S2140211E0010343EA090313604FF48063144AB9F11A
S2140211F0000F04D05366A2F580521367BFE7136749
S2140212005366BCE7BDE8F087A0150020A455002071
S214021210004000B8006000B8005000B8004001B8B6
S214021220006001B8005001B8000002B8002002B801
S214021230001002B8041C00030418000300C001B822
S21402124000E001B800D001B800C000B800D000B875
S2140212500D0A0A09090A0A090040005400600054EF
S21402126000500054C455002000E000B8024B5868F5
S214021270C0F3C000704700BFA0150020024B1868DC
S21402128000F00100704700BFA0150020024B58680E
S214021290C0F3C030704700BFA015002010B504464A
S2140212A0FEF700FDFFF7A4FD2046FDF7BDF8FEF7AA
S2140212B0A5FCFEF7ABF8FEF71DF9FFF7C9FB1349CD
S2140212C00723134AD1F8FC1004F1F800FFF71AFCC2
S2140212D04FF080710020FEF7E7FB4FF000720D4BD7
S2140212E04FF400110120C3F80021FEF7DDFBFEF7E4
S2140212F0D7FF20B940F292321421FBF7FDF815F021
S21402130063F9BDE810400120FDF766BF001F00B07C
S214021310581F00B000D001B88023074A136708237D
S21402132040B11367054AD2F8A03023F02003C2F872
S214021330A0307047024AF4E7001002B8001E00B060
S214021340002002B810B519F0A6FA012104460020C2
S214021350FFF7E2FF044B1961044B5B68984720468F
S214021360BDE8104019F092BA000002B86869002081
S214021370F8B5194C0546207840F2E442B0FA80F0FF
S2140213803E214009FBF7B8F855B9607840F2E442CE
S214021390BDE8F840B0FA80F03E214009FBF7ACB851
S2140213A04FF440660D4F0E4DD7F8B43040F2E4428B
S2140213B0C3F381232370C5F8B46060783E21B0FA87
S2140213C080F04009FBF798F8D7F8B830C3F38123CA
S2140213D06370C5F8B860F8BDE4620020004000B84B
S2140213E0006000B8F8B5084C084D236F0423084F78
S2140213F02B67236F5B0300D4F8BD042602203E67EA
S21402140015F05FF82E67F4E7000002B8001002B885
S214021410002002B8A82238B51A4B1D6F03F50053F8
S2140214201A6710229A60A3F5804302F100521A67E7
S2140214305A66FFF79BFC144B1B7813B90320FEF782
S2140214408BF80024114B9C67FFF7CCFF104A114B18
S214021450D2F8D81E0B40C2F8D83E04220E4B1A67AA
S2140214600E4BAA06C3F8AC4008D503F58073DB6CB6
S214021470B3F5817F22BF8022024B1A61BDE8384055
S214021480FCF7C2BB000002B8E662002000C001B84A
S214021490001000B0DF0000FF002002B8001E00B0FF
S2140214A010B549B930B3164AD3681B0E13F00E0FA7
S2140214B020D193689A061DD4FFF786FC104C0020B4
S2140214C0FEF72AFE032801D0092805D1636FDB0345
S2140214D0F5D4E36D0C2BF2D9FFF784FF4FF40072BC
S2140214E0084BDA62012203F5E8335A61042203F557
S2140214F080531A674FF4C062034BDA6210BD00BF16
S214021500000002B8004000B8006001B808B5032128
S2140215100920FEF75DFD2022014B1A6108BD00BFBF
S214021520000002B838B5054619F0B5F90E4B044668
S2140215301868FDF745F835B1FFF7D8FC2046BDE838
S214021540384019F0A3B9094B1B78002BF6D0084B8C
S2140215501D78002DF2D1FFF7C9FC2A464FF48040D1
S2140215600021FFF7ABFCE9E7C4550020E862002043
S214021570E76200202DE9F84F5C4B06460D461446FE
S2140215801B6F002A40F0AE8013F0A00F14BF4FF07E
S21402159001094FF00009FCF737FBA0234FF0000AC1
S2140215A0DFF868810320C8F87030FDF7D5FF042005
S2140215B0FDF7D2FF4E4FFFF799FC4E4B4FF0040B50
S2140215C07B67C7F878A0FFF70DFF4B4B4FF480718F
S2140215D0D3F8A020494842F02002C3F8A020FF22F8
S2140215E0C8F80820414A1161D0F8D82E4449114063
S2140215F0C0F8D81EC8F870B0C3F8ACA07B6913F068
S214021600060F04D0FEF75CFA5846FDF7A5FFB9F1BF
S214021610000F08D04FF400623A4B1A674FF40042AC
S214021620A3F5E0339A6666B1374BDB6C180701D434
S214021630FFF7CAFBFFF76AFF0420FDF78DFFFFF7EF
S21402164095FB2A4B5A69D10747D5DA6812F0706FB4
S214021650FBD12E4B2E4A1A672E4AD36B23F0F00389
S214021660D36315B12046FFF75DFF2B4BD3F84C3101
S2140216705A1C01D05B0002D50122244B5A6164B386
S214021680214BDA6E03F500539A6603F5D0331B6AD4
S2140216901E4A23F00103D361204BD3F80C1203F544
S2140216A00053C3F8081203F50053D3F8841003F569
S2140216B0005399671A4BD3F8EC1003F50053C3F89E
S2140216C0E010184B596C03F500539963164903F55D
S2140216D0803359664FF6084313670020BDE8F84F7B
S2140216E0FCF736BD4FF0000955E700BF000002B810
S2140216F000C001B800000101001E00B0001000B0DA
S214021700DF0000FF001002B8004000B8002002B858
S21402171010003000001F00B00080E00F004001B84B
S2140217200040005400C000B85000002F9B4B2DE92B
S214021730F04F9F6EDB6E85B01F40994B9F66994BAC
S214021740D3F8E050D3F8EC301D40974BC3F8E05086
S214021750964BD3F80822D3F80C3202EA0309944BCC
S214021760C3F8089203F52043DA691B6A02EA030803
S214021770904B08F47702DA618F4BD3F80422D20634
S21402178005D4D3F80431C3F30016DB0651D519F09D
S21402179082F88A4B5A695E6E1B6F12F0060F06EAD3
S2140217A00306874A26F0007314BF4FF0010A4FF073
S2140217B0000A23F400637407536604D5814A137D36
S2140217C00133DBB2137519F061F8002F00F0E280E6
S2140217D017F4004300F0D38019F05DF80146FFF7D6
S2140217E0DFFA0446784BD3F800B0DBF80020DBF8CB
S2140217F000309A42FBD0DBF800209A42FBD0FFF77B
S214021800CFFAA04217D1084619F040F86F4B1C6079
S2140218106F4BD3F870B01BF4E0520ED124F07F4425
S21402182024F0DF040CB9FFF7F5FD4FF0807B0024AF
S21402183014E0B246C9E70446D7E70192FFF7EAFD8D
S2140218405C4B019A1BF480541A6740F09A801BF492
S214021850806F0CBF4FF0805B4FF0806BB80715D5DA
S2140218605B4A5448126F02F460410167002900F097
S2140218708B80110400F18B8012F4005F0CBF4FF0D6
S21402188000524FF0006200244BEA020BC7F34037C7
S2140218907F00504A2A40002A4AD015F4206F0AD008
S2140218A040F6A31206210020FAF726FE0020FFF7D4
S2140218B039FE25F48025EB0506D5FF213D4A4BF47B
S2140218C0C06B9160FFF780FA15F0090F0AD040F658
S2140218D0B81208210020FAF70FFEFFF717FE0121C3
S2140218E0304A116315F0106F0CD040F6C112092170
S2140218F00020FAF701FEFFF709FE00221146104605
S214021900FCF736FE15F4202F0AD040F6C91207213E
S2140219100020FAF7F1FD0020FFF704FE25F48025EB
S214021920E80301D5FCF768FF002DB8BF47F00807AB
S21402193069070DD51B4AD26A12F4005F4FF40052B3
S21402194017BF19492449CA624BF4000B08BFCA6282
S2140219506A0548BF4BF0040B15F48023019300F090
S214021960A480FCF701FF0138062837D8DFE810F01C
S21402197028012B0128012E013101340134019B4636
S21402198055E74FF0804B52E74FF000727BE74FF07F
S214021990004278E7BB463C467BE700BF004000B803
S2140219A0006000B80040005400600054004001B8D7
S2140219B0006001B8002002B800E100E000C001B8F3
S2140219C000E001B8A855002048770400A055002082
S2140219D0000002B8090B0B890050005440F6FA12B8
S2140219E003210020FAF788FD01218548826ED0F88F
S2140219F0883002F00702063201FA02F2C3F30C0C38
S214021A00A2EB0C0292B2072A12D97E4A126F530236
S214021A100ED47D4B826B806D5B6D5BB102F007026C
S214021A2006329140C0F30C00091A89B2072901D880
S214021A304BF4007B754A1278002A36D0704AD2F8E8
S214021A40E02012F4A02F30D1714A724912789AB966
S214021A50F20411D40A787AB14FEADB026E4842EAFF
S214021A60447282F00102D0F8D80E02F0010252004F
S214021A7020FA02F2930718D10420FDF76DFD674A9B
S214021A8067485067FFF732FA62490A784AB9654AE8
S214021A90127832B1644A654912680BEA02020A42B7
S214021AA001D14BF4804B26F48056B9F1000F1DD0BD
S214021AB019F4805F18BF4BF4802B19F4807F18BF8F
S214021AC04BF4002B19F4005F18BF4BF0100B19F4FF
S214021AD0007F18BF4BF0200B19F4806F18BF4BF035
S214021AE0400B19F4006F18BF4BF0800BB8F1000FD3
S214021AF048D018F4001F0AD04D4A13683BB1414A39
S214021B004C48116F00680022C1F3C061984718F470
S214021B10802F18BF44F4007418F4803F18BF4BF4AB
S214021B20805B18F4801F18BF4BF4003B18F4800F3C
S214021B3018BF4BF0020B18F4003F18BF4BF4801B83
S214021B4018F4000F18BF44F0100418F4002F19D030
S214021B50394AD2F8A02012F0C00F13D02949CA6819
S214021B60C2F30362032A01D0072A05D14A6FD006C0
S214021B7002D48A6F120732D54FF400212F4A28F476
S214021B800028D161002E00F01B81330540F18F80C2
S214021B902B48DFF88890C2782A49002A58D04FF49A
S214021BA00063013AD2B24B66C27032B9264A127844
S214021BB0C2B140F60141254A51670022002173E076
S214021BC04BF4803B10E74BF4006B0DE74BF4806B55
S214021BD00AE74BF4807B07E74BF0080B04E74BF46D
S214021BE0001BCFE7D9F8782012F4A05F15BF4FF498
S214021BF0807240F60142C9F85820C9F87820DCE71E
S214021C0000400054000002B8004000B8E96200201C
S214021C10E8620020EB620020001000B000C001B8AD
S214021C2000000101EA620020A0150020088D0100D4
S214021C30D8540020C4550020001E00B0002002B870
S214021C40DA62002000E001B8E662002000D001B8A7
S214021C500320FDF781FCD9F81420A84B12F0060FDA
S214021C6004BF41F61F72A649A64808BF4A674FF44A
S214021C700061A34A5166D9F8142012F0060208BF82
S214021C80C9F878205A8A12F4006162D022F40062FF
S214021C905A82027802F0FF09002A5ED1FDF710FF91
S214021CA0FFF7B8FB4A4620214BEA020B0C43B00072
S214021CB009D52E20FDF79EFB4FF00051904A44F0C6
S214021CC0080411675166F10606D52B20FDF792FB34
S214021CD010218B4A1167516616F0306F05D1F20457
S214021CE063D5BAF1000F00F0C080330117D5292062
S214021CF0FDF780FB844A526C12B11021834A916030
S214021D00FFF7B4FA48B1824A82487D494A660267BA
S214021D1000F54050C068400422D444F0040416F093
S214021D20007A28D00420FDF717FC2720FDF762FB77
S214021D30FFF770FB4FF00071714A5166764AD2F88F
S214021D40D82E520679D40221704A916044F00204D9
S214021D5028E002784FF40052A6E74FF400422DE73F
S214021D600A6720204A66FDF745FB2D2044F00C0446
S214021D70FDF740FBD3E716F0807FDFF88C9147D063
S214021D800420FDF7E9FB2820FDF734FBD9F878207C
S214021D90002A3AD1FFF73EFB594A5D4944F0010456
S214021DA0116751660021584A9165720508D55B494C
S214021DB08A78002A00F0D880013A8A7000221743F7
S214021DC0574AD2F8A020130603D558462146FCF7F8
S214021DD0C7F93A4658462146FFF770F8019B0BB101
S214021DE0FCF7F8FC01224F4B05F00435C3F8E0502F
S214021DF04D4B18F4002FC3F884211EBF4FF4002267
S214021E00424BDA6105B0BDE8F08FC9F878A0C3E7A7
S214021E10F104C7D50420FDF79FFB444AC9F8742095
S214021E20FDF74EFED9F8642012F0407FBAD12A2080
S214021E30FDF7E0FAFFF7EEFA80E7394AD2F8A0108B
S214021E408B0683D402203A4988603A49096891F899
S214021E502510C8077FF57AAF92F8C420002A3FF40F
S214021E6075AF8021344A116170E7344A1268013234
S214021E7002D04BF0010B98E728490A7952B1013A91
S214021E80D2B20A7112B9234A2D49516700224BEA8F
S214021E90020B8AE70420FDF75FFB0320FDF75CFBDD
S214021EA0194A2249516718F0F6FC81460DF10F00D7
S214021EB0FEF732F9234A824612780AB1FEF784FF09
S214021EC0BAF1030F0ED1DFF870A00020FEF724F956
S214021ED0032807D1DAF87420D103F6D4DAF85C20A6
S214021EE00C2AF2D99DF80F20032A2FD10121164A77
S214021EF04846117018F0CAFCC8E700BFA855002073
S214021F0000E001B8E662002000C001B8002002B876
S214021F101000002000D001B8001000B0DA620020E5
S214021F20001E00B00060005400E100E00000010165
S214021F30001002B8C4550020000002B870690020E4
S214021F400000010DEC620020E8620020094AD2F887
S214021F50E02012F4A02FC9D1FEF7C8FF484618F0B9
S214021F6095FC4FF4804292E70220FDF7F5FA012233
S214021F7025E700BF004000540122024B1A62DA61D4
S214021F80704700BF002002B80D4B10B5DC691A6A14
S214021F9014400C4A24F47F01D161E20706D5D968C1
S214021FA04FF0FF30C1F3036114F018FB630706D548
S214021FB0BDE81040042200200021FEF77FBF10BDBE
S214021FC0000002B8002002B80C4A08B5936B526CA7
S214021FD013400B4A9363DB070FD50A4B40F6634266
S214021FE01878122100F00100FAF786FABDE80840D8
S214021FF0002201200021FEF761BF08BD00C000B824
S21402200000E000B8A0150020054AD2F88430DB07AD
S214022010FBD4936FD2F884201340024A936770472A
S214022020008001B800A001B870B514460D4618F03D
S21402203032FC064BD3F8A06074402C407440C3F8C0
S214022040A04018F023FC06EA050070BD001E00B092
S214022050034BD3F8A03099430CBF012000207047F1
S214022060001E00B02DE9F04117460A43012A1D461C
S2140220709DF818409DF81C60DDF8208029D8B442EF
S21402208027D2082E25D8032B23D8B8F1000F20D04C
S2140220900A460021FBF71CFDFF21EB009940C943CD
S2140220A0DFF834C008F1FF38FF00E2B2964202D8E9
S2140220B00020BDE8F0813D190CEB8505D5F8E0203F
S2140220C018F8010F0A4098401043C5F8E0000134A2
S2140220D0EBE72120EDE700BF001E00B0034B1868B7
S2140220E0034B002808BF1846704700BFC0550020A3
S2140220F0989804002DE9F843DFF860900646D9F870
S214022100008008461746B8F1000F03D00E2420467A
S214022110BDE8F88306B3336801331DD1E1B1FAF79F
S2140221200DF805460028F1D0C9F80000FAF72CF899
S214022130284613F067FD044640B14046C9F80080C1
S214022140FAF722F8284613F058FDE0E73560002F2C
S214022150DDD02846B847DAE72124D8E7C455002060
S214022160024B1868003818BF01207047C45500207B
S214022170002108B5024B08465B689847002008BD58
S214022180686900200523064AA2F84A3092F84930C8
S21402219003F0010363F0730382F84930704700BF0F
S2140221A0001F00B00023F0B585B0CDE901330393DC
S2140221B0124B134D1B78134E8DF8043018F078FB33
S2140221C02A78337804469A420F4F0CD03178386812
S2140221D001AA297014F037FA50B140F608210B48CC
S2140221E018F05BFC04E0386814F00DFA0128EDD014
S2140221F0204618F058FB05B0F0BD00BF516C002019
S214022200826C0020836C0020E0550020D44C040031
S214022210F8B52B4B1B7823B140F6FC31294818F051
S2140222203CFC18F045FB284B07461C8814F00604B5
S21402223009D001214FF4807017F094FB3846BDE8B0
S214022240F84018F030BB21464FF4807017F08AFB36
S214022250204600F09DFF022808D180221B4B8021D9
S214022260186813F099FDFFF79DFFE7E7204600F098
S2140222708FFF054638B1012807D040F63141114894
S21402228018F00BFCDAE70246E8E7FF220F4E104B87
S21402229030681A70FFF76CFF306814F0B4F9012842
S2140222A0CCD02A462946306814F0AFF921462C20B5
S2140222B017F084FB21460A2017F080FBBEE700BF1A
S2140222C0F2620020D44C0400C65B0020E0550020D9
S2140222D0826C00200021014818F08AB9E8690020C3
S2140222E07F2837B5044610D14FF6FF7302221748EF
S2140222F00DF10601ADF80630EAF7D6FEBDF8064047
S214022300E2054CBF6FF04A0464B218F0D1FA104BE3
S21402231005461C700F4B1B88DB0710D50E4B1B782F
S214022320002B0E4B0CBF21466FF07F01186813F08E
S21402233058FD20B140F67861094818F0AEFB2846F1
S21402234003B0BDE8304018F0AEBA00BF641002C059
S2140223507A6C0020C65B0020F3620020E055002065
S214022360D44C040010B50FF0A2F960B10FF0A1F939
S2140223700B4A80B141F20D03BDE8104041F20D0157
S214022380074817F041BC074B1A781B799A4204D1CA
S21402239000220023F0E70D23EEE7034AF9E700BF29
S2140223A0400D0300516C0020488D0100F8B5164E12
S2140223B00D46337802F0010423B140F2C5311348CA
S2140223C018F06BFB124B134F1D60134DA4B1134B49
S2140223D0997801B10121202017F0C4FA2B783B70BE
S2140223E00F4B1C780F4B00211C70042333700E48D1
S2140223F0BDE8F84018F0FCB82146202017F0B2FAE3
S2140224002B783B70EEE700BFF2620020D44C04004B
S214022410D0550020EF620020846C0020D4550020A6
S214022420F0620020F1620020E86900202DE9F843FE
S21402243018F03EFADFF8A0810546B8F80030614C85
S21402244013F4807F03D0237873BBFFF7E1FE0021ED
S214022450084617F0B3FA5C4B1A78FF2A13D01A789C
S21402246002F0FF0632BBFF221A702378052B0AD130
S21402247000232846237018F016FA304614F073F933
S21402248018F016FA05462378504E062B09D13378F3
S214022490FF2B06D03378022B15D100214C4818F0BA
S2140224A0A7F8FF2333702BE000214FF4807017F05B
S2140224B059FACCE71A78012A4FF0FF0214BF3326E6
S2140224C04C261A70D4E7337813B13378012B22D115
S2140224D017F0E8FA07463E4896F8009001F0CEFB61
S2140224E0FF235FFA89F9337077B1B9F1010F44D14E
S2140224F06421374884F8009018F07AF8FFF752FE05
S214022500284618F0D0F906E02846277018F0CBF9CE
S214022510384614F028F9B8F800301B0605D5002115
S214022520802017F01FFA12F031FC01F0E3FA294E70
S214022530308000B32778012F42D117F06DFF054691
S21402254010B3013018F087FB00F44060B0F5006F5E
S2140225501AD104223946284617F09EFE284418F05F
S2140225607AFB4FF6FF7398420ED10020318800F0B6
S214022570F1FC00233380BDE8F8830023284623704D
S21402258018F091F93F20C4E7114801F077FB0021CB
S21402259008462170012500F08FFC23780BB9FFF75F
S2140225A037FE0020318800F0D5FC00233380002D52
S2140225B0E1D020780028DED1BDE8F84314F00BBA4B
S2140225C00025EAE7F2620020816C0020806C002081
S2140225D0E8690020C45B0020C65B002008B51346ED
S2140225E00A461946064B186813F088FC30B1BDE857
S2140225F0084040F2F441034818F04FBA08BD00BF45
S214022600E0550020D44C040008B513460A46194685
S214022610064B186813F06CFC30B1BDE8084040F277
S214022620FB41034818F039BA08BD00BFE055002048
S214022630D44C0400024B1878431E58425841704747
S214022640F262002008B5064B1B7823B140F22551F2
S214022650044818F022FAFFF7DBFD002008BD00BF91
S214022660F2620020D44C040008B5054B01EB810150
S2140226701868490013F0B7FB002818BF212008BDD0
S214022680E055002008B5044B1868F9F70FFF0A2337
S21402269090FBF3F040B208BDE0550020014B1878DD
S2140226A0704700BF836C002008B5044B186813F00F
S2140226B005FBB0FA80F0400908BD00BFE0550020D7
S2140226C038B5124D0C462B78012B04D940F24651F0
S2140226D00F4818F0E2F921460020FFF7E5FF90B117
S2140226E00C4B1C702B785BB9FFF792FD0A4B93F9E3
S2140226F000100A4BC901186813F049FB002038BDC8
S214022700FFF750FDF2E72120F9E700BFF262002052
S214022710D44C0400836C0020F4620020E0550020B4
S21402272008B5074B186813F0C7FA30B1054BB3FB70
S214022730F0F083B20BB1184608BD0120FCE700BFDB
S214022740E055002040420F002DE9F3475C4E012081
S21402275018F0A0F93388990704D440F63F41594847
S21402276018F09BF9DFF8808198F80030053B012BC2
S21402277004D940F64141534818F08FF9524F3B684E
S21402278023B940F644414F4818F087F9348814F0CC
S214022790200478D00121222017F010F94FF47A7421
S2140227A0FFF7BEFF3B681B780933434304EBC304C1
S2140227B098F80030A5B2062B0BD117F03BFD044665
S2140227C0FFF7AEFF602358430C2303FB04002844A4
S2140227D085B2D7F800903D4B99F800801C7808F136
S2140227E0FF381FFA88F8002C52D133885A0505D4D0
S2140227F009F1010018F02FFAC0F340143449354AA3
S214022800887812784B7812FB00F2334F93423B7073
S214022810A4BF9B1A3B703B78CA78BD60934238BF10
S21402282013463B700EF04BFF002833D00EF045FFE8
S214022830012814BF1025082525430023DFF8ACA085
S2140228400093802243464946DAF8000013F0FDFA68
S21402285020B14FF43B611B4818F01FF91F4BDAF802
S214022860000019781E4B197033889B0614D52A4629
S2140228701C4B009713F0E5FEC0B9002002B0BDE87D
S214022880F04718F007B92146222017F097F887E795
S2140228900024B3E72546D0E72A460F4B13F0CFFEB7
S2140228A0014618B9252017F089F8E6E721462620C2
S2140228B017F084F840F6F431024818F0EEF8DCE738
S2140228C0C65B0020D44C0400D0550020F5620020E0
S2140228D0516C0020EF62002098690020836C002073
S2140228E0826C0020D4550020F2620020E0550020C1
S2140228F0184B10B51B889B0704D440F6A6611648F1
S21402290018F0CBF8154B1B78053B012B04D940F683
S214022910A761114818F0C1F8114B1B6823B940F69D
S214022920A9610D4818F0B9F800240E4B0E49212073
S2140229301C7017F043F8014618B9BDE81040FFF7BF
S21402294003BF022804D12046BDE8104017F0CCB8D9
S21402295010BD00BFC65B0020D44C0400F26200200B
S214022960D0550020ED620020092B0200F8B55A4C23
S21402297023889A0704D54FF43E71584818F08DF80C
S214022980574801F07BF917F093FF238805465B074B
S2140229900DD54FF0FF3013F09FFA524B1B68C01A4A
S2140229A0B0F5717F03D90021042016F0DBFF28461C
S2140229B04D4D17F078FF2B78042B32D117F078FFA5
S2140229C0238806465F0708D54548002117F010FE03
S2140229D03046BDE8F84017F066BF17F064FF17F000
S2140229E067FF424B06461B78414F13B923885905A9
S2140229F00FD50523012102202B7016F0B3FFFFF737
S214022A0077FF304617F04FFF3B68DA78394B1A707B
S214022A10F8BD3868013018F01EF98206E9D506239B
S214022A20E8E7062B4DD1344B1B78FF2BF0D1334E03
S214022A300EF047FE3378002B3DD017F039FF23887F
S214022A4005465B0705D52648002117F0D1FD284626
S214022A50BFE717F028FF3378013B337017F028FFE3
S214022A6004460121022016F07DFFFFF741FF2046B3
S214022A701F4C17F018FF2068013018F0ECF800F42D
S214022A804060B0F5006F13D124680121042220466D
S214022A9017F002FC204418F0DEF80146184B04201A
S214022AA01A783378D21AD2B2BDE8F84018F09CB839
S214022AB04FF6FF71F2E740202B70BDE8F84013F0A6
S214022AC052BE012BA4D100232B700E4B1868FFF7C1
S214022AD04FFB3F20F1E700BFC65B0020D44C04004A
S214022AE0E8690020CC550020F2620020F562002042
S214022AF0D0550020EE620020806C0020EF6200209D
S214022B00846C0020E055002008B50A4B1A7882B97A
S214022B10012210281A7004D040F69D61064817F06C
S214022B20BCFF0021202016F01DFFBDE80840FFF77D
S214022B300BBE08BDED620020D44C040008B5094B5C
S214022B401B88DB0604D440F2C351074817F0A5FFE2
S214022B501020002116F006FF044B1868BDE8084056
S214022B6013F066BDC65B0020D44C0400E05500207E
S214022B70012208B5074B1146186813F046FD0021DE
S214022B802C2016F01BFFBDE8084000210A2016F094
S214022B9015BF00BFE0550020014B4008185C704787
S214022BA07C6C002008B513460A461946064B186880
S214022BB013F0AAF930B1BDE8084040F6E9410348EF
S214022BC017F06BBF08BD00BFE0550020D44C0400D0
S214022BD008B5044B186813F016FD013818BF01201B
S214022BE008BD00BFE055002070B5054617F060FE30
S214022BF00E4B0F4E1B880446DA07357008D50D4B70
S214022C000D4D1B78012B08D90121286813F0A5FD6C
S214022C102046BDE8704017F046BE1BB10EF045FDDB
S214022C20C305F1D4317881F00101EEE7C65B0020DE
S214022C307B6C0020F3620020E05500200C4B10B5A0
S214022C401B880446DB0711D5FFF78CFB094B84F083
S214022C50010208211868D20013F09EF830B1BDE8D0
S214022C60104040F63671044817F017BF10BD00BF7B
S214022C70C65B0020E0550020D44C040008B5044B87
S214022C800146186813F04BF9003818BF012008BD3A
S214022C90E055002010B50A4C23787BB1FFF768FF99
S214022CA00021042016F05EFE0021022016F05AFED5
S214022CB000232370BDE81040FFF7AABA10BD00BF7C
S214022CC0F262002038B5094800F0E8FC0024084DFE
S214022CD095F84430E0B2834200D838BD05EBC00018
S214022CE0043000F0DBFC0134F2E700BF845600201B
S214022CF0E455002008B5104602494822F8F71CFFA2
S214022D00002008BD3C56002008B5054818F035F8E6
S214022D10014620B9BDE80840014817F069BC08BD65
S214022D20086A0020002238B51C4B15461C461A704D
S214022D300132082A5D609D8043F8085FF8D1482278
S214022D4000211748F8F768FD4FF6FE73A4F86830BE
S214022D506FF48033E365134B00211A88124B186810
S214022D60F8F75AFD114BC4E91255C4E9283584F820
S214022D70445084F85050656584F8A850E9F7FEFC84
S214022D80FF220B4B012118700A4B00201A70E1F744
S214022D907BFE0020FFF7B8FF002038BDE455002078
S214022DA03C560020F46B0020C86800200000FFFF9D
S214022DB0F66200203C63002010B5AC24084B04FBEE
S214022DC00030836C53B990F850403CB931B1C0E939
S214022DD012122046FFF798FF204610BD2120FCE77E
S214022DE0E4550020AC2370B503FB00F5094E7319B9
S214022DF093F850405CB920460BF022FF735D2046E4
S214022E0043F002037355FFF77FFF204670BD012093
S214022E10FCE700BFE4550020AC235843024A135C8B
S214022E2023F0030313547047E455002070B516468A
S214022E301F4A04461278C2BBAC211E4D01FB00514C
S214022E408A6C92BB91F850203AB1022B2DD191F8A0
S214022E504410072907D91C2026E091F844100729B8
S214022E60F9D8012B08D0AC2000FB0450CA00011D83
S214022E700C30F8F723FD0021AC2303FB04F00024FA
S214022E809DF8143000EBC1012944CB71049B8E805F
S214022E908B602B1893F84420204601328C7183F8FD
S214022EA04420FFF731FF204670BD0120FCE700BF3B
S214022EB0F5620020E4550020F8B5234B04461B7843
S214022EC00F46002B3ED1AC23204D03FB0053B3F834
S214022ED0A03023B940F245311D4817F0DEFDAC2282
S214022EE002FB0452D2F8A46036B192F8A3303946F7
S214022EF00020B2F8A020B047AC2300216343EA18B2
S214022F00A2F8A010C2F8A410482192F8A82001FB4B
S214022F1002322A44D2F89820964213D0EB5C9B07E2
S214022F200CD5AC226243AB5C204623F0020343F08E
S214022F300103AB54BDE8F840FFF7E6BE0BF0A2FE75
S214022F400028EED1F8BD00BFF5620020E45500204F
S214022F502B4D04002DE9F04F89B0059008460D462A
S214022F6017F05AFA044618B9212009B0BDE8F08FC6
S214022F70284617F06DFAC0B20838215C221892F87B
S214022F8002A00491D1785268277803920022B4F8FE
S214022F900130ADF81E20434A029192F800B0BBF110
S214022FA0000F08D0404B1B681BB120464FFA8AF22E
S214022FB098470020D9E703F00703022B70D00134AC
S214022FC009225946204617F067F9023F3F1A3B0688
S214022FD006465FFA87F8C7D4344FD7F89090B9F10F
S214022FE0000F27D100210DF11E0B4346224608464C
S214022FF0CDF800B00BF05CFDC3B20546002B4BD1FA
S214023000BDF81E0013F0F3FBE0B9BDF81E0013F086
S214023010D7FC8146BDF81E0013F0E9FBF0B906EBBB
S214023020080201232146584692B200F07BFDD0B139
S21402303019209AE75B465A4601212846C8470028C7
S214023040D0D191E7D7F89430BDF81E00002BDCD023
S214023050A11998470028D8D1022086E7424648465A
S214023060A119F8F769FDBDF81E0017F0D5F9029B05
S214023070059A0372049B80F809A08372039B1BBA0D
S214023080C360AC2303FB027393F85020BDF81E0006
S21402309022B1DB6C03B19847E8B266E7BB6FF9E78B
S2140230A0012062E7F5620020C8550020E4550020A2
S2140230B02DE9F84308460F46164602F1010913F0B9
S2140230C084FC8046384613F08BFB042856D13846DB
S2140230D013F0AAFB48F661054FF6FF7248F6410365
S2140230E0294C904208BF1D46B4F85C10301D17F0FC
S2140230F0B4FD384613F098FB0146B01D17F0ADFD3F
S214023100B4F85E1006F1080017F0A7FD06F10A04EF
S214023110384615F01DF910B145F01005ADB2294636
S214023120484617F09AFD384613F04AFC42460146D6
S2140231302046F8F701FD3846012117F0A5F9444468
S214023140074660B117F084F90546384617F064F969
S214023150EDB201462A462046F8F7EEFC2C440B4A0E
S214023160A41B13780134591C1170F3703470304666
S214023170BDE8F8430922012117F08EB8484617F039
S2140231806AFD4C460546C3E7E4550020F662002079
S214023190AC2210B548245043094B1A1892F8A810CE
S2140231A004FB0100034493F87700022806D092F845
S2140231B050301BB9032818BF012010BD0020FCE7C1
S2140231C0E455002070B508B1012070BD234C94F878
S2140231D0A850002DF8D12946B4F85C20FFF714FA5F
S2140231E029462846B4F85E20FFF7F8F9294628460D
S2140231F004F16002FFF7D6FC94F87730002BE3D098
S214023200284694F85860FFF749FA864215D10020FE
S21402321094F95A50FFF736FA854216D10020FFF786
S214023220B7FF0446002016F0EDFF0028CDD0214659
S214023230BDE870400020FFF705BA284694F85810FB
S214023240FFF73EFA0028E2D0BFE7002094F95A10B2
S214023250FFF70AFA0028E1D0B7E700BFE4550020DE
S2140232600346AC2010B51446164A00FB032292F819
S214023270770002280CD1E07F022809D141B1124919
S2140232800978012913D992F85810227891420ED162
S21402329018462178FFF708FA90B1482221460B48D3
S2140232A0F8F74AFC002016F0ADFF08B9002010BD62
S2140232B0044B93F8A8000028F8D1FFF783FFF5E740
S2140232C02120F4E7E4550020336200203C5600201B
S2140232D038B5AC230D4C054603FB004300205A6D5F
S2140232E0D86483F8500012B15865FFF727FCF5F74B
S2140232F05FFBFF281EBFAC2303FB054484F8A8002F
S2140233000020FFF75FFF002038BD00BFE455002015
S2140233107FB51D4C94F8A83023B1002084F8A8008D
S214023320FFF750FF94F85A30B4F8A0608DF80F30CB
S21402333026B940F2FD21154817F0AFFB144B314673
S2140233401D6800202A46FFF7B3FEE46F02469CB1D2
S2140233500DF10F0301930023294630460093A04740
S21402336002462C7854B920462146FFF7A5FD204692
S214023370FFF7CAFC04B070BD0122F2E7294600201E
S214023380FFF714F8F6E700BFE45500202B4D0400C3
S214023390C868002038B5494B1C78002C58D14848DC
S2140233A000F06CFC204616F02DFF002850D0454C4D
S2140233B02378D90733D594F850201AB123F00303A3
S2140233C0237045E023F0010323700BF043FC2378BF
S2140233D005469A0701D50BF033FC294600200BF070
S2140233E049FA40B92378284643F001032370BDE822
S2140233F038400BF025BC0023482284F8A33094F80A
S214023400A83084F8A25002FB0343D3F89830A4F8FD
S214023410A000C4F8A430BDE83840FFF779BF94F89E
S2140234204400B0B104F1A003251D95E8030083E82B
S2140234300300FFF76DFF94F844202846D20004F1FB
S2140234400C01F8F73BFA94F84430013B84F8443018
S21402345038BDA26C62B99B0711D52378002023F0F1
S214023460020343F001032370BDE83840FFF74CBC6B
S2140234700123A06484F85030904723789EE70BF02F
S21402348001FC0028E9D194F8A83073B1F5F790FA58
S21402349094F85030002BDBD1FF2818BF84F8A80020
S2140234A0BDE838400020FFF78DBED4F88C30002BE4
S2140234B0ECD098470028CBD1E8E700BFF5620020A1
S2140234C0086A0020E455002070B50446002016F075
S2140234D099FEAC235C430B4E351995F850300BB170
S2140234E0002070BD0028FBD0074817F046FC0028D5
S2140234F0F6D1335D002BF3D195F84400B0FA80F094
S2140235004009EEE7E4550020086A002010B5084A94
S214023510034613F068FA14684FF6FF7203EB400393
S2140235209C42184603D9018802339142F8D010BD56
S214023530A05600202DE9F047204F05463B88A3B34E
S214023540B0F90230002B30DBDFF87C801C49D8F85B
S2140235500000F8F7B7FB20B94FF4EA71194817F0E4
S2140235609CFA0026DFF85CA0DFF860903A88B3B2D7
S2140235709A4204D84FF4EB71504617F08EFAD9F8F7
S2140235800030B2B253F83200D8F8001003EBC2048F
S21402359068B943F83210A38828460133A38013F093
S2140235A022FAE38803EB4003E380BDE8F087F8F7EE
S2140235B089FB01360028D9D1EDE700BFC85B0020A1
S2140235C0F84C0400024D0400286A0020945600209D
S2140235D038B5094C094D22682B689A4204D94FF433
S2140235E08771074817F059FA28682368C01A20F02E
S2140235F0010080B238BD00BFA0560020A8560020A9
S214023600024D040038B5124C124D21462846F5F7F5
S2140236107DF823680BB12B681BB9DE210E4817F024
S2140236203CFA2A680D4B0E491A60236823F0010300
S21402363013440B600B4B1A602AB9BDE83840F821D8
S214023640054817F02ABAFFF7C3FF6428F5D938BD34
S214023650985600209C560020024D0400A4560020D6
S214023660A8560020A056002038B5094C094D2268FD
S2140236702B689A4204D34FF48A71074817F00DFA62
S21402368028682368C01A20F0010080B238BD00BF47
S214023690A4560020A8560020024D04002DE9F04151
S2140236A01D4B04461B78012B24D1008816F096FE8B
S2140236B00546D8B10426DFF864802C4617F0F8F8E1
S2140236C007462046FFF736FF638843EA080363800F
S2140236D0A05B16F083FE0446384617F0E4F81CB1E9
S2140236E0B4F90230002BE9DA062E01D1BDE8F081EA
S2140236F00626E2E7022BF9D117F0DAF8024620880E
S21402370016F06CFE18B10388C3F30E03238010462E
S214023710BDE8F04117F0C7B8F76200200080FFFF4F
S2140237202DE9F04F0024BA4B97B006461C8017F0DE
S214023730BFF80123DFF8EC82B64F3B70B8F80030D2
S214023740A8F80040ADF81630B34B1B68019317F08B
S214023750AAF8B24B21461A88B14BD2001868F8F77D
S2140237605BF80DF11600FFF799FF002E3CD1DFF84B
S214023770B8924FF0000B0125D9F80040019B9C42FD
S21402378039D3BBF1000F39D1002DF2D0D9F8004061
S214023790DFF898A225462246019B9A4273D302235B
S2140237A00DF116003B70FFF779FF002E40F08F8078
S2140237B0D9F800603246AA4280F0A280908816F0BD
S2140237C00DFE18B10388C3F30E039380D08816F05B
S2140237D005FE18B10388C3F30E03D3801046FFF725
S2140237E095FE0246E7E79847E3B256F823300134DF
S2140237F0002BF8D1BBE7BBF1000F3ED00BF1FF3335
S2140238005FFA83FB16AB03EB8B0252F8402CB2F93D
S214023810020051880028B1DA4B04AFD4924641F434
S2140238208040931D2AF8020F02933AF8020F16F010
S214023830D5FDF0B1B0F902E0B0F802C0BEF1000F5B
S21402384017DB6FEA4C4C6FEA5C4CA0F802C00390A0
S214023850FFF770FEBBF10F0F8FBF002516AB039A62
S21402386003EB8B009EBF0BF1010340F8402C5FFA7E
S21402387083FB029B9A45D8D180E72046FFF746FE97
S21402388022460446C3E7104613F0ADF88346B2F963
S2140238900200118800280AEA010108DA204616F01A
S2140238A093FD084381B204EB4B0402EB4B05104632
S2140238B01180FFF72BFE02466EE798475FFA8AF3FF
S2140238C056F823300AF1010A002BF6D170E74FF0C2
S2140238D0000AF3E73046FFF719FE82467EB1B6F9D4
S2140238E002307188002B0ADA3088C0F30E0016F018
S2140238F075FD864203462DD1C1F30D0171805646F1
S214023900AE42E7D3DFF81CA116F0D2FF002106462E
S214023910504613F0B9F816F061FD0546002800F08F
S2140239208780304616F0BFFF284613F05CF806463E
S214023930204616F049FD8146760032462946204644
S214023940F7F7BCFF002249460DF1160017F0EDF915
S2140239503444D9E71BD9304613F045F8C1F30D01BC
S214023960420071801846314692B2F7F7A7FFC6E7C3
S2140239705046FFF7CBFDD146854203D9B0F9023057
S214023980002B01DA824603E0FFF7C0FDF4E7B146FA
S214023990554507D9BAF80000C0F30E0016F01EFD12
S2140239A08245E5D3B9F1000F30D0B9F80000C0F374
S2140239B00E0016F013FD034638B93346CB4699453A
S2140239C013D8B1459BD0D946ECE7484613F00BF81E
S2140239D0B9F802204946C2F30D02A9F802204200B5
S2140239E092B21846F7F76AFFE7E718460193FFF721
S2140239F08DFD019B9B46854203D9B0F90230002B10
S214023A0001DA0346DBE7FFF781FDF4E7CB46DAE7A8
S214023A10CA5B0020F7620020A0560020C85B002088
S214023A2094560020CC5B0020A45600200080FFFFA6
S214023A30BDF816303870A8F80030044B30461C60CB
S214023A4016F031FF17B0BDE8F08F00BFA056002079
S214023A502DE9F041054616F0C1FC0F460446D8B1E2
S214023A6017F04DF920B940F2FB41204817F015F83F
S214023A70284616F0EDFC05462046FFF747FDBD42F8
S214023A80064609D004D840F20351184817F005F844
S214023A902588ED0B02D02781BDE8F081678020469D
S214023AA012F0A1FF074604EB400816F001FF104B88
S214023AB01A68B2420AD1C3F8008016F0F4FE2A460B
S214023AC04046BDE8F041FF21F7F7A6BEA6EB080682
S214023AD0B5B216F0E8FE072DF1D90023083D44F8EA
S214023AE01730C8F80430A8F80250D5E7024D040093
S214023AF0A056002038B516F0DBFE00210546044825
S214023B0012F0C2FF0446284616F0CDFE204638BD07
S214023B10CC5B0020024B1888B0FA80F04009704750
S214023B20CC5B00202DE9F74F044600881F4616F0AE
S214023B3055FC88461546064617F0E1F820B940F2CD
S214023B40FE613F4816F0A9FF3388DB0B009306D0D0
S214023B5033892B443381002003B0BDE8F08F2088E0
S214023B6016F076FC82463046FFF7D0FC019016F03F
S214023B709FFEDFF8D0B0019BDBF8002081469A4218
S214023B801DD1FFF725FDA84204D2484616F08BFE4B
S214023B901A20E1E70AEB050373803FB1208816F08E
S214023BA03BFC2A4641465044F7F7C6FF3046FFF72D
S214023BB0ADFCCBF80000484616F075FECBE716F0D3
S214023BC072FE208816F044FC2844009980B216F053
S214023BD097FC06460028DBD016F01EFC814620889D
S214023BE016F01AFC8246208816F032FC514602462F
S214023BF04846F7F7A1FF3046AFB116F00DFC074670
S214023C00208816F025FC2A4641463844F7F794FFEA
S214023C100121208816F038FC01210246304616F0B3
S214023C2047FC268097E716F0F7FB8046208816F0BA
S214023C300FFC2A4639464044F7F7EEFDE8E700BF98
S214023C40024D0400A05600203421014816F025BF7C
S214023C50164D0400036910B55BB18268064B9A42A2
S214023C6001D1002010BD446916F010FF201AF9D5C4
S214023C70F7E74FF0FF30F5E7493C020082681C4B3D
S214023C8070B59A420446056819D116F011FE2369EA
S214023C9023B1A34206D100222A601A61BDE8704011
S214023CA016F001BE1A4611461269A242FBD12A68D4
S214023CB0A24208BF29600B6100232361EEE7036975
S214023CC093B198426E6803D19D210A4816F0E5FE2C
S214023CD02B46B44209D122699D4218BF1A614FF0A1
S214023CE0000308BF6A60236170BD33463669F0E799
S214023CF0493C0200164D04002DE9F0470746002510
S214023D004FF0010A154EDFF858808AB0347914B99C
S214023D100AB0BDE8F087D6F8009087B900972A4621
S214023D20B8F80010234603A817F08EF82246484635
S214023D3003A9E9F7E5F92544EDB20836E6E7224697
S214023D4003A94846E9F7B0F9CDF800A023462A466B
S214023D50B8F8001003A817F077F8ECE7C498040048
S214023D60CE5B00200148FFF799BC00BFCE5B002067
S214023D709C46174BF7B5054608461988164611B1F4
S214023D80144B1C78CCB1014662463046BDB103B036
S214023D90BDE8F040E9F788B91C44E4B208373B793D
S214023DA0002BF0D03A689642F6D185F001052246FD
S214023DB0009517F049F803B0F0BD074FEFE7E9F7B3
S214023DC09FF9B0B203B0BDE8F04010F0E3BF00BF09
S214023DD0CE5B0020856C0020C498040010B5074C0A
S214023DE0238843B10020FFF787FF0020FF22044B01
S214023DF020801A7010BD0220FCE700BFCE5B0020B8
S214023E00856C0020142810B518D8082805D111F0A2
S214023E102AF8C401E4B2204610BD0E2802D111F0E1
S214023E2025F8F6E7064B53F82040002CF3D00A2874
S214023E302478F0D105F0A0FE0443EBE7FF24EAE77E
S214023E4014990400014BB3F868007047E45500204B
S214023E50004870474E560020014B1878704700BF46
S214023E6071620020014B1870704700BF716200201B
S214023E70194B022810B5187002D0043801281BD836
S214023E80164B1B78042B03D00021154816F0B0FB06
S214023E90144B1B689A001BD513F0805F40F6114442
S214023EA018BF4FF44164204611F077FB90B92046C4
S214023EB0BDE8104010F06CBF0948FFF7DFFE0A4865
S214023EC0FFF7DCFE162413F00BF811F060FBEAE7AE
S214023ED01524E8E710BD00BF756200207662002058
S214023EE02C6A002064480020D0470020024B187835
S214023EF000F00F00704700BF75620020034B187871
S214023F0000F00F00831E5842584170477562002029
S214023F1008B512F0D0FFC0B112F0E6FFA8B10AF061
S214023F20A7FF90B90A4812F078FD70B1094812F05E
S214023F3074FD50B110F09FFF38B111F030FB20B97C
S214023F40BDE80840044812F019BE002008BD00BFB4
S214023F50D05B0020025C0020AC56002030B505463F
S214023F600C4693B081B910B9002013B030BD1023AF
S214023F70214A69460120FFF7FBFE9DF805305A1ECE
S214023F80052A28D91720F0E7182200212046F7F73D
S214023F9043FC002DEBD1FFF7B1FF30B310F036FE35
S214023FA06A4601460020FEF7A5FEBDF8043020460C
S214023FB023819DF80230A3729DF80030E37213F05D
S214023FC019F9002304F11401237304F1100003F01D
S214023FD0CBFDE081C8E7094A9DF8041012789142A9
S214023FE0D0D12B70002CD6D1BEE7054B1B78033BF5
S214023FF0022BD3D9C6E700BF64EE01005C6C00203A
S2140240007562002030B593B005460C46FFF776FF82
S21402401020B90C4B1B78033B022B10D810F0F6FD90
S2140240206A4601462846FEF765FE00209DF80230E5
S214024030607023709DF80030A37013B030BD172057
S214024040FBE700BF75620020054B1878012805D0F3
S21402405000F0FD00A0F1310358425841704700BFFE
S214024060756200201FB50146002201A816F090FBDB
S214024070064801A916F0B6FE20B116F0CDF9408921
S214024080C0F3400005B05DF804FB00BF026C0020E0
S21402409030B585B00D460022014601A816F078FB21
S2140240A0084801A916F09EFE50B116F0B5F904466E
S2140240B0014608222846F7F701FC6089C0F3400053
S2140240C005B030BD026C0020F8B50546F8B10021F7
S2140240D00F4816F024FE0446A8B10D4F204616F0EF
S2140240E09BF9064616F040FB830705D408222946AC
S2140240F03046F7F7DDFE38B12146384616F033FE75
S21402410004460028EAD10024201E18BF0120F8BD6C
S214024110026C002010B50C460146064816F062FEF8
S21402412030B116F079F943891C4214BF01200020F1
S21402413010BD00BF026C00201FB51446024601A83F
S21402414016F026FB074801A916F04CFE40B134B122
S21402415016F062F9142201462046F7F7AFFB01205B
S21402416004B010BD026C00201FB50146002201A853
S21402417016F00EFB094801A916F034FE58B116F0E7
S2140241804BF94389024613F0020004D0507B80F0BC
S2140241900800C0F3C00005B05DF804FB026C002006
S2140241A0F7B59DF824400D4601949DF8204006463A
S2140241B000941F4614F0BBF84FF6FF71884204467F
S2140241C010D0BB0711D4284600F056FF204616F042
S2140241D030FEFF281FBF084A32F8103023F480430F
S2140241E022F81030204603B0F0BD0246294630467B
S2140241F012F05AFDEAE700BFA05B002073B50E4638
S2140242000146144816F0EEFD0546D8B116F004F93C
S21402421043890446334012D09B0736B20BD5002E94
S21402422009DAA17B437B0289007B0191012100917F
S2140242302146FFF7B5FF638923EA06036381628995
S21402424012B1012002B070BD2946024812F03BFCB2
S214024250F7E700BF026C00200148FFF71FBA00BF55
S214024260026C002013B53E4C0DF0E3FFD4F8FC318F
S2140242701020C3F307430193FFF7C4FD000650D591
S2140242800020FFF7BFFD01064BD5019B802B3ED1D8
S214024290236A9A0704D440F61544204602B010BD9D
S2140242A0E3699B07F7D52F4811F0A5FC012012F011
S2140242B075FA0DF0D1FF04460028EED100F042F95F
S2140242C0294812F035FC00F099F9E8F757F80DF096
S2140242D0AFFF08F003FF08F055FFF4F761FAF4F7B2
S2140242E0FFFAF4F719FB03F0DBFD10F0BEFD10F049
S2140242F0BFFD11F057F91D4814F022F806F08CFAAB
S21402430011F013F90028C8D011F011F9C5E7019B86
S214024310812BC0D1D4F80C315B00BCD5D4F80C315B
S214024320BFE71020FFF76EFD0006BCD40020FFF7A3
S21402433069FD0106B7D5019B802B05D1084B1A6A89
S214024340D207A8D5DB69ACE7019B812BA3D1044B2E
S214024350D3F80C21002A9EDAD3F80C31A1E700BF6D
S2140243600080E00F690345ECAC5600206540020071
S21402437010B512F0B2FD70B301F0E0FA80F001045D
S214024380E4B20020FEF724FC44EA800424B212F0D1
S21402439092FD10BB02200443164816F0EEFC44EAD7
S2140243A04014154816F0E9FC24B244EA00141348F7
S2140243B016F0E3FC24B244EA8014114816F0DDFC41
S2140243C024B244EA40240F4816F0D7FC24B244EA4A
S2140243D0C02080B210BD0124D3E70B4812F01DFBAB
S2140243E00028D7D0094812F018FB80F00100C0B2AE
S2140243F04000D0E76C6A0020506B0020684800201E
S214024400D06A0020306B0020D05B0020025C0020C7
S21402441008B501F07FF8FEF709F8144812F0FDFA25
S21402442008B904F025FF124812F0F7FA08B906F0A8
S214024430DDF902F095FF0F4812F0ACFB0E4B1B782D
S214024440043B022B09D80D4816F097FC28B1FFF75B
S2140244508FFF102801D107F0E1FC10F00EFD12F0DC
S21402446032FCBDE808400648FFF75AB9D05B002088
S214024470025C0020AC56002076620020506B0020C2
S2140244808C990400014B1868704700BFE055002065
S2140244904FF6F77370B5984204460D4686B043D879
S2140244A012F01FFCA04207D1082220492846F7F73F
S2140244B005FA002006B070BD1D4EB6F86830A3425D
S2140244C00AD10022082106F16A0012F098FB18B9F8
S2140244D0082206F16A01E9E784B10023012219469F
S2140244E02046009308F05CFDFF2811D1294620469D
S2140244F008F000FF80F00100C0B2DBE70D4B1B683E
S2140245009B07EAD4284606F0FBFD0028E5D0D0E754
S21402451002A913F0B7FD0028E8D1DDF80D302B60B4
S214024520DDF811306B60C4E70120C3E7F8620020B3
S214024530E455002064480020014B1870704700BF05
S2140245405C6C002010B5054C082221460448E8F7AA
S214024550ABFD204612F0FFFB10BD00BFF862002044
S21402456034B608C000487047F8620020082208B532
S2140245700349F7F79DFCB0FA80F0400908BD00BF7A
S214024580F8620020014B1870704700BF6962002075
S214024590F7B50D46044616461F460021284601F08A
S2140245A061FD0B4B002183F859402A4633462046CC
S2140245B000970AF03FF9014630B10222204603B0C6
S2140245C0BDE8F04000F006B8012003B0F0BD00BF21
S2140245D0E455002013B513460C461AB1022A0CBF46
S2140245E0134601230021044A019100922246FEF757
S2140245F01DFC02B010BD00BFBD6F030000B5002059
S21402460093B0FEF78FFB1E4B188813F09AFE1D4BD5
S2140246101D491A7800200AF091F9342200216846D2
S214024620F7F7FAF80B238DF800306FF48033019316
S2140246304FF6FE73ADF8103003238DF81D30134B82
S214024640134A0893134B10680993134B51680D9342
S214024650124B6A460E93124B0F93124B1093124B49
S214024660119302AB03C300210846FEF7F9FD6A4622
S21402467001210020FEF7F4FD13B05DF804FB00BF35
S214024680EE6B00206B6C0020285D0400A54A020039
S214024690F8620020596D03008D7702004D4C02002F
S2140246A0B9860200BD6F0300BD730200014B187885
S2140246B0704700BF00630020014B1888704700BF98
S2140246C0066C00202DE9F74F814610460E469046AE
S2140246D016F0C1FADFF840B105469BF8003033B950
S2140246E04A4B1B681BB94A4B1B68002B7FD015F43C
S2140246F0406A05F040071BD19FBBB5F5804F61D2DB
S2140247004FF48074B9F1400F73D0B9F1800F63D0C3
S214024710B9F1100F6BD100239BF800003D4AD9B2C5
S214024720884264D932F8021B0133A142F7D166E00F
S21402473008F1030016F08FFA4FF6FF73984214BF83
S2140247400124022487B1052705F44043B3F5004F40
S21402475044F0080425D0B5F5804F24D244F4807482
S21402476021E054460327EFE7B5F5804F4FF00507E3
S214024770F4D3BAF5406F14BF0220082038444044F0
S21402478016F069FA019012F0C9FA019B05F4404549
S21402479098420CBF44F0080444F00404B5F5004FF8
S2140247A001D144F08004BAF5006F0FD108EB070080
S2140247B016F051FA054612F094FAA842A2D144F035
S2140247C010049FE7544603270220D7E7BAF5406F46
S2140247D008BF44F0200495E70C4B1B683BB100224F
S2140247E0D1B233F8110033F91110002903DA002090
S2140247F008E0074BF1E7A04202F10102F0D106B150
S2140248003480012003B0BDE8F08F00BFBC56002004
S214024810C0560020205C002039630020034B1A7823
S214024820022A04BF09221A70704700BF01630020E3
S2140248300C22034B1A211A700320002201F090BDAD
S214024840016300200C2208B5054B1A211A700022BB
S214024850104601F085FD0022024B1A6008BD00BF1B
S21402486001630020C85600200C2270B50D4B054689
S2140248701E781A7030B93046BDE8704000221A2100
S21402488001F06EBD084B1C78E1B21A29F3D825FA5E
S21402489004F3DB0703D54422304601F061FD013400
S2140248A0F2E700BF01630020876C00200C22024B57
S2140248B01A7010F06DBE00BF01630020F0B50C88C0
S2140248C005460E468BB0E4B94FF6FF77ADF8247076
S2140248D010F073FE10B902200BB0F0BDCDE9034014
S2140248E0CDE90544134A0294B2F85C306032019373
S2140248F000923B464CF60101FF2009AA13F03CFD4C
S2140249003080284612F033FB0B4C70B1237863B12B
S214024910013BDBB22846237012F029FB38B120781F
S214024920B0FA80F04009C0B2D6E70523F2E70120CC
S214024930F9E700BFE4550020866C0020034B1146C1
S2140249401B6803B1184710F0E3B900BFC856002031
S2140249500C22024B1A7008F039BF00BF0163002018
S2140249600148FEF79BBE00BFD25B00207FB505461E
S2140249700C46164615F07AFF00286BD1062D03D892
S2140249805223EB40DB071AD4B4F1006F05D3E30ED3
S2140249901C3B032B18D94F202EE000222F4B1A6007
S2140249A02F4B1D7012F051F903460A2D54D8DFE83A
S2140249B005F02D183E49182518535341360002F0CB
S2140249C0A3F8B4F1006FE2D20022244B042D1A6041
S2140249D0234B1D70E6D1022001F0B6F912F035F92C
S2140249E00346012202921F4A01921F4A00921F4A60
S2140249F0314620460AF078FA04B070BD31462046A9
S214024A001B4A04B0BDE870400AF056BA314620464A
S214024A10184B194A04B0BDE870400AF031BA0022B9
S214024A200292164A0192104A0092154AE0E70222C2
S214024A300B4B1A7000221046124904B0BDE87040B3
S214024A40FEF7BAB9002202920F4A0192064A009273
S214024A500E4ACDE74D20CFE70120CDE7C85600200D
S214024A600163002069480200A54A0200A96F0300FC
S214024A7051490200454802003D490200AD48020085
S214024A80BD4802001D480200314802006B6F030059
S214024A9008B50AF059FA0C22014B00201A7008BD1C
S214024AA001630020F0B585B0ADF8060018B976218E
S214024AB0644815F0F2FFBDF8060011F091FE0446B8
S214024AC0BDF8060011F08CFE082846D00C2CBDF866
S214024AD0060042D111F074FF074616F0BCF80DF13D
S214024AE00F010646BDF8060010F0B0F9002879D08E
S214024AF009220021384615F0CFFB9DF80F301033FF
S214024B00C518BDF8060015F0A3FCEDB2854269D2C1
S214024B102946BDF806000AF025FB06F44C4416F4B6
S214024B204066054614D0F81C16F095F84FF6FF734B
S214024B30984208BF44F04004B6F5006F08D1781DCD
S214024B4016F089F84FF6FF73984208BF44F0100437
S214024B509DF80F305BB3072D44D1BDF8060011F067
S214024B6035FE0446BDF8060011F03AFE082817D0B6
S214024B70A30615D524F0200189B2BDF8060011F06F
S214024B8010FEBDF8060011F01BFF0021092215F0E9
S214024B9083FB00F1100189B20DF1060013F015FD3A
S214024BA00022BDF80610284816F0BFF81AE0082DB5
S214024BB016D8BDB1013D072D14D801A353F825F030
S214024BC01D4C0200294C0200E54B0200E94B020094
S214024BD0E54B0200354C02005B4B02003B4C0200E8
S214024BE07C2D24D005B0F0BD24F48844A4B2B4F5DC
S214024BF0084FF7D1BDF8060011F0EDFDBDF806101E
S214024C0013F0A4FB0028A8D0BDF8060011F03BFE66
S214024C1000220146022015F0E7FFE3E724F4806451
S214024C20A4B2B4F5484F97E7B4F54C4F94E7B4F501
S214024C304C4F92D04CF6500301E04CF640439C4257
S214024C408AE700BF244D0400D05B00202DE9F7431D
S214024C500F4690469946064615F0DEFB0446304659
S214024C6015F0F6FBC5B2083D2C44E178094BA27854
S214024C701970094B31461A70002043463A46CDF861
S214024C8000900DF061FF003818BF012003B0BDE8A8
S214024C90F08300BF1B6300201A6300202DE9F04F4B
S214024CA0DFF84081DFF8409198F8002099F800304C
S214024CB006469A4285B004D340F21911424815F0CE
S214024CC0ECFE30460DF10F0115F07AFD20B14FF4DF
S214024CD08E713D4815F0E1FE98F800709DF80F4081
S214024CE03D1B15F0FF0530D04FF0FF3C374B01213E
S214024CF01B78A140184699F800304FF6FF790CFA57
S214024D0003FC0023324A01F1FF3E0193C1F1000A7F
S214024D109DF80430984243D8122004FB00002D4B25
S214024D20A0F1120105EBC5025200194404F1010973
S214024D301844F6F7C3FD4FEA89092748A9F104018A
S214024D400144AA004844F6F7B9FD224904EBC4021E
S214024D5001EB420321F81260204A013712784FF61F
S214024D60FF71DA731A745A7412025A801C4A0D20A2
S214024D7012781A7110225A7100229A73C3F806200A
S214024D80C3F80A20144B43F8242088F8007015F064
S214024D902BFF0EB913F039F9204605B0BDE8F08FA7
S214024DA013884B450AD053680AEA030B03EA0E033C
S214024DB00B4403EB4B0343EA0C035360019B08329C
S214024DC001330193A4E700BF374D0400686C00204E
S214024DD0344600206C5B0020304600201B63002017
S214024DE0026300206F620020666C002010B5074C3C
S214024DF02046FEF743FF04F06BFB02F0DDFE204682
S214024E00BDE810404FF47A5115F0F2BB2C6A002030
S214024E102DE9F041074600250A4B0B4E93F8008019
S214024E20ECB2A04503D8FF242046BDE8F081082254
S214024E303846B11DF7F73CF801350028F4D0123693
S214024E40EEE700BF6F6200206C5B002007B50DF135
S214024E50070115F0B5FC30B19DF80730034803EBA7
S214024E60C30300EB430003B05DF804FB6C5B002059
S214024E702DE9F843294E044633785D1E2D1A8342E7
S214024E80EDB204D84FF4A171254815F006FE0123B1
S214024E90A3404FF0FF305F1E3B4400214FF6FF7EDB
S214024EA06FEA03081F4A92F800C01F4A1278904021
S214024EB01E4ACBB29C4523D8BDB127B204EBC4042C
S214024EC01B48640005EBC50204F1120101445200BE
S214024ED02044F6F7F3FCBF001648AA00391D014429
S214024EE002F0FC023844F6F7E9FC33780022013B74
S214024EF033704FF6FF71BDE8F8430E2015F074BE0E
S214024F001388734507D0536808EA03093B4003EB4E
S214024F1059030343536008320131CAE76F62002027
S214024F20374D0400686C0020666C00203446002072
S214024F306C5B00203046002010B50A4C207858B929
S214024F40094B1B781A2B03D99921084815F0A5FDA1
S214024F500322074B1A7010BD0138C0B2FFF788FF54
S214024F60ECE700BF6F620020666C0020374D04003D
S214024F706B6200202DE9F047054615F049FFFF2831
S214024F80044624D1DFF884901E4B99F800201B7843
S214024F909A422BD22846BDE8F047FFF77FBE3888F4
S214024FA03B79504518D86F2B4FEA131214D85B077B
S214024FB010D0123708F1010899F800105FFA88F647
S214024FC0B142ECD80023104ADEB28E4214D32046F9
S214024FD0BDE8F087022AECD913F088F90028E8D158
S214024FE029463046BDE8F04712F002B84FF00008F6
S214024FF04FF6F77A044FDFE7107901338F28EFD8A0
S2140250001232E1E7666C00206C5B00206F620020C3
S2140250104FF6F773984210B514D8FFF7ABFFFF2888
S21402502010D0134C00B200EBC00004EB40040DF0AD
S2140250309DFF104938B962880B7802EB0313A3EB85
S2140250401213638010BD227C637C09789A42E27355
S2140250502374617407D98B4203D213468B4228BF4E
S2140250600B461B02EDE78A42F8D31346F9E700BF68
S2140250706C5B00201B6300202DE9F04106460F46BC
S21402508000240E4DDFF8388098F80030A34201D88D
S214025090BDE8F081082229463046F6F709FF40B9F6
S2140250A035F8063CBB4204D02046FFF7E1FE013C41
S2140250B0E4B20134E4B21235E6E700BF725B0020C8
S2140250C06F620020F8B5054608460E46FFF7A0FEBA
S2140250D0FF2830D01D4B294653F820703046FFF784
S2140250E0CBFF2846FFF746FFFF28044625D113F0DC
S2140250F018F9FF280AD1164C207838B10FF089FD2E
S2140251002378B0FBF3F202FB1300C0B2294611F07B
S2140251106FFF044623B20F4D03EBC30305EB4305B3
S21402512008223146A81DF6F7C9FB2B79204603F064
S2140251300F032B71F8BD0027D3E7074B1B78002B14
S21402514018BF0027014B43F82070E3E730460020E3
S214025150666C00206C5B0020886C002038B50B4B18
S21402516004461B780D46834204D840F25A2108486A
S21402517015F093FC074804EBC40400EB44002946F0
S214025180BDE8384008220630F6F798BB666C002069
S214025190374D04006C5B002070B5044608460E4688
S2140251A015F036FEFF28054610D02046FFF730FEE3
S2140251B0FF2807D0084B1B7823B9084B53F820204A
S2140251C043F8252021462846FFF7C8FF31462046E9
S2140251D0BDE87040FFF750BF886C002030460020C4
S2140251E02DE9F8430024804601272646114DDFF8B4
S2140251F04C9099F80030A34210D83E430134E4B2F2
S2140252001A2C4FEA470705F11205F2D14FF0FF308C
S214025210094B1B7898403043BDE8F8832B884345FA
S214025220EBD0284611F02DFF0328E6D82B796F2BFA
S214025230E3D8E3E76C5B0020666C00206F62002018
S21402524010B5084C00EBC00004EB400423795B0762
S21402525007D1204611F015FF237923F007031843E0
S214025260207110BD6C5B00200022084B1878084B9A
S214025270D1B2884203F1120300D8704713F80D1C0E
S214025280013221F0100103F80D1CF1E76F620020D5
S2140252906C5B00202DE9F04702261227DFF85C90AF
S2140252A0DFF85C8099F8004000250CE007FB05F368
S2140252B038F803A00021504611F0F8FE10B15CB198
S2140252C0013CE4B2013599F80030EAB29342EDD8D7
S2140252D0A34204D14FF6FF7A5046BDE8F0870FF09E
S2140252E098FC99F80030012EA3EB040390FBF3F22E
S2140252F002FB1300C4B2EDD00126D5E76F62002090
S2140253006C5B0020034B00211A7803489200F6F7E4
S21402531083BA00BF666C00203046002010B5134BDF
S2140253200C461B7886B0834212D9114900EBC000A6
S21402533001EB4001082220460631F6F7BFFA0022AA
S2140253400821204611F05BFC80F00100C0B206E0A6
S214025350C01A01A9C0B212F0EDFF10B1002006B0CB
S21402536010BD01AB03CB20606160E8E7666C0020ED
S2140253706C5B002008B5074B024653F820308B4280
S21402538006D915204FF6FF7115F02EFC002008BD39
S2140253900120FCE730460020024B013143F8201082
S2140253A0704700BF304600202DE9F34781460C4681
S2140253B000272A4EDFF8ACA09AF80030FDB2AB42C6
S2140253C010D86946204612F0CEFFC0B308226946BE
S2140253D04846F6F76DFD90B34946204612F00CF9A2
S2140253E0FE2537E006F10608082241464846F6F74B
S2140253F05FFD90B94FF6FF739C422BD03388A342D1
S21402540028D0204615F015FDFF2814D1494620461F
S21402541002B0BDE8F047FFF755BE14B912360137A1
S214025420CAE73388A342F9D100220821404611F088
S214025430E6FB0028F2D12846FFF71AFDCCE74946DC
S214025440002015F0F4FCFF28054603D0044B1B7819
S2140254500344DDB2284602B0BDE8F0876C5B00204C
S214025460666C00206F6200200F4B1B7883420CD8BC
S214025470C01A0E4AC0B232F81030D90411D443F41E
S214025480805322F8103001207047094B00EBC00011
S21402549003EB40035A79D10603D442F010025A7144
S2140254A0F1E70020704700BF666C0020A05B00207A
S2140254B06C5B0020F0B5134B06461B78FBB100254B
S2140254C01148DFF84CC090F800E0104807781F44F7
S2140254D0E8B2864501D80020F0BD7C1B94FBF3F0B1
S2140254E003FB10440CEBC4003CF83440B44204D135
S2140254F0002AF1D184788C42EED00135E8E71846CE
S214025500EAE700BF686C0020504800206D62002069
S2140255103446002070B50CF07DFE14250F49104E5F
S2140255200B78328830809B1A03449BB2B3FBF5F4A7
S21402553005FB14330B700B49E2B20B78934292BF11
S21402554000239B1ADBB2032A0B7088BF002306498E
S2140255509EBFD2000B68D3400B6070BD0463002070
S214025560D45B00206C62002050480020084B18686C
S214025570084BC2B21B789A4208D2074BC0F30720E8
S2140255801B78984234BF00200120704701207047E4
S21402559050480020686C002003630020F8B50546DA
S2140255A01746FFF7E3FF064610B9184B1A783AB9C2
S2140255B0212001224FF6FF7115F016FB0020F8BDE0
S2140255C01348DFF854C003780133B3FBF2F402FB4E
S2140255D0143303700F48DCF8002000EBC30420F8F5
S2140255E0335002F10132A1703846CCF80020FFF7A2
S2140255F0F7FDE670606011F074FBA84201D101204D
S214025600DDE7E3780133E370F9E700BF686C00205A
S2140256106D620020344600205048002010B50B4C26
S2140256200B4A2378063B13700CF0F4FD0022094B5C
S214025630FF211880084B09481A602278D200F6F734
S214025640EBF80422064B1A7010BD00BF686C0020EF
S21402565003630020D45B002050480020344600201C
S2140256606C6200202DE9F843074615F00FFA05464E
S2140256701A4815F082FB1A4B48B31C683C1B2C4494
S214025680A4B20022174BDFF864901B78164D99F8E7
S214025690006005EB03155FFA82F8464509D9AB8828
S2140256A005F11000A34215D9B21A29461201F6F7DF
S2140256B005F9013689F80060AC80B8F1000F03D115
S2140256C03946064814F094FF2846BDE8F8833C465F
S2140256D01D60D6E705460132DDE700BF4C6A0020B2
S2140256E0CC560020066300203045002007630020C9
S2140256F02DE9F74F15F0CAF94FF0000E284D294F45
S2140257002978294C97F800A004EB011303EB0A1240
S2140257100092F3465246DFF898801FFA80FC06464F
S214025720B8F80000ACEB0009A0EB0C001FFA89F9F0
S21402573001900098984217D1BEF1000F00D0297050
S214025740524503D200203A70FDF7DEFA3B7823B3C7
S2140257502B78164804EB0314A188C8F8006003B03F
S214025760BDE8F04F14F044BFB3F804C0CC450FD8E0
S2140257704FF0010E93F802C001310CF1FF3C013AE2
S214025780A3F804B083F802C0C9B2D2B21033D0E78D
S21402579001988444A3F804C0F8E703B0BDE8F08F8C
S2140257A00663002007630020304500204C6A002074
S2140257B0CC5600207FB56C461E4B1F4D1E78013E10
S2140257C0F6B21E7095E80F0084E80F001B4B2846C1
S2140257D01A7805F1100132441201F6F76FF89DF8B7
S2140257E0026016F00F0511D1BDF8080009F02CFE74
S2140257F0360918BF29464FF00002BDF8000008BF60
S214025800039904B0BDE8704002F022BDBDF8040062
S214025810FFF728FF0346828804ADADF8042022462F
S21402582003CAAA4218605960144603F10803F6D167
S21402583004B070BD066300203045002007630020D8
S214025840F8B50024084D094F094E3B783178E2B28C
S2140258500B449A4204F1010400DBF8BD2846FDF72A
S2140258601DFF1035F1E700BF30450020076300201A
S2140258700663002070B5134B06460D4610461249C5
S2140258801A78124B09781B780B44934206DB1F20CA
S2140258904FF6FF7115F0A8F9002070BDFFF7E2FE83
S2140258A0013506808570044615F0EBF8E08009F0B5
S2140258B0D1FD40F602432081E3600020FDF724FA82
S2140258C00120EAE7656C00200763002006630020DB
S2140258D02DE9F84386460023144FDFF85C803E78B5
S2140258E098F8005012497219DCB294421CDA4FEA58
S2140258F0041C31F80C900133F14501EB0410F3D18E
S214025900631CD21A0CF1100C12016144F5F7D6FF93
S214025910A5428BBF05F1FF3506F1FF3688F8005029
S2140259203E700CB9034B1C70BDE8F8830763002079
S214025930304500200563002006630020044B054A1C
S2140259401B781278D3420CBF01200020704700BF9C
S2140259500663002007630020024B1878003818BF41
S2140259600120704706630020002108B5084B09484D
S2140259701970094B1970094B1970094B1A781201E4
S214025980F5F74AFFBDE808400648FEF777B900BFBC
S21402599007630020304500200663002005630020D0
S2140259A0656C00204C6A002010B50B4C23784BB176
S2140259B00A4802F03BFD58B1084B0121188811F045
S2140259C082FA08B9002010BD0122054B1A70FAE7C8
S2140259D0FFF7F0FEEAE700BF06630020304500202E
S2140259E00563002010B50E4B1B78BBB10D4C238807
S2140259F083424FF0000311D10B4AE160137049B99C
S214025A00A3781033A37011F028FD18B9A37823F0F9
S214025A100F03A370FFF7CEFE012010BD1846FCE769
S214025A2006630020304500200563002070B592B062
S214025A300C4606460FF0EAF8E17A05460020FCF727
S214025A4033FE28B394F90A0011F0E4F810BB134BA6
S214025A50E27A294683F85820A27A83F85A206A46C0
S214025A60FDF748F94FF6FE739E420CBF4FF6FF73E2
S214025A7023896A4629460020ADF80660ADF8043050
S214025A80FDF7EEFB40B92289054B5A8012B070BD75
S214025A905520FBE75620F9E72120F7E7E4550020DA
S214025AA0D056002010B50446014608220948F5F7EC
S214025AB005FF237B022B0AD8002B14BF31220122BA
S214025AC005490B7017234B61044B1A7010BD002357
S214025AD00122F5E7D4560020D05600207562002039
S214025AE0014610230120014AFEF742B964EE010086
S214025AF0014B5861704700BFD0560020014B187802
S214025B00704700BFD056002010B5054C2378112BE5
S214025B1003D0E221034814F0C0FF4123237010BDD6
S214025B2075620020424D0400064B01461B78042B8A
S214025B3004D1054A137E053313767047034814F0E2
S214025B4057BD00BF76620020D05600206C6A002047
S214025B5008B50648FDF7A2FD0548FDF79FFD0FF0C4
S214025B6081F9BDE8084000F0EBBF00BFD05B002023
S214025B70025C0020064B1878332806D000F0EF00AF
S214025B80A0F143035842584170470120704700BFB6
S214025B9075620020002208B5074B4FF6FE701A7099
S214025BA011F0ABF84FF6FF7011F0C4F8034B5869CA
S214025BB0BDE808400FF0ECB875620020D056002011
S214025BC008B5064B187838B10548FEF743F84FF487
S214025BD07A73B0FBF3F0C0B208BD00BF6A62002061
S214025BE0104800202DE9F0438BB00746154698462C
S214025BF00E469DF8489049B9104605AC15F019F9BD
S214025C00214612F097FB172818BF2646B9F1000F57
S214025C100AD1124B1B781BB9284612F0A8FBD0B942
S214025C202846FEF7A1FA02E0284612F0A0FB80F012
S214025C300104E4B29DF850302A4602939DF84C3097
S214025C403146CDE9009338464346039411F07FFA75
S214025C500BB0BDE8F0834C46ECE700BF7162002053
S214025C600022014B1A767047D056002008B5002055
S214025C70FEF788FC0023024AC2E90133538008BDBE
S214025C80D056002010B5144B1B78033B012B16D8B8
S214025C90124BB3F868204FF6FF739A420FD10320D7
S214025CA0FEF7E6F801F052FFFFF7E0FF002014F0DF
S214025CB0A9FA78B1BDE81040002010F08FBEFEF7BA
S214025CC0C7F80446FEF7BEF80146204607F01AF863
S214025CD00220E5E710BD00BF76620020E4550020F2
S214025CE008B5114A114B58611378032B1BD0D3B158
S214025CF0332B01D0432B10D10D4B1B78033B012BCA
S214025D0005D803231370BDE808400FF041B80FF022
S214025D103FF8BDE80840FFF7B5BF21231370BDE882
S214025D20084001F07DBD08BD75620020D0560020F7
S214025D307662002008B50348FDF7A0FFFFF796FF3E
S214025D40022008BD1048002038B5114D04462B78B5
S214025D50834218BF28700FF028FC80B124B9204671
S214025D600FF025FC02220DE001200FF020FC2B781C
S214025D701A1F012A05D9062BF4D1032202E0002CB1
S214025D80F5D10122BDE838400021084611F01FB9BE
S214025D907662002030B5044685B068460D46FFF7A9
S214025DA09FFE94B100212846144A01F0F3FE144BDC
S214025DB020681B7861688DF80430124B1B788DF8CA
S214025DC0053002AB03C305F071F90F4B93F8582068
S214025DD093F85A308DF803208DF8023010F09EFFAB
S214025DE0ADF8000010F07DFF1023ADF806006946FE
S214025DF00020064AFDF7BCFF05B030BD00F8FF07DD
S214025E005C6C002076620020E455002064EE0100FF
S214025E1010B5104B04461A780F4B002083F8582012
S214025E2014F0F0F910B1002010F0D8FD0021084659
S214025E30FFF7B0FF0FF0ABFB2046FDF749FA40F63E
S214025E4017400EF0A5FF0023044A1380044A13806D
S214025E5010BD00BF08630020E4550020AA5B0020A6
S214025E60A85B00201FB504466846FFF739FE54B10A
S214025E7000238DF80530102369460020064AFDF7F8
S214025E8077FF04B010BD10F02CFFADF8060010F03E
S214025E9045FFADF80000EEE764EE010010B50146DE
S214025EA004460020FCF700FC90B10C4B1B78023B2A
S214025EB0032B0FD80A4B1C7014F0D8FC60B9094AA1
S214025EC00949FCF779FF003818BF0120800010BD91
S214025ED05520FCE70220FAE74D20F8E7756200201D
S214025EE00863002061870200115E0200F8B50646CC
S214025EF014F0BCFC044668B914F084F950B1064D9F
S214025F00204695F8587085F8586010F067FD10B175
S214025F1085F858704D20F8BDE45500202DE9F04173
S214025F2080461846033B012B0E46174602D918B187
S214025F30212438E0FFF708FF274B1D78022D08D0F2
S214025F40032D46D1B8F1000F03D1244B1B689B07E3
S214025F503FD43320FDF78CFF01F096FAB6F1006FBE
S214025F6034BF1F4B052231464FF0060038BF1A7861
S214025F70FEF7FCFC044628BB1A4D2873012000F0ED
S214025F8017FE10F0CBFE68802846B8F1000F0DD041
S214025F90022300F8043B11F02DF96C732F61394689
S214025FA030460EF039FE2046BDE8F081012300F8A7
S214025FB0043B11F01FF96C732F61394630460EF020
S214025FC02AFEF0E72846FDF753FFB8F1000FF4D09B
S214025FD0E5E70224E7E700BF756200206448002078
S214025FE0896C0020D0560020034B187818B9034B52
S214025FF0034A1B78D05C70477462002076620020E9
S214026000709A040038B5437B0446DB0703D590F943
S21402601009000FF0BBFA00250F4B83F85950207980
S214026020FFF764FFFFF7E0FF6188248803462246F5
S2140260302846FEF7ADFA044620B11720FFF750FEB9
S214026040204638BD1723054DC82105486B6114F05C
S214026050CFFA03232B76F3E7E4550020D056002030
S2140260606C6A0020F0B51A4D06460C4693B0A5F8A9
S214026070680005F16A0729BBC5F86A1079600EF058
S214026080C5FD6A4601460020FCF734FED5F86A30A4
S214026090ADF81060CDF812307B68CDF816300EF0F1
S2140260A0B5FD6A4601460020FDF7DAF84FF6FF73A3
S2140260B0B5F86800984203D014B106490EF0AFFD59
S2140260C013B0F0BD08223846F5F7F8FBD7E700BF55
S2140260D0E45500204E5600202DE9F041DFF8B88046
S2140260E01F4698F8003005460C4616461BB1022598
S2140260F02846BDE8F081531E052BF8D814F0B6FBEF
S2140261000028F4D13B7B032B14D14FF6FE739C423E
S21402611012D1012E09D0022EE9D110F0E2FD4FF67F
S214026120FB73984203D810F0DCFD044604E011F03D
S21402613033FAFAE7012EDAD0EDB939462046FFF7F0
S21402614075FC05460028D3D198F80030332B03D0CF
S214026150532B1CBF0E4B18613046FFF7F5FD00218E
S2140261604FF6FF70FFF77EFF0A4B1B78002BBFD05F
S21402617012F0E3F8BCE7397B721ECB1E5942594136
S2140261805042504105F07CFF05460028D5D0AFE7C7
S214026190D05600208A6C0020756200202DE9F0415E
S2140261A005460F46904610F09CFD6B7B0446DB07C7
S2140261B003D595F909000FF0E9F910F092FD384B76
S2140261C0384E188010F0AAFD374B1880FDF73AFEBD
S2140261D0364B1880FDF73CFE082201463448F5F798
S2140261E06DFB10F040FD334B18702879FFF77EFEEA
S2140261F000216888FFF736FFFDF726FF60B14FF6ED
S214026200F672631E9BB2934206D911F0C5F9B6F830
S214026210683004468342F8D0204610F06EFD288887
S21402622010F088FD4146B6F86800B847044628B91B
S2140262301920FFF755FD1920BDE8F081B6F8681061
S21402624010F008FB00231C4D86F859302B7803F01B
S214026250FB03022B02D0204610F069FF00222046E4
S2140262601146FFF707FB0446B0B117236B61134BC9
S2140262701B78042B09D1C821114814F0B9F903235D
S2140262802B7684F00100C0B2D6E74FF416710C48A4
S21402629014F0AEF90023F3E71720FFF721FDF0E72D
S2140262A0DA5B0020E4550020D85B0020D65B002095
S2140262B00963002011630020D05600207662002079
S2140262C06C6A0020F0B50C461E460B46204907466F
S2140262D089B004F1140053F8045B834241F8045B6E
S2140262E0F9D11B8802AD0B80D4F80E00D4F8121038
S2140262F0238803C5ADF8103023798DF812208DF867
S214026300133000233A468DF814304FF6FE71012002
S21402631002ABFFF7E1FEC8B902A8FFF7C3FB237B77
S2140263204BB10C4D0C4B01AA2946012001930FF0EC
S2140263300BF92A781AB92046FFF764FE03E02046D6
S2140263400199FFF72BFF08B9044B1E7009B0F0BD88
S214026350DC5B0020D05600200B7203001263002084
S21402636001232DE9F341304E05460F4600202F4902
S2140263701446737300F0EAFB0FF00AF9DFF8AC80FC
S21402638038B9012D01D9042D0FD1214638460EF019
S214026390C3FC1020002111F0E8FF00283CD00020AA
S2140263A002B0BDE8F041FCF7AFBC002CF1D1204BA7
S2140263B01B78212B03D0062B01D0532B02D101F0E0
S2140263C02FFAE6E7FDF740FE0028E2D000F0EAFBEF
S2140263D028B9307BC0F11800FFF782FCD9E7154BCD
S2140263E041462046019300F0B1FB20B140F6190168
S2140263F0114814F052FB01AA0B4998F80C000FF052
S214026400A3F832781AB90948FFF7FCFDC1E70199EB
S2140264100648FFF7C3FEBCE7FFF79EFA0028BED188
S21402642002B0BDE8F08100BFD0560020DC5B002041
S214026430756200200B720300424D04001FB5144B18
S21402644004461B88DB0707D44FF6FF700021FFF7D0
S21402645009FE002004B010BD0A230E4A012001A93D
S214026460FDF786FC4FF6FF73BDF80C209A42EBD080
S2140264700822FF2101A810F0C2FB0028E4D10CB9C3
S2140264800120E7E7BDF80C0001A9FFF7EBFDF7E7EF
S214026490F45B002026E1010038B50C46154610F0E4
S2140264A02CFC02F053FF29462046FFF7DBFD00F0E6
S2140264B079FB48B1054BDB790E2B28BF0E2301333F
S2140264C0DBB2034A137038BD0123FAE7DC5B002017
S2140264D01E63002038B51D46FFF7FEFD0446C8B908
S2140264E02B7B2846032B03D1BDE8384010F0A1BE13
S2140264F0FFF7D8FA084B25469C8110F0B4FB012121
S214026500064B81401A780620FEF730FA044608B198
S214026510034B1D70204638BDD0560020896C0020E3
S2140265207562002030B5012087B0FFF787FF6B4603
S2140265300446144A1068516803C384B904F0C4FDC3
S21402654002A8FFF7CDFA4FF6FF752246BDF80E00F9
S2140265502946FFF7A1FF0EF066FB07B030BD6B467B
S214026560094AD2F86A00D2F86E10B2F8685003C32D
S21402657004F0AAFD02A8FFF7B3FA6A46BDF80E00B9
S214026580E6E700BFD6D50300E455002037B5324B08
S21402659004461B781BB10224204603B030BD14F01B
S2140265A065F90028F7D100F00DFB14B122882B4BB9
S2140265B01A8000210DF10700FDF7D0FC002848D113
S2140265C010F009FE04460028E6D1254D9DF8070086
S2140265D0FFF7BAFB2B78033B012B27D82046FFF7A1
S2140265E02DFF18B3FFF79EFF00F0FCFEFFF74AFBF5
S2140265F0012010F002FB48B9184B1B889A0707D5F2
S2140266002346052201201749FFF788FC0446C3E704
S214026610154D022329460120144AFDF7A9FB2B88B3
S2140266205B07B9D5204600F0F1FEB5E72B78053BAF
S214026630012BB1D8FFF776FFFFF724FB2B78052B4B
S2140266400CBF04200520FDF713FC012010F0D5FA3C
S214026650DCE71724A0E700BF75620020F45B002089
S2140266607662002000F8FF07A65B002027E1010003
S2140266707FB50024184E194D3278E3B29A4201D8FB
S21402668004B070BD4FF6FF73B5F868209A421AD070
S214026690134B1B88DB0714D5124AB5F8683010680E
S2140266A05168ADF80C3001AB03C30F4A0A23002031
S2140266B001A9FDF75DFB022300200C4A0C49FDF7F9
S2140266C057FB0134D8E700220821064810F097FA53
S2140266D00028F6D1DCE700BF676C0020E4550020F6
S2140266E0F45B00204E56002026E1010027E101005F
S2140266F0A65B002010B500F0C7FE01F013FCD8B16F
S2140267000E48FDF7BBFA0E480E4C017A0E30FFF724
S21402671041FB23781BB100F0F7F900232370002217
S214026720094B1A73FFF7AEFA07F0B8F900F012FF3A
S214026730BDE81040FFF79CBF10BD00BF6C6A00208A
S214026740DC5B002012630020D056002010B52548DE
S214026750FDF794FA01F0E6FB30B1234B1B781BB928
S214026760BDE81040FFF7C6BF01F0DCFB78B11F4C56
S214026770237E83B1C8211B4813F03AFF0021237EF3
S2140267800846013B2376BDE81040FCF72BBBFDF71D
S2140267905BFC0028EBD1FDF757FC154B1B7858B96C
S2140267A0112B03D003F0FD03412B19D1BDE8104095
S2140267B00E4B5869FFF794BA332BF7D10D4B188856
S2140267C010F09BFA0C4B188810F0B4FA0B4B0C49DD
S2140267D01888FFF747FC0B4B1878FFF787FBE5E7AF
S2140267E010BD00BF6C6A002071620020D0560020E7
S2140267F075620020DA5B0020D85B0020D65B0020A2
S21402680009630020116300202DE9F04F0F4685B082
S21402681002AD044629463846914612F038F84FF043
S214026820000B82463846CDF804B010F0C9F8467818
S214026830022C804606F0020609D85CB1FDF704FC7D
S2140268400446002848D1754B01241B7865E0043CB9
S214026850022C3AD9FDF7F8FB384610F02AF8002445
S2140268600546A046DFF8D8A1384610F0A9F850F839
S21402687009300DF10500019314F0EDF99DF807B00B
S2140268800746B8F1000F4DD1BBF1000F5BD0DFF821
S2140268908C9199F800300BB1002E63D0002C61D099
S2140268A05F4B1B78022B5DD1BBF1000F53D13846EC
S2140268B010F023FA58465946FFF76CFA07F0EEF83E
S2140268C040F607400EF064FA34E010F078FCFDF76C
S2140268D0BBFB0446F8B15C464EB1524B1B78012B0B
S2140268E002D0043B012B0BD805B0BDE8F08F4B4B12
S2140268F01B782BB14B4B1B7803F0FB03022BF3D018
S214026900BAF1000F404608BF002511F0B3FF4FF062
S21402691001088246A8E7414B1B78002BF0D0002ED8
S214026920EED1E1E7BAF1000FAED05046FDF71EFEFB
S2140269300028A9D1002013F065FC0028D4D000203E
S21402694010F04CF8D0E74FF6F7739F429FD9172006
S214026950FFF7C6F9EEE7FDF777FB48B13248FDF7D9
S2140269608DF9F4E7FDF770FB10B1BBF1000FF5D11E
S214026970FDF76AFB0028DDD02846FEF749FAFF2815
S214026980DFF89CA0294C03D09AF80030012B04D1E2
S2140269902946B4F86800FEF795FBFEF751FC2A4636
S2140269A03846B4F86810FFF777FD214B214A93F971
S2140269B006301B0213809AF80030012B19D0312BB7
S2140269C014BF432311238AF800301B4B164819685C
S2140269D013F00EFE00F006FD0023124C99F800108C
S2140269E0237641B9104813F003FE40F61B43636159
S2140269F0A0E71123E7E7B8F1000F03D016B1FFF7BF
S214026A0079FEF2E70D4B1B78042BEED105210648E2
S214026A1013F0EEFD09232376E7E700BF716200203C
S214026A2075620020D05600206C6A0020E4550020D3
S214026A30DC5B0020F25B00208C6A0020766200207D
S214026A40F862002070B508468CB00D460FF0B8FF0D
S214026A5009220021064613F01FFC044628460FF0C2
S214026A6028FF052228460DF10F0304A90EF0E2F9CD
S214026A7002281BD09DF80F3029461C440023E4B29E
S214026A8004F11002365D01200093D2B20CF05CF8DD
S214026A9060B1022E0AD1064B1B78012B06D1054B9C
S214026AA0187818B922462946FFF7AEFE0CB070BD1C
S214026AB075620020D056002008B5084B187050B1F9
S214026AC0074B1B883BB14FF47A710648594313F0C3
S214026AD08FFD002008BD0120FCE700BF6862002091
S214026AE0086C002030470020014B188000207047B9
S214026AF0086C002008B5FDF7C1F80022014B1A7099
S214026B0008BD00BF6862002010B50024044B05488B
S214026B101C80054B1C70FDF7B1F8204610BD00BF67
S214026B20F65B0020906A00201363002008B5034835
S214026B30FDF7A4F8BDE80840FFF7E6BF906A00201C
S214026B400148FCF7ABBD00BFF65B0020F7B5134B60
S214026B5004461B780E46EBB183421DD9002110482D
S214026B6014F0DDF8002501460D4F09B9012009E0B1
S214026B70AC4209D10024162322463046009414F073
S214026B8063F9204603B0F0BD384614F0ECF8013540
S214026B900146EAE71820F5E72720F3E7136300200B
S214026BA0F65B0020014B1878704700BF1363002085
S214026BB025289DBF024B187000202120704700BF79
S214026BC08B6C0020012307B51846064A0DF1070113
S214026BD0FDF7CEF89DF80720034B1A7003B05DF858
S214026BE004FB00BF29E101000A6C002084B010B546
S214026BF002AC84E80F00082224480DF11601089C16
S214026C00F5F756F938BB9DF815309B0705D4204B8F
S214026C101B7803F0FD03312B23D11E4963780978D4
S214026C2003F00F028A4203D0012928D1022A18D182
S214026C302278B2B91B09022B13D194F90230002B29
S214026C4021DB154BB3F86820BDF80A309A4208D10A
S214026C50FEF790FF06E0002208210C480FF0CFFF57
S214026C6020B90020BDE8104004B070470B4BBDF8B9
S214026C7008205B889A42C6D0002BC4D0F1E70229CE
S214026C80EFD1012AD3E70120ECE700BFD45600205B
S214026C90756200205C6C0020E4550020D05600206F
S214026CA084B02DE9F0478EB016AC84E80F00DFF80A
S214026CB068C1564BBCF802009DF85D9010F00104C6
S214026CC09DF96220BDF870E09DF875A09DF976707A
S214026CD09DF878509DF97A109DF95E809DF8606067
S214026CE01B782FD09DF87D00C0F34004C0F38000CF
S214026CF0002B44D0464B1B78012B02D1002C00F00F
S214026D008280C0B19CF800301E335BB2BB42ACBF7F
S214026D10002701279845D4BF00230123BB4209D18F
S214026D208A4208DB0CD1A81BC0B280288CBF002088
S214026D30012000E038460EB0BDE8F04704B07047C8
S214026D400020F8E710F0020F18D0C3B1490814BFAC
S214026D5001200020520814BF012300238342EAD1F7
S214026D60AB1BDBB2802B0AD9AE42E9D1B84506DBB3
S214026D7049D1CA4594BF00200120DCE70BB90120A7
S214026D80D9E7AE4216D002AC1CAF0FCF0FC497E8BD
S214026D90030044F8040B2180DDE91A0116AB0090CB
S214026DA0ADF804100FCB0EF0C8FB0028E7D1AE42B8
S214026DB0B9D1C0E7BDF8583073451ED008AC0DF106
S214026DC0700CBCE80F000FC49CE8030044F8040BE8
S214026DD02180104C638873450FD10822211D0DF1C6
S214026DE02E00F5F765F8024638B90821201D0FF087
S214026DF006FF10B96388002BC1D1B845BFDBC2D1EC
S214026E00CA45BCD8BFE7204695E700BF13630020FB
S214026E1075620020D05600200A6C002084B02DE94E
S214026E20F04F8FB06A4E18AC08AD84E80F001622F9
S214026E3000212846F4F7F0FC33783BB90024654B72
S214026E4032781B789A4239D2002726E0002162481F
S214026E5013F065FF00270446B846DFF87C91002C45
S214026E6045D13FB1224639465B480FF02CFE3378B7
S214026E70013B33703378002BE0D0002156484FF0A8
S214026E80000913F04CFF4F468046CA46DFF848B169
S214026E90B8F1000F6CD1002FD1D01621002218A80D
S214026EA00FF0A9FD014648B1002F00F08B80224664
S214026EB049480FF0C0FD337801333370454B3278C2
S214026EC01B789A4207D94448002201880FF0FBFD3E
S214026ED03378013B33703378012B03D13F49404866
S214026EE013F086FB0FB0BDE8F04F04B070470022E7
S214026EF0214616232846CDF8008013F0A5FF162259
S214026F00294618A8F4F7D4FF0028EBD09DF8642091
S214026F109DF824309A4225D1BDF86020BDF8203075
S214026F209A421FD108220DF12E010DF16E00F4F7E0
S214026F30BFFFB8B902AF0DF1600CBCE80F000FC777
S214026F409CE8030047F8040B39800EAB13E90300F4
S214026F500090ADF8041095E80F00FFF7A1FE002898
S214026F60C0D027462146484613F0FDFE044676E783
S214026F701623002241462846CDF800A013F064FFEF
S214026F8002AF0DF1600CBCE80F000FC79CE80300CF
S214026F9047F8040B39800EAB13E903000090ADF8F6
S214026FA0041095E80F00FFF77BFE074620B1B9F103
S214026FB0000F04BF444681464146584613F0D3FEAE
S214026FC0804665E73A46044813F0AFFE73E700BF13
S214026FD0136300208B6C0020F65B002020BF0200AB
S214026FE0906A00202DE9F04F002104469FB00DF173
S214026FF04008162240460E91CDE90C11CDF83B1002
S214027000F4F70AFC052220460DF11F0316A90DF01F
S21402701011FF0228074600F0F28020460FF0D0FC4F
S214027020064613F018FE8146F01C13F014FEADF867
S2140270304000701D13F00FFE012FADF842002046EF
S21402704040F0E0800FF0BCFC0546204613F0E4F961
S2140270500D3502232D1A0093214643460820EAB234
S2140270600BF072FD002800F0CA8020460FF0ADFC3F
S214027070012F83469DF84D3040F0DC8000252F46D8
S21402708043F001038DF84D3016AE3388022B4DD1F6
S214027090F1782046023108F065F81B2846D1F178CF
S2140270A02046033108F05EF819283FD1F1782046D1
S2140270B0043108F057F84A2838D14FF0050AF1781B
S2140270C020460131514408F04DF8F17805905144BC
S2140270D0204608F047F8059B00EB032083B200F039
S2140270E03F02932B059240F095800023F7782146C5
S2140270F002375744FFB23A4600930CA80F2313F008
S214027100A3FE07F10F01204611F09AFA07F11101CA
S2140271100546204611F094FAADF84200059B02336C
S21402712053445FFA83FA33795345C8D806360DF1CD
S2140271307603B342A9D19DF84D20C5F3C03363F35D
S214027140410220468DF84D200FF0D1FB8DF8440009
S21402715020460FF0C1FB8DF8450020460FF0C1FB1C
S2140271609DF83230BBF1190FC3F3C3028DF84720E6
S214027170DDF833208DF84600CDF84E20DDF83720B6
S214027180CDF8522094BF00229DF83E208DF848206C
S21402719003F003028DF84A209DF84D20DB0963F3C5
S2140271A08202694B8DF84D201B78022B56D1BDF812
S2140271B040600FF0B3FD864250D108A810F01AF8CE
S2140271C0BBF1190F47D908220DF14E0108A8F4F7B2
S2140271D06FFE00283CD1B9F5004F02D0B9F5624FD8
S2140271E00DD140F6FF7325F440459D4207D100229B
S2140271F008210DF14E000FF002FD00283ED01FB010
S214027200BDE8F08F0FF0DCFB0546204613F004F9CC
S21402721007351EE7412B81D1F178204602315144D1
S21402722007F0A0FF494B1B78C3F1B30318448DF84F
S214027230490073E76FF30003F01D8DF84D3013F02D
S2140272400AFD0CA90546204610F026F80B2772E721
S21402725000F058FDBFE700F055FDD0E7B9F5004F46
S21402726002D0B9F5624FCAD140F6FF7325F4404505
S2140272709D42C4D1BBF1190FC1D9B8E7BBF11A0FB1
S21402728006D007F11F0142462046C9B20EF05BF94E
S2140272902F4C304D637BDBB12B78012B1DD10123A4
S2140272A023730CAB029314AC94E803000090ADF881
S2140272B0041098E80F00FFF799FC90B194E80300D9
S2140272C00090ADF8041098E80F00FFF7A7FD08E05D
S2140272D0FCF7BAFE0028DFD0E1E703F0FD03042B3B
S2140272E0DDD02B78012B01D0042B88D11A4BDDF888
S2140272F04E001B78DDF852108DF82230BDF8403073
S214027300ADF820309DF84D30C3F340038DF823309E
S2140273109DF8313003F00F038DF82C309DF848307D
S2140273208DF82D3009AB03C30C4B1B681BB14146CD
S21402733008A8984763E79DF946209DF8451008A8D7
S2140273400DF0E8FC5BE700BF756200201A630020C0
S214027350D05600200163002019630020C456002086
S21402736010B513F093FB114B1B78022B1CD1104A5D
S2140273701468A04218D00F4910600A68121B104405
S2140273800D4A086012786AB1013A93403C22534390
S2140273904FF47A725343984206D9BDE81040032050
S2140273A0FCF766BD0A23F3E710BD00BF7562002036
S2140273B05C48002058480020586C0020064B1B886A
S2140273C0DB0708D50022054B43F82020044A135C4D
S2140273D063F00F0313547047F85B0020AC4600209E
S2140273E03A62002008B513F051FB0022024B1860E7
S2140273F0024B1A6008BD00BF5C48002058480020B7
S214027400014B1868704700BF5848002008B50C4862
S214027410FCF734FCFCF772FD80B10A4B0322B3F88A
S214027420681001200EF0AFF84FF47A71064B04484C
S2140274301B885943BDE8084013F0DAB808BD00BF00
S214027440B06A0020E4550020EC6B0020014B188047
S214027450002070470E6C0020044A054B18701388F3
S21402746023F003031843108000207047F85B0020C7
S214027470596C0020034B1888C0F30E00003818BF62
S21402748001207047A65B002008B5FFF7F3FF30B176
S214027490002004490223044A0880FCF769FC002005
S2140274A008BD00BFA65B002027E10100024B18883A
S2140274B0C0F30E00704700BFA65B00200023084AF8
S2140274C001201370074A08491370084B084A1B78B4
S2140274D043F0040313800223064AFCF749BC00BFAC
S2140274E01663002015630020A65B0020596C00205E
S2140274F0F85B002027E1010030B5012100240B23B0
S21402750085B0104D019400918DF80C308DF80D0069
S2140275100323B5F8680003AA8DF80E4011F049F966
S21402752068B1B5F868100FF074FF40B10522064B3B
S21402753064211A70054B06481C7013F059F805B002
S21402754030BD00BFE45500201563002016630020FE
S214027550D06A0020064B1B78033B012B06D8054B4E
S2140275601B781BB9044B1878FFF7C6BF704700BFDD
S2140275707662002014630020586C002010B515486F
S214027580FCF77CFB144B1978F9B9144A13787BB1D3
S214027590013B1370124B1B78042B02D10846FBF7F3
S2140275A021FCBDE810404FF496710A4813F020B84B
S2140275B00C4A128802F00302022A0AD1BDE81040E1
S2140275C0032201200849FEF7A9BCBDE81040FFF7D8
S2140275D0C1BF10BDD06A00201663002015630020CC
S2140275E076620020A65B002000F8FF07084B1A7898
S2140275F05AB10223013A93404EF6602253430321C6
S2140276000448B3FBF1F112F0F3BF42F21073F6E74F
S214027610586C0020D06A002070B505461748FCF763
S2140276202DFB0122164B28461A7011F0E6F8411C73
S214027630044689B2284607F095FDA11C064689B283
S214027640284607F08FFD0F4C02232080214600209B
S2140276500D4AFCF78DFB86B9238803F00303022B41
S21402766003D1FFF7BFFEFFF7C1FF23885B0704D5F0
S214027670BDE870400548FFF7C9BE70BDD06A00205D
S21402768016630020A65B002027E10100B06A0020F6
S2140276902DE9F0431F4C0546238889B0002B33D0D2
S2140276A01D4E00214FF4807010F03FFE3378DB074A
S2140276B028D50121208812F0E7FE074620880FF021
S2140276C07FF9023013F0C7FA05A98046208811F028
S2140276D07BF93378384613F0020F104B18BF00259B
S2140276E0B3F8009012F0B4FE0646384612F094FE46
S2140276F0F6B20290424606212846CDE9009605AB30
S2140277000DF0C4FA00232380054809B0BDE8F04313
S214027710FCF7B4BAFE5B002017630020FC5B002077
S214027720F06A002010B5044640F62140FFF7B0FF8D
S21402773001214FF4807010F0F8FD78B10022084B5A
S2140277401C80084B1A7007F085FEBDE81040064BF9
S2140277501880064B0648198812F04ABF10BD00BFB3
S214027760FE5B002017630020FC5B0020EE6B00200F
S214027770F06A0020044A137818B943F00103137024
S214027780704743F00303FAE717630020044B1B78A5
S2140277901BB9044A1380FEF707B90020704700BFE2
S2140277A005630020FA5B0020042230B501F0400396
S2140277B087B0002B054614BF012400248DF80C2048
S2140277C08DF80D1004D004A910F0CDFD10B304AB53
S2140277D0CDE9004301210223284603AA10F0E9FF5F
S2140277E00446C8B10D4BB3F868100FF033F84FF6E5
S2140277F0F7739D4209D9322202212046FEF73AF853
S21402780080F00100C0B207B030BD294620460FF016
S21402781000FEF5E70120F6E71920F4E7E45500201C
S21402782010B5FFF731FE04F031FA0FF07EFC0020AF
S21402783010F091FD13F01AF808B1FDF729F9204C63
S2140278402378532B12D1032323700023FF221946D9
S2140278500120FEF763FB002012F0D4FC10B10020DA
S2140278600FF0BCF8BDE810400DF091BE062B01D01B
S214027870212BF0D10120FEF7F5FA4FF6FE700FF03D
S2140278803CFA4FF6FF700FF055FA0020FEF752FA58
S2140278900020FEF759FAFEF7E9F900F029FB0DF091
S2140278A079FE2378212B02D1FEF774F9D3E7002064
S2140278B0FCF7DEFA00214FF4004010F026FBCAE780
S2140278C07562002010B50A4C0A48FCF7D7F92378EF
S2140278D0062B02D10120FEF7C5FA2378062B01D02B
S2140278E0532B03D1BDE81040FFF79ABF10BD00BF6F
S2140278F075620020106B00202DE9F047DFF8C0808B
S21402790004460E461746FFF7BFFD98F8005015B915
S2140279100220BDE8F087212DFAD0284813F02DFA70
S2140279200028F5D114F0200439463046DFF894A03A
S214027930DFF8949005F00F051BD00DF06FF9012DBE
S2140279408AF80070A9F8006029D1212388F800304F
S214027950FFF766FF0020DCE7212388F80030FFF7F8
S2140279605FFF00214FF6FE70FEF77CFBFEF780FEFF
S214027970F0E70DF052F9012D8AF80070A9F80060C0
S214027980EAD0062321464FF6FD7088F80030FFF74E
S2140279900BFF40F22621094812F02AFEE1E75323A4
S2140279A021464FF6FD7088F80030FFF7FDFE40F2E4
S2140279B02621024812F01CFECCE700BF106B002006
S2140279C07562002018630020106C0020F8B50D4682
S2140279D00646511C284607F0C5FB044628460EF00C
S2140279E0EFFF0546023013F036F9154B07461B78B3
S2140279F0022B02D0043B012B21D8124B1B685802E3
S214027A0001D5A1061BD5620619D50F4BB3F868300F
S214027A10B34214D16B781B070DD5284610F02AFF07
S214027A20FCF7A4FD58B1314604F020000122BDE85F
S214027A30F840FFF761BF0FF054F9B842F3D0F8BD33
S214027A407562002064480020E455002073B50446A1
S214027A500D4613F0EEF9FF28034625D0134A127896
S214027A604AB1134A32F81020520404D510F064FCCE
S214027A70002002B070BD184610F06FFC694606463C
S214027A8010F071FC40B1FCF7E7F928B1002302229E
S214027A906946304605F0DCF8204645F0400102B063
S214027AA0BDE87040FFF780BE0120E2E77162002069
S214027AB0A05B002038B505460EF082FF0446284635
S214027AC010F09BFE411C89B2284607F04BFB42068B
S214027AD00DD563781B070FD5204610F0CBFE014666
S214027AE0002013F0A4F9BDE8384010F025BC034886
S214027AF0BDE83840FFF7E6BE38BD00BF106B002079
S214027B0038B54FF6FF75A842044617D00FF006F9AF
S214027B10A04213D04FF6FD72094B198891420DD937
S214027B20084A1288AA4201D0A24207D11C804FF40A
S214027B307A71BDE83840044812F05ABD38BD00BF1D
S214027B40F66B0020126C0020F047002008B50448AF
S214027B50FCF794F84FF6FF72024B1A8008BD00BF7E
S214027B60F0470020F66B002037B505460C46082382
S214027B7069460120064AFCF7FBF815B19DF8063067
S214027B802B700CB1009B2360BDF8040003B030BD1F
S214027B9025E1010007B508238DF80600ADF80410AC
S214027BA0009269460020034AFCF7E2F803B05DF84B
S214027BB004FB00BF25E10100024A13780BB1013B2A
S214027BC0137070476662002008B50FF0B3F8002104
S214027BD04FF6FF72054B08461A80FEF7DBF8BDE843
S214027BE0084040F616400DF0D3B800BFF66B0020F2
S214027BF008B5FCF743F80A4B1B78023B032B08D860
S214027C004FF6FE73074A108898424FF6FF7301D16B
S214027C10138008BD9842FCD0BDE80840FFF7D4BFE9
S214027C2075620020F66B002010B5084B1B78042BFB
S214027C300AD00FF056F8002104460846FFF794FFD4
S214027C40231A5842584110BD0020FCE776620020F5
S214027C50F0B5002689B00546CDE90566ADF81C608C
S214027C6010F0CBFD0A23024604462946009605A8D4
S214027C7013F0EAF89DF815309DF814701F2B27D8DC
S214027C8003A80FF0B7FA08220DF1160103A8F4F7BD
S214027C900FF90646E0B9092F1CD1FFF7C5FFB8B1A8
S214027CA0144B1B78A3B1144B1A884FF6FD739A42F5
S214027CB00ED9124C124A23780433DBB223701278A0
S214027CC0013AB3EB820F03DD58B20BF01BF92670B4
S214027CD009B0F0BD0A34E4B22146284607F042FA5B
S214027CE00FF01BFB611C284610F0AAFCFFF708FFEA
S214027CF0EEE700BF6C6C0020F66B00206662002088
S214027D00576C002038B5134B1B78033B012B20D948
S214027D10114B4FF6FF711B78ABB1104D2B888B427F
S214027D2017D10EF0FBFF4EF6602104460C4812F007
S214027D305FFC4FF6FE7322462B800021BDE83840DA
S214027D4009200FF0F8BA074A13888B421CBF01338A
S214027D50138038BD766200206C6C0020F66B002023
S214027D60F0470020A25B002008B50448FBF786FF18
S214027D70BDE8084000210846FBF734B8306B002007
S214027D8010B5044661B1FF210EF0BBFD002120466E
S214027D900EF0BDFD0EF0FEFC014620460EF0BDFDC7
S214027DA02146BDE810400022014812F0BEBF00BFC7
S214027DB0025C00202DE9F0410D46174604460EF0FF
S214027DC0FFFD06782846FCF74DF9294680462046F0
S214027DD00EF040FD0EF085FFA84206D12046012196
S214027DE0FFF7CEFF0120BDE8F0812846B8F1000F6C
S214027DF00AD0FCF7B9F950B9144B3A462046BDE80A
S214027E00F0411978FDF736BD10F0B1FAF3E706F047
S214027E100306012E08D00EF064FF002322462946F0
S214027E2002F042FA0028D9D120460EF0CFFC4305D4
S214027E3005D52046BDE8F04100210FF044B82046A3
S214027E4010F080FAB0FA80F04009CCE7566C0020B9
S214027E5010B586B0044610F0D0FC104B02461868E7
S214027E6019790290D3F805005B7A01328DF8143046
S214027E7000238DF80C1004902146009392B205233D
S214027E8004A812F0E1FF052204A902A8F4F710F8EC
S214027E90B0FA80F0400906B010BD00BFE8990400B1
S214027EA008B511480EF049FE104B1B78012B06D878
S214027EB0FF2010F01AFAFDF7B1FB10F035FAFDF7C5
S214027EC03BF801F091FCFFF7F9FA10F00EFE07F00E
S214027ED0F1FDFDF749FD07F03DFB0CF0A1FEBDE804
S214027EE0084002F0D3BC00BFAC560020336200202C
S214027EF008B5F0F75DFDFF2803D0094B1B78012B70
S214027F0006D9002010F0F1F9FDF788FB10F00CFA04
S214027F10FDF712F801F068FCBDE8084002F0B6BCB6
S214027F2033620020064B1878112806D000F0FD00B8
S214027F30A0F141035842584170470120704700BFE4
S214027F40756200202DE9F8430446FDF70FFB18B1D1
S214027F5000263046BDE8F8834FF6FF78184BB3F894
S214027F6068104145F4D020460EF074FC154B0221F1
S214027F7020461A88FDF77EFC06460028E8D02046F2
S214027F800EF01EFD90F807900546043012F063FED0
S214027F9007460EF0A6FE494602463846FDF7FEFAAA
S214027FA0A81C12F058FE404502D12046FFF7BAFB45
S214027FB02B789B07CDD101212046FFF7E1FEC8E7CB
S214027FC0E4550020005C0020F8B507460EF0F8FCE9
S214027FD00546043012F03FFE0646A81C12F03BFE91
S214027FE00446304612F025FF3046FCF73BF82B7865
S214027FF09B0701D10EF075FEAB790BB90320F8BDD5
S2140280000EF06FFEA0420CD10EF06BFE0446094B3A
S214028010214638461A78FFF7CDFE0028EED000201B
S214028020EDE7054B1B78052B1CBF044BB3F86840E5
S214028030EDE700BF005C002076620020E4550020D9
S2140280402DE9F041064610460D4610F0D6FBA0F18B
S2140280501004E7B256FA84F42146EA1B04F10E0035
S214028060F3F72CFC2823DFF84480F35598F8003009
S214028070637301F0CDFB611C024601200DF09FFAEE
S21402808008220949601DF3F719FC98F800000FF062
S21402809098FF05F10E0130463B460022C9B201F0B8
S2140280A069FC1220BDE8F081F862002070620020B0
S2140280B02DE9F04F87B004460EF082FC06462046B5
S2140280C00EF0E1FB0746301D12F0C5FD8146B01CDE
S2140280D012F0C1FD384696F807A012F0B3FE3378C8
S2140280E09A075FD12146042001F04CFD002859D0A2
S2140280F0204610F082FB0146204607F033F883073D
S21402810050D1204610F079FB0146204607F02AF8A7
S21402811010F00303039345D12046FFF799FE00288B
S21402812040D0204610F03FFC451C204612F090F945
S214028130EDB205F10A0B83455DDA304A04AB1068EE
S214028140516803C3691C204607F00CF8294680468E
S214028150204607F007F800EB082059461FFA80F879
S214028160204606F0FFFF8346039B2146AA1C009387
S21402817004A8082312F068FE20460EF084FB5A4636
S21402818041460DF00EFA0122404604A90FF04FFABE
S21402819088BB022007F032FC013003D1404604A916
S2140281A0F0F7CEFC0EF09DFD48453A46514607D103
S2140281B00EF09FFFF8B907B0BDE8F04F0FF0EBB92D
S2140281C048460EF096FFB0B90D4B1B781BB93946E0
S2140281D048460FF0F6F83A4651464846FDF7DEF9AD
S2140281E048B1317811F0030105D1204607B0BDE849
S2140281F0F04FFFF7C5BD07B0BDE8F08FD6D5030038
S2140282006C62002038B5114D2B78023B012B18D832
S2140282100DF0C9F90446B0B9FFF7A2F82B78032B84
S21402822007D12346FF2221460120FDF777FE0120D3
S21402823038BD21462046FAF7D5FD003818BF012082
S214028240F6E71720F4E70220F2E700BF7562002087
S2140282502DE9F74305460E4614460EF0C1FA0C28E1
S21402826028464AD10EF0ACFB0922002112F014F87F
S21402827000F11001C9B2284606F074FF042813D094
S2140282807C282BD0012840F0AC8046B91321284622
S21402829010F0D6F903B0BDE8F0430EF04BBD03B0C4
S2140282A0BDE8F043FDF7DCBC5B4B1B78022B40F0CD
S2140282B0988046B9FFF7FAF8C3070AD5FFF792F88F
S2140282C0002C08BF3F26304603B0BDE8F0430CF052
S2140282D0C3BCFFF7CFF80028F0D0F1E7284612F02B
S2140282E0B7F80446284612F097F802463046E1B23E
S2140282F003B0BDE8F0430CF0ADBC0EF061FB804667
S214028300043012F0A8FC074608F1020012F0A3FCA3
S2140283104FF6F773984204460CD8404A1388013346
S2140283209BB213800BB93E4A13801EB13C4A138897
S2140283300133138098F8009009F00309B9F1010F90
S2140283401DD1284610F059FA0146284606F00AFFC3
S2140283500B2809D00D2807D0042842D1284603B09E
S214028360BDE8F043FFF7A6BB2E4B1B78042B38D193
S2140283700021084603B0BDE8F043FAF733BDB9F171
S214028380000F2ED13146284603F05EFD4EB34FF65F
S214028390F7739C4225D898F80160204616F004062A
S2140283A022D10FF0B2FF054620467DB10FF0DFFF67
S2140283B0034600BB0C220090214638460FF0CFF948
S2140283C00C22002339462046009308E00FF0CFFF28
S2140283D00346C8B9144A00901278214638460FF070
S2140283E0BEF903B0BDE8F0830FF0C1FF034678B9CB
S2140283F00B220090F1E706223346214638460096C5
S2140284000FF0ADF90622DCE72B4600950622E4E7DC
S2140284104B46CDF80090F9E775620020AA5B002073
S214028420A85B0020766200208D6C00202DE9F04FBC
S21402843005888BB0044628460EF0C2FA074604307A
S21402844012F009FC8146B81C12F005FC05A980460C
S214028450284610F01CFA284610F0CFF901460646C8
S214028460284606F07FFE3B78824603F00303012B84
S2140284700CBF83464FF0FF0B12F003FBE38801901C
S21402848002930EF02EFCFB7900904846039300F010
S21402849081FF002876D1404600F07CFF002840F09D
S2140284A08880FDF72BFB8046FBF7CEFD10B9FFF761
S2140284B039FD30B1A8F104085FFA88F8B8F1020F66
S2140284C01BD90BF0FD03042B00F0B380FFF72AFD47
S2140284D020B10AF0030ABAF1010F0ED0FBF70EFD27
S2140284E028B9714B1B7803F00F03062B68D16F4B2C
S2140284F02846B3F868100EF0ADF9BBF1010F63D150
S21402850028460EF091F94FF6FF73984240F091809C
S21402851000233146284607AA0FF0FFFE074600282A
S21402852042D042799DF82530934209D9711D2846DA
S21402853089B206F02BFEA37823F00F030233A37052
S2140285400CF067FB7E23B0FBF3F202FB130303F58A
S2140285508073A3809DF8263013F0180F0AD0A378F4
S2140285601B0707D1009B4B4504D048467A7905A9DC
S2140285700CF084FB9DF82700003818BF01200BB0D2
S214028580BDE8F08F28460EF01BFA023012F063FBAD
S2140285904FF6F773984207D9039B2BB92846FFF785
S2140285A057FC00287FF477AFA37823F00F03A3705D
S2140285B008E0404612F046FC00287FF472AFF3E76C
S2140285C02823A3800020DAE7BBF1020F54D101234F
S2140285D0314607AA28460FF0A0FE80460EF081FB21
S2140285E0BDF8223098421FD1B8F1000FDCD001222C
S2140285F0B8F80230314628460FF08DFE2C4A137822
S2140286000133DBB2FB711370B8F80230BDF81E20DE
S2140286109A421FBFA37823F00F030233A3704FF4CE
S214028620C873A3800120AAE7184612F00BFC0028A4
S214028630DAD128460EF0F8F812F0A4FB012808BF9B
S2140286401C4BA27809BF1B78FA2303EB830303EBC8
S214028650830302BF9B00FA339BB21209A4D1DDE961
S2140286600121521A92B293429ED30CF0D2FA00F033
S2140286701F001030A080D5E7BBF1030FD9D1009BB5
S2140286804B45D6D1711C284689B206F06BFD0C28E4
S214028690CFD1FCF7FFFD4FF6FF7398420146C8D0D4
S2140286A028460EF0D7F8C4E775620020E45500208D
S2140286B073620020656C00202DE9F04105460C46E9
S2140286C00EF08EF8082802D10120BDE8F081201DA8
S2140286D012F0C1FA0646284694F807800EF0D3F840
S2140286E0074628460EF072F8010612D5184B1B787C
S2140286F0042B0ED1174B1B78022B0AD1164BB3F85C
S21402870068204FF6FF739A4203D000210846FAF714
S21402871069FB124B1B78002BD6D1A01C12F09BFAD9
S2140287204FF6F773984202D86378DA070DD52378A6
S2140287309B070AD13A46414630460EF0DAFC80F0F4
S2140287400100C0B200F00100BFE70120FAE700BF57
S2140287507662002075620020E45500201D6300202A
S2140287602DE9F04F9DB004460EF03AF80546204635
S2140287700EF036F8082869D14FF400432046ADF8CB
S2140287805030ADF85C4011F063FEBDF85C20A0F1FD
S2140287901005EDB210461023002100950FF03DFFA4
S2140287A0294617A80FF011FF204611F035FE0AF0F1
S2140287B0BFFB002321461A460C2000930AF0C4F998
S2140287C098B3204611F028FE14A902461020FBF7A3
S2140287D079FF0501204611F01FFE14A9024640202B
S2140287E0EDB2FBF76FFF10B120460CF01BFA2046E5
S2140287F011F012FE14A902468020FBF763FFB8B9F7
S2140288009DB1102517A805F067FF2046BDF85070E9
S21402881011F01EFE0646204611F0FEFD2946009087
S214028820F3B2384617AA0CF093FA1DB0BDE8F08FE3
S214028830BDF8503017A8ADF85E40ADF85C300CF0CD
S214028840AAFE0028DCD145F08005DBE720460EF0C4
S21402885007F8B0F5006F40F0058120460EF013F8D9
S2140288600646042D40F0018120460DF0AFFF80F44D
S2140288700060C0F3C02000223146400012F0B4F976
S214028880944B1A78022A0DD0FFF74CFB50B902F02F
S214028890FD03312B06D0043A012A03D98E4B1B78EE
S2140288A0002BC2D02146022001F06CF90590002868
S2140288B0BBD02046ADF846400EF082F80446BDF81E
S2140288C046000DF0E0FF0646201D12F0C4F9A31C78
S2140288D083461846039312F0BEF912A90746BDF85E
S2140288E046000FF0D4FF63780690BDF8460094F871
S2140288F0008008930FF081FF6378054608F00308AE
S21402890030460C93FBF7AEFBB8F1010F0CBF032306
S21402891002230E93714B08BF4FF00B091E8023787B
S21402892018BF4FF00A0903F03C03082B0D907FF4A2
S2140289307CAFBDF8460011F08BFDA8427FF675AFFE
S214028940B8F1010F03D023789B077FF46EAF644B18
S214028950B3F86830B3420DD1624A634BB2F90010E5
S21402896093F90030002900F0A58001EB0313A3EB76
S214028970211313804FF0010AA5F11003DBB20A930C
S2140289808DF8453010224846BDF84610CDF800A0B6
S2140289900DF145030AF0D8F800283FF446AF089BCD
S2140289A013F00203099300F00981504B1B78002B49
S2140289B03FF43BAFBDF8469048460FF01EFF00233B
S2140289C007904846CDE917331993ADF868300DF095
S2140289D05AFF079B039003F10E01484689B20FF037
S2140289E0DFFE002870D000234946079A009317A896
S2140289F00E2312F029FA50460DF15D010CF0EDFD42
S214028A009DF869300B9004939DF85C30282B5BD15F
S214028A100DF16100FBF7AAFD0F90002854D10498CF
S214028A200FF0CFFA0F9B002866D1314B049A1B78C1
S214028A30D31A1C0648D404F059F950453CD112F01A
S214028A4025F82C4E0546346824B104F055F92C1B43
S214028A50844239D30023FF2219461846FDF75EFAF0
S214028A60356031E04FF6FD76FBE64FF6FF70301AC2
S214028A7018BF012000223146400012F0B5F80C2D36
S214028A800DD12146012001F07DF800283FF4CDAE3D
S214028A90214600201DB0BDE8F04FFDF7D3BF2DB92B
S214028AA020461DB0BDE8F04FFEF79CBA042D7FF4B9
S214028AB0BCAEE5E61B025CE704F018F9022803D117
S214028AC004F0F6F80028BAD000221920039912F012
S214028AD08BF8AAE6756200201D6300201E5C00204B
S214028AE0E4550020F25B00201A6300207162002029
S214028AF070620020F456002010214846079ACDF8EE
S214028B0000A00FF0AEF80028DED0BB4B049A1B780C
S214028B10934240F0AA8003990DF1610214A811F065
S214028B2037FE012114A8FBF7F5FA824648F2030144
S214028B3014A8FBF763FBBAF1000F03D0082114A8B0
S214028B400CF0EEFC48460FF076FE03990DF161003C
S214028B50FCF72AFCFE288246B6D0FF280AD10398E4
S214028B6012F056F9FF28824600F087800DF1610167
S214028B70FCF7F4FAA04B049A1B78934200F0A38009
S214028B8050460B99FCF7F6FB00283FF44EAE5046D3
S214028B900B99FCF701FC237898070FD148460FF093
S214028BA02CFE0146484606F0DDFA00F003000128D6
S214028BB004D103980DF16101EFF7C2FFBDF846003C
S214028BC00DF004FE010440F18580204612F043F8C1
S214028BD040F4007189B2204612F03FF800224FF4AA
S214028BE00041BDF846000DF0E2FDDDF814900123C9
S214028BF010220093BDF846100E980DF1450309F0B9
S214028C00A3FF00283FF411AE032866D1204612F0D7
S214028C1022F840F4007189B2204612F01EF830465F
S214028C2012F010F9002840F0B680DDF81490B8F182
S214028C30010F40F0B6800320BDF8461000F0A2FFF8
S214028C40002840F0AE802946BDF8460006F08AFAB3
S214028C500F2801467FF6E9AD4FF6F7739F423FF6BF
S214028C60E4AD30460EF01AFCDFE55046049903F0F8
S214028C7085FA00287FF44FAF26E7237803F0030334
S214028C80012B08D148460FF0B8FD0146484606F0CB
S214028C9069FA082892D0594B1A78594B1B789A428F
S214028CA009D20DF161010398FCF70CFA039812F051
S214028CB0AFF882465EE7A01C11F0CDFF4FF6F773C1
S214028CC09842EED900E75046FCF7CEFB00283FF468
S214028CD057AF5CE74FF0000989E7304612F0B2F86A
S214028CE00028A4D0099B002B57D1B9F1000F52D10E
S214028CF0B8F1010FBDF846009DD0294606F032FABB
S214028D008246DFF8089199F80030002B54D00DF017
S214028D10E8FF87427FF489ADB8F1010F7ED1BAF140
S214028D20070F75D8BAF1050F7FF67FAD354B1B7866
S214028D30022B02D0043B012B03D899F80030002BFB
S214028D4041D00C9B9A0640F1B4800D9B002B40F05C
S214028D50AC80304612F06DF8FF2840F0A6805E45E3
S214028D607FF463AD069B002B00F09D8012AB46F2AB
S214028D7004020124ADF85C2001932146022330460A
S214028D80009417AA0FF015FD00283FF44EAD2146B9
S214028D900EF099F849E5DDF8149030460FF0CFFA58
S214028DA045E72946BDF8460006F0DCF9099B8246EF
S214028DB013B9B9F1000FA4D0124B1B78022B02D0C4
S214028DC0043B012BBDD8304600F0E4FA8146002869
S214028DD07FF42BAD0DF085FF864225D10A4BB3F802
S214028DE068400DF07EFF4B4601460D222046CDF828
S214028DF000900EF0B4FC18E5706200206F6200204E
S214028E00666C002075620020E45500207162002026
S214028E10AAF10E03DBB2012B88D906E50AF003039A
S214028E20012B7FF402AD81E7304612F00BF858B9F9
S214028E300DF074FF4FF6FF73984205D011F016FD41
S214028E4010B93046FCF7E4F8304611F0FBFF88B163
S214028E500DF064FF4FF6FF7398420BD011F006FD3B
S214028E6040B9B8F1010F02D1BAF1060F02D030466E
S214028E700FF064FA069BA3B91946012258460EF073
S214028E80D6FB814600287FF4D0AC20460FF0F2FCD9
S214028E904A46014638460EF0CAFB00283FF451AF58
S214028EA0C3E412A9E9E7069B61E7637823F020038F
S214028EB063704FF6FC739F423FF4B7AC4FF6FD73F8
S214028EC09F4204D1B34B1B78042B3FF4AEACA3797C
S214028ED00BB1013BA37163785B0727D50023584685
S214028EE017AA14A917930FF00AFA1798F0B10FF001
S214028EF0FFF98146384611F09CFF179A014613790E
S214028F0003F03000102806D003F00C0008281CBF1F
S214028F1023F00C031371137903F03303202B05D1CE
S214028F20FF2903D0012248460FF0F1F9304611F02E
S214028F3080FFFF281EBF0022974B43F82020089B85
S214028F4003F001094FF6F7739F4200F2F980B9F178
S214028F50000F40F00181314658460EF032FA0DF00D
S214028F60C0FE874200F0C680384611F06BFF00282C
S214028F7041D0B8F1010F27D1BAF1010F17D14A46F5
S214028F802946BDF846000FF0C5F9384611F05AFFDB
S214028F90824B1B78002B72D1584611F053FF0028E3
S214028FA066D1384611F04EFF002861D13DE43846BE
S214028FB011F048FF50B3BAF1030F27D12946BDF886
S214028FC046000EF004FC30E4384611F03BFF38460B
S214028FD00FF0CDF9002847D0002339465846BDF891
S214028FE0462001F061F900283ED00021BDF8460077
S214028FF0FEF7C6FE19E4384611F024FF18B1B8F1A0
S214029000010FD8D0E3E7B8F1010FE0D1634B1B782C
S214029010002BC1D0BAF1050F31D10DF062FE8DF8EA
S2140290205C000DF05EFE000A8DF85D000123022250
S21402903017A90DF14600FAF775FD00287FF4F5AB87
S214029040691C89B2BDF8460006F07AF80378013347
S21402905003706378590715D40DF043FE834522D07A
S214029060002239461C2032E54C4B1B78002B93D04D
S214029070B8F1010FCED063785A0714D502E06378B0
S214029080580718D5BDF8464020460FF078FB411C1D
S21402909089B2204606F054F80378B8F1010F03F1BE
S2140290A0FF33037004D0BDF84600FEF78DFF09E0DB
S2140290B0BAF1050FD0D0BDF84600FEF785FFBAF12B
S2140290C0030FCDD00228CBD10021584617AA0FF0A5
S2140290D019F930B10379468003F03C0343F04003AC
S2140290E0037100232E4A00933946584612780EF032
S2140290F036FBB5E7B8F1010F7FF477AF0AF1FF331D
S2140291000C2B00F2868001A252F823F06D91020029
S2140291106D910200BD8F020083910200A5910200AC
S2140291202B880200C9910200D9910200E591020043
S214029130E59102002B880200FB91020007920200D2
S214029140B8F1010F71D0B9F1000F08D1BDF8460091
S214029150FEF7AEFFFFF769BBB8F1010FCED0237A58
S21402916003F00303012B7FF460ABEFE7AAF10203DF
S2140291705A422946BDF846005A410FF0CBF8FFF78F
S21402918054BB2A465846BDF84610FEF71FFCFFF7AA
S2140291904CBB00BF76620020AC4600206A6C002002
S2140291A08D6C0020691CBDF8460089B205F0DAFF16
S2140291B00235EDB20246BDF846305846009512A971
S2140291C006F0D4FDFFF731BB01200A9ABDF846101F
S2140291D0FDF71AFBFFF729BBBDF846000FF0A0F813
S2140291E0FFF723BBBDF84600FEF732FDFFF71DBBB7
S2140291F0BDF84600FEF72CFDA8E7BDF84600FEF7D0
S2140292000BFAFFF712BBBDF846000CF0BEF9FFF7EB
S2140292100CBB2B4622465046BDF846100CF08BF986
S21402922000287FF402AB51461BE50AF1FF330C2BF4
S2140292303FF6FBAA01A252F823F000BF6D9102008E
S2140292406D910200BD8F020083910200A59102007B
S2140292502B880200C9910200D9910200F191020006
S214029260F19102002B880200FB9102000792020095
S21402927010B5002111480DF007FC0446E8B10DF0C8
S2140292802BFB0F4B187020460DF02BFB0D4B187066
S21402929020460DF02CFB0C4B187020460DF02CFBD4
S2140292A00A4B1860012011F0F5FB2046FFF758FA2A
S2140292B0BDE81040002011F0EDBB10BDD05B0020D1
S2140292C01B6300201A63002019630020EC5600205E
S2140292D070B5144E044633680D46BBB10DF080FAE5
S2140292E00C2813D120460DF06BFB09220021044600
S2140292F010F0D2FF235C042B08D10B4C25B10B4B8C
S21402930022781B789A4203D300232370002070BD74
S2140293100748316811F06CF9237801200133237075
S214029320F5E700BFF05600201C6300208C6C00207E
S214029330306B0020014B93F901007047F25B00206E
S214029340014BB3F868007047E455002070B500245E
S2140293500D4D2C70EFF706FAE6B2B04208D800229E
S2140293600A4B1A700A4B198801B11A80012070BD87
S214029370304611F064FDC30748BF2B7804F10104A0
S21402938044BF01332B70E5E76E620020676200205F
S214029390A45B002038B50B4B05461B7873B101332E
S2140293A05C08094B188811F037F8002330F81320B0
S2140293B0AA4205D00133DAB2A242F7D3002038BD62
S2140293C00120FCE767620020A45B002030B505465A
S2140293D085B008460C4611F02EFDFF280CD00EF084
S2140293E0DBF8012200210346CDE901120092214654
S2140293F02A460720FCF7F6FB284611F01AFDFF283E
S21402940004460FD011F01BFDC2070DD5204611F001
S21402941016FD830708D40B4A32F8143043F48063EF
S21402942022F8143005B030BD0EF0B6F80122002145
S2140294300346CDE90112009207202A46FCF7D2FB2A
S214029440F0E700BFA05B00204FF6FA72431E9BB205
S214029450934270B504462AD8FFF79CFF38BB194BD7
S2140294601B78042B23D0204611F0D2FCFF2801D013
S214029470FBF7FEFC20460EF03DFF08B10EF034FF6F
S2140294802046114E03F0ACFE20460BF0F5FB317879
S2140294900E4D69B1288810F0BFFF054601461E2210
S2140294A00230F2F70BFA2C8033781E2B07D970BDE8
S2140294B0202011F025F828800028EBD1F7E70233A8
S2140294C03370F4E77662002067620020A45B002017
S2140294D0044A13782BB1013BDBB213700BB9024A74
S2140294E01380704767620020A45B00200148FAF7E9
S2140294F0D5B800BFA45B00202DE9F047804617468A
S2140295000D468CB061B903AE00211B4811F007FC72
S2140295104FF000090446DFF860A01CB920461DE0A3
S2140295200E46F1E70022214624233046CDF800906D
S21402953011F08AFC082241463046F2F7B9FCA8B977
S214029540337C9BB96FB945B92A4621460A480DF0C5
S214029550BAFA0A4A1388013B138001200CB0BDE810
S214029560F0873B88B28953405B06ECD521465046CD
S21402957011F0F9FB0446D0E7065C0020045C0020EC
S214029580024B1888003818BF01207047045C002080
S2140295902DE9F04330488DB0FAF770FB11F076FAF9
S2140295A02E4D2B68C41A4FF47A73B4FBF3F4A4B2AC
S2140295B014B111F06BFA2860294F4FF6FF763B88FC
S2140295C0DFF8A080ADF80A3000233B8000210DF1C1
S2140295D00A000DF059FA054658B9224B1B882BB1E2
S2140295E04FF47A711C48714311F002F80DB0BDE8D1
S2140295F0F0834FF0000924234A462946CDF800900E
S21402960003A811F021FCBDF81A30A34294BFDB1A5E
S2140296101B1B9BB2ADF81A3063B9BDF818301B0697
S21402962002D508980BF095FDB8F80030013BA8F873
S2140296300030CBE79E4228BF1E4601234A462946F3
S214029640009303A8242311F0FFFB4A462946384616
S21402965011F06BFBBAE700BF90470020F8560020D7
S214029660065C0020045C0020F0B504462E4A8DB04D
S2140296701068516801AB03C3A378012B4FD11622A1
S21402968000210DF11A00F2F7C7F8D4F82110D4F829
S2140296901D0003AB03C32388190644BF6268089201
S2140296A0DA050BD5221D08AE04F1140735461068FC
S2140296B05168083203C5BA422E46F7D1ADF81830C3
S2140296C013F0040318BFA3690593EFF763F80023AA
S2140296D0ADF81A00082201A903A88DF81C30F2F78B
S2140296E0E7FB18B106A903A80EF0F1F9002224211F
S2140296F003A80DF080F9044698B10020FFF748FF52
S21402970000222146094811F010FB094A002013885E
S21402971001331380FFF73CFF00200DB0F0BD02209E
S214029720FBE71920F9E700BFD6D50300065C002048
S214029730045C0020F7B5044600200E46FFF728FF1B
S214029740104B1B88A34202D8212003B0F0BD002193
S2140297500D4811F0E4FA002501460B4F0029F3D01C
S214029760A54208D10024242322463046009411F054
S2140297706BFB2046E9E7384611F0F5FA013501465B
S214029780ECE700BF045C0020065C00200148F9F705
S21402979085BF00BF065C0020014B1888704700BFDB
S2140297A0045C002070B50C4611460E4A23781278E7
S2140297B0064613F0200542EA0302227018BF611D16
S2140297C00822F2F77BF8002D0CBF05200D20D4F8F6
S2140297D00130B3602378337303F01803082B08BFF5
S2140297E0013070BD71620020042307B501200DEB25
S2140297F00301054AFAF7BCFA019B044A1B031360ED
S21402980003B05DF804FB00BF63E511005448002076
S21402981010B5064C2368C3F30B0313B90448E3F7E9
S21402982033FC2068431C236010BD00BF5448002050
S21402983063E51100014B1868704700BF54480020CA
S21402984007B50020054B064A186004230DEB0301FA
S2140298500190FAF78DFA03B05DF804FB5448002035
S21402986063E511007FB511230A4A012001A9FAF720
S2140298707FFA094B9DF814201A70084B1B780BB11F
S214029880052B05D10BF0C4F9012007B05DF804FBE7
S2140298900020FAE779EB0100706200207162002076
S2140298A02DE9F04F0646CBB08846008801211746C0
S2140298B010F0EAFD2E4B3A463188ADF8160006A89F
S2140298C00EF0A4F90DF1280B5A464146C419308809
S2140298D00EF026F9E4B208EB0003A34208BF0446E2
S2140298E005464FF004091CBFA4EB0804E4B2234665
S2140298F05A460121CDE900090BEB050ACDF808B05E
S2140299002D1B06A8EFF776FBEDB20BEB04030093D4
S214029910019523465A46414630880EF02FF9348880
S2140299203946204605F01EFC394600F0F80220466D
S21402993005F02CFC0121308810F0A6FD01234A46D2
S214029940514680B10DF11600FAF7ECF801210446F3
S214029950BDF81620308810F0ABFDB4FA84F040094A
S2140299604BB0BDE8F08F3046FAF7DCF80446F4E771
S214029970F86200202DE9F04FC9B0044688469246A8
S214029980C118224A04A81F46FFF70CFF4FF004092D
S214029990C519EDB208AB0293A5EB0A0BA8EB0A03B6
S2140299A05FFA8BFBA8EB0506DBB2F6B204EB0A0203
S2140299B0009301215B46CDF8049004A8EFF71AFB4A
S2140299C006F590730DEB03025A44A2F580721368F3
S2140299D008A844F80830E35D324623F00703E3554F
S2140299E02C442146F2F7A8F808ABCDE9019308AA61
S2140299F000230121009604A8EFF7FCFA324620461F
S214029A0008A9F2F799F849B0BDE8F08FF86200208D
S214029A10F8B506460EF0C7FF811C054689B23046E9
S214029A200EF0BEFEF0B1EDB12946304605F09AFBC7
S214029A301228074616D80C4B691C1C5C89B23046A5
S214029A4005F090FB2C44052FE4B205D1052809D871
S214029A50064B1B5C1C44E4B221463046BDE8F84087
S214029A600EF09EBE0020F8BD2A9A0400249A040036
S214029A70F8B505460EF0C1FE044628460CF0A0FFD7
S214029A80A11C074689B228460EF08AFE00283ED060
S214029A90002C3CD02146284605F064FB0646611C95
S214029AA0284689B205F05EFB0F2E30D8194B9B5D17
S214029AB0E118731E89B2092B0ED8DFE803F00905F8
S214029AC00D0D120D0D181E1EC40644BF083189B2B4
S214029AD0820601D5083189B22846BDE8F8400EF064
S214029AE05FBE7B78DB0612D501EB4001F3E700F0A0
S214029AF01F0000EB40000144EDE71F2805D8092EA1
S214029B000ABF4000022080B2F5E7C828E4D0002051
S214029B10F8BD00BF3D9A0400F8B506460CF050FFAB
S214029B2009220021054610F0B7FB00F11004284672
S214029B3011F091F8E4B207462146304605F012FBD2
S214029B400546304610F084FCBA05A0EB0403DBB2EF
S214029B500AD47C2D0AD0082D0AD8064A505D9842AF
S214029B608CBF00200120F8BD1220F8E70320F6E79C
S214029B70FF20F4E74E9A0400014B1878704700BFA6
S214029B808E6C002038B5114B04461B7808469BB9EC
S214029B90012038BDA24205F101050FD103EBC10336
S214029BA05B6898470028F3D11E2022464FF6FF71C5
S214029BB011F01AF80020ECE70025054BE9B213F87D
S214029BC03120002AE6D11446EEE700BF8E6C002054
S214029BD0F49904004FF6FF7307B502220DF1060151
S214029BE00348ADF80630E3F78BFA03B05DF804FBE2
S214029BF0603202E0002307B5ADF80430134B9842FA
S214029C0021D10B88DA0703D5232003B05DF804FBC5
S214029C109B0748BF4FF47F434FF002020C480DF1FA
S214029C20060148BFADF80430E3F73EFA4FF6FF737D
S214029C30BDF806209A42E7D10222054801A9E3F7B9
S214029C405FFA0020E1E72120DFE700BF1FD1BACA92
S214029C50603202E0002313B50222038004460DF1AF
S214029C6006010F48E3F720FA2D2801D0112805D166
S214029C704FF6FF73ADF80630FFF7ACFF9DF80630DF
S214029C80BDF806201BB1238843F001032380002081
S214029C90FF2A82BF238843F00203238002B010BD4E
S214029CA0603202E0034B1B78002B14BF4420562080
S214029CB00E307047716200202DE9F04F8DB0179C70
S214029CC006468946CDE90223BDF85870D588ADF818
S214029CD016103CB9EC0605D500970BF0CAF80DB085
S214029CE0BDE8F08FC5F380242B054FEA043448BF45
S214029CF044F40064A80511D544F080040A2E00F24C
S214029D006981DFE816F09A002F0017003700670116
S214029D106701370010009A0037009E00E90548BF29
S214029D2044F04004EAE74FF001084FF0020B4FF010
S214029D30000A14E008A95FFA89F00EF0A3F9DDF82C
S214029D402500DDF8291006AB03C3A44B33F81930FF
S214029D50ADF816304FF00008C3460DF1180A002F72
S214029D605DD125E006AA0DF116015FFA89F003F02F
S214029D7017FAEFE74FF6F773994540F22B8115F481
S214029D80026F40F02781964B1B78022B03D0043BD0
S214029D90012B00F2218147BB032E4FF001080CBFB6
S214029DA04FF00C0B4FF0080BBA4624F4C074A4B262
S214029DB08C4B18884FF6FF73984206D08A49FAF7FA
S214029DC067FB10B124F48054A4B2039B3846009378
S214029DD0BDF81620534644F4027105F0EBF9ADF8CF
S214029DE02000002838D1192079E7384610F030FBD9
S214029DF00246FFF757FF032E08BF0138824201DDF5
S214029E0038206CE7032E4FF001080CBF4FF00C0B06
S214029E104FF0080B4FF0000A24F4C074A4B2029B61
S214029E201B889BB91A4639460620009308F0AFFEF7
S214029E300028BDD140F6014051E74FF00008C34666
S214029E4075E74FF001084FF0030B70E70023394621
S214029E501A4607200093E9E74FF6FF73614A118816
S214029E6099421CD00CF0ACFD03465E4A04301188C1
S214029E70039310F0F2FE5D49039B097814F4805FA9
S214029E80D9715949574A1FBF086898604868D86010
S214029E904FF6FF7313804FF0FF330B604B6059464B
S214029EA0029A08A805F03AFA00289CD0504C23786B
S214029EB0002B3CD1A7B1384610F0CAFA0746BDF8C7
S214029EC0200010F0C5FA23780744002B14BF122294
S214029ED00022EB1003F0040317443B44842B8FDC70
S214029EE015F400570AD0BDF8204020460CF06EFC50
S214029EF040F4806189B220460CF053FCA6F10803B8
S214029F00012B05D801221021BDF820000CF04FFCD1
S214029F10179BBDF8204043B32046BDF816100CF040
S214029F2099FCBDF82030179A00201380D7E6AA06BF
S214029F30C0D56B0103F020030A2E14BF43F00103C1
S214029F4063F07E03DBB2B8F1000F08D00021524660
S214029F50009108A800F082FE0028ABD0BFE61A46A1
S214029F60514608A80DF07DFFF6E720460EF045FCA8
S214029F70179B024621460420009308F008FE00289C
S214029F803FF458AF0A2E18D84FF4D963F340DB07D4
S214029F9013D5072E0AD00A2E08D0BDF820000DF0E1
S214029FA020FA80F00100C0B2800098E608A80BF004
S214029FB0CFFA0028F1D0042091E617B125F040052B
S214029FC0ADB22B463146BDF820005FFA89F201F0A9
S214029FD07DFE84E6012082E6162080E6D45A002022
S214029FE075620020146C00208F6C0020286300200D
S214029FF071620020F7B50F469DF828100446DDE989
S21402A0000B061D46F1B94FF6FF739C421CBF174B59
S21402A0101C804FF000041CBF154B1A70BDF82400BC
S21402A02005F012FA00232A46CDE9004339460620F7
S21402A0309DF82030FFF740FE10B90EB1AB7A3370B0
S21402A04003B0F0BD78B14FF6FF739C421FBF074BBB
S21402A0501C80074B1A7000220CF0CDFC0446002828
S21402A060DCD11920ECE72120EAE700BF146C0020BF
S21402A070286300202DE9F04788469DF828100746F9
S21402A08016461D469DF820A0BDF824900B9839B1BF
S21402A09058B300220CF0AFFC044610B9192025E094
S21402A0A00C464FF6FF739D421FBF114B1D80114B8E
S21402A0B083F800A04FF6F7739E4208D80E4B4FF671
S21402A0C0FD761A784FF6FF73002A18BF1E464846DA
S21402A0D005F0BAF900233A46CDE90843314643462D
S21402A0E0BDE8F0470320FFF7E7BD2120BDE8F08773
S21402A0F0146C002028630020326200202DE9F0470D
S21402A10086B09DF838600546DDE90FA80C4617466E
S21402A1109946B6BB374B1B78022B1DD125BB4FF693
S21402A120F7739C4214D80026484605F08DF90023A2
S21402A1303A46CDE900632146FF232846FFF7BCFDD9
S21402A14038B9B8F1000F04D0BB7A88F8003000E0C6
S21402A150012006B0BDE8F087043B012BDED9084695
S21402A1600BF0F3F910B31DB3022D31D1EEF7F4FA6A
S21402A170A042EDD9204B33F814204FF6FD739A42D5
S21402A18019E0BAF1000F32D01A4B1B78022B05D118
S21402A190FFF788FDB042E6D23820DAE7043B012B0F
S21402A1A0F6D908460BF0D1F90028F1D11620D0E7EF
S21402A1B04FF6F7739C42CBD8002EB4D0314600221D
S21402A1C050460CF018FC06460028ADD11920C0E710
S21402A1D0012DBDD104AA0DF10E01E0B202F0E0FF9E
S21402A1E0064B1B78A342B3D9BDF80E20C5E7212043
S21402A1F0AFE700BF75620020D45A0020606C0020D2
S21402A20030B5104B87B005460C461868596803AA45
S21402A21003C298680C4910609A88DB8852BA23F009
S21402A2204003ADF812300023CDE90043ADF810200C
S21402A230FF23098803AA0720ADF80E50FFF73CFD5E
S21402A24007B030BD125C00201E5C002038B50C46FC
S21402A2501146124A124D108022682A6062686A60AD
S21402A260A268AA60E288500616D5EA88520613D576
S21402A27061B1002218460CF0BEFB014650B1608860
S21402A280FFF7BEFF0522074B1A7038BD08460EF0D0
S21402A290F5F9F2E71920F5E70220F6E71E5C002042
S21402A2A0125C0020386300202DE9F04F074689B083
S21402A2B0104615461C468A460EF09FFA0146284668
S21402A2C004F050FF064628460CF07AFB043010F0E5
S21402A2D0C2FC80460CF005FD804550D0B2074ED138
S21402A2E0DFF8AC80284605A9B8F800B00EF06CFB83
S21402A2F09DF81930A8F8007003BBBDF81430EBB90E
S21402A30028460CF05DFB023010F0A5FC4FF6F77302
S21402A310984294BF4FF000094FF00109012301341F
S21402A320E4B22A463846CDF8009005A9039303F016
S21402A33001FC039B40B901339C421ED20020A8F8C0
S21402A34000B009B0BDE8F08F022CF8D1012BF6D18F
S21402A3500C4A0D4BA3F800A01378591C11700B4A37
S21402A3607F3B16F00C01137007D1BDF81A305B065E
S21402A37003D5BDF81600FFF743FF0223D1E70020FE
S21402A380DFE700BF73620020146C00202863002001
S21402A3901E5C00202DE9F04FABB00F46ADF81E0054
S21402A3A00CF00EFB00F1020A0646504610F053FC73
S21402A3B0BDF81E40054620460EF01FFA014620460E
S21402A3C004F0D0FE814600F00308301D10F043FC76
S21402A3D0414C20800CF085FCA8422DD04FF6F77336
S21402A3E09D4229D87378DA0726D428460DF0BFFF97
S21402A3F030B101232946BDF81E202088FFF754FFFE
S21402A4000CF06FFC344B1B8883420FD1BDF81E4004
S21402A41020460EF0F2F90146204604F0A3FE10F0A4
S21402A4200C0103D1BDF81E0001F00EFD00222B4BDD
S21402A4301A602BB0BDE8F08F2949BDF81E000EF059
S21402A440C3FA2849BDF81E000EF021FA0028254B53
S21402A45008BF0023214ABDF81E0013600CF03CFA28
S21402A460214B1870BDF81E000CF03BFA1F4B1870FB
S21402A470BDF81E000CF040FA1D4B186000238DF844
S21402A4802230002F3AD0164BDB889B0636D5194B66
S21402A4901B689D071ED4B8F1010F14BF08231823AA
S21402A4A00DF12202009200220DF11E00114600F06C
S21402A4B0D5FB18B3B8F1010FA2D10F4B1B78112BA5
S21402A4C09ED10DF06DFD00289AD140F61D40FBF797
S21402A4D00FFB95E70823E3E71E5C002000570020E9
S21402A4E0125C0020206300201B6300201A630020F9
S21402A4F0EC5600206448002075620020504610F09A
S21402A500AAFB8246BDF81E000FF0A2FFA0F11005BE
S21402A510EDB22A4631460AA8F1F70EFBFF238DF864
S21402A5202F304FF6F7739A4540F2DF80B8F1010FED
S21402A53000F0E780B8F1020F00F04681B8F1000F94
S21402A5407FF45EAFA44DBDF81E00EB88ADF8240084
S21402A55004930CF035FABDF82460074630460EF038
S21402A5604CF90146304604F0FDFD8DF82300B81C78
S21402A5707E7810F070FB07460CF0B3FB06F001067F
S21402A580B4F8009003906C88002E7FF439AF4FF633
S21402A590F77A4246494657458CBF0620082010F0F7
S21402A5A023FBBDF824B058460EF027F9594602465A
S21402A5B043460420CDF8008008F0C6FA5745834685
S21402A5C00AD8B5F90620EB88002A05DB580603D51B
S21402A5D041462046FFF714FEBBF1000F3FF410AFD2
S21402A5E02B88002B5AD16B79002B57D14FF6F77375
S21402A5F00DF126019F42BDF8240094BF4FF0000BD8
S21402A6004FF0010B0DF09DFDDFF8D8A100F1FF38E9
S21402A610BAF800301FFA88F10593EB88BDF82600D9
S21402A620069304F09FFD069B049901900093224630
S21402A6305B460598C1F340110AF094FF00283FF4E8
S21402A640DFAE042306200093BDF82610624B5FFAA5
S21402A65088F208F079FA00283FF4D2AE48F20203F4
S21402A6606A889A4205D1BDF82410BAF8000000F0B4
S21402A67025FF594D09AA29460DF123000AF070FF5D
S21402A680034600287FF4BCAE2104BAF80000BDF8E9
S21402A690242060D5234629460DF068FD9DF8233018
S21402A6A04D4D03F00C030C2B75D128890DF029FDB6
S21402A6B000283FF4A5AE039B002029894B4514BF12
S21402A6C00226032602F044FC444B18704FF6F7733A
S21402A6D09F42BDF8240075D8A4F138025342534174
S21402A6E032463D4904F036F88AE6B8F1020F6BD0DE
S21402A6F0394BB3F90630002B26DAB8F1010F7FF496
S21402A7001DAF0CF0EEFA238883423FF479AE0520A3
S21402A710BDF81E10FFF736FA00283FF471AE2E4A37
S21402A720D3885B0607D50023CDE900330A20FF2332
S21402A7302188FFF7C1FA3A469DF822302188BDF8F3
S21402A7401E0002F01DF85BE629460AA800F070F823
S21402A7500028D2D054E60221DFF88C8088F8001058
S21402A7602946CDF800B003F0E5F9132C96D0EB8815
S21402A7705D0493D41A4B1B78D80703D598F80020AB
S21402A780022A8BD099077FF53BAE98F80030012B52
S21402A7907FF436AE82E700222B79124800936B795B
S21402A7A01146008802F0FCFB0C4B18709DF8233013
S21402A7B003F00C03082B89D1039B4B4514BF0426D8
S21402A7C0052683E701238BE74846BDF81E2002498B
S21402A7D001F0AEFA14E600BF125C002037630020D8
S21402A7E0366200201E5C00202963002010B500217E
S21402A7F008480CF049F9044650B101460420FFF718
S21402A800C1F928B12046BDE810400121FFF7C2BDBC
S21402A81010BD00BF025C0020034BFF211A780348DC
S21402A8209200F0F7F9BF00BF616C00201C450020C3
S21402A83070B5451804464FF0FF31AC4212D1104BAA
S21402A84010481A7805460023934211DB0E4C2078F6
S21402A850431CB3FBF2F602FB163345F820102370B6
S21402A86000200CE014F8010BE1F79EFD0146E4E738
S21402A87050F8044BA14201D00133E5E7012070BD38
S21402A880616C00201C4500202A630020042307B5C3
S21402A89001200DEB0301054AF9F76AFA019B044A07
S21402A8A01B03136003B05DF804FB00BF23E1110035
S21402A8B0FC560020014B1868704700BFFC5600206B
S21402A8C0014B1868704700BFFC56002010B5064CB6
S21402A8D02368C3F30B0313B90448E2F7D5FB2068D9
S21402A8E0431C236010BD00BFFC56002023E111006C
S21402A8F02DE9F04F93B003930023DDE91C7906930C
S21402A90099F8003083460DA804930E4615460AF0C1
S21402A910B7FA99F8003013F003043ED0039B0DF10A
S21402A920250A8DF824300022082138460CF067F9F3
S21402A930002870D028880CF043F899F800301C07DD
S21402A9404CBF0430023010F086F907A98046F9F7AA
S21402A9509FFB9DF824300446980633D5288806F1D6
S21402A9600D010DF01DFFA8B1002300933846082301
S21402A9702988721D10F068FA99F8003003F018035F
S21402A980182B4AD1B8F1000F47D0A94BB3F868305C
S21402A990434542D040F60A4327E02888711D0DF051
S21402A9A0FFFE0028F6D0009405233246298809A81F
S21402A9B010F04AFA9DF824300DF1240A03F0180329
S21402A9C00393B0E714BB39464046F9F761FD002809
S21402A9D0D2D099F800309907DCD04023224621468F
S21402A9E040460DF06AFC40F6094399F8002012F042
S21402A9F0030440F0F780288803930BF044FF2246B6
S21402AA0001461A2010F0F0F8039BEBE007AB03CBED
S21402AA1038607960B0E74FF6FF780AF086FD0446A4
S21402AA2020B104213846F9F74FFB04461E9B002B43
S21402AA305AD009231E990DA88DF834300AF09AFBD5
S21402AA40209B0BB1209B0693039B002B40F08E802D
S21402AA500DA8EEF731FB99F800309A0700F09880BF
S21402AA60FFF734FF5146024601200AF0A8FD99F886
S21402AA7000309B0710D5594628880DF06BFF0BF166
S21402AA80090350FA83F35FFA83FB594628880DF0D0
S21402AA9038FF00EB0B06F6B299F8003013F0C20F3F
S21402AAA00AF104030DD09DF82420624942F02002E8
S21402AAB08DF824200A68CAF804204A685A600AF107
S21402AAC00C03012209A800921B1A324629889BB25F
S21402AAD010F0BAF9324659462846FEF7E1FE00283B
S21402AAE000F0A48000237DE01F9B5BB19E460DF123
S21402AAF0340CBEE80F00ACE80F00DEF80030CCF8ED
S21402AB0000309DE7049B594603F0200328880493EF
S21402AB1004F028FB10F0030F0CBF0123002305935B
S21402AB20049B059A003B18BF012342EA43030093A5
S21402AB300DAA06AB38461F9900F0FEFA049A0346A1
S21402AB4082B1002880D0059B0DAA0093384606AB3A
S21402AB501F9900F0F1FA034699F8002022F020022D
S21402AB6089F80020002B3FF46FAF3EE7039B102BC3
S21402AB7006D1BDF8363043F00103ADF8363067E74C
S21402AB80039B182B4FD1BDF8363043F00203F4E78F
S21402AB9001200DF125010AF020FD99F800308246C9
S21402ABA013F0040F288821D1069B1BB3002C35D046
S21402ABB00BF069FE00220146162010F015F884B14B
S21402ABC07FB14FF6FF7398450BD000230DA91A46A6
S21402ABD038460AF0E0FB394640469DF835200AF032
S21402ABE0BAFC0123184613B0BDE8F08F002CDFD163
S21402ABF0104F01E0002CDBD1002332460093594669
S21402AC003B460DF02EF800283FF4C4AE002C3FF46D
S21402AC1069AF069A0AF10103136063E71B6853459E
S21402AC20C6D80124E8E740F60A43DBE71923D9E74A
S21402AC30E4550020F8620020002307B5054A0648BE
S21402AC40136004220DEB02010193E2F759FA03B0F6
S21402AC505DF804FBFC56002023E111002DE9F04FBD
S21402AC600446B1B000888DF82F3016468A460DF09D
S21402AC70C4FD0146814620880DF043FE00EB09081C
S21402AC8020880DF090FE00239DF82F505FFA88F87A
S21402AC9015F001070790ADF8363008D101460DF1E0
S21402ACA0360220880DF036FD08B1ADF8367016B9BA
S21402ACB0CDE90E660EAEFEF763FC18B145F0200530
S21402ACC08DF82F500023CDE9033302930DF12F03A5
S21402ACD0CDE900632246534641464846FFF708FE42
S21402ACE00546002800F043819DF82F3013F0010737
S21402ACF046D1B44A23F02003106851688DF82F30ED
S21402AD0010AB03C3184600F0FBF90546FEF744FDF8
S21402AD10BBB2984200F2B7803A9B13B100233A9A2C
S21402AD201370BDF83630CBB1012120880FF0ACFB92
S21402AD3027880546002800F04F81012138460FF08B
S21402AD40A3FBBDF83670054638460FF081FB00239C
S21402AD5000903A46194628460DF05FFC0023CDE9DE
S21402AD60033302930DF12F03CDE9006322465346C7
S21402AD7041464846FFF7BCFD0546002800F0F7802E
S21402AD809DF82F3003F01103102B40F003818E4BF9
S21402AD901B78432B40F0FE808C4B1B685B0640F111
S21402ADA0F980208808F105010DF0FAFC8346002898
S21402ADB000F0F0804146208804F0D4F9844B10F06D
S21402ADC0200F08BF1E4612A800F09AF90822314644
S21402ADD012A8F1F76DF8002800F00E81314612A88D
S21402ADE00AF082FB012326AE00933246002314A902
S21402ADF012A800F0A1F9002840F0CC8012AB0DF1A9
S21402AE002F07CDE90360029000932246534641463F
S21402AE1048460197FFF76CFD002800F0EF80BDF86A
S21402AE209A30102043F0080318AA14A9ADF89A30F5
S21402AE300CF0EEFD002840F0AD8012ABCDE90360C9
S21402AE40CDE9017000932246534641464846FFF735
S21402AE504FFD0546002840F09D8018AB4FF49071D8
S21402AE60002012AA00F0D4F84FF0005100200DF096
S21402AE704CF8BBF1000F00F08C804FF080510020A0
S21402AE800DF043F885E018AB14AA26A9F8B20AF02A
S21402AE90D7FA002840F09480082210A927A8F1F7D4
S21402AEA007F88346ADB19DF8A53013F0020F08935C
S21402AEB00FD0082212A927A8F0F7FAFF48B9089B74
S21402AEC0590706D53A9B13B101233A9A137008958F
S21402AED007E03A9B002B61D1BBF1000F70D1002333
S21402AEE008930DF1740C14AB0FCB8CE80F00BDF871
S21402AEF03630CBB1012120880FF0C6FAB4F800B084
S21402AF0000284FD0012158460FF0BEFABDF8362071
S21402AF108346104609920FF09BFA00231946099AB7
S21402AF20009058460DF079FB2A4B0DF1740B0493F2
S21402AF30002303930DF12F03CDE900632246534607
S21402AF4041464846CDF808B0FFF7D2FC002837D174
S21402AF50002D33D012AA5B464FF482714FF4005094
S21402AF6000F056F8089B13B126A80AF084F8174B8F
S21402AF701B689A070DD4FEF703FB50B1114A18ABB3
S21402AF801068516803C3002226A918A80CF063FDB6
S21402AF9068BB0025284631B0BDE8F08F00233A9AF8
S21402AFA0137099E7BDF836200A90104609920FF002
S21402AFB04FFADDE9092307990090B2E72A46CAE765
S21402AFC00137A3E6D6D50300756200206448002048
S21402AFD04E56002060480020BDF836B058460FF0A6
S21402AFE037FA2B4600905A4638460799B4E626A901
S21402AFF018A80CF06CFDC6E78346F3E614AB2DE703
S21402B00001461A230120014AF8F7B2BE24E10100E4
S21402B010F0B5164691B0074609A80D461C46FFF73E
S21402B020EFFF3EB1336845F04005CDF82630736831
S21402B030CDF82A301B4B1A6822EA070242EA0501BB
S21402B04019604B040DD5BDF824200B0A03F4E24325
S21402B050C9B222F4E3420B4322F07F021343ADF857
S21402B06024301A230020104A09A9F8F781FEB4B149
S21402B07004A809F005FF02236A468DF8103015462B
S21402B080234604F11006144618685968083303C4A8
S21402B090B3422246F7D1294604A80AF06BF811B04B
S21402B0A0F0BD00BF6448002024E1010047F2FF1013
S21402B0B0044B196841F48042014041F480411A6011
S21402B0C00CF023BF6448002000B589B0FEF7CAFB27
S21402B0D001A8FFF795FF0948BDF80420016813028E
S21402B0E021F0FF0103F4E2030B43D2B2134343F40D
S21402B0F08043036009B05DF804FB00BF644800208B
S21402B10010B50C4B0446186888B0830706D54FF076
S21402B110FF3323600120636008B010BD10F04000CA
S21402B120FAD001A8FFF76CFFDDF806302360DDF8E1
S21402B1300A30EFE7644800202DE9F04F99B08146C7
S21402B1400C461E4617469DF88880A2B1154628462C
S21402B15009F096FE18F0020B0FD004B911AC6B463C
S21402B1602246294648460AF049F90EB100233360C2
S21402B17019B0BDE8F08F0CADE9E76B4629464846A4
S21402B18004AA0AF008F96B7808F00108FF2B25D00C
S21402B19000287AD154B104AB08AF1A4603CABA42A1
S21402B1A020606160134604F10804F6D126B16A787D
S21402B1B0374B03EB82033360B8F1000F01D1002056
S21402B1C0D6E7BDF80030D906F9D418204FF6FF713D
S21402B1D06A780FF009FD40F60E40C9E7DFF8B8A01E
S21402B1E0DAF800302EB19A0756BF2A4AC6F800B0DF
S21402B1F0326003F03003102B01D0202B1ED111A891
S21402B200FFF7FEFE082248460DF14601F0F750FE13
S21402B21028B1DAF8003003F04403402B0ED0B8F120
S21402B220000F0ED108A80CF074FE02232B70C4B9CE
S21402B230002FC4D0281DFFF763FFC0E740F60A4080
S21402B24096E7DAF80030DB03ECD508A80CF061FECE
S21402B25002232B70BCB9002FB7D0281DFFF750FF72
S21402B260B3E7002608AB0CAF1A4603CABA42206000
S21402B2706160134604F10804F6D1281DFFF740FF6B
S21402B280002E9CD0A1E70126ECE72D2070E700BF38
S21402B29078440020604800206448002049B9084BE2
S21402B2A0197849B14EF66023594328B105480FF084
S21402B2B09FB941F28831F8E70248F8F7DFBC00BFD1
S21402B2C034620020B047002070B586B00546F8F715
S21402B2D0C3FD10B9022006B070BD01A8FFF710FF2B
S21402B2E006460028F6D08DB92E4B1C6814F00204D0
S21402B2F006D02D4B1B78112BECD12C4BB3F86840A3
S21402B3004FF481630221ADF80C3023E02846F9F7AA
S21402B3102DF90028DED1234B1C6814F0020406D057
S21402B320214B1B78112BD5D1204BB3F8684008224D
S21402B330294601A8F0F7BCFD0028E1D04FF40273BD
S21402B34000260A21ADF80C302B68CDF80E306B685B
S21402B350CDF81230002203A80BF04DFB024608B9C6
S21402B3601920B8E70F4B196801F03003102B17D0DD
S21402B370202B14BF01230323490001F004010B43D1
S21402B3802046002100F0F4FF0028E9D00021012029
S21402B390FFF784FF16B10122054B1A7000209AE7C8
S21402B3A00323E9E76448002075620020E455002084
S21402B3B01F63002030B500251D4C85B0CDE9005531
S21402B3C0F8F75CFC23784BB31A491B480A780078D6
S21402B3D0904223D90132012B0A700ED12A464FF42D
S21402B3E0A071284602F0BEFAC0B2B8B941F288315E
S21402B3F012480FF0FDF805B030BD022B09D12846E1
S21402B40002A9F9F745F80028EED102A8FFF75CFF7B
S21402B410EAE7032B02D101F065F9E5E700210846C9
S21402B4202170FFF73BFF0421684609F097FCE2E72C
S21402B4302B6300202C630020976C0020B04700206E
S21402B44070B5194A194D04465168106886B02E78B0
S21402B45001AB03C31EB10224204606B070BDF8F746
S21402B46045FD0228F7D103A800F0E8FD082201A94D
S21402B4700DF10E00F0F71CFDA0B10D4B32464FF455
S21402B480A07130461C7002F06DFA04460028E3D123
S21402B4900123084A41F2883107482B7013700FF0D7
S21402B4A0A7F8D9E72324D7E7579A04002B6300208E
S21402B4B0976C00202C630020B0470020F0B50C46A5
S21402B4C000219BB02B4F0646492207A80691F0F7AB
S21402B4D0A3F93B78012B34D19EBB0DF10E01204619
S21402B4E00CF02FFE0546BDF80E000EF0B1FF441B11
S21402B4F0E4B2BDF80E1023462A46009606A80FF0C0
S21402B500A3FC304604A9F8F7C3FFD0B9CCB19DF826
S21402B5101920B2B9BDF8233003F47E43B3F5285F91
S21402B5201ED3B3F5385F0ED31349BDF80E000B6871
S21402B53043F400030B60294609F0F0FF18B1042318
S21402B5403B701BB0F0BD01220C4B04A81A70FFF72B
S21402B550BBFE41F288310A480FF04AF80223EFE7B1
S21402B56011463A70FFF79AFE1E2104A809F0F6FB70
S21402B570E7E700BF2B630020644800202C6300200E
S21402B580B0470020014B1870704700BF2C630020A4
S21402B590014B1878704700BF2B630020014B1870D0
S21402B5A0704700BF2B6300202DE9F04F0446408809
S21402B5B091B00E298846ADF81A0074D094F8089017
S21402B5C0A7790BF0FDF909A90546BDF81A00E67938
S21402B5D00DF0FAF9BDF81A000BF0F8F8430542BF71
S21402B5E0BDF82A3043F40053ADF82A30E379D80682
S21402B5F042BFBDF82A3043F48053ADF82A30BDF876
S21402B6002A30990613D5022F52D10CA9207A0CF0B3
S21402B61039FDDDF83500DDF8391007AB03C307AA9C
S21402B6200021042300910DF11A00FFF717FB0121F8
S21402B630BDF81A000EF028FF022F824644D1454B71
S21402B64033F81950B8F1000F79D0BDF82A305A06EF
S21402B65075D54FF6FB72954271D83F4AB2F868200C
S21402B660AA426CD0DB0502D528460CF051FEBDF886
S21402B6702A30D80463D5002F33D1BDF81A000BF058
S21402B680A5F8C10663D548F23403BDF826209A42CF
S21402B69009D1324E3078FF2805D003222946FCF71E
S21402B6A02BF9FF2333700023236011B0BDE8F08F1F
S21402B6B0012F01BF237A2A4A03EB430302EB8303DB
S21402B6C014BF00229A1CABE7012F05D10C2303FB03
S21402B6D009F3234AD55AB5E7A81C0FF0BCFA05466B
S21402B6E0B0E7284601F07CFDBDF81A000BF06EF8B4
S21402B6F0C206C8D46389504605930EF0A9FE834657
S21402B70050460EF089FE059B02905FFA8BF04A4681
S21402B710394601900093404609AB09F0B7FAB8F1F2
S21402B720000F14BF0B20092016F0030218BF02F107
S21402B730FF32294618BFD2B20FF056FAA3E7BDF879
S21402B7401A000BF043F8C3069DD4002FD2D1A946A7
S21402B750D0E700BFD45A0020E45500209B6C00209E
S21402B760145A002038B500240F4B104D2A78A242F6
S21402B77005D8C2B9BDE838400D48F8F77FBA5988EF
S21402B78069B9013AD2B2A2422A70EFD0121B184609
S21402B79003F110011201F0F791F80346E6E70134CF
S21402B7A01033E4B2E2E738BD7C4400202F63002069
S21402B7B0506B002070B51A4B1A4A1D780023DCB273
S21402B7C0A54200D870BD144666880133864202F14F
S21402B7D01002F4D1E379A588E16003F040028DB946
S21402B7E0CAB123F00403E3710BF0EAF8037803F01E
S21402B7F07F03037021880029E4D1BDE870400A481F
S21402B8000EF0F6BE00216580A180002AE9D1BDE8CF
S21402B8107040FFF7A7BF2046FFF7C6FEF7E700BF58
S21402B8202F6300207C440020506B00202DE9F04757
S21402B830044686B040880F4615460BF0C1F8A37939
S21402B8408046082B52D8DFE803F0052E18515151D6
S21402B8505151050002300FF0FEF9002D4ED0694618
S21402B860F8F716FE002841D1684601F063FDB0FAEB
S21402B87080F0400906B0BDE8F08702A9207A0CF0F5
S21402B88001FC6B466E46DDF80D00DDF81110334AFA
S21402B89003C3237A32F81390314AD05C75B131462D
S21402B8A00CF014FCE6E7237A2E4903EB430301EB84
S21402B8B0830231F82390907A961CEFE74FF6FB7AD4
S21402B8C0D14515D930460CF04BFD4FF6FF73984222
S21402B8D0054615D00146304601F09EFC554508D96E
S21402B8E0E379DA060ED440F62243E3600020C1E78D
S21402B8F04D46294608F102000FF0AFF90120B9E7DC
S21402B9004D46EDE74FF6FC78454512D103F00C03A1
S21402B9100C2B1CD1DFB130464FF6FD7101F07CFCDA
S21402B92040F61F412046E160FFF73EFEFFF71AFF92
S21402B930DCE74FF6FD739D4209D1002330461946D7
S21402B9401A4602F0DBF84146304601F065FCE37920
S21402B95043F00C03E37140F62343C6E7D45A0020B3
S21402B9603B620020145A002073B5044640880E46F7
S21402B9700BF026F802300FF06EF909F0E6FD18B16A
S21402B980A11C201D09F0E6FDE6B1E5790135EDB210
S21402B990E57115F0400514D0ECF7D8FE01220546F5
S21402B9A000212046FFF742FF18B1394B1B882B4473
S21402B9B09DB2384B1B78042B01BF354B1B885B1995
S21402B9C09DB22580002231462046FFF72FFF20B386
S21402B9D060880AF0F5FFE2792F4922F00C03E37142
S21402B9E00B7805460133DBB20B70C3712B4BA61CDA
S21402B9F01B780BB3E37998061ED52949097871B1ED
S21402BA0059060CD592070AD5002204231146304661
S21402BA100092FFF723F910B1E06002B070BD002279
S21402BA200123114630460092FFF718F920B1E37958
S21402BA3043F00303E371EFE7304609F089FD00287F
S21402BA40EAD16088FCF7C0FA0328E6D8DFE800F0FF
S21402BA50020D1D19E37943F00403E3711B06DCD5DE
S21402BA60104B1A78104B1A70D7E740F62443E3605F
S21402BA70E37943F00803E3712B7803F07F032B701E
S21402BA80CBE740F62543E360C7E740F62643FAE7EE
S21402BA90EE6B002076620020736200207162002046
S21402BAA0986C0020396200202E6300202DE9F74FA3
S21402BAB006460EF0E6FF5F4B0546B3F80090188088
S21402BAC05D4BA0EB09041B78A4B2A34298BF0023E7
S21402BAD04FF000084FF6FF7788BF1B1B564A88BFF9
S21402BAE0DBB21370DFF864B1A9EB00030093534B8B
S21402BAF05FFA88F2197891420ED80EB1FFF732FE3D
S21402BB004FF6FF739F4200F08E8039464C4803B0D2
S21402BB10BDE8F04F0EF06CBDBBF80220002A3CD008
S21402BB20484B9BF807201878BBF800A0042818D0CA
S21402BB300020BAF1000F08BFA2462044504523D287
S21402BB40BBF80010009B1944ABF80010002E4ED034
S21402BB5002F04802482A4AD100215846FFF704FF5D
S21402BB6045E00192F8F704FC30F01003019ADFD1A9
S21402BB70FBF746FC344B019AB3F800C08445D7D98C
S21402BB80ACEB000080B2D4E702F00C00042807D128
S21402BB900022ABF800200BF1100B08F10108A6E713
S21402BBA0510602F0030C02F008000ED528B3BCF1D1
S21402BBB0030F25D1DEB1DBF80C105846002908BF6A
S21402BBC04FF44261FFF7F0FC11E040B3BCF1010F05
S21402BBD025D11206EED44FF4C862ABF800209BF8CB
S21402BBE0072022F0030242F002028BF80720BBF87D
S21402BBF00020974228BF1746CDE703208445D9D2B6
S21402BC0013060ED50C4B1A780AEB0200844208DAA9
S21402BC104A44521B0AEB0201ABF80010E7E7012088
S21402BC20ECE7012199E7064803B0BDE8F04FF8F7C4
S21402BC3025B800BF085C00202E6300202F6300207A
S21402BC40506B002076620020EE6B00207C440020C1
S21402BC50F8B500250A4E0B4F3378ECB2A34204D84F
S21402BC60BDE8F8400848F7F719BD07EB0414A01C16
S21402BC70F7F714FD201DF7F711FD0135ECE700BFBD
S21402BC802F6300207C440020FE5B002070B5002459
S21402BC900B4D0C4E2B78A34208D81B1BDBB22B7025
S21402BCA06BB9BDE870400848F7F7E8BF06EB04102A
S21402BCB040F621410134FFF777FCE4B2EAE770BDB3
S21402BCC02F6300207C440020506B0020F8B5154EF0
S21402BCD0DFF858E035789EF800E0134FAE454FEA9D
S21402BCE0051C07EB051419D0002503F4835343EA19
S21402BCF01323A1712272E371608027F80C50A5808D
S21402BD0003F0A8FB40F60243E36033786081013318
S21402BD1028463370FFF7CAFE2846F8BD40F60340B1
S21402BD20FBE700BF2F6300207C4400205F6C0020EE
S21402BD302DE9F04F344B0D461C78174685B05CB99A
S21402BD40B1F90680DFF8C890DFF8C8A0DFF8C8B0FF
S21402BD5099F80030A34202D805B0BDE8F08F0AEB8E
S21402BD600416B08800B9708801A90CF02DFEAA7AD4
S21402BD709DF80E309A4244D1B8F1000F0FDA297AB4
S21402BD809DF80C202B89914209D820480078084457
S21402BD90824236DA521A1B0A1341D90731D538467F
S21402BDA00CF001FEBDF80A3004469A0602D5EB886E
S21402BDB09B06D1D5F37903F00C03042B08D17088C7
S21402BDC0F9F786FD00237288194618460CF0C2FA67
S21402BDD000213046FFF7E8FBFFF7C4FC38460EF0BA
S21402BDE037FB844208D2337A01228BF80030294688
S21402BDF00023384602F0AEFCB8F1000FACDA00249D
S21402BE00A6E70134E4B2A3E72D6300205E6C0020AF
S21402BE102F6300207C4400203763002008B50EF014
S21402BE2030FE074B1B88C01A80B2B0F5807F05D95A
S21402BE30BDE80840002103480EF0DABB08BD00BF8B
S21402BE40085C0020506B00202DE9F04788B00446BD
S21402BE500D460CF0D2FC0146204603F083F910F0A2
S21402BE6003035FD110F00C0F06D12946204608B016
S21402BE70BDE8F047FFF79EBC20460AF0A7FCC306C3
S21402BE8038D420460CF0B9FC0146204603F06AF985
S21402BE90064620460AF094FD804602300EF0DBFE8F
S21402BEA005A9074620460CF08FFD06F00C0698F80A
S21402BEB001300C2E0CBF4FF003094FF0060901218A
S21402BEC013F0010F204618BF4FF003090EF0DCFAFC
S21402BED0174B80461B88A3420FD1B5FA85F040095E
S21402BEE0FBF748FC20460AF09FFC0022014607208A
S21402BEF00EF07AFE08B0BDE8F08703F0ABFA824691
S21402BF0040460EF0A5FA064640460EF085FAF6B210
S21402BF1002903A4649462846CDE900A605AB08F007
S21402BF20B5FEDFE7012BE5D110F00C0FE2D19CE75E
S21402BF30FE5B0020002210B5094B1C78094BD1B2DB
S21402BF408C4201D8002010BD197A814202D199791B
S21402BF50022902D010330132F1E70120F3E700BFD5
S21402BF602F6300207C4400200146002210B5084BB7
S21402BF701C78084BD0B2844201D8002010BD187A33
S21402BF80884202D198790128F8D010330132F1E7BD
S21402BF902F6300207C440020002210B40A4B1C7839
S21402BFA00A4BD1B28C4203D85DF8044BFFF7DABBDA
S21402BFB0197A814205D19979012902BF0021198097
S21402BFC0598010330132ECE72F6300207C440020B6
S21402BFD0024B1878003818BF012070472F630020E4
S21402BFE0044B1B6813F0300F03D0202130200BF0D7
S21402BFF08CBF704764480020002310B504460849E9
S21402C0001A4601EA00414FF07F60FFF701F8E307A6
S21402C01003D5002130200BF078FF002010BD00BFB2
S21402C02000007207044B5B8823F4784323F08D03E9
S21402C03003800020704700BF6448002008B5002235
S21402C0400346C3F80220C3F806200B4A02301268E1
S21402C050D1B212F0200F18BF41F0100119809307D9
S21402C06001D4FFF74DF8054B1B78023B032B8CBF20
S21402C0701720002008BD00BF64480020756200201B
S21402C08038B505460C46FDF7EDFB98B10E4B187811
S21402C09078B10E4B1B681A040FD58CB113F0420F01
S21402C0A000D17DB103F44073B3F5407F0CBF00208E
S21402C0B0232038BD40F60840FBE740F60B40F8E781
S21402C0C02046F6E72320F4E7716200206448002049
S21402C0D0F0B504468DB007A80D46164608F0D0FE09
S21402C0E01022002103A8EFF797FB5CB1234603ACAE
S21402C0F003F11007224618685968083303C2BB4288
S21402C1001446F7D1012703A986EA070307A88DF884
S21402C1101C708DF81D3009F01EF880EA070401A88D
S21402C120E4B2EDF727F8B6B101A88DF80650EDF7A0
S21402C1304DF864B1002303A907A88DF81D3009F055
S21402C14019F80C4B1B78432B01D1F9F7DBF80A4B95
S21402C1501D700DB0F0BD01A88DF80750EDF736F84A
S21402C160002CF6D003A907A88DF81D7009F002F876
S21402C170EFE700BF7562002070620020F0B501256F
S21402C18093B007460DA80C4608F07AFE05A90DA83E
S21402C190ADF8345009F009F801A8ECF7EBFF09A94D
S21402C1A00DA88DF835509DF8066008F0FEFF0DA824
S21402C1B09DF8075008F08FFF70BB731BDBB2802B15
S21402C1C028D91FB1A64225D0A54223D105A90DA87C
S21402C1D008F0D0FF03A8ECF7CDFF03A88DF80F6098
S21402C1E0ECF7F4FF0122294609A8FFF771FF0AF0CF
S21402C1F072FF01214FF400700CF097F8FDF71AFB5E
S21402C200B0F1004F01D9FDF71BFB044B187808F07C
S21402C210A3FD012013B0F0BD0020FBE770620020F2
S21402C22070B50E46144605460320FFF7B7F946F0EA
S21402C23004022946204608F0F7FF0022014B1A6046
S21402C24070BD00BF60480020F0B587B0078805467D
S21402C2501022002102A8EFF7DFFA3E4B1B78002BD4
S21402C26076D1BC055ED407F08403842B63D000220B
S21402C270394C11461046FFF72BFF17F4045F276070
S21402C28005F102061CD0B9040AD5304602F09CFA23
S21402C29000284ED1236823F4005343F480732360AE
S21402C2A030460BF0AEFE002842D108F0E7FD18B982
S21402C2B0236843F480332360236843F0200323601B
S21402C2C022680DF1060042F400432360FFF7AAFE3F
S21402C2D012F4805FBDF8063031D043F02003ADF88B
S21402C2E006302168334611F0400218BF05F12302DA
S21402C2F04FF07F60FEF78CFEBDF80630DA0703D5F6
S21402C300002130200BF001FE23689B0506D5012292
S21402C31095F8221005F11200FFF7DAFE00200F4B07
S21402C320186006E005F112000BF06BFE00289AD0AA
S21402C330292007B0F0BDB80799D52320F9E723F0E6
S21402C3402003ADF80630FDF77BFAFEF775FCC8E76A
S21402C3500220EEE775620020644800206048002054
S21402C360024B1868C0F30050704700BF64480020B4
S21402C3702DE9F04F064689461046002189B015463B
S21402C380984602F0EFFE102807460AD86A4B034189
S21402C390DB0706D4C8F340049DB9002009B0BDE807
S21402C3A0F08F664B1C78002CF6D0FFF7D9FF0028DA
S21402C3B00CBF4FF4F0744FF4D074FC4004F0010448
S21402C3C0EAE74FF0000A18F0010F53465246294694
S21402C3D04FF00500CDF800A00CBF4FF0080B4FF44D
S21402C3E0027B06F0D4FB0028D7D0C823324600933F
S21402C3F059465346284602F0DDFEADF80E000028E8
S21402C400CBD018F0080A4AD14FF6F773A7F10F02FD
S21402C410D2B29E428CBF09230123012A01D843F0DF
S21402C4204003474A8DF810301378591C11708DF866
S21402C4301130002C4FD09DF81030052F43F020030A
S21402C4408DF8103033D03F4B1D78002D5AD04FF662
S21402C450F77300259E424FF00F0248D9012304A924
S21402C4600DF10E00F7F75EFB002896D1002C4DD199
S21402C470BAF1000133463A4618BF0121BDF80E0054
S21402C480CDF8009009F06BF8ADF80E00002884D0C5
S21402C49018F0040F4DD031460AF0BBFF7EE749463E
S21402C4A00DF10E000BF066FF0028ADD175E70121F5
S21402C4B0BDF80E000DF0E8FF012102F053FE012345
S21402C4C0834013F0620F1CD11E4B1B78E3B14FF66C
S21402C4D0F7731825BEE71B4B25461B780222002B56
S21402C4E0BCD04FF6F7739E42B8D8052FB6D0BAF135
S21402C4F0000FB3D19DF8103043F040038DF8103092
S21402C500ACE710250F22A9E71825FBE7BAF1000FC2
S21402C5100AD002234A46009029460DF10E00FEF785
S21402C5209DFB0028A4D038E741235246CDF800A050
S21402C530F2E70AF056FF31E79FFEFEFF7162002027
S21402C54072620020656200202DE9DF431E46144B0E
S21402C55080461B680F469B0791460A9C1BD42046C2
S21402C56014B108F0E6FFC0B20622CDE902403B460F
S21402C5700020CDE900890B490CF0BFF8024650B105
S21402C5800021002E0CBF01230323084604B0BDE899
S21402C590D043FFF7EDBE002004B0BDE8D08300BF55
S21402C5A064480020504D04002DE9F04F8DB08146BE
S21402C5B08A461F4693469DF85C803AB903A8FEF762
S21402C5C09FFDB0BB00200DB0BDE8F08F15460022DF
S21402C5D0232110460AF00FFAADF80A000028F1D01F
S21402C5E00DF01AFF0523044618F0100F00F8023B60
S21402C5F0677020D011220021EFF70EF904F113061E
S21402C600032F4FF0080237D159463046EFF756F956
S21402C610C8F3801306F10905337208F086FF002876
S21402C6203ED000232B706B700123033505F8013CC6
S21402C63036E003ADCBE7012610221699EFF73EF956
S21402C64006FA07F313F0620F02D104F11206D7E7D7
S21402C65007A808F015FC05A88DF81C60ECF78AFD03
S21402C6609DF8162018F0200F9DF8173008BF1346C5
S21402C67004F11306A374C3E751463046EFF71EF9DA
S21402C680012306F10802121B28460093BDF80A1081
S21402C690082392B20EF0D8FB042F06F11005BCD088
S21402C6A02D1BA9B20DF10A000BF08FFF002889D1CD
S21402C6B018F0040F0BD048460EF0BBFBFF281FBF36
S21402C6C0074A32F8103023F4804322F810304346EB
S21402C6D051464846BDF80A20FFF74AFE73E700BFF8
S21402C6E0A05B002070B5032690B08DF80760F7F7C0
S21402C6F0B3FB18B90224204610B070BD02AD28461E
S21402C700FEF7FEFC0028F5D01B4B1C6814F0020452
S21402C710F0D140F20F43194AADF82430136804A84A
S21402C720CDF826305368CDF82A3008F0A9FB95E8F4
S21402C730030005AB83E80300062304A88DF81D302A
S21402C7408DF81060ECF7B8FC01210DF12E020DF108
S21402C7500700ECF709FC22461A2109A80AF04BF951
S21402C760024608B91924C6E7012329462046FFF7E0
S21402C770FFFD0028BFD1F5E764480020F8620020DC
S21402C7802DE9F04F04460D46002191B01F2208A85D
S21402C7909B460791EFF740F820460CF02EF801462C
S21402C7A0204602F0DFFC8DF8110020460AF008F958
S21402C7B09DF81130467899068146C6F34006204613
S21402C7C048BF46F002060CF0EEF8804620460DF012
S21402C7D03FFE0022A0EB0803DBB2232B28BF232355
S21402C7E000922146424607A80EF02EFB00283AD1B8
S21402C7F0A24B9DF81C701B789DF81DA0B3B3FFF7E3
S21402C800AFFD00280CBF4FF4F0734FF4D073FB401B
S21402C810DA072BD5B30729D4082F22D1BAF1040F91
S21402C82021D1FBF77FFBF0B9012342460093214654
S21402C83005200DF1110306F087F9A0B1053F0D2F73
S21402C84011D8DFE817F024001000AF01BC01C501C3
S21402C850100010001000100010001000CB01F901AB
S21402C860F901052F07D011B0BDE8F08F102F05D1C2
S21402C870BBF1000FF7D0FBF755FBD5E7FBF752FBF2
S21402C8800028D1D0052FCFD0112FCDD0EBE7BAF1AB
S21402C890050FE8D8204609F0F6FF029009F10200DB
S21402C8A00EF0D9F982460DF11200FFF7BBFB012309
S21402C8B09DF81D8003FA08F313F0620303932DD04C
S21402C8C0BDF812309D0722D5B407CCD5FBF72AFB5C
S21402C8D00DF11E000BF095FBB8F1030F04469DF810
S21402C8E02EB02FD10DF12F050AF0FBF9824540F04C
S21402C8F03181032EB7D19DF836100DF11E02003994
S21402C90018BF01210DF12E0008F034FEABE7FBF74D
S21402C91009FB0028DCD1002EA5D0D9E7FBF702FBE5
S21402C92068B10DF11E000BF06CFBB8F1030F044664
S21402C9304FF0000B40F082800DF12E05D4E7002E5A
S21402C94091D0EEE74E4B1B6898072AD5FF220821A6
S21402C9500DF137000AF053F9814610BB0346014633
S21402C9600DF137020220FEF753FB0AF0BAF98245B0
S21402C9700DF137070DF12F0523D04FF6F7739A45C1
S21402C98040F2ED800022082128460AF038F90028F5
S21402C99000F0E580002259460DF11E00FFF798FBD5
S21402C9A061E70DF137070DF12F0538460BF0D5FA82
S21402C9B0002848D00AF095F9824540F0CC804FF026
S21402C9C000092846F7F7D2FD002800F0C480B8F127
S21402C9D0010F5BD0B8F1040F7FF445AF0BF0E0FA1D
S21402C9E010B1032E7FF43FAF002C7FF43CAF3A46E3
S21402C9F002210DF11E00FFF713FC224B1B7863B1D8
S21402CA00FFF770FEFEF7C4FD022806D10120FEF7EE
S21402CA10B9FD01210846FEF741FC1B4B1B78022B91
S21402CA2020D10321384608F099F9FEF7B1FD0146F8
S21402CA3000287FF418AFFEF731FC14E70DF1360735
S21402CA400DF12E05B1E7104B1B78432B7FF40BAF8D
S21402CA50B8F1010F7FF407AF0AF043F982457AD1A5
S21402CA60C146AEE7412B7FF4FEAE054B1B68590567
S21402CA707FF5F9AEF9F73EFEF5E600BF71620020DB
S21402CA80644800201F630020756200206C4D2B78DE
S21402CA90022B22D02B78412B3FF4E5AE3CB9FBF7B4
S21402CAA041FA594602460DF11E00FFF711FBFBF74D
S21402CAB039FA00283FF4D7AE0BF072FA614C98B1FF
S21402CAC023681B0502D42B78432B0DD1B0070BD459
S21402CAD040F61A40F9F70CF8C5E60BF061FA0028A2
S21402CAE0D8D0B207D6D4BEE6206810F0020002D133
S21402CAF002990BF014FC2B78112B16D123685905DA
S21402CB0013D50020FEF7E0FB044600287FF4ABAE08
S21402CB100AF055FB40F61C40F8F7EAFF214620468D
S21402CB20FEF7BCFBF8F7F0FF9DE6B20701D5FFF76C
S21402CB3057FAB9F1000F9DD008F0A0F918B94FF4D2
S21402CB4080310BF0E2F900223F4B38461A600BF0B8
S21402CB50FBF98FE70027039B002B7FF40EAF4FF6FF
S21402CB60FF73284605A9ADF814300AF0ADF820B1D7
S21402CB7028460AF08AF8ADF814004FF6FF73BDF89F
S21402CB80140098423FF46FAE002C0CBF042315230A
S21402CB9001930DF11E0300933A4643462946FFF7DA
S21402CBA003FD60E60DF11D00F7F7E0FC00283FF4F8
S21402CBB05AAE022229460020FAF79EFE53E6F307F3
S21402CBC07FF551AE3246284607A90BF0D2FB4AE65D
S21402CBD09DF81D100120FFF7D1FA44E6184B1B788A
S21402CBE0022B20D1002D7FF43EAE05A8FEF788FA70
S21402CBF000283FF438AE154B1D709DF81D30002BF3
S21402CC0014BF64246524FEF7C3FC032806D1284615
S21402CC102946FEF743FB2846FEF7C0FC214605A838
S21402CC2008F09CF81FE6043B012BDBD9284608F0E7
S21402CC308CFC0028D6D116E6204608F088FC12E6C0
S21402CC407562002064480020604800201F630020B0
S21402CC502DE9F34105460E46174698460BF0A0F915
S21402CC60044640B101233A4631462846CDF80080B4
S21402CC70FFF76AFC04460BF093F930B1FFF770FB3E
S21402CC8078B10A4B1B689B010BD400233A46314607
S21402CC902846CDF80080FFF757FC002C0CBF044650
S21402CCA0012404F0010002B0BDE8F08164480020CF
S21402CCB070B58AB005A808F0E3F8022301AA154663
S21402CCC08DF81430084B03F110061446186859689C
S21402CCD0083303C4B3422246F7D1294605A808F012
S21402CCE03AFA0AB070BD00BF5F9A0400014B18788A
S21402CCF0704700BF996C0020014B1888704700BF30
S21402CD00166C00204FF6FF732DE9F04399428046D9
S21402CD100D4685B00BD000274FF6FD791C4EEBF77B
S21402CD201BFDFCB2A0420BD84FF6FF701DE0F7F7D2
S21402CD301DFC0028EFD005B0BDE8F04309F0D1BFD6
S21402CD4036F814304B4517D8694620460BF05EF984
S21402CD50082241460DF10500EFF7AAF84FF6FF73D9
S21402CD6060B99D4204D136F8140005B0BDE8F083E0
S21402CD7026F814500BF024F90137D0E79D42FBD079
S21402CD8036F81430AB4208BF26F81490F4E700BF1A
S21402CD90D45A00202DE9FF4706460F4600254FF6D7
S21402CDA0FD79DFF83C80DFF83CA0EBF7D5FCECB26F
S21402CDB0A04202D804B0BDE8F08738F814304B45DC
S21402CDC00CD8694620460BF021F9082231460DF1AF
S21402CDD00500EFF76DF808B90AF804700135E4E7C4
S21402CDE0D45A00203B620020014B33F810007047F3
S21402CDF0D45A0020F0B5064600250D4F85B0EBF755
S21402CE00ABFCECB2A04201D805B0F0BD37F8143046
S21402CE10B3420BD1694620460BF034F99DF8003038
S21402CE20022B1CBF4FF6FD7327F814300135E6E7D8
S21402CE30D45A002030B585B004460D46EBF78CFC7C
S21402CE40A0420FD9084B33F814204FF6FD739A42CE
S21402CE5008D8694620460BF015F929460DF105005B
S21402CE60FFF750FF05B030BDD45A002030B585B06C
S21402CE700446EBF771FCA04219D92046FFF75AF890
S21402CE800546B0B9694620460BF0C0F89DF800305A
S21402CE902BB1694620468DF800500BF0D5F84FF6B8
S21402CEA0FF720020044B23F8142005B030BD282062
S21402CEB0FBE740F60440F8E7D45A00202DE9F0419B
S21402CEC00B7805460E461BB9BDE8F041FFF7CEBF0C
S21402CED0EBF742FCA84231D92846FFF72BF878BB7D
S21402CEE0374617F8058B4FF6FF713846FFF70AFFED
S21402CEF00446384600F01EFAB0FA80F04009B8F14F
S21402CF00000F15D0B8F1030F15D04FF6FF724FF68B
S21402CF10FD73944208BF1C460B4B314623F815405E
S21402CF200A4B585528460BF08FF80020BDE8F081D2
S21402CF304FF6FF74F0E74FF6FE74EDE72820F5E7AC
S21402CF4040F60440F2E700BFD45A00203B620020BD
S21402CF502DE9FF410D4604464FF6FE780F4F0E0AA6
S21402CF60EBF7FAFBA04204D8FF24204604B0BDE843
S21402CF70F08137F8143043450CD1694620460BF051
S21402CF8045F89DF80520EBB29A4203D19DF806308B
S21402CF90B342EAD00134E4B2E2E700BFD45A00203A
S21402CFA02DE9F04F0C461746984600254FF6FD7BB6
S21402CFB087B09DF840A0DFF85C900190EBF7CCFBC1
S21402CFC0EEB2B04201D8FF2616E039F816205A45CE
S21402CFD01ED8304602A90BF019F83FB99DF8092071
S21402CFE0424515D19DF80C20524511D144B939F865
S21402CFF01620019B9A420BD1304607B0BDE8F08F4F
S21402D000082220460DF10D01EEF752FF0028F3D05C
S21402D0100135D3E7D45A002010B514460AF0F6FFBD
S21402D0202046BDE8104008220149EEF747BC00BF83
S21402D030F86200202DE9FF470746154608460822F3
S21402D04024491E46EEF734FF044600283FD14FF629
S21402D050FF7ADFF88490EBF77FFB5FFA84F880456F
S21402D0600BD385B3384605F030FE01250C9B1870AD
S21402D0700120357004B0BDE8F08739F81830534502
S21402D0801FD0694640460AF0C1FF7A789DF8013003
S21402D0909A4216D17A88BDF802309A4211D13A796C
S21402D0A09DF804309A420CD108220DF10501781D34
S21402D0B0EEF7FEFE28B9002DD7D1404605F020FE39
S21402D0C0D3E70134C7E7FF2005F01AFECEE70020BB
S21402D0D0D0E700BFF8620020D45A0020F0B5002541
S21402D0E0154E164F85B0EBF737FBECB2A04201D8CF
S21402D0F005B0F0BD694620460AF088FF9DF800306C
S21402D100032B06D90023694620468DF800300AF024
S21402D1109BFF9DF8002062B14FF6FD734FF6FE713D
S21402D120032A08BF0B4626F81430002301353B5568
S21402D130D9E74FF6FF73F6E7D45A00203B62002089
S21402D140F8B50E4604464FF6FF770C4B0C4D1B788F
S21402D15003EB430305EB8305A54202D800242046D1
S21402D160F8BD2388BB4206D008223146A01CEEF743
S21402D1709FFE0028F3D00C34EEE700BF606C002060
S21402D180145A0020044BFF211A78044802EB42028C
S21402D1909200EEF741BB00BF606C0020145A0020DC
S21402D1A0F8B504460C4B0D461B781046A3420DD923
S21402D1B00C27022117FB04117C43084E0822314437
S21402D1C0EEF77CFB335B00202B80F8BD0023136058
S21402D1D053604FF6FF73F6E7606C0020145A002087
S21402D1E038B504464FF6FD75FFF704FE0022084BDD
S21402D1F01878084BD1B2884200D838BD33F80C1CD8
S21402D2000132A14208BF23F80C5C0C33F2E700BFE0
S21402D210606C0020205A002070B505460E4608466F
S21402D220FFF7DEFF31462846FFF76CFD2946064823
S21402D230FFF786FF00B970BD044624F80C6B0AF0AF
S21402D240BFFE29462046F3E7145A002010B50822EE
S21402D25086B023490446EEF72BFE20B906B0BDE899
S21402D260104009F03EBD082220461E49EEF720FE79
S21402D27020B91D4BB3F8680006B010BD002301228A
S21402D28021464FF6FF700093FFF78AFEFF2806D06E
S21402D290164B33F810004FF6FB739842ECD903A8EE
S21402D2A0FEF7CCFE58B9BDF80C305B0607D508224F
S21402D2B021460DF10E00EEF7FBFD0028DCD02146DC
S21402D2C00B48FFF73DFF40B14FF6FB724FF6FF7378
S21402D2D00088904288BF1846CEE74FF6FF70CBE72D
S21402D2E0F86200204E560020E4550020D45A002052
S21402D2F0145A002070B5002204464FF6FB76084604
S21402D3000A4B1D780A4BD1B28D4201D8002009E0A3
S21402D3101988B14207D8A14205D10822991CEEF716
S21402D320CDFA012070BD0C330132ECE7606C0020B0
S21402D330145A002037B5014605460E48FFF700FF8F
S21402D340044640B1807A29460AF0C0FE80F0010009
S21402D350C0B203B030BD03460090012229464FF604
S21402D360FF70FFF71DFEFF2816BF034B2046185C12
S21402D370E9E700BF145A00203B6200202DE9F34182
S21402D380224B04461B780F468342154638D9FEF7D1
S21402D390EBFDB8BB4FF6FD739D421D4E0ED004EB5F
S21402D3A0440326F823504FF6FF739D421FD12046B2
S21402D3B0FEF7F2FD002002B0BDE8F0810DF1060195
S21402D3C0384609F081FC4FF6FF72BDF80630384643
S21402D3D0934218BF1D460C236343F55206EB03081F
S21402D3E0FFF7A8FFB0FA80F0400988F80A000C237D
S21402D3F003FB0460082239460230EEF75FFAD9E7EB
S21402D4002820D8E740F60540D5E700BF606C00202C
S21402D410145A002038B504460D46FFF7BBFC2146D9
S21402D4200448FFF78DFE00B938BD857221460C30E0
S21402D430F7E700BF145A00200023074A1370074A72
S21402D4401370074A118801B11380064B1A880AB175
S21402D45000221A80704700BF31630020306300202C
S21402D4600E5C00200C5C00202DE9F04F3C4C1D4663
S21402D470238887B00746884610469DF840605BB909
S21402D48052B10BF0BBF820804FF4FA61354807B072
S21402D490BDE8F04F0DF0ACB8DFF8D890B9F8004010
S21402D4A0002C49D020460CF0D3FFC0F34706204696
S21402D4B00CF0B2FFDFF8C0A00296BAF80030DFF830
S21402D4C0BCB00193BBF800300446009300222B4602
S21402D4D0012025490BF011F9ADF81600E8B1012537
S21402D4E004EB4606B4420DD1BDB9BDF81630A3B161
S21402D4F02A464146384600F06FF9ABF80050AAF8C3
S21402D50000500AE0012321461A460DF11600F6F7EE
S21402D51009FB023405460028E4D00023134AA9F882
S21402D52000301378013BDBB21370002BACD107B08E
S21402D530BDE8F04FFFF780BF0D4C237823B90DF0FE
S21402D54095F908B901232370324629460520F7F7D4
S21402D5500DFA0028EBD1207007B0BDE8F08F00BFAF
S21402D5600E5C0020706B0020564D040031630020D4
S21402D570306300200C5C0020A85B0020AA5B002021
S21402D58030B5154D87B02C889CB923464FF4A0724F
S21402D59048F2380103A80AF075FE21462046FAF73B
S21402D5A0E3FA22460D4B009403A9FFF75DFF07B08E
S21402D5B030BD204609F004FA04300DF04CFB03A9F6
S21402D5C0044628880BF000FA0023009320462A8897
S21402D5D003A900F0AFFAEAE70E5C002000F8FF07A6
S21402D5E037B5002001A9FAF7BFFA0D4C0146237899
S21402D5F00C4D7BB10C4B019A1878FAF7CBFA2078CF
S21402D600F8F74CFC002323702B700848F6F736FB1D
S21402D61003B030BD2B78002BF7D0FFF7B1FFF4E74D
S21402D620336300203163002032630020706B0020D9
S21402D63008B50548F6F732F80448F6F72FF8BDE8BD
S21402D64008400348F6F72AB80E5C00200C5C00205F
S21402D6500A5C00202DE9F04F89B089460446CDE9E0
S21402D66005239DF84870139E30B316F801ABBAF145
S21402D670000F23D00AF1FF34A400E4B231460120A1
S21402D68007F0ABFFC00E1BD1DFF838B131460120E0
S21402D69007F0A3FF9BF8005034442279BDB1002F57
S21402D6A047D180234846CDE90277CDE900773E4A46
S21402D6B0059900F091F83CE08246DFE75446DDE744
S21402D6C01B28ECD93146012007F087FFE7E7DFF891
S21402D6D0F880FF2A00EA08080BD14246E379A179CE
S21402D6E0607901EB032189B209B0BDE8F04FFAF781
S21402D6F051BA2E4909688B070AD5FE2A35D101236D
S21402D7000135EDB2202D4FEA43030AD1FF250AE088
S21402D710294628460792FAF727FA4845BFD1079ABC
S21402D720EBE79845ECD1224B1B78FF2B04D0AB429B
S21402D73004D009B0BDE8F08FFF2DFAD029460020AC
S21402D740F4F7B2FF0028F4D09BF800306479002B7F
S21402D750EFD1FFF771FE17484FF410510CF048FF57
S21402D760154B8BF800501C70E3E7052A97D8BAF1E0
S21402D770010F94D8B8F1000F91D0002FD9D1737948
S21402D780002BD6D00D49098821B9082B28BF0823BB
S21402D7900B490B70434648461292DDE9051209B062
S21402D7A0BDE8F04FFFF760BE564D04006448002007
S21402D7B09A6C0020706B0020326300200E5C002002
S21402D7C0316300203363002000F8FF07014B188006
S21402D7D0FFF7D6BE0C5C00200CB42DE9F04F8BB0E0
S21402D7E014AA0E4652F8041B07460992002940F076
S21402D7F08F80BDF85400ADF82200002800F0A1800A
S21402D80033794FF6F778002B40F0868047458CBF79
S21402D8104FF009084FF008084C4B1C78FF2C40F0DC
S21402D8208380B6F90230002BA9BF494B347A1C78A4
S21402D8300134A2BFE4B21C7044F08004DFF81CB1CD
S21402D8402246002101F0A2FC9BF80030BDF822001F
S21402D850002B6CD0DFF808A14FF00009BAF80030B0
S21402D86007930CF0F5FD0546BDF822000CF0D4FD3A
S21402D870EBB2CDE90193FF23CDE9030900932246DB
S21402D880334639460798FCF7B5FB4FF6FF73054655
S21402D8908BF80090AAF80030382D33D1324639463C
S21402D8A040460DF1220307F058FE00284BD04FF6F3
S21402D8B0F7739F4226D8B6F902307088002B21DA19
S21402D8C048F204022349244B4FF00008904214BF4A
S21402D8D08946994609F005FA494603468A220120F6
S21402D8E0CDF800800AF009FF814658B1224641462B
S21402D8F001F04CFCFF23324639464046CDE90098FB
S21402D900FCF7DAF928460BB0BDE8F04F02B07047D4
S21402D91001200AF0CFFE6EE7002347458CBF4FF08A
S21402D92006089846337177E7FF221A7086E7CDE934
S21402D93000033246FF2339464046FCF7BDF905464A
S21402D940AAE71925DEE70546DCE700BF9C6C002047
S21402D95035630020674D04005C4D040034630020EC
S21402D960105C002070B54FF40033002405461646BE
S21402D97088B0ADF81A100DF10F0204A90593ADF8A0
S21402D9801840ADF81C4004948DF80F4007F0C4FD13
S21402D9909DF80F3028460193049B044A009305A97C
S21402D9A03346FFF719FF08B070BD00BF604D040094
S21402D9B030B54FF48035002487B00395BDF8285063
S21402D9C0CDE900128DF81030074A034603A9BDF8C8
S21402D9D02C008DF81140ADF81250ADF81440FFF748
S21402D9E0FBFE07B030BD00BF6C4D0400B1F1006F06
S21402D9F02DE9F04314462CBF392238228BB01D463F
S21402DA004FF00003ADF81E204FF480022CBF4FF0FB
S21402DA1001099946FF2C0646ADF81C300892ADF86F
S21402DA2024304FEA11471FFA81F80FD109F06AFC39
S21402DA30B9F1000F19D1154ACDE902054346304621
S21402DA40CDE9007407A9FFF7C7FE1AE0FE2C0AD13B
S21402DA5009F058FC0130C0B209F05FFCB9F1000FC2
S21402DA6012D00B4A02E0E8B2F8E70A4ACDE903050B
S21402DA7001233046CDE90174CDF8008007A9FFF7EF
S21402DA80ABFE0BB0BDE8F083034AD5E7644D040055
S21402DA906A4D0400634D04006B4D04004FF4981267
S21402DAA04FF0806310B586B0CDE903230023ADF8AE
S21402DAB0143009F016F90446F8F796FA054B019069
S21402DAC00093054A234603A94FF6FD70FFF784FE2E
S21402DAD006B010BDF8620020704D040008B5064B73
S21402DAE01B78022B02D0043B012B03D8FFF7D6FF8C
S21402DAF0002008BD0220FCE77562002030B5002435
S21402DB004FF4806587B0CDE900128DF81030084AD0
S21402DB10034603A94FF6FD708DF811400394ADF845
S21402DB201250ADF81440FFF757FE07B030BD00BFE5
S21402DB30744D04002DE9F04F99B00E4605460CA927
S21402DB401046CDE90A329DF888700AF0FAFABDF856
S21402DB503090804648460CF07BFCB6F9023004460C
S21402DB60002BB6F806A0B6F802B004DA00228D4BF7
S21402DB701A70002049E048460CF06AFC4045F5D38E
S21402DB80A4EB0804E3B2002F18BF4FF4A07A152BBB
S21402DB90099328BF15230024013308F1FF324946B2
S21402DBA0DBB292B2009412A80DF04EF96FEA4B4324
S21402DBB06FEA53437C499DF8482008684968ADF8E7
S21402DBC03E300DAB03C3ADF84040ADF83C40ADF877
S21402DBD042A0ADF84420BBF1000F24D10DF149005C
S21402DBE0F6F7C4FCA0B109F07CF85C4680460DF15D
S21402DBF051060DF149030A9A96F80090012A2CD193
S21402DC004FB384F0010404F0010019B0BDE8F08FB0
S21402DC100DF149000AF0A4FB4FF6FF74011B4C42BB
S21402DC2080464C41E3E7BBF1010F57D1BDF849806E
S21402DC3009F057F880450AD040460DA90AF093FB32
S21402DC4080F00104E4B20DF14B060DABD3E7574B5F
S21402DC500DF14B06CFE70A9CD5E75FB344BBB9F19B
S21402DC60010F25D830D109F03CF809F03AF82246DF
S21402DC70804671784D4B029100210120CDE900814A
S21402DC804B490AF03AFDADF8320088B124BBB9F12F
S21402DC90010F0CBF0D210C210DF132000AF095FC8C
S21402DCA0024628B92846BDF832300FA9FFF794FD80
S21402DCB00120AAE7B9F1010F04D1002CD3D08122AA
S21402DCC07178D8E7002CFAD1B9F1010F94BF00227F
S21402DCD001227178D201CEE70C21DDE70A9B002BE8
S21402DCE07FF447AF7388342B4BD1099B092B7FF403
S21402DCF040AF002F7FF43DAF9DF951603A46B41015
S21402DD0008210DF1490004F0200408F078FFA0B1C4
S21402DD10284B1B78012B3FF42CAF274A274BB2F82F
S21402DD2068201B68AA421DD0DA001BD5C8232846E5
S21402DD30234A0FA9FFF750FD1BE70DF14900F6F73E
S21402DD4015FC0028E4D10DF149000AF009FB4FF654
S21402DD50FF739842EAD02146F9F778FE0346002878
S21402DD60E4D1E4E75B0201D5002E08DA0023284658
S21402DD70134A0FA9FFF730FD124B1C70F9E68D23EC
S21402DD80D5E7099BCDE905A204930DF14903CDE938
S21402DD90028331462846CDE900790B9B0FAA00F094
S21402DDA03DF8E6E629630020D6D50300F862002097
S21402DDB0784D040076620020E45500206448002076
S21402DDC0C00204009B6C0020024B187840F08000D2
S21402DDD0704700BF35630020014B18800020704753
S21402DDE01E6C00204FF6FF71034602881B798A429A
S21402DDF017BF074901200A8041881EBF054A002036
S21402DE001180FF2B1EBF044A00201370704700BF0C
S21402DE101A6C0020186C0020366300202DE9F04FA3
S21402DE20A1B09946BDF8AC302D9F0D939DF8B03049
S21402DE3004460E93BDF8BC3038460F939DF8C030AA
S21402DE404E88884615469DF8A8B010930CF003FF3E
S21402DE50112E824671D808F044FF504576D0062E21
S21402DE6010D14FF6FD72924526D0BBF1000F10D1AD
S21402DE7000228023CDE900A229462046BC4AFFF7AD
S21402DE80ABFC06E0BBF1000F03D1032E07D8012E30
S21402DE9009D80022B74B1A7021B0BDE8F08F043EB5
S21402DEA0022EF6D8E4E7802329462046B24ACDF869
S21402DEB000A0FFF791FCECE7B04B1B785E074CD452
S21402DEC008F00FFF0026034632460120A8490096B6
S21402DED00AF013FC3B79ADF866000F930028DBD0FE
S21402DEE0DDE90E320D9803EB42090CF0B1FA5FFA47
S21402DEF089F909F105085FFA88F88045CCD24146CF
S21402DF000D9801F02FF9109008EB40080D980CF0D0
S21402DF109FFA8045C0DADDE90F321343DBB2002BED
S21402DF2040F03482BBF1000FB6D1D84642460421F7
S21402DF30BDF8660001F02AF974E1904A3A2E12788A
S21402DF4012D948F23B039E4207D013E08B4A12785E
S21402DF5050070BD5321F022A08D8B8F8063043F409
S21402DF608043A8F8063097E71B2E1DD8B21E91B242
S21402DF7013295FD9109B494602930F9B3046CDE981
S21402DF8000B30E9A234607F0CEFA0F2884D1012258
S21402DF90784B1A70794B1B789B0740F12783BBF1AD
S21402DFA0000F7FF479AFD8E7A6F11C011E29E1D84D
S21402DFB001A050F821F000BF03E6020075DF020060
S21402DFC075DF020099DE020075DF0200F1E302004F
S21402DFD0F1E3020075DF020075DF020075DF020062
S21402DFE075DF020075DF020075DF020075DF0200D2
S21402DFF075DF020075DF020075DF020075DF0200C2
S21402E00075DF020075DF020075DF020023E40200FE
S21402E01023E40200D5E5020075DF020075DF020088
S21402E020F7E5020075DF020053E6020069E6020029
S21402E03077E60200132A9DD801A151F822F000BF0C
S21402E04091E0020021E102003FE1020057E20200F5
S21402E050C1DE020075DF020075DF020075DF020016
S21402E06075DF020075DF020075DF020075DF020051
S21402E07075DF020075DF020075DF020075DF020041
S21402E08075DF02009BE3020075DF02002FE6020046
S21402E09000231A938DF866300DF1660322460E9918
S21402E0A0484600931AAB07F038FA08F01AFE0646FE
S21402E0B0EAF75EFB162894BF4FF002094FF02209DA
S21402E0C0F7F792FF2E4B0746B3F800A0FBF7EAFDE0
S21402E0D02C4B80464FF6FF70B3F800B00AF0F8F803
S21402E0E0294B9DF866201988244B1B7813F00203EF
S21402E0F01CBF264B1B780B921A9ACDE90701CDE975
S21402E100093240232946CDE9019320460023CDE972
S21402E110058BCDE9037A1E4A0096FFF75DFBBBE648
S21402E12008F0DFFD1B4B1C4A1B88CDE92A0300239F
S21402E1302946204621B0BDE8F04FFFF74DBBBE781A
S21402E1401AA9731EDBB2EF2B304627D9F22E25D042
S21402E15005F015FD822608F0C4FD00232946CDE908
S21402E1600003034A33462046FFF736FB94E600BF19
S21402E1705C4D040029630020674D040036620020CF
S21402E1801E6C00201A6C0020186C002036630020DB
S21402E1907E4D04001C6C00208B4D040005F0EFFC45
S21402E1A0002856D008F09DFD9DF86C209DF86E1054
S21402E1B00492BDF86A2049000392BDF86820C9B2ED
S21402E1C0CDE901629DF86D2003465200D2B20832B4
S21402E1D00A44009201200022C6490AF08EFA9DF8EF
S21402E1E06D30ADF866008DF8633000283FF454AE0B
S21402E1F04FF0000801230DF163011A460DF1660087
S21402E200F5F790FC074600287FF446AE9DF863308B
S21402E210FAB293420CD89DF86E308DF86330B8F19E
S21402E220000F02D0BDF8663036E04FF00108E1E795
S21402E2304146304605F0A5FC0123ADF864000222F3
S21402E24019A90DF16600F5F76DFC01370028DDD03F
S21402E25022E683267FE708F044FD064605F0B0FC7A
S21402E2603346009000220120A3490AF046FA00280D
S21402E2703FF412AE00273E46ADF8680005F0A0FC5B
S21402E2805FFA87F840450DD832460421BDF868008B
S21402E29000F07CFFBDF86830002229462046FFF7D2
S21402E2A09BFAF9E5404605F068FCFF288DF8660003
S21402E2B00BD0012301361A460DF166011AA8F6B2F2
S21402E2C0F5F730FC00287FF4E7AD0137D6E7504675
S21402E2D0B7F8029005F051FCFF288DF8640000F0B4
S21402E2E0E2811AA905F04BFCBDF868304B4507D011
S21402E2F04FF6FF72914540F0D681190400F1D381A2
S21402E3009DF86D3012930E9B0533DBB213930F9B71
S21402E310149300234FF0000911934B4613E0179312
S21402E3204900139BC9B219440D9889B20AF088F9BC
S21402E3304FF0000A179B159012995FFA8AF28A42EA
S21402E34016D309F10109149A5FFA89F19142E6D3CC
S21402E3509DF86E201292169A1392002B40F0958129
S21402E360119B002B40F09F81109B14930123D1E751
S21402E37011999DF86400179305F003FC159A179BF4
S21402E3800AF1010A824208BF0123D5E709F106090C
S21402E3905FFA89F3B046169386E1BD1C29465046BD
S21402E3A0BC7A06F043FC01222946504609F03FF9A2
S21402E3B0504609F0A1FF284609F0D2FF3A88824269
S21402E3C007D04FF6FF72904203D00CF032FD09F0F0
S21402E3D0B3FF84F00804C4F3C00421462846FFF7BE
S21402E3E019F82146284621B0BDE8F04F07F0C4B818
S21402E3F0BBF1000F7FF450AD12073FF5AEAD3346CA
S21402E4003A462946204601F08FF900287FF444ADAB
S21402E410842329462046394A21B0BDE8F04FFFF74B
S21402E420DBB90F9897F8008009F00EFD0021074629
S21402E430204601F0E3FC312EA7EB0007FFB240F0C6
S21402E440D5804FF0000A012053465246CDE9008A95
S21402E4502B490AF052F9ADF8660000283FF41CADCD
S21402E460162251461AA8EDF7D7F91AA808F0C2FEE6
S21402E4704FF0FF33DFF894B0CDE91C339BF80090E1
S21402E480B9F1000F02D14FF0010A55E01D4E337963
S21402E4906F2B02D90026324625E050461CA9F6F715
S21402E4A03DFF0028F6D0184BB6F80090B3F8683057
S21402E4B0B9F1000F2CD1003B18BF01235B0143F0DA
S21402E4C004038DF87A3002238DF87B3073881B0A9A
S21402E4D049461EA88DF87D300CF0BFFBB8F1000F40
S21402E4E065D0002601220221BDF8660000F04EFE2D
S21402E4F032461CE58F4D04005C4D0400C002040049
S21402E500974D04006C5B0020E45500206F620020EB
S21402E510B3EB090318BF01235B0143F005038DF833
S21402E5207A3002238DF87B300F238DF87C30CDE7CE
S21402E5300AF1010A5FFA8AFA0AF1FF36F6B23046A3
S21402E5400CF07DFCC307F3D59BF8003019EB030FE4
S21402E55004D009F101095FFA89F9E9E7584B1CA9C9
S21402E56018783044C0B2F6F7D9FE002892D030466A
S21402E57009F0F3FE814630460CF061FCC0070FD46A
S21402E58016238DF87A304F4B1B780133DBB20F2BF4
S21402E59028BF0F238DF87C304B4B33F8163096E7A6
S21402E5A030460CF04CFC8107EAD41223E9E7BDF8AA
S21402E5B066000BF04DFF1630B84292DC012316229D
S21402E5C01AA90DF16600F5F7ADFA00287FF464ACDF
S21402E5D0012660E712073FF5C0AC3B4622462946B5
S21402E5E00F9801F0F9F800287FF456ACBBF1000F43
S21402E5F07FF452AC0CE7BBF1000F7FF44DAC8023E6
S21402E60007E708F06EFB50457FF446ACB81CF5F7FA
S21402E610ADFF00283FF440AC08F063FB064608F066
S21402E62060FB2A4B2A4ACDE92A03334680E5384660
S21402E6300CF011FB09F04CFE00283FF42DAC2A909A
S21402E640002329462046234A21B0BDE8F04FFFF7B3
S21402E650C3B84B462A4621460020CDE92AB721B048
S21402E660BDE8F04FFEF7F6BF4B462A46214601208C
S21402E670CDE92AB7F3E75B464A46294620462A975B
S21402E68021B0BDE8F04F06F07CBF012319A91A4657
S21402E6900DF16600F5F746FA00287FF4FDAB08F1A7
S21402E6A001085FFA88F8013605F08AFA5FFA86FAF8
S21402E6B050453FF60CAEB8F1000F3FF433AC35E4EC
S21402E6C0666C00201E6300209E5B0020F86200201D
S21402E6D09C4D0400674D0400F8B5164B04461D8891
S21402E6E0154B20F8025B196879B10822EDF7E6F8B7
S21402E6F0124B0C201B78124EA372124B1978002371
S21402E700DAB2914205D8FF2209E0C4F8021041604D
S21402E710EEE7013300FB03F7F75BAF42F0D10A4B9B
S21402E720E2721B782373094B1B786373084B1B68D2
S21402E7302361F8BD1E5C00200057002037630020CE
S21402E740085A0020606C00201B6300201A63002019
S21402E750EC560020F0B589B006460C4615460AF07F
S21402E76022F90DF10A020146304609F0D3FF144F92
S21402E7700346F0B901223A702288BDF80A102AB17F
S21402E78002460090072004F0DFF990B103A8FFF7D5
S21402E790A3FFBDF80A000BF05BFE0646BDF80A00B2
S21402E7A00BF03AFE21460090F3B2284603AA06F082
S21402E7B067FA0023034A3B70136009B0F0BD00BF3E
S21402E7C03863002000570020142230B58BB005466F
S21402E7D00DEB02011548DEF767FC10BBBDF81430DE
S21402E7E0DA0720D413F0060FC3F3410208BFC3F3BF
S21402E7F041220F4B0DF116019C5C68462246EDF74E
S21402E8009BF9BDF8263004F128026A4402F8283C37
S21402E81002341B0A02F8273C69462A46E0B209F08F
S21402E820F7F80BB030BD2320FBE700BF703214E0D0
S21402E830779A040010B58AB0ADF826200022CDE9FA
S21402E840052204920CAA02924FF6FF720446AC21ED
S21402E85001200192064A039004FB012260320092D4
S21402E8604CF620010DF1260209F086FD0AB010BD15
S21402E870E455002010B54FF6FF741E4A8AB0B2F86F
S21402E8806800B2F85E10A042ADF82600B2F85C301E
S21402E8904FF6FD70ADF8241018D081424FF00000FC
S21402E8A094BF48F660014CF66001CDE90500CDE95B
S21402E8B00300CDE9010094BF09AA603200920DF16F
S21402E8C02602042009F058FD0AB010BD81424FF01E
S21402E8D000008CBF603209AA00928CBF4CF66041E1
S21402E8E048F66041CDE90500CDE90300CDE9010017
S21402E8F0014AE6E7E45500204E56002000B50E4BCE
S21402E9000022B3F85E308BB0ADF824304FF6FF73BA
S21402E910CDE90522CDE90322CDE9012209AA00921A
S21402E9204FF400610DF126020720ADF8263009F0FB
S21402E93023FD0BB05DF804FBE4550020202A10B539
S21402E940144614D8012A04D10C88B4F5004418BF22
S21402E9500124620030B10748ECF7B0FF064B0020F6
S21402E9601C7010BD0548ECF7A9FF054BF7E7212000
S21402E970F7E700BF205C002039630020605C0020BF
S21402E9803A6300202DE9F047104617460CF063F96B
S21402E990DFF814A1DFF814919AF8003099F80020F5
S21402E9A00546134302D10020BDE8F08710F4406804
S21402E9B000F0400619D186BBB0F5804F5CD24FF40A
S21402E9C0807400239AF80000344AD9B288425DD88F
S21402E9D0002399F80000324AD9B28842E3D932F8C5
S21402E9E0021B0133A142F7D155E0F81C0CF033F9B3
S21402E9F04FF6FF73984214BF0124022486B10526FF
S21402EA0005F44043B3F5004F44F0080424D0B5F5AE
S21402EA10804F23D244F4807420E044460326EFE776
S21402EA20B5F5804F4FF00506F4D3B8F5406F14BF26
S21402EA3002200820304438440CF00DF9194B05F436
S21402EA404045B3F85C3083420CBF44F0080444F0FF
S21402EA500404B5F5004F01D144F08004B8F5006F08
S21402EA600ED1B8190CF0F7F80E4BB3F85E308342AD
S21402EA70A7D144F01004A4E7444603260220D9E7AF
S21402EA80B8F5406F08BF44F020049AE732F8021B3C
S21402EA900133A14299D1012086E700BF605C0020C5
S21402EAA0205C0020E45500203A63002039630020F1
S21402EAB02DE9F04F104685B0164698460CF0CBF876
S21402EAC05D4F00F00803B7F85C10044600F0070933
S21402EAD0F01C02930391B7F85EB00CF0BCF806F196
S21402EAE0050A054650460CF0B6F803464FF6FF7088
S21402EAF0854218D00399A1EB050CDCF1000545EB25
S21402EB000C056D004FF6FF718B420ED145F00405E1
S21402EB100BF0ACFE029B6BB1B9F1000F11D0422094
S21402EB2005B0BDE8F08F0125ECE79B4508BF45F030
S21402EB300805EDE7B9F1030FF1D8DFE809F0021B8B
S21402EB40795D0BF093FE08B9A807E8D524F008040F
S21402EB50A4B2B4F5004F05D0B4F5624F02D0B4F5B6
S21402EB60404FDCD10025294697F8A820002007F060
S21402EB7005FF3CE0D7F88030E3B90021324608466C
S21402EB80FFF700FFD8B948F6410224F038039BB2DB
S21402EB909342C4D10A2D49D0062DC0D197F87730BA
S21402EBA0023B012BBBD8F3F745FD0028B7D140F650
S21402EBB0040505E04146304698470028DDD0082582
S21402EBC0E20648BF45F08005A30648BF45F48055D7
S21402EBD005F00C03042BC6D1F01D0CF03CF897F898
S21402EBE0A8303246009341462B4607F09CFE08B3F7
S21402EBF00E9B1880002093E7A90705D14FF6FF73F6
S21402EC00B7F85C209A428AD104F44063B3F5006FE9
S21402EC100AD0B3F5406F82D1082250460749EDF775
S21402EC2047F900287FF47BAF0C25C9E70425C7E720
S21402EC30432075E7192073E7E45500204456002068
S21402EC40034B1A781AB1FF2A04BF00221A707047C3
S21402EC503C63002070B5084C084E2378F55C1DB165
S21402EC603E2107480BF019FFFF2223782846F2546C
S21402EC700023237070BD00BF3B6300203C6300206E
S21402EC80A04D0400034B044A1B78D05CFF3818BF23
S21402EC90012070473B6300203C6300200023074AA4
S21402ECA007491360074A1360074A1360074A116050
S21402ECB00121074A1170074A136070471057002057
S21402ECC0038503000C57002008570020906B002095
S21402ECD09D6C0020185700200E2A70B50C4606467A
S21402ECE01546194603D9FFF7D9FF502070BD0128F3
S21402ECF007D10020F3F7B8FCB0B1FFF7CFFF212011
S21402ED00F4E780220021224B1A70224B1960224B14
S21402ED101B684BB134200BF0F3FB204B188018B95C
S21402ED20FFF7BCFF0120E1E724F0FF6323F4FF2393
S21402ED301BB1FFF7B3FF4F20D8E774B92046F3F7AD
S21402ED40ADFC0124032510F0800F43B21BBF00F078
S21402ED501F039C409C4044F078440020104B24F053
S21402ED6078441E700F4B10491D70104B1C60104BE0
S21402ED701870104B1A68F4F71FF818B1FFF78EFFD9
S21402ED800420B3E79DF810200B4B1A70AEE700BFC5
S21402ED903D6300201457002008570020A05C002086
S21402EDA042630020406300209DF0020018570020B6
S21402EDB041630020105700203E6300207FB5244B9D
S21402EDC000251A7801232348234903FA02F2007821
S21402EDD01A440A60ADF80E5020B3984236D11F4C42
S21402EDE01F4B20781B680DF10E0198471D4EBDF88B
S21402EDF00E20307092B11C4B2946009328460223FF
S21402EE000195F4F713F83278237822B1012A12BF5B
S21402EE101B230133DBB2237004B070BD013818BF68
S21402EE200120F0E778235A43013A0A6008220F4984
S21402EE300BF0ACFA0B49094A0978137821B101297B
S21402EE4012BF1B230133DBB21370E5E71846E3E774
S21402EE5040630020426300201C57002041630020CC
S21402EE60906B00209D6C0020D9F00200F9A70300E9
S21402EE70024B1868003818BF012070470857002058
S21402EE8037B505461C460BF0F1FC68B974B1084B61
S21402EE901A60084B0A461C60012329460093032386
S21402EEA0FFF71AFF03B030BD4D20FBE72520F9E738
S21402EEB0045700200C57002013B504460BF0D6FC6E
S21402EEC058B962B1074B1A6001230A4600932146DD
S21402EED00323FFF701FF02B010BD4D20FBE72520FC
S21402EEE0F9E700BF085700202DE9F0410446DDE9A6
S21402EEF006861D469DF820700BF0B8FC88B99EB1B8
S21402EF00A2B10B4B01201A600A4B0A46C3F80080D6
S21402EF10094B21461E602B460697BDE8F041FFF7D7
S21402EF20DBBE4D20BDE8F0812520FBE72120F9E776
S21402EF30906B0020105700200C5700200148F4F771
S21402EF40ADBB00BFA05C00202DE9F0410020F3F726
S21402EF50A1FE114B114C1E68114B20881D68114BE7
S21402EF60114FD3F8008010B13978F4F771FD002004
S21402EF703870FFF793FEF4F7ABF90EB14046B04790
S21402EF803DB12088A84700232380BDE8F0410BF05E
S21402EF90FFBDBDE8F08100BF0C570020A05C00203A
S21402EFA0085700201857002043630020F8B52F4862
S21402EFB0F4F764FE2E4B187830BBF3F76FFB2D4F39
S21402EFC006463B6803B32C4B2C4D1C6824B195F9BE
S21402EFD000301A461946A047294B1B6883B1294CB4
S21402EFE02378312B0CD8284B18880BF015FA237887
S21402EFF05A1C22702A78C25423785A1C2270C6548D
S21402F00080232B7000233B60204C23781A2B22D8B7
S21402F0101F4A1278012A09D100211E4A156825FACC
S21402F02003F0C007DAB20ED501B122700020F3F762
S21402F03035FB2178884212D10022174B1A70FFF74F
S21402F040BDFE40B9F8BD0133D8B21A284FF001010F
S21402F050E5D90A442270BDE8F840FFF775BF0020E4
S21402F060F3F72EFB0028E7D0F5E700BF946B0020ED
S21402F0704263002014570020045700203D630020FE
S21402F0800857002043630020A05C00204163002054
S21402F0909D6C0020185700203F63002008B50B4BDC
S21402F0A0187880B90221F3F7CDFA094B1B782BB1F9
S21402F0B000214FF6FF720846F3F7A6FABDE80840AD
S21402F0C00448FFF773BF00210846ECE742630020BE
S21402F0D03E630020946B002038B5144B0C461D7816
S21402F0E0012D21D181B90846F3F7D8FA104A05FA5C
S21402F0F000F013680F4923EA0003136020462A46ED
S21402F100BDE838400BF042B90B4A13780133DBB244
S21402F110022B137004D9BDE838400848FFF746BFF3
S21402F120FFF74CFE0028F6D138BD00BF4263002030
S21402F13018570020F9A703003F630020946B0020B5
S21402F14038B50C4605460BF083F9A04203D82D21AC
S21402F15003480BF0A2FC28460BF05EF9204438BDAB
S21402F160B44D040070B506460D460BF055F904463C
S21402F17048B130460BF06CF9A84203D83521024854
S21402F1800BF08BFC605D70BDB44D040070B50C4690
S21402F190064615460BF05CF9A04203D83E21044809
S21402F1A00BF07BFC30460BF037F900B1055570BD0D
S21402F1B0B44D04002DE9F0438FB007460C461546C1
S21402F1C01E469DF85880F8F755F920B1F4F796FEDA
S21402F1D008B144F400544D4B1B7813B924F4007460
S21402F1E0A4B2200509D546B9284604A9F5F750F970
S21402F1F0002846D024F40064A4B2ADF81840ADF856
S21402F2001A5007F06EFD424BADF81C00B8F1000F25
S21402F21002D01A78424501D293F800803D4AE105B1
S21402F220137848BF0DF1210103F10103DBB213701D
S21402F23058BF08A922058DF81E808DF81F3006D506
S21402F2403368083141F8083C736841F8043CE3042B
S21402F25007D5314A0831136841F8083C536841F82B
S21402F260043C0DF11808A1EB08005FFA80F90021B2
S21402F27048460BF045F9064628B900200FB0BDE80F
S21402F280F08304AEB9E70BF0C7F841464A46ECF7FE
S21402F29053FC30460BF0DCF8804630460BF0BCF8E8
S21402F2A00023024600934FF6FF7004235FFA88F1AC
S21402F2B007F039FBADF80E000028DED040F201134D
S21402F2C01C421AD14FF6F7739D4216D80BF0C0F8BF
S21402F2D00DF10E010446284600F090FDBDF80E0022
S21402F2E00BF0B6F8E4B2A04207D9BDF80E0007F05C
S21402F2F067FB437843F004034370BDF80E003A46BA
S21402F30001210BF0D5F8BDF80E00B7E771620020B8
S21402F3105A6C002073620020F8620020F0B50829BB
S21402F320D58889B028D00C2926D0AE0424D405F07E
S21402F33040030B43424C267816B105F020042343C3
S21402F3402FB2002FB8BF43F08003032920D1122327
S21402F350AC068DF80430937A10D48DF805300DF192
S21402F360060401A9621A012392B2F4F7DBFBB0FA93
S21402F37080F0400909B0F0BD0B46DBE732228DF87B
S21402F38005308DF80420002EE9D00DF11304E8E7CD
S21402F3900C298DF804300ABF138953798DF805308D
S21402F3A0548805BF1B0A8DF806308DF805300DF11E
S21402F3B0070318BF0DF106031C70240A5C7014883C
S21402F3C002399C70240ADC70147901291C7111D848
S21402F3D0917A002F597131DA022112899971DA7104
S21402F3E0120A03F109041A72002EBAD0AB06B8D577
S21402F3F00534B6E7A9071AD4002F0CDA117A51B1F0
S21402F400917A59711189127A03F1080492B1022293
S21402F4109A71D971E8E70B4C217801F1010C84F856
S21402F42000C091729C1D002F5971DDDAEAE7917ACD
S21402F4309C1DF8E70122090A9A71EAE79C1DD3E7A8
S21402F4407162002072620020014B1880704700BF74
S21402F450A25C0020014B1888704700BFA25C002007
S21402F4602DE9F84307460BF011FB05461B480BF047
S21402F47084FC1B4B60B31C683C1B2C44A4B20022C9
S21402F480184BDFF868901B78174D03EB830399F847
S21402F490006005EB43055FFA82F846450AD9AB8859
S21402F4A005F10A00A34216D90A23B21A29465A437C
S21402F4B0ECF704FA013689F80060AC80B8F1000F68
S21402F4C003D1394605480BF093F82846BDE8F88381
S21402F4D03C461D60D3E705460132DCE7B46B0020EC
S21402F4E020570020446300203A5B0020456300203A
S21402F4F01FB5154A154C1378013BDBB213706168D1
S21402F500206801AA03C221891180114A1278D218F2
S21402F51005D00A2320465A43E118ECF7CFF99DF8A6
S21402F52006301B070DD0BDF80C00FFF799FF034607
S21402F5308288ADF8082001AA03CA128818605960AA
S21402F5401A8104B010BD00BF446300203A5B00205D
S21402F55045630020002108B5084B09481970094B7D
S21402F5601970094B1A7802EB82025200ECF754F932
S21402F570BDE808400548F4F781BB00BF456300209C
S21402F5803A5B002044630020646C0020B46B0020C9
S21402F590F8B50024084D094F094E3B783178E2B29F
S21402F5A00B449A4204F1010400DBF8BD2846F4F746
S21402F5B075F80A35F1E700BF3A5B00204563002084
S21402F5C04463002010B5064C207828B1054807F0A1
S21402F5D023FF10B1034B188810BDFFF789FFF3E72E
S21402F5E0446300203A5B002008B50A4A03461078B6
S21402F5F060B1094A1088984209D121B9937810332C
S21402F60023F00F039370FFF773FF012008BD00205D
S21402F610FCE700BF446300203A5B00202DE9F74F69
S21402F62000260BF033FADFF8F890B24699F800702D
S21402F630B3463A46DFF8EC801FFA80FEB8F800C000
S21402F640344CAEEB0C039BB201932378324D0093FD
S21402F65003EB830305EB4303ACEB0E0C5FFA86FE6B
S21402F660BE4515D3BAF1000F01D0009B2370BA42F3
S21402F6702AD3002F37D00A222378C8F8000002FBCC
S21402F68003532648998803B0BDE8F04F0AF0B0BF8E
S21402F690B3F804E001998E4512D84FF0010A00999A
S21402F6A093F802E001310EF1FF3EC9B2013AA3F827
S21402F6B004B083F802E00091D2B20A330136CDE7F5
S21402F6C0E644A3F804E0F8E789F800204AB10A22E3
S21402F6D02378C8F8000002FB0353104899880AF002
S21402F6E087FF237813B903B0BDE8F08FFFF76AFFF0
S21402F6F006460028F5D007F097F80146304607F090
S21402F70088FE20B100212888FFF76EFFE9E740F661
S21402F7100241F8E7446300203A5B0020B46B002005
S21402F72045630020205700202DE9F04192F808801A
S21402F7301F4608F1FF33DBB2EF2B05460E46144692
S21402F74088B00BD982238DF80E30314628469DF8B4
S21402F7500E30204AFEF740F8012037E00E22002144
S21402F76004A8ECF759F8B4F809308DF81180ADF812
S21402F7701230E37A03F07F02032A08D0012B24D149
S21402F78003238DF81030A389ADF815300EE0032B55
S21402F79014BF022301238DF81030E368CDF815302C
S21402F7A02369CDF81930237D8DF81430A7F1210195
S21402F7B04A420DF10E034A41009321460DF10F0312
S21402F7C004A8FDF737FC0028BFD1002008B0BDE82A
S21402F7D0F08100BFC00204002DE9F04F00241D781E
S21402F7E095B0CDE902010492234622460120CDE9D6
S21402F7F00054404908F081FFADF81E00F8B1A34658
S21402F800264627460DF120090DF1380AE8F7A4FF2F
S21402F8105FFA84F8404516D83A460221BDF81E0023
S21402F820FFF7B4FC32460421BDF81E00FFF7AEFC1B
S21402F830DDE903100022BDF81E30FDF7CDFF0120E2
S21402F84015B0BDE8F08F4A4640460AA9FDF7E4FB2C
S21402F8509DF8282022B12DB1013DEDB20137FFB24D
S21402F8600134D3E7BBF1000FF8D199E803009DF805
S21402F87029308AE803008DF84030BDF82A30032A82
S21402F8808DF841304FEA13238DF8423017BF032319
S21402F89001238DF843309DF82C30DDF83110DDF869
S21402F8A02D0014BF8DF84C308DF8433011AB03C3D6
S21402F8B002980CBF4FF00E084FF0150808F0C4FA75
S21402F8C00590BDF81E000AF0C3FD059900EB08037B
S21402F8D099420BDB0123424651460DF11E00F4F716
S21402F8E021F90028ABD10136F6B2B7E74FF0010B8B
S21402F8F0B4E700BF974D040038B505460D4B0E48D9
S21402F9001C88F4F7A7F9012D0CD10C4B1C88FA21A0
S21402F910614358B1884209D28408012C204638BF78
S21402F920012038BD022D08BF0224F0E702480AF083
S21402F9305FFEF2E7365B002050470020345B002073
S21402F940012208B5054B06481A7000210AF050FE3F
S21402F950BDE808400020FFF7CFBF00BF5C62002072
S21402F960504700201E4B73B51A8802F108039BB25B
S21402F970012B02D81B4B1B7823B902B0BDE870409E
S21402F980F4F77CB90024184B184D1C70184B1C70E9
S21402F9902B787BB14FF6FC73164E00932246234615
S21402F9A02146308808F076FC4FF6FD732C703380C3
S21402F9B001200FE0104B1046197807F028FD0028AA
S21402F9C0F6D10C4B1A884FF6FD739A42F0D00123FB
S21402F9D002202B7002B0BDE87040FFF78DBF00BF5B
S21402F9E0385B00205C6200205F6200205D620020BF
S21402F9F05E620020325B002060620020012808B5AB
S21402FA000AD002280CD020B9084B18700848F4F720
S21402FA1035F94FF0FF3008BDBDE80840FFF790BF4C
S21402FA200020BDE80840FFF767BF00BF5C62002009
S21402FA305047002002280CD859B1064A13780133E1
S21402FA40DBB21370044A12789A4202D80220FFF7F9
S21402FA50D5BF70475E6200206162002038B5A0F60E
S21402FA601343012B04460D4615D80E4A137801336C
S21402FA70DBB213700C4A12789A420CD84FF6FD721B
S21402FA800A4B00201988914201BF00221D80084BB4
S21402FA901A70FFF731FF29462046BDE8384005F0C8
S21402FAA0F3B800BF5F62002062620020325B002073
S21402FAB05D62002000234FF6FD71054A1370054A69
S21402FAC01370054A1180054A1370054A1370704771
S21402FAD05F6200205E620020325B00205D620020D2
S21402FAE05C62002030B5094B02461B7833B1084BE6
S21402FAF0084C19780023D8B2884201D3FF2004E0CC
S21402FB00013334F823509542F5D130BD636C0020A2
S21402FB1064620020125B00200022FF21044B05488D
S21402FB201A70054B1970054B1A789200EBF774BEE3
S21402FB3064620020165B002063620020636C002073
S21402FB40F7B58DF807100DF10701044603F068F8C3
S21402FB50234B1D78002D41D02046FFF7C3FF214ED0
S21402FB60FF283178204B05D1204A107885422DD9BE
S21402FB70451C1570884219D01C4A1B4D92F800C0CD
S21402FB800022D7B2BC450CD92F4697F803E00132C3
S21402FB90864505F10405F4D102B203EB8202D2785F
S21402FBA0FA7002B203EB8202D170307002B203EB3B
S21402FBB0820123F82240FF228A709DF80720FF2A3E
S21402FBC002D003EB8203987003B0F0BD0A461046DB
S21402FBD003EB8202D278FF2AF9D1CBE7FF20F3E7C4
S21402FBE0636C002063620020165B002064620020C3
S21402FBF02DE9F843FFF776FFFF28044669D04FF653
S21402FC00FF72354F03B2DFF8DC80344E27F823202C
S21402FC1098F80050A54202D10020BDE8F883337858
S21402FC2020B28100A34207EB800090F803E010D0D8
S21402FC300023294A5FFA83F94D45944606D99CF873
S21402FC4003900133A14502F10402F3D18CF803E0DC
S21402FC5001E086F800E0013DEDB22A1BD2B2043183
S21402FC6092003944EBF72AFE88F800503378FF2BCF
S21402FC7004D0A34224BF03F1FF33337000214FF6B2
S21402FC80FF70154BCAB2AA420CD300234FF6FF717F
S21402FC90134ADCB2AC42BBD2013332F823008842AC
S21402FCA0F7D1B5E79A78A2420BD11880DA78FF2A04
S21402FCB004D0A24224BF02F1FF32DA7001310433CB
S21402FCC0E0E7FF2AF2D0A24224BF02F1FF329A7086
S21402FCD0ECE72D20A1E700BF165B00206362002040
S21402FCE0125B002064620020F8B51C4B05461B78A8
S21402FCF0084673B3FFF7F6FEFF28044629D02846C7
S21402FD00FFF7F0FEFF2806D0154B164E1A78002392
S21402FD10D9B2914218D3FF212846FFF711FFFF28D8
S21402FD20014616D00546104F23B207EB830237F87A
S21402FD3023009678FFF704FFA84208BFFF25FF2E90
S21402FD40214608D12846F8BD013316F82310814211
S21402FD50DED1FF25F6E73446E6E700BF636C0020F7
S21402FD6064620020145B0020165B00202DE9F0413F
S21402FD7080460E461F46002386B001A814469DF80C
S21402FD8030508DF80330FEF7A7FCADF804802EB194
S21402FD903368CDF806307368CDF80A3038460AF074
S21402FDA03BFB0DF103034219214601A804F078FF3C
S21402FDB09DF8033093B931464046E8F7C1FE0E4B34
S21402FDC01B785BB10B2C09D8FF214046FFF7B8FE23
S21402FDD0064605EB4404E4B2A54202D106B0BDE8ED
S21402FDE0F0812946384608F02BFC3146FFF7A8FE7C
S21402FDF002350646EDB2EFE7636C002000232DE9DC
S21402FE00F3470DF107028DF8073004460E4602F05E
S21402FE10F2FE9DF80730054663B92046FFF762FEFC
S21402FE2004465EB130880AF013FB5FFA80F8FF2CB6
S21402FE3045D10025284602B0BDE8F087B046F6E771
S21402FE4001320C2AF5D02DB207EB8505AD78FF2DD1
S21402FE50F6D112F0FF0AECD04FEA4A050235EDB2AF
S21402FE60002EE7D0304605EB080108F0AEFB00286E
S21402FE70DFD1524641463088FFF788F90AF1FF3251
S21402FE8008F1010108F102093088D2B2C9B25FFA5C
S21402FE9089F9FFF77BF924B207EB8404A478FF2CD8
S21402FEA0C8D023B2494637F82320308808F0D8FB5A
S21402FEB00028BED109F102095FFA89F9EBE7254667
S21402FEC00022014FBFE700BF165B002008B5D5F73A
S21402FED0B7FDD5F787F900F04AFAD6F7D5FEBDE8A2
S21402FEE00840D4F733BF10B5044601880120D5F781
S21402FEF065FEE3880BB9C823E38010BD37B5044618
S21402FF00D5F76AFE658885420ED8A188E2888142C6
S21402FF1005D3431B5343491BB3FBF1F39AB280B29A
S21402FF2040EA024003B030BD0022F8E770B50C4646
S21402FF30088800F04BF994F84430054683420FD007
S21402FF4004F11C06304600F07CF984F8445000F0B8
S21402FF507CF9618BA0643046BDE8704000F06CB955
S21402FF6070BD38B5044690F844108378826CCB1A7C
S21402FF7059425941D4F754FFE37893B1257985B9AC
S21402FF8000F063F90346A268218A04F11C009C1A59
S21402FF908C4236BF52182946D11ABDE8384000F0C6
S21402FFA04BB938BD09B100F0FDB800F005B938B557
S21402FFB08388044603B3E3780088A17804F10C052D
S21402FFC0A3B10023B1FA81F1E3704909FFF7EAFF12
S21402FFD04FF6FF72A388218993421CBF03F1FF33B9
S21402FFE0A3802846BDE8384000F026B90123E37016
S21402FFF0FFF7D8FFE188F4E738BD10B504468178EC
S2140300000088FFF7CFFF0123E3700023A38010BD12
S21403001010B581780446B1FA81F100884909FFF7E3
S214030020C1FF0023E370A38010BDFFF7F1BF70B5D7
S2140300300446054600262B4655F8040B10B11B1B39
S2140300400C2B00DD70BD237C8680002BF3D0637CF5
S21403005013B1FFF7D2FFEEE7FFF7DAFFEBE7FFF7A1
S214030060E6BF70B5044605464FF6FF762B4655F8B1
S214030070040B10B11B1B0C2B00DD70BD8388B34231
S214030080F4D04FF4FA724FF6FF731146D4F71CFF01
S214030090ECE709B100F086B800F08EB810B5044658
S2140300A0C0600830D5F7FCFE21792088B1FA81F1CB
S2140300B04909FFF7EEFFA37943B121796088B1FAC6
S2140300C081F1BDE810404909FFF7E3BF10BD00F01A
S2140300D0A9B80346184613F8012B8A4201D0002A12
S2140300E0F8D1704710B53B2104460068FFF7F1FFCF
S2140300F00022034603F8012B2068236010BD10B5C9
S21403010040B1421E0A24002012F8013F303BD9B208
S214030110092900D910BD04FB0030F5E708B500F047
S2140301207EF808B540F2BA4200211020D5F7C4FC89
S21403013041F2E823584340F6FF7300F2FF70B0FB2A
S214030140F3F080B208BD50F80C3C23B150F8041C01
S21403015030F80E0C18477047084619B1FF211030C7
S21403016002F070BC704773B505460E466DBA14466A
S214030170D5F7CCFDADF804507EB1012C04D0032C8A
S21403018009D00022012101E02246022101A8D7F767
S2140301908BFF02B070BD0022F7E7042132460DEB59
S2140301A00100F4E707B540BAADF8040001A8D7F795
S2140301B0AFFF03B05DF804FB07B540BAADF8040023
S2140301C001A8D7F7D1FF03B05DF804FB002307B5FA
S2140301D040BAADF804000DF1030101A88DF8033011
S2140301E0D7F7EEFF9DF8030003B05DF804FB007835
S2140301F000F0DF03552B07D0642807D0663818BFF6
S2140302004FF0FF30C0B2704701207047032070479D
S21403021018B12D280CBF012002207047704708B57F
S21403022002F002F808B500F083F8BDE8084004F0D1
S21403023005BD50E9023018470A460830FF2102F090
S214030240F8BBFF21083002F005BC08B50AF07DFCB8
S214030250BDE8084009F094B913B500240DF1070072
S2140302608DF8074003F09CFC40B99DF8070003385F
S21403027003288CBF0020012002B010BD2046FBE7F8
S2140302802DE9F041044600274FF00C0E8F4202DBA7
S2140302900020BDE8F0812078904204D1002594F830
S2140302A00780454502DB01370C34EFE70EFB05F606
S2140302B0D4F808C00CEB06003CF806609E42E8D073
S2140302C00135EEE7F0B585B005460E461746D5F779
S2140302D03DFE0446A0B131462846D5F7EFFD8378A8
S2140302E03A46002BA36831460293A3782846019327
S2140302F04FF0000300930CBF80234023E4F7BCFEBB
S21403030005B0F0BD08B51288D5F720FE50B10279C6
S214030310BDF80C309A4207D881680298EBF7CEFAFC
S214030320002008BD8620FCE78920FAE7D5F712BF30
S214030330002004F0FFBC08B504F064FD002814BFD9
S2140303400320002008BD10B50446FFF785FF20B143
S2140303502046BDE81040DFF7D5BD10BD08B5FFF752
S2140303607BFF18B1BDE80840DFF7BEBD08BD704788
S21403037008B502F043FAFFF7A9FDD5F757FF642047
S214030380DFF7D0FD6420DFF7BDFD02F039FAD4F7BE
S2140303900BFD08F04FFDF8E7642230B542F2107506
S2140303A0418AB0F87E305143848A681A834202FB3E
S2140303B004F40AD2A3420AD91B1B02FB03F021440E
S2140303C06D1AB0FBF5F0C0B230BD1046FCE7002056
S2140303D0FAE710B589B1632911D86424828A438A5F
S2140303E0624304FB0323C3F51C53103301FB03F0E2
S2140303F0B0FBF4F0104480B210BD0846FCE742F2AE
S2140304001070F9E738B5037B0446002B36D0FFF7A8
S2140304101CFF217BE289022903D1238A002B18BF04
S2140304201A466423534342F210721FBFD4F8845013
S214030430401B5043B0FBF3F20129B4F8883017D1C0
S214030440134442F21072934228BF13469BB2A4F899
S2140304507E302046FFF7A0FFA37D83420ED0A07513
S214030460082260784FF48171BDE83840FFF72ABF51
S214030470934201D39B1AE9E70023E8E738BD10B59A
S2140304800446B430FFF7DDFE04F1DC00BDE810409F
S214030490FFF7D7BE037BC189022B03D1038A002B48
S2140304A018BF1946642342F20F724B43DC30934263
S2140304B098BF6421FFF7C0BE10B50446FFF7A2FF3E
S2140304C0237B23B12046BDE81040FFF7E3BF10BDF2
S2140304D010B504464FF6FE71D6F748F8B4F88030E8
S2140304E02046A4F87E30FFF757FFA37D834208D04B
S2140304F0A075082260784FF48171BDE81040FFF7BD
S214030500E1BE10BDF8B50E460446154600F18C074D
S2140305103846FFF796FE29463846A4F87C60BDE8C1
S214030520F840FFF789BEF8B504460D46FFF78DFE83
S2140305304FF6FE71A36F8D42227BA0EB030717D104
S21403054062B94FF6FF75B4F87C30AB4205D004F1C0
S2140305508C00FFF776FEA4F87C50F8BDC72F1BD897
S214030560C8331A1A29462046BDE8F840FFF7CABF23
S214030570B4F87E60AE422CBF02260126B24211D1E9
S2140305804FF6FF76B4F87C30B34205D004F18C0006
S214030590FFF757FEA4F87C6029462046BDE8F840DE
S2140305A0D5F7E4BFC72FDBD9002AF5D02046D5F709
S2140305B0DDFFC822D6E74FF6FF73994201D0FFF757
S2140305C0B2BF70474FF6FF72B0F87C10A0F87C20DD
S2140305D0FFF7F1BF42F21071FFF7A5BF0021FFF747
S2140305E0A2BF4FF6FE71FFF79EBF4FF60173994207
S2140305F010B5044603D14FF6FE71FFF794FF638AE6
S2140306002046322B84BF32236382A38A322B84BFD5
S2140306103223A382BDE81040D6F74EB8032910B59F
S21403062004462BD0007B30B9012903D002290CBF26
S2140306300120FF2010BD032A07D8DFE802F00208D6
S214030640101401291CD002291FD0FF20F2E700292D
S214030650FBD1B4F85C20012A12D0022AF4E704295D
S2140306600ED00529F0E7042914D0052914D0002953
S214030670EBD1B4F85C20111F0129ECD80220D9E78E
S2140306805A1E534253415800D4E7022B0CBF022094
S2140306900120CFE70020CDE70120CBE730B587B0B8
S2140306A005460C46D5F744FD012820D11CB1611E32
S2140306B04B424B4158006B784FF480728DF80430F0
S2140306C04FF48273ADF806304FF48173ADF80830FB
S2140306D001238DF80B30002385F8900001A8CDE99F
S2140306E003238DF80A408DF81430D5F759FD07B06B
S2140306F030BD41680346C978027B99B98168C978D9
S21403070099B9002A08BF0321D6F714B99B7B002B9F
S2140307100CBF01210221F7E79B7B002B0CBF0221B4
S2140307200121F1E7012AF1D17047012AF4D170477C
S214030730042910B5044604D831B1BDE81040D6F7F5
S2140307407DB905290DD010BD037B5522002B08BFAC
S2140307500321A0F85C1040781221FFF7B3FD204672
S214030760EBE743681A8A83681A82E6E70123037372
S2140307700378013343734FF44073C3810323037435
S2140307800023A0F85C3080F89030704738B50446F4
S2140307900D4601B945890123E373FFF756FDFA2297
S2140307A002FB050020612089BDE838405043FFF76F
S2140307B0CABD10B50446806BD8B1E278022A04D0CD
S2140307C0636B5B7972B984F83C3094F83C306BB158
S2140307D0FFF713FC60784FF60272BDE8104006215F
S2140307E0FFF770BDB3FA83F35B09ECE7FFF710FC82
S2140307F0F0E710BD10B50446406BD4F7CDFB20469A
S214030800BDE81040FFF7D5BF10B50446406BD4F7DC
S214030810E7FB2046BDE81040FFF7CBBF10B5044604
S214030820406BD4F703FC2046BDE81040FFF7C1BF7A
S21403083010B50446002206214078FFF743FDA3784F
S214030840022B01D0FF2B04D12046BDE81040D6F77B
S21403085057BC10BD4FF60273994210B5044601D13A
S214030860FFF7A7FFE378022B02D02046FFF7A1FF8E
S2140308702046BDE81040D6F743BC10B5D0F8A440D8
S2140308807CB103791BB14079D6F7FAFC48B9A38843
S2140308903BB932222046BDE8104001231146D4F767
S2140308A013BB10BD10B50446FFF7E7FFA278237904
S2140308B082B913B12046D6F709FD2046D6F746FD82
S2140308C003236078A4F86C305522BDE8104012214B
S2140308D0FFF7F8BC012B02D12046D6F7F7FCA37925
S2140308E0012B02D12046D6F731FD0123E9E710B5E7
S2140308F083780446ABB9FFF7C0FFA3788BB9237997
S21403090013B12046D6F702FD2046D6F763FD04232F
S2140309106078A4F86C305522BDE810401221FFF72A
S214030920D1BCB4F86C30022B0DD02379032B02D143
S2140309302046D6F7CBFCA379032B02D12046D6F765
S21403094005FD0023E4E72046D6F786FDF9E782781F
S21403095083685AB9DB78002B14BF03230423A0F85B
S2140309606C30552212214078FFF7ACBC1A7922B9B5
S214030970DB78003B18BF0123F1E70223EFE77FB5DF
S21403098000239E6A0446B6F5804F0D460CD201A896
S214030990D6F70EFF039B5B0506D529462046336C28
S2140309A004B0BDE87040184704B070BD00239B6ACE
S2140309B0B3F5804F05D21B6BB3F5804F01D29B680E
S2140309C018474FF4817070471FB500239A6AB2F533
S2140309D0804F04D340F2011005B05DF804FB126BA0
S2140309E0B2F5804FF6D2012201A8CDE902338DF885
S2140309F00420D6F7DDFE039BDB03EBD5029B1A0E22
S214030A00E8D0012A03D1C3F307430A2BE2D9002314
S214030A109B6A1B6B1B6C9847DEE708B50AF04CFA1B
S214030A20B0FA80F0400908BD134610B542B103433F
S214030A309B0707D10AF044FAB0FA80F0400910BDCC
S214030A400120FCE70020FAE70023036070470368F1
S214030A500B600160704710B538B132B129B100237D
S214030A600139D45C14B90023037010BD8B42FAD24B
S214030A7000F8014B0133F4E7034638B10020814206
S214030A8004D01A5C02B970470130F8E770474FF09C
S214030A90FF31FFF7F1BF70B50C461646054660B149
S214030AA05AB151B1FFF7F3FF844206D9211A3246F1
S214030AB02844BDE87040FFF7CEBF70BDFEE7FEE7F3
S214030AC000239A4200D1704710B550F8234041F8EE
S214030AD0234001339A42F8D110BDD7F7C9BA436908
S214030AE0426CD91C143AB1FBF2F103EBC10003309C
S214030AF0B0FBF2F00230704738B505460C46FFF7F8
S214030B00EEFF6A6CE31D143AB3FBF2F3013304EB16
S214030B10C30402FB004038BD38B505464469214688
S214030B20FFF7EAFF6A6CE31D143AB3FBF2F30133F3
S214030B3004EBC304204438BDF7B507460E4600252C
S214030B407C6CA819644280EA06031C4003D02C463A
S214030B50204603B0F0BDFB6B01225B6901A99847F1
S214030B60019B0133F4D10435EAE770B505460C461C
S214030B70D9F754F8EB6B2046BDE87040DB6818479E
S214030B8070B50025044686B00562E369AB4202D819
S214030B90206A06B070BD666C2068E36B05225B694D
S214030BA001A906FB0500984701A800F023FC00F006
S214030BB046FC10B1236A013323620135E5E738B5F5
S214030BC00446456C006804F1400305FB0101E06B35
S214030BD000F042FC05462046FFF7D2FF284638BD04
S214030BE0F0B50546002687B0EC69013CB44203D84D
S214030BF00C46204607B0F0BD01B14C1E6F6C28684A
S214030C00EB6B05225B6901A907FB0400984701A863
S214030C1000F0F0FB00F013FC0028EAD12146013671
S214030C20E2E7F0B504460D46466CE36B006887B012
S214030C3005225B6901A906FB0500984701A800F099
S214030C40D9FB00F0FCFB20B101A800F0AAFB07B01B
S214030C50F0BD29462046FFF7C3FF0646676C2068AB
S214030C60E36B05225B6901A907FB0600984701A809
S214030C7000F097FB431CEAD0B54238BF0130E6E7E5
S214030C802DE9F0434FF6FF79D0F8248004460E464C
S214030C90C84514BF45460025002787B0E369BB4215
S214030CA002D807B0BDE8F083E26B2368606CD2F825
S214030CB014C000FB0530052201A9E04701A800F097
S214030CC099FB022806D0C8450CD1721C294620463B
S214030CD0FFF775FFE3690135B5FBF3F2013703FB55
S214030CE01255DBE729462046FFF79BFFB0F1FF3F8F
S214030CF014BF024632460132E8E70368F0B5CC1A61
S214030D00436C0646B4FBF3F4002587B0F3693768F3
S214030D105A1E9542706C08D3706C336800FB04301F
S214030D2007B0BDE8F04000F095BB0134B4FBF3F226
S214030D3003FB1244F36B05225B6901A900FB0470F5
S214030D40984701A800F056FB00F079FB0028E3D192
S214030D500135DBE710B423F0030422449B070A445F
S214030D60436C18BF04325B4281EA0204234203D079
S214030D705DF8044BFFF7C1BF10465DF8044B7047A0
S214030D802DE9F041D0E90A369E42044686B028D1C2
S214030D901422C369456802FB1355284606B0BDE80E
S214030DA0F0812068676C331AB3FBF7F3E26B07FB3B
S214030DB00300D2F8148001A90522C04701A800F059
S214030DC019FB012804D0636C1D44013B3340ED1A24
S214030DD031462046FFF791FF0646A36AB342E0D1A9
S214030DE0DBE70025F9E708B508301346D1E900121A
S214030DF0D8F79AFE012008BD13B50C4600212176CC
S214030E000093616813462246D7F788FA18B1E37D44
S214030E1003B1A07EA075A07D02B010BD73B51646C3
S214030E2000F108050C46284609680DF1070200F094
S214030E3098F9032E06D16368834203D128462168B6
S214030E4000F076F9012002B070BDD01E009B42422E
S214030E504241187E824211D11A688A420ED85A68D5
S214030E608A420BD35A6901325A61D3E9030282429A
S214030E703FBF986840F8221001321A61012070477C
S214030E8010B5032A029C07D1A26A5340626C5242F1
S214030E90134201D100F04CF9012010BD08B5C36818
S214030EA000209847BDE80840D8F7C0BE012814BF05
S214030EB00420022070B5002442431C70CC7D101D14
S214030EC002F002024CB91AB1012220F003001A7094
S214030ED000F108034868184470BD1AB1012220F0D7
S214030EE003001A7000230C7E01F12005DAB2A24239
S214030EF001D30020F0E735F833205E1C824206D982
S214030F0001EBC30300F10802D8691044E4E7334653
S214030F10801AEBE773B5054690F842601C463046E8
S214030F200DF10303FFF7C2FFEB6B012E5B690DD1D7
S214030F30324601A998479DF8033013B1BDF8063031
S214030F400193BDF80430236002B070BD0122214630
S214030F5002B0BDE870401847F0B50546002448685F
S214030F60EB6B87B00E4601225B69029402A9083038
S214030F709847274695F84230012B40F0AC80632C07
S214030F8000F2AB80612C08D805AB224631462846D2
S214030F90FFF7C0FF9DF814305BB305AB224631461E
S214030FA028468DF81070FFF7B5FF95F84230012BF1
S214030FB0059B7FD14FF6FF72934256D0082205A9B0
S214030FC004A800F063FA059B9DF81010C3F30722EC
S214030FD091424AD1DBB2029A1A44029245E0DCD02F
S214030FE005AB224631462846FFF794FFBDF814307A
S214030FF0D2E795F84230012B39D1612C2ED8224600
S2140310003146284603ABFFF785FF3146284604AB37
S214031010621CFFF77FFF3146284605ABA21CFFF78D
S21403102079FF102208230DEB02010DF107008DF85E
S214031030073000F02BFA102205A90DF1070000F087
S21403104025FA039BDAB24AB99DF80720B2EB132FB1
S21403105004D1DDE9043203EB0243029395F84230F0
S214031060012B14BF012302231C44013482E7302CD6
S214031070F4D822463146284603ABFFF74BFF3146EA
S214031080284604AB621CFFF745FF102320220DEB16
S21403109003010DF107008DF8073000F0F7F9039B05
S2140310A09AB2002ADAD19DF80720B2EB134FD5D1B6
S2140310B0049BD2E70133D8D0102205A90DEB02001A
S2140310C000F0E4F9059B9DF81010C3F30742914224
S2140310D0CBD19BB27FE7312C81D9029807B0F0BD04
S2140310E013B500240194049C0094D7F7F3FD02B0D3
S2140310F010BD13B501240194049C0094D7F7EAFDB0
S21403110002B010BD00234FF0FF3230B544689C4256
S21403111002D10023037230BD016801EBC30541F819
S21403112033206A600133F2E7C0E90012FFF7EABF33
S2140311300023F0B545689D4210D00468DF0054F8DC
S214031140332004EBC306B2F1FF3F08D0C2F3130209
S214031150914204D14FF0FF33E3517360F0BD013386
S214031160E9E70023F0B545689D4202D14FF0FF3012
S2140311700EE00468DE0054F83340671C09D0C4F35D
S2140311801307B94205D1240D147003683344586815
S214031190F0BD0133E8E7704770B594002246054674
S2140311A00E4609F08DFE431C0AD058B92246314636
S2140311B02846EAF77DFE002814BF3D20002070BDB8
S2140311C06E20FCE77120FAE713B5044601A8D9F7A9
S2140311D0ABFD9DF8063023804FF480736380D9F708
S2140311E0B1FD6060002002B010BDD9F721BD08B57F
S2140311F0D9F712FD002008BD10B5044644EA0103E2
S21403120013F00303084609D1934201D1002010BD11
S21403121054F8231040F823100133F5E721469200D3
S214031220EAF78AFCF2E710B5044609F045FE431CCC
S21403123010D088B9D9F786FD234620F00300204452
S214031240984201D1002010BD53F8042B0132F7D089
S2140312503E20F8E76E20F6E77120F4E7704713B5F3
S2140312600023044601461B220DF107008DF80730C4
S21403127000F00CF922689DF80730B3EBD26F0CBF71
S2140312800120002002B010BD13B50023044601461A
S21403129020220DF107008DF8073000F0F7F80DF166
S2140312A007001A22211D00F0F1F862689DF8073046
S2140312B0B3EB926F0CBF0120002002B010BD006894
S2140312C0431C584258417047006810F07E0F0CBF0D
S2140312D0C0F3C160002070470068C0F3D3107047A6
S2140312E0006800F07F0001288CBF002001207047B3
S2140312F0036813F07E0F14BF0420082070470368AA
S21403130013F07E0F03D1406820F07C40704713F043
S21403131078001CBF03F07F03D81F7047006800F0F7
S2140313207F007047032809D0022803D1C1F10201C8
S214031330C8B2704700290CBF07200020704737B596
S214031340054601F10C044369694601222046984785
S214031350BDF80030012201932046AB6901A99847E6
S21403136003B030BD37B501F10C0443690122694669
S2140313700546204698474FF6FF72009B99B2914266
S2140313800DD16FF30F0343F4254343F0A5030193F5
S21403139001222046AB6901A9984703B030BD00205F
S2140313A0FBE737B5044600251B22011D0DF1070098
S2140313B08DF8075000F06AF860689DF80720B2EBD6
S2140313C0D06F03D120F0784003B030BD0DF1070095
S2140313D01B2204F108018DF8075000F057F8A068A7
S2140313E09DF80730B3EBD06F01D1C043EAE74FF067
S2140313F0FF30E9E74BF29A22036810B5B2EB134FBE
S214031400044613D19BB2012B13D1FFF7CAFF013059
S2140314100CD04FF6FF72E068B2EB104F4FEA104362
S21403142009D180B2C01A18BF012010BD236801334A
S21403143003D00420F9E70220F7E70320F5E70128A5
S2140314408CBF002001207047033801288CBF002082
S21403145001207047143070472DE9F0410546984641
S214031460036908460E4617469847044638B9434666
S2140314703A4631462846D8F749FC044618B1314661
S2140314802846FFF75CFF2046BDE8F0811F2A0B685D
S2140314909EBF4FF0FF3191408B43590801F0553101
S2140314A05B1A03F033319B0803F033330B440178A4
S2140314B003EB13130A444FF0013103F00F334B438E
S2140314C0A2EB13620270704708B507F05BFBBDE83A
S2140314D008400021D8F724BD02210320D8F71EBFF9
S2140314E0704770477047704770B5054614460E46FA
S2140314F009F0D1F92B685C4034405C402C60BDE8B1
S214031500704009F0C3B910B5002422B1032A0CD0E9
S2140315100360047110BD11F4000218BF4FF07F4240
S21403152021F07F4313430C0EF2E721F0FF03CCB206
S214031530EEE730B5012400F5805345685C60CB7850
S2140315404A785B0443EA02230A7813438A78120430
S21403155002F480321343C0F89830EB075CBF00F503
S2140315600050446030BD70B501260C46054600F5B4
S21403157000535E600B78497803F0070343EAC10320
S214031580E17843EA0123A178090101F030010B4316
S2140315900367C36AA17923F48B3323F4807343EA86
S2140315A001432179090201F4E0610B4361790903E0
S2140315B001F480510B43C3621146FFF7BAFF05F5EA
S2140315C080535E60E37903B1EE6070BD08B50A6FC1
S2140315D0C96F02F00702FFF796FF08BD13B504466E
S2140315E001A8D9F7A1FB042C04D8DFE804F00616FB
S2140315F003101300002002B010BD40F29C4040F2DE
S214031600BA439DF80520012A08BF1846F3E740F6BB
S214031610B830F0E74FF41660EDE740F2E240EAE751
S2140316204FF050234FF400321A6770474FF0B04321
S2140316305A6812B19A6A002AFAD1704770B50546FD
S21403164014460E4609F027F92B685C4034405C408C
S2140316502C60BDE8704009F019B90122417803787F
S2140316608A4030214B4342F2100103F1A04303F5B5
S21403167070335A50704721FA00F2D20730B503464A
S21403168000F0FC040FD500220132D2B2042A02D1A4
S2140316904FF0FF3008E0831803F00303234421FAD6
S2140316A003F5ED07F0D4184630BD00207047002040
S2140316B070470020704700207047012070470120C4
S2140316C070470F207047EBF70DB9002307B5CDE938
S2140316D00033012369464FF0FF308DF8023004F0E3
S2140316E058FB03B05DF804FB0020704710B508B93B
S2140316F0212010BD0029FBD0036813F0704205D1EA
S214031700C3F30E030B607BB10020F2E703F05044F3
S214031710B4F1004F05D0B2F1304F02D0B2F1404FD2
S214031720E6D103F07F03EDE74368002BE0D00B60C0
S214031730EAE737B50C46054610B9212003B030BD9D
S2140317400029FAD0002301A90193FFF7CFFF002851
S214031750F4D12968019A11F0704102F1030222F0D4
S214031760030201D12260E9E7AD68B1F1004FC5F38A
S2140317708033C5F3403504D103EB4503534323605D
S214031780DCE7B1F1204F01D12B44F7E7B1F1304F3D
S214031790FAD0B1F1404FF7D0CFE737B50C46054640
S2140317A0002800F08780002900F0848000230B6067
S2140317B0036803F070430B60C26822B1032A79D131
S2140317C043F080630B60AB689A0149D403F08073DF
S2140317D0EA680AB9002B6DD1226822F040721343DF
S2140317E02360EA68032A05D12A69F62A62D962F3D6
S2140317F017432360AB681B0442BF236843F40043CC
S2140318002360EB68032B1FBF23682A6862F30E036B
S21403181023602B68AA68002B2ADB12F4C84F49D131
S2140318202B6803F0704303F10043B3F1804F05D2F6
S214031830530542BF236843F480632360002328468E
S21403184001A90193FFF752FF40B92B6813F07042CA
S2140318501FD12368019A62F30E03236003B030BDE1
S21403186003F04073B3F1407F18BF4FF00073AFE748
S214031870500402F4005105D4E1B1236843F4005345
S2140318802360CDE7236843F4804323600029C7D051
S214031890F3E703F05043B3F1004F05D0B2F1304FF6
S2140318A002D0B2F1404F05D1019B5A1E236862F362
S2140318B00603D2E72120D1E738B131B101234B60CB
S2140318C04FF0005300208B6070472120704737B5D8
S2140318D00C46054608B9212016E00029FBD0012353
S2140318E04B60C368A3B901A90193FFF722FF58B958
S2140318F0019B6A699A4209D32A69002AEBD02260BF
S21403190043F000530020A36003B030BD1D20FBE767
S214031910032BE0D10023F5E7436813B94160704712
S2140319205B685A68012AFBD159607047FFF7DCBE33
S21403193008B5FFF7D9FE002814BF6FF09200002009
S21403194008BD1346428870B50732072A0C464FEA8D
S214031950D20101D0A14222D146680588202218462A
S2140319600021E9F759FF360A0346DEB9BCB141F256
S2140319700102954205D0B5F5885F02D0B5F5905FB4
S21403198002D100205C6070BDB5F5105F0DD1182C38
S21403199003D0202C01D0102C01D11C60F1E76FF08E
S2140319A08600F0E76FF08B00EDE76FF08500EAE75F
S2140319B0F0B51C46436806461B0A0F46154689B013
S2140319C035D122462946FFF7BCFF68B9EB1C23F046
S2140319D00303C4E90307636145B9202200212046B7
S2140319E0E9F71AFF6FF0860009B0F0BD0146202222
S2140319F06846E9F711FF6A4629463046FFF7A1FF16
S214031A000028EAD12368009A9A42E6D16368019ACD
S214031A109A42E2D1A368029A9A42DED1A369069A51
S214031A209A42DAD1E369079A9A42DDD0D5E76FF096
S214031A308B00D9E7D9F7C0BCD9F7DABD70470020C9
S214031A40704700207047C3681944836853F8210021
S214031A5030F8023B13607047012310B580F88830D6
S214031A600378044653B100F061FA21462046D9F7BD
S214031A70B1FE2046BDE8104000F04DBA10BD38B5A3
S214031A800D460446D9F78EFE6B682046C4F8B0327E
S214031A90A96800F096F94FF0FF332046C4F8B43235
S214031AA0FFF7CDFF38BDD0F8B43210B50133044686
S214031AB001D0002010BD00F0BCFAC4F8B402013017
S214031AC0F7D194F8B80280F00100F3E708B5D9F728
S214031AD0A5FE08BD0A7801382D2A0ABF0122002276
S214031AE08918D9F7F7BE07281BD8DFE800F0060ADF
S214031AF00D10131504170120704700220820D9F78C
S214031B00E9BE00221020FAE700222020F7E708208B
S214031B10FFF7E0BF1020FBE72020F9E70846D9F7D8
S214031B203BBF002070472DE9F74307280C46DDE945
S214031B300A7690461D4608D8013806280AD8DFE8F4
S214031B4000F01D27303A44574A00212850D003B0EE
S214031B50BDE8F083002220461146E9F729FE3368E4
S214031B60C0B205EB83013A6845F82300013348F811
S214031B70221033603B6801333B60E8E700222046CF
S214031B801146E9F715FE336880B205EB8301EAE7F1
S214031B90002220461146E9F70BFE336805EB830166
S214031BA0E1E7002220461146E9F7B0FF336840B26A
S214031BB005EB8301D7E7002220461146E9F7A6FF87
S214031BC0336800B205EB8301CDE7002220461146B9
S214031BD0E9F79CFFE1E7002389461E461D468DF87C
S214031BE0063019F8013F7D2B06D125702D0A657046
S214031BF03B6848F82340BDE7202BF2D006F00102ED
S214031C00013612B98DF80430EBE71022002101A843
S214031C108DF80530E9F77AFF631901359870ADB290
S214031C20DFE72DE9F04F9B46002385B08B458146C1
S214031C3088469246CDE902336BDC1A461E4619F8EF
S214031C400340212C09D81F2C04D8103C072C98BF1E
S214031C50012200E001260133F1E7FF2CFBD15B44B0
S214031C6036B1013B43450ADD2B2005B0BDE8F08FB6
S214031C7062B1013B4345F7DC3546374602E00025B3
S214031C802F462E46454504DB0020EEE79845F3D065
S214031C90EAE75D453BDB19F80730202B18D109EB43
S214031CA007035B78FF2BDFD1CEB920465AF8251001
S214031CB0FFF719FF78B303AB019302AB00932046FB
S214031CC0DDE90E235AF82510FFF72DFF0135D9E776
S214031CD0212B0ED109EB07035B78FF2BC4D1029BA4
S214031CE05AF825200E99012641F823200133029342
S214031CF0ECE7A3F11004072C02D91C460137D3E7FF
S214031D0009EB07035B78FF2BAED1E4B2CCE70624DE
S214031D10CAE72120A9E72620A7E72DE9F04F0746C3
S214031D200E4615469846044685B0DDF84490DDE930
S214031D300FAB206808B3DAF80020D8F800108A4200
S214031D401BDA0E9B53F82210D6F7C6F848BBDAF810
S214031D5000200132CAF800206268117BFE291BD1DD
S214031D600E9B1068012100932A464346CDE902B92B
S214031D70CDF804A0FFF7D1FF04462B7843B999F8B2
S214031D8000302BB97EB101233C4689F800302B7016
S214031D90204605B0BDE8F08F01238BF800302B708A
S214031DA0EBE70C34C5E73446F2E710B50446236880
S214031DB003B910BD237A13B92046D9F723FE0C3492
S214031DC0F5E710B541B10A7932B901249C300C719C
S214031DD0FEF73DFE204610BD0020FCE72DE9F0414E
S214031DE0BAB005460AAA084603A900F05FF90446F6
S214031DF0B0B90DF10A0301930DF10B038DF80A0038
S214031E0000930AAA284604AB03A9D9F7ABFF9DF8AB
S214031E100A20B2B19DF80B2048B12AB1D9F7F2FDDA
S214031E2020463AB0BDE8F081FFF7BFFFF8E7D5F8E4
S214031E309C50002DF4D0A86808B1FFF7B6FF2D68B4
S214031E40F7E700B346681AAB06F10C082AAF01930E
S214031E504046049B039900970AAAFFF7E2FE04464E
S214031E600028DDD1039B05A8CDE90637049B05951D
S214031E70CDE90838DBF73EFA05A83368984705A886
S214031E8000F03FFDCCE72D24CAE710B50446AC307E
S214031E90E9F7BEFB04F1AB031A180020934200D106
S214031EA010BD13F8011F0029FAD00A2908BF013014
S214031EB0F4E70023F0B50B6013600646D0F8AC02D7
S214031EC078B196F8AC0060B1012406F1AC07D6F8F9
S214031ED0AC02844210D306F1AC00B3F5007F10D3F6
S214031EE00120F0BD0D6801350D60156801351560DC
S214031EF0F85C01330A2802D0B3F5007FF2D301342D
S214031F00E5E7C15C0A29EBD00029E9D01168013363
S214031F1001311160E1E710B50021D0F88C200446AA
S214031F20E9F77AFC0023C4E9243310BD73B50446ED
S214031F3000F1AC0580212046FEF79EFD4FF40071AC
S214031F4006462846FEF798FD0136C0F50070864221
S214031F5020461FD8E9F75CFB06462846E9F758FBF8
S214031F6001362946421CA819E9F7A8FC2046E9F7DA
S214031F704FFB214602462846E9F7DEFD2046E9F7F1
S214031F8047FB0A23204480F8AC300023C4F8AC3265
S214031F9002B070BDFFF779FF01AAC4F8AC02694628
S214031FA02046FFF786FF0022009B234483F8AC20DD
S214031FB0C0E773B50D460446FFF767FF6B1C19D1E0
S214031FC0D4F8AC3213B1013BC4F8AC32002520463A
S214031FD0E9F71EFBA84215D82046FFF79CFFD4F866
S214031FE0AC322BB16946204601AAFFF762FFA0B9BF
S214031FF002B070BD012DFBD1D4F8AC328342F7D2C8
S2140320000133E1E7082000F023F8202000F020F851
S214032010082000F01DF80135D9E7009D04F1AC0651
S214032020019BAB42E4D9715D2046D9F7C9FF013560
S214032030F6E707B500200DF1070100F0E7F820B931
S2140320409DF8070003B05DF804FB4FF0FF30F9E797
S21403205010B5C1B20446002000F0C8F800280CBF33
S21403206020464FF0FF3010BD0FB407B504AA52F850
S214032070041B00200192DAF73FF9002003B05DF855
S21403208004EB04B0704710B54C1C0B460119045DF5
S214032090222C03D07B2C01D05C2C05D1D21A1844F9
S2140320A0E9F70CFC012010BD0020FCE72DE9F04702
S2140320B0054691468846E9F7ABFA2A46064613468E
S2140320C0197801322029FAD0C9F800305C1B0123A5
S2140320D06FF0404AC8F80030A64201D8002014E04A
S2140320E02F5D29197B2F12D0222F2ED1D8F800303E
S2140320F0621C53442A4449F82320012C09D911F8B9
S214032100013C13F0DF0F04D02120BDE8F0877D27C4
S214032110F3E701342B5DBB4209D12B195B7813F02F
S214032120DF03F1D1222F00D12B550134D4E75C2BEA
S21403213007D1324621462846FFF7A5FF0028E3D0FD
S214032140013E0134A642E5D8DEE75C2F08D13246CD
S21403215021462846FFF797FF0028D5D0013EE4E73F
S214032160202FE2D10022631CB3420A70DDD2EA18A4
S214032170EB5C202BD9D0D8F800300F2B05DC49F8C0
S21403218023200133C8F80030CFE71E20BDE700F058
S21403219000B800207047D5F78DBE70B50C461546BF
S2140321A010B9DAF79DF838B143682BB12A462146B1
S2140321B0BDE8704000681847232070BDF7B50D468C
S2140321C016461C4638B9DAF78BF804B901AC20B9C1
S2140321D0232003B0F0BD03B901ACC768002FF7D0C6
S2140321E02346324629460068B847F2E707B5012278
S2140321F08DF807100DF10701FFF7CFFF03B05DF869
S21403220004FB0B4601461846FFF7F0BF00230122E6
S214032210FFF7D4BF08B508F039FCFA23B0FBF3F098
S21403222080B208BD0420704740F20160DAF74EB969
S2140322307047012070470020704749BA89B280EA88
S2140322400103C3F303125340180380B258405B01E3
S21403225003F4FF535840704708B5DAF703FD58B147
S214032260A0F15903042B06D8042B04D8DFE803F0A7
S2140322700404040304005C2008BDDAF74BBE704771
S214032280F8B50C468D18073552421540A5F10807D8
S2140322900646384600F0DFF9A188381B628801EB52
S2140322A0E00189B2A2EBE00225F8041C25F8062C0F
S2140322B0A288C310AAB1A4EBC202B2F802C0D180AE
S2140322C003EB0C015180E28892B1D31A9BB204EB64
S2140322D0C20425F8023CA380B3680344B3603846BF
S2140322E0F8BD15F8082C42F0020205F8082CEAE7B8
S2140322F025F8022CF0E72DE9F04F4FF0000887B0E1
S2140323009946531C109B0546174614BF14460824CB
S214032310CDF81480002B00F0C580C3F80080002998
S21403232000F0C28042688A4240F2BE80073121F044
S214032330070608F0BDFA05AACDE9008282463A46AA
S2140323404B463146284600F08AF9059F834607B177
S21403235030B9504608F0A7FA192007B0BDE8F08F49
S214032360B7F8028029694FEAC802C0EBC8080139EA
S214032370B8F1270F29617AD9B9F1000F51D18642F6
S21403238006F1080848D0224639462846FFF778FF64
S21403239004460590059B9844404600F05CF9059971
S2140323A006F10F004A88C308A2EBD002A8F8022061
S2140323B0CA88A8F80430002A30D0D31A9BB201EB9F
S2140323C0C202A8F8063093808B88F608A380B8F874
S2140323D004303A46E380414600232846668000F0F0
S2140323E0A6F9AB680833AB60237843F00103237088
S2140323F02B6901332B616288AB68504603EBC2033B
S214032400EA68AB60934288BFEB6008F04CFA109B17
S214032410083400201C60A0E73C46BBE7A8F806206B
S214032420D2E707EB08042046039200F014F90BF1F9
S2140324300703DB080599638008F10703DB08A3801D
S214032440CB8893B1DB00039AD81D821A5A44C2F391
S214032450CF020B44E2809A80A38808F1FF384FEA44
S214032460D808A1F80280CB80BBE7E380F4E7B9F194
S214032470010F1BD107F10803B3FBF4F204FB12337D
S214032480B3B1224639462846FFF7FAFE04462378B8
S2140324903A4643F00103237021460123284600F001
S2140324A046F9A8E7222058E7212056E78642E8D1D6
S2140324B03C46ECE707B500224FF0FF3101AB019233
S2140324C0DAF788F9019803B05DF804FB2DE9F74FB6
S2140324D004460D46002900F0AB80D0E9056808F0F5
S2140324E0E7F915F8087C35F8061CFB07009000D5BD
S2140324F031B9009808F0D7F9012003B0BDE8F08F92
S214032500A368D4F8109035F804ECA3EBC10B09F1DB
S2140325100103A5F1080C4A1CC4F808B02361BEF1F8
S214032520000F7BD0ACEBCE03D888B3F802A00190A3
S214032530187807F00207C00765D4002F64D1019806
S214032540A0EB0A07012F69D18A1CABF10807524496
S214032550C4F81090A76035F802ECBEF1000F61D006
S214032560D4E900700CEBCE0A07EB0009CA4559D232
S2140325701CF83EC057461CF0010C15D1AEEB01010A
S214032580012911D1BAF80210AAF802C001310A448F
S214032590BAF80610002943D00AEBC10721690139AE
S2140325A02161A1680839A16015F8081C013A21F0D9
S2140325B0010105F8081C002125F8061C5A801A7824
S2140325C061F300021A707FB3C3F107023A44C2F301
S2140325D0CF02DA80BA804EB3B34227D37288002A7A
S2140325E008BF1E46B8F1000F06D0434504D8B8F816
S2140325F00220002A18BF43460098C4E9056308F082
S21403260052F9002079E74FB115F8087C724427F099
S214032610020705F8087C00279F809CE763469AE735
S2140326200F46BBE70027BFE7DF80D4E71E46D9E7A0
S214032630222062E710B50446DAF7E4F82146BDE83F
S2140326401040FFF743BFFFF7F5BF0846FFF732BF5B
S2140326500846FFF7F8BF0023036043607047F0B5F2
S214032660D0E90554561C08BF0822002B4FF0000083
S21403267008BF2C46DDF818C0CCF80000002C37D075
S2140326809DF814706588FF0007EBC505C2F1000EC0
S2140326902078C00708D51BBBE088A0B104EBC004B4
S2140326A0658807EBC505F3E78D42F4D363B904F1F8
S2140326B00806B6FBF2F002FB106670180EB1A842CD
S2140326C0EAD8CCF80040F0BD082A0FD06088013065
S2140326D004EBC000461A06EA0E06801B8542F0D2BB
S2140326E0A0880028EFD0A4EBC004D9E70846E8E7A3
S2140326F02046E8E703460069C0B10AB951B91A682B
S21403270010460378DB0711D531B9C3885BB100EBFC
S214032710C300F6E79A69F3E7012904D1838823B156
S214032720A0EBC300EDE700207047184670472DE97D
S214032730F041D0E90554074688461646ABB19542A4
S21403274000D00ABB424600213846FFF7D3FFB44207
S214032750054600D02EB9424601213846FFF7CAFF88
S2140327600446C7E90554BDE8F081954208D08D427A
S21403277028BF0D46B44205D0444538BF4446F0E76B
S2140327800D46F7E74446ECE79442EAD1E3E770B533
S21403279000261C46C3E90001C3E90266C3E9050037
S2140327A01E611A775E62FFF756FF23690139C9086F
S2140327B0013341802361A36830460833A360E3688E
S2140327C00833E36070BD002307B5684600938DF8B1
S2140327D00430D7F793FF03B05DF804FB10B508F099
S2140327E05AF8044606F060FA2046BDE8104008F0A2
S2140327F04DB870474FF4C870DAF764B8DAF716B90D
S21403280000F01CB87047704708B503F001F903F0F1
S21403281009F903F010F903F01FF9BDE8084003F0C7
S2140328202EB9704708B503F0EEF803F0EDF803F0A1
S214032830ECF803F0ECF8FFF7F4FF08BD08B503F077
S2140328401FF903F01EF903F01EF9BDE8084003F074
S21403285021B97047012070472DE9F34112F00105B5
S2140328600446884622D110F0030525D12F46520888
S214032870BA4209D1D8F7D0F90026B74204EB86004E
S21403288008D1D8F7D5F911E054F8273001330CD125
S2140328900137EDE7042258F826300DEB02010193C9
S2140328A008F00EFB30B1D8F7C3F93D25284602B031
S2140328B0BDE8F0810136E0E70125F7E77047B0F1A0
S2140328C0006F0FD300F07843B3F1006F0CD000F025
S2140328D06040B0F1404F09D0B0F1604F14BF042000
S2140328E0032070470020704701207047022070477E
S2140328F0002070471AB111B180B2DAF70BBB212062
S214032900704701F056BEE3F735BCFFF78DBCD0E940
S214032910023253F8223000211878E3F77DB8704767
S21403292002F08CB901F0DABDC3688268013BDBB202
S21403293052F823305B78652B02D10020E5F7BCBB49
S2140329406E2B01D10120F9E7662B01D10220F5E7B2
S214032950704710B5D0E90232044653F8223018788F
S21403296002F046FAE368A268013352F82330BDE862
S2140329701040187802F03ABA10B50446C0B2DBF736
S21403298097FC200ABDE81040DBF792BCD0E9023280
S21403299053F822301878DBF793BD02F0E1B9E4F779
S2140329A089B808B501F0B8FEBDE80840E5F772BA85
S2140329B0D0E9023253F82230186801F0ABBE00208B
S2140329C0E5F76EBB0120E5F76BBB0221DBF70EBD17
S2140329D00321DBF70BBD0521DBF708BD08B5014670
S2140329E00C20DBF7DFFCBDE80840DBF76DBC08B561
S2140329F001460020DBF7D6FCBDE80840DBF764BCE5
S214032A0007B5C2688368043253F8223001211B8855
S214032A100DF10602ADF806300023DCF76BFA03B0BF
S214032A205DF804FB08B508F045F8BDE80840F1F783
S214032A30EFBC10B51446DCF779FD2146BDE810401F
S214032A4007F0D6BD08B5DCF771FDBDE808400021E8
S214032A5007F0CEBD08B5DCF769FDBDE80840F1F721
S214032A600DB908B5DCF762FDBDE8084008F085B986
S214032A7008B5DCF75BFDBDE80840F1F7EBB8704737
S214032A80704708B508F016F8FFF7FAFF03F065F885
S214032A90BDE80840DCF796BD70470120704701206B
S214032AA0704708B5DCF72AFE00280CBF0420012077
S214032AB008BD70472DE9F34104460D4616461F46EA
S214032AC0DDF8208008F08EF83B463246294620463D
S214032AD0CDF8008003F043F83B46324629462046AD
S214032AE0CDF80080FFF7E5FF02B0BDE8F04101F046
S214032AF060BD2DE9FF4704460D4616461F46BDF842
S214032B0030809DF83490DDF838A008F06BF83B462B
S214032B10324629462046CDE9019ACDF8008000F0DA
S214032B20FDFF04B0BDE8F04701F043BD704708B5AC
S214032B3008F058F803F016F8FFF7F8FFBDE808406A
S214032B4001F037BD012070472DE9F74304460D46D3
S214032B5016461F469DF8289008F044F83B46324632
S214032B6029462046CDF80090FFF7ECFF80463B460B
S214032B70324629462046CDF8009002F0F4FF01F0D5
S214032B8018FD404603B0BDE8F083012070472DE9E9
S214032B90F74304460D4616461F469DF8289008F050
S214032BA021F83B46324629462046CDF80090FFF7EB
S214032BB0ECFF80463B46324629462046CDF8009039
S214032BC002F0D2FF01F0F5FC404603B0BDE8F08307
S214032BD0F8B504460D4616461F4608F003F83B466E
S214032BE032462946204602F0C0FFBDE8F84001F011
S214032BF0E0BC00207047F8B504460D46164607F0BD
S214032C00F1FF324629462046FFF7F3FF07463246D2
S214032C102946204602F0AAFF01F0CBFC3846F8BD51
S214032C2038B504460D4607F0DDFF2946204602F078
S214032C309EFFBDE8384001F0BCBC10B5044607F063
S214032C40D1FF204602F094FF2046FDF76FFBBDE858
S214032C50104001F0AEBC704738B504460D4607F089
S214032C60C1FF2946204602F095FF29462046FFF776
S214032C70F2FFBDE8384001F09CBC704770B50446CF
S214032C800D46164607F0AEFF32462946204602F0AA
S214032C9083FF324629462046FFF7EFFFBDE8704024
S214032CA001F087BC704738B504460D4607F09AFF17
S214032CB02946204602F072FF29462046FFF7F2FF18
S214032CC0BDE8384001F075BC704738B5054607F0D7
S214032CD089FF284600F0EFFE04460146284601F029
S214032CE0ABFF01F066FC204638BD38B504460D46FA
S214032CF002F056FF29462046FFF7E6FF38BD704729
S214032D0038B5054607F06EFF2846E3F7DFF90446B5
S214032D100146284601F08EFF01F04BFC204638BDE5
S214032D2038B504460D4602F03CFF29462046FFF719
S214032D30E6FF38BD704710B5044607F053FF20463C
S214032D4002F030FF2046FFF7F5FFBDE8104001F024
S214032D5030BC704738B504460D4607F043FF294696
S214032D60204602F021FF29462046FFF7F2FFBDE882
S214032D70384001F01EBC704770B504460D46164633
S214032D8007F030FF32462946204602F00EFF324651
S214032D9029462046FFF7EFFFBDE8704001F009BC67
S214032DA0704738B504460D4607F01CFF29462046F3
S214032DB002F0FCFE29462046FFF7F2FFBDE8384046
S214032DC001F0F7BB704738B504460D4607F00AFF17
S214032DD02946204602F0EBFE29462046FFF7F2FF7F
S214032DE0BDE8384001F0E5BB704710B5044607F070
S214032DF0F9FE204602F0DCFE2046FFF7F5FFBDE8AD
S214032E00104001F0D6BB704710B5044607F0EAFE43
S214032E10204602F0CEFE2046FFF7F5FFBDE8104041
S214032E2001F0C7BB7047704770B504460D4616469B
S214032E3007F0D8FE32462946204602F0BDFE32464B
S214032E4029462046FFF7EFFFBDE8704001F0B1BB0F
S214032E50704710B5044607F0C5FE204602F0ADFEE7
S214032E602046FFF7F5FFBDE8104001F0A2BB704710
S214032E7038B504460D4607F0B5FE2946204602F04F
S214032E809DFE29462046FFF7F2FFBDE8384001F0D5
S214032E9090BB704770B504460D46164607F0A2FE73
S214032EA032462946204602F08BFE32462946204605
S214032EB0FFF7EFFFBDE8704001F07BBB70472DE9DD
S214032EC0F34104460D4616461F46DDF8208007F0FC
S214032ED089FE3B46324629462046CDF8008002F05E
S214032EE070FE3B46324629462046CDF80080FFF763
S214032EF0E5FF02B0BDE8F04101F05BBB0E20704772
S214032F000E20704738B5044607F06CFE2046FFF7E0
S214032F10F7FF0546204602F055FE2046FFF7EEFF74
S214032F2001F047FB284638BD002070470020704755
S214032F3038B5044607F056FE2046FFF7F7FF05466A
S214032F40204602F040FE2046FFF7EEFF01F031FB7D
S214032F50284638BD704708B507F044FE02F034FE35
S214032F60FFF7F8FFBDE8084001F023BB00207047D9
S214032F707047704708B5DCF793FC00280CBF0420A5
S214032F80012008BD70470B68DA7B1AB9DB7C0BB9E6
S214032F90DCF7AABC8120704708B5DCF7BDFCBDE8AA
S214032FA00840DCF7C7BC7047DCF7B6BCDCF7C2BC2E
S214032FB0082808D84FF48B73C34013F0010F0CBFD7
S214032FC0212000207047212070470121DCF7A4BD93
S214032FD00221DCF7A1BD0421DCF79EBD0821DCF746
S214032FE09BBD1021DCF798BD08B500F026F808B1A4
S214032FF0002008BDDCF7E0FD0028F9D1DCF7EEFD84
S2140330000120F6E7152808B503D1BDE80840DCF72C
S214033010D9BD01F089FE60B9E2F7ACFB032806D1FF
S21403302000F009F828B9BDE80840FFF7DDBF00281F
S214033030EBD008BD7047002070470020704708B5E6
S214033040DCF7B2FFFA23B0FBF3F008BD0321DCF78D
S214033050DBBF01207047D0E9023253F822301878DC
S214033060DDF7DAB90868C37B1BB9C37C0BB9DDF798
S21403307003BA81207047D0E9023253F82230187819
S214033080DDF73CBA704730B50546044615F8100B15
S21403309085B0029565691D44CDE900250B46A21D42
S2140330A0618801F023FE05B030BD704710B492F876
S2140330B00A4192F8053103EB04230B8100235DF8E4
S2140330C0044B1A4601F010BE1FB50446084671B1FC
S2140330D02178FF290BD0238B029363690193237C0A
S2140330E000936288A31DE3F70DF8FF23237004B053
S2140330F010BD0868C37B73B9C37C032B0BD8DFE80A
S21403310003F002080406DDF7F9BCDDF729BDDDF799
S21403311059BDDDF707BD8120704770477047002013
S2140331207047137810B5032B0CD15479CBB29C425D
S21403313008D19379B3EB112F04D153781B1A584255
S214033140584110BD0020FCE77FB505460E46002417
S2140331506946E0B201F076FD28B96A46314628464C
S214033160FFF7DFFF18B90134202CF1D1002004B09B
S21403317070BDFFF7E9BF0868C37B9BB9C37C052B0B
S21403318010D8DFE803F0030D070B0905DDF7BEBD16
S214033190DDF7FABFDDF754BEDDF7A6BFDDF724BFC4
S2140331A0DDF7F6BD812070470020704730B5102547
S2140331B087B001AA00210195FEF745FC04462A467E
S2140331C0002102A8E8F728FB2A46214602A8E8F7CA
S2140331D075FB012102A8DEF7B5F907B030BDDEF7AF
S2140331E043B97047FFF7FDBF0B68DA7B5AB9DB7C40
S2140331F0012B04D0022B04D02BB9DEF7C7BDDEF7B4
S214033200D1BDDEF7DBBD81207047002307B5012162
S21403321001A80193D4F7A6FC08B9D4F7DFFA012076
S21403322003B05DF804FB08B502F030FA052803D0B6
S214033230003818BF012008BD0220FCE77047D0E91C
S214033240023253F822301878003818BF0120E0F70E
S21403325035B9E0F739B9002070470020704770474A
S214033260FF207047FF2070470020704700207047FC
S21403327000207047704706207047DFF7DDBB0868FD
S214033280E0F7B6B870B50D46044600212846164644
S21403329001F074F9324620800221284601F06EF9C7
S2140332A0324660800421284601F065F90023A360B6
S2140332B0E3606060082070BD034641B181424FF071
S2140332C0640005D94343B3FBF1F0C0B27047084628
S2140332D07047E0F707B9E0F7FDBEE1F705B8B0F5CC
S2140332E0807F05D0A0F500735842584140017047CF
S2140332F00820704730B599B00D4669461446E0F786
S21403330057FF30B915B1BDF802302B600CB10D9BD9
S214033310236019B030BD2DE9F04788B00E469046BD
S21403332004A905AA07461D46FFF7E4FF044638BB73
S21403333028800DF10C09DDE904A39A4520D2062264
S21403334051463846CDF8009006ABE0F74DFFD8B9A6
S214033350039B062B18D12A88DDF81A3042450ED275
S214033360BDF8181026F832102A8806EBC2025360FE
S2140333702A885344013206332A800493DBE7F7D9BD
S214033380204608B0BDE8F0870124F9E72DE9F043AD
S2140333908FB00F46904601A9002204469946FFF7D0
S2140333A0A9FF18B101200FB0BDE8F083062220461E
S2140333B00DF1020302A9FFF7AEFF0028F2D105467E
S2140333C00246BDF80210019CEEB28E42EAD20EAB64
S2140333D003EBC60656F82C3C36F8306C0634BE4271
S2140333E017BFE418012213460022013522B1C8F89C
S2140333F00040C9F80030D6E71A46E5E770B5002462
S214033400012602F01DF9E5B2C26806FA05F59542F3
S214033410234604F10104F4D3D8B270BD70B586B068
S214033420E0F714FD00F11006E6F780F800240546E1
S214033430142201A9301902F00AF91CB99DF80430C8
S214033440FF2B16D0002303F118026A4412F8142C3B
S214033450FF2A06D11C44601E90FBF5F080B206B02E
S21403346070BD2B44DBB2132BEDD91434B4F5826F45
S214033470DED14FF0FF30F2E7E0F71EBB07B50422BC
S2140334800DEB020102F0E3F8019803B05DF804FBCC
S21403349037B5054608460C46FFF7F0FFA84206D0A8
S2140334A0042220460DEB02010195E6F791F803B0DE
S2140334B030BD07B50B460092002102460120E0F717
S2140334C08DFB03B05DF804FB08B50121E0F7BEFAF7
S2140334D0BDE80840E6F728BAE0F7FCBD08B5FFF7F5
S2140334E0F3FF002008BD08B513460A4601461846F2
S2140334F0E0F708FC80F00100C0B208BD002070476A
S214033500704708B1E0F706BF704730B4DDE90245FF
S2140335101DB1029430BC00F0C6B930BC70471F28FA
S21403352004D8142200F5A030D9F7BEBD70471F2873
S21403353004D8142200F5A030D9F7E2BD7047152849
S21403354008B505D1FFF7DCFFBDE80840E1F728B86A
S21403355008BD10B5142486B02246002101A8E8F75A
S2140335605BF92023224601A94FF4A03001F078FC32
S21403357006B010BD0020704713B500230C461A464C
S2140335800146CDE90033E0B2E1F7CEFD02B010BD4F
S21403359013B500231446019001220093E0B2E1F72D
S2140335A0C3FD02B010BDD0E9023253F822301868CA
S2140335B0E1F732BF194491420ADC4218002003B9EE
S2140335C0704712F8011D013B01EB0020DBB2F6E762
S2140335D0002070472DE9F04F4FF0000A85B00193A5
S2140335E081460F4615465346019A11785FFA8AF2CA
S2140335F0914203D8002005B0BDE8F08F019909EB8E
S214033600050801EB4202517892F802B011F040042B
S214033610009101F03F061BD0AC19BC42D4BF002476
S214033620012433466400A20740F18880009B1B06F2
S21403363040F192800E9B324603EB0B000021E8F725
S214033640EBF83D4600231D44ADB20AF1010ACBE771
S214033650042E07D866B1B31E022B0BD8DFE803F09F
S214033660122130003E2E37D03F2E5BD03D2E4BD05E
S2140336700320C0E7BD4234BF0024012401266400B2
S2140336803346D0E7AB1CBB4250DC02233A462946FE
S2140336904846FFF78FFFADF80A0002230DF10A082C
S2140336A0C1E7EB1CBB4243DC03233A4629464846A4
S2140336B0FFF780FF0390042603230DF10C08B2E7FF
S2140336C02B1DBB4236DC04233A4629464846FFF701
S2140336D071FF03900423F0E77A1E95422CDA022347
S2140336E03A4629464846FFF765FF4FF6FF7380B212
S2140336F098420EBF0223023083B25C19A742B4BFBE
S2140337000324012404268EE7BD4215D298F8003020
S214033710FF2B0CBF01230133EC18BC42CCBF0324A0
S2140337200124EFE70124042600237CE73446B4E7AC
S2140337300224C0E70224CDE70324E3E70E9A02EB54
S2140337400B0014B142F80B807DE7324641460093E6
S214033750E8F7F2F9009B76E702204CE710B514462B
S21403376086B018811A460A9B0291CDE903430123CA
S2140337700193099B014600930320BDF82030E1F72F
S2140337800FFF06B010BD1FB500240294079C0194DA
S214033790BDF818400094FFF7E1FF04B010BD2DE913
S2140337A0F0410E461746054686B098B391B38AB3E2
S2140337B04FF0000802A95FFA88F001F043FA0446C6
S2140337C040B99DF80830032B08D008F10108B8F17A
S2140337D0200FEFD1204606B0BDE8F0819DF8092002
S2140337E02B799A42F1D1BDF80A206B889A42ECD124
S2140337F09DF80C30BDF80D006B7128812B462246D0
S2140338004FF6FF71CDE90067FFF7BDFF0028DCD058
S2140338100446DFE72124DDE710B586B00A9C04944E
S2140338209DF824400394BDF8204002940124CDE97A
S214033830003413460A4601460620E1F7B1FE06B0F9
S21403384010BD1FB504460846194600230094CDE96B
S2140338500123079BBDF81820FFF7DEFF04B010BD59
S214033860F0B5022805460E4614461F468BB00AD10D
S21403387006A9F0B201F0E6F998B99DF8193023715C
S2140338809DF81C306371119B224604930023CDE9F7
S21403389002330193109B3146009328463B46E1F7DB
S2140338A07FFE0BB0F0BD13B500240194049C009476
S2140338B0FFF7D6FF02B010BD2DE9F0450646884651
S2140338C014469A46002701258BB006A9F8B201F0E4
S2140338D0B9F920BB9DF81830012B19D19DF8192092
S2140338E033799A4214D1BDF81A2073889A420FD1BD
S2140338F09DF81C3032467371B9B2CDE9030ACDE99F
S2140339000100434602200094E1F74AFE054610B93B
S2140339100137202FD9D128460BB0BDE8F0850546E0
S214033920F9E70023FFF7C8BF10B50446E2F716FC15
S2140339300021631E04F10F0213F8010FFF2808BFCE
S21403394019709342F8D10023237410BD00207047EA
S21403395070B506461D46E2F775FA044608B92120F7
S21403396070BD3046E2F73CFD0028F8D0A0682A4632
S214033970FF21FFF75EF89DF81030002063719DF875
S2140339801430A371ECE713B59DF81040CDE900346D
S21403399013460122FFF7DCFF02B010BD08B5E2F7BD
S2140339A051FA28B18068FF21FFF754F8002008BDBC
S2140339B02120FCE70122FFF7F1BF1FB50B466A463D
S2140339C00146184601F034F96A460823002032F807
S2140339D0021B013B13F0FF0380EA0100F7D1012825
S2140339E038BF012080B205B05DF804FB2DE9F04F27
S2140339F087B0DDE9109B05468846484619461F46AC
S214033A001446BDF848609DF84CA0FFF7D6FF042D7A
S214033A100346ABF800001AD8022D1DD9042D07D093
S214033A204FF2F222A188914222D1E28891071FD554
S214033A30E17A0022CDE9013720463346CDE90392E9
S214033A40CDF800A001F043F907B0BDE8F08F6A1F78
S214033A50012A11D92120F7E700224146CDE9119228
S214033A6028462246109707B0BDE8F04F01F03EB94E
S214033A704FF6FF760C21DCE7052D0ED10023E17A05
S214033A800022CDE90137CDE9039200912346524641
S214033A904146304601F00EF9D6E74FF2F222A188EE
S214033AA0914204D1E288920701D5E17AE8E74FF61E
S214033AB0FF760C21E4E7F0B585B00546E1F782FE14
S214033AC048B16B88B3F5006F05D1681D05B0BDE836
S214033AD0F04000F0EEBC284600F004FD0446C8B9EA
S214033AE0E7B26946384601F0ADF878B99DF800604C
S214033AF066B92946384601F0A9F820B140F60443D2
S214033B00984207D08C26304605B0F0BD0134202CF1
S214033B10E6D1F7E78D26F6E7E2F73AB82DE9FF4751
S214033B2004460D460146184617461E46BDF8308025
S214033B309DF83490DDF838A0DCF720FED0B9214696
S214033B40284601F021F933463A4629462046CDE970
S214033B50019ACDF80080E2F7BFF833463A46294685
S214033B602046CDE90D9ACDF8308004B0BDE8F04785
S214033B7001F0F7BF04B0BDE8F087E2F757BAE2F703
S214033B800FBAE2F733BA10B5044601F009F9082272
S214033B9001462046BDE81040E7F790BE01F002B9A3
S214033BA0002101F0FFB801F011B900207047202072
S214033BB07047EFF70DBDEFF757BDF2F701B8704743
S214033BC0E2F780BB70B506460C46154600F04CF887
S214033BD050B13CB135B1204600F0D6FC013080B27E
S214033BE0A84200D9002070BD304600F043F840B12B
S214033BF0002CF7D0012DF5D9204600F0CAFC023080
S214033C00EDE73046E2F7BEFAEAE7F8B5BDF8185036
S214033C1010B3967855B9D478A6F14107012F07D883
S214033C20621ED2B200F0CFFD0020F8BD2C46F3E7AB
S214033C30433E012E04D8A21E92B200F0DCFDF3E749
S214033C40D27813B90DB1AA4206D811B9E7F7E4FD45
S214033C50EAE7E7F733FEE7E78920E6E74138032894
S214033C608CBF002001207047413801288CBF0020FC
S214033C7001207047433801288CBF0020012070477D
S214033C8000207047002070470388B3F57C4F01D3AC
S214033C90FFF7F8BF0846FFF7F3BF10B54A88048856
S214033CA0A2420DD1037B0C79234009D0B2F57C4F99
S214033CB008D3FFF7E7FF0B891B1A5842584110BD7C
S214033CC00020FCE70120FAE738B50D88D488A54222
S214033CD00AD10388B3F57C4F08D2FFF7D5FF1389C3
S214033CE01B1A5842584138BD0020FCE70120FAE76A
S214033CF02DE9F04715460446B8B149B1EAB10026A6
S214033D004FF0140AB04690F80490F3B2994501D8E0
S214033D1000240AE027680AFB06773846FFF7BDFF4C
S214033D20013628B13C46A5F800802046BDE8F0875A
S214033D307B8943441FFA83F8E7E71446F5E72DE942
S214033D40F0470E4615460446B8B149B112B30027EC
S214033D504FF00C0AB846B0F80890BBB2994501D8A4
S214033D6000240AE06368324620460AFB0731FFF761
S214033D70ABFF28B10C46A5F800802046BDE8F087C7
S214033D800B79013713F0300F02BFCB7843441FFA89
S214033D9083F8E2E71446F0E72DE9F04186B00D46D6
S214033DA01446984604AA05AB03A90646E2F7C0FAEA
S214033DB040B30DB1049B2B6034B3049D039829468E
S214033DC0FFF762FF2B88074602467188307800F0BB
S214033DD04FFBD8B1297911F010030BD0EB782A46A4
S214033DE0CDE900433B4671883078FCF78BFA06B082
S214033DF0BDE8F0812A4620460599CDF80080FFF7F6
S214033E0004FFF4E78620F2E72046F0E77E20EEE79D
S214033E101FB51C460023ADF80A20BDF818208DF800
S214033E200400ADF80610ADF80C2069461A4601A842
S214033E3000938DF80840FFF7AFFF009804B010BD5D
S214033E40F0B587B00E4605AB04AA03A90446E2F70D
S214033E506FFA08B3049D03982946FFF715FF2B88CE
S214033E60074602466188207800F004FBB0B1297942
S214033E7011F0100108D000963B462A466188207848
S214033E80D2F73AF907B0F0BD009101232A4631462E
S214033E900598FFF7BAFEF5E78620F3E77E20F1E7FD
S214033EA02DE9F041064600254FF014080779E8B2DD
S214033EB0874201D800241AE008FB05F0D6F800C0B4
S214033EC00CEB00043CF8000081421AD132B1802A80
S214033ED010D194F90CC0BCF1000F12DAB0F57C4F88
S214033EE005D32046FFF7CEFE834200D04BB92046CB
S214033EF0BDE8F081402A04D194F80CC01CF0400FB2
S214033F00ECD10135D3E70121E2F74EB908B51346E4
S214033F100022E2F777FA003818BF012008BD08B57B
S214033F2013464022E2F76EFA003818BF012008BD98
S214033F3008B513468022E2F765FA003818BF012059
S214033F4008BD08B540220023E2F75CFA003818BF24
S214033F50012008BD08B580220023E2F753FA003893
S214033F6018BF012008BD0023E2F74CBA0021E2F790
S214033F70B9BA10B504460121E2F7B4FA2046BDE803
S214033F80104001F022BE7047F8B516461F469DF84E
S214033F901820BDF81C300546E2F734FA78B1042140
S214033FA0E2F71EFB044650B1284600F00EFB3A46E5
S214033FB031462846A047BDE8F84000F0FABAF8BDF7
S214033FC02DE9F74F1E46DDE90C9B07468846144647
S214033FD0BDF838302AB3B9F1000F22D00EB392F8E9
S214033FE004A099F80020504612F0080F0CBF802258
S214033FF040226188E2F706FA98B10821E2F7F0FA60
S214034000054670B1504600F0E0FA33462246414674
S2140340103846CDE9009BA84703B0BDE8F04F00F053
S214034020C8BA03B0BDE8F08FF8B5BDF818701646E9
S2140340301A463B460446E2F7E5F9E0B177B90221B2
S214034040E2F7CEFA0546B0B1204600F0BEFA314696
S2140340502046A847BDE8F84000F0ABBA1021E2F7C7
S214034060BFFA054638B1204600F0AFFA3A46314665
S2140340702046A847EEE7F8BD73B5BDF818401646C8
S2140340801A4623460546E2F7BDF9B8B1C4B920215E
S214034090E2F7A6FA044670B1284600F096FA099BA2
S2140340A03146009328469DF820309DF81C20A047F3
S2140340B0044600F07EFA204602B070BD8624FAE776
S2140340C00024F8E72DE9F04186680446007800F0FE
S2140340D07CFA002514273279EBB29A4203D8BDE85E
S2140340E0F04100F066BA7B4332682078D15A02EB7F
S2140340F0030800F0C1F901214046E2F771FA0346CE
S21403410008B1207898470135E5E72DE9F04F1C46BE
S21403411089B09DF84C30BDF8488001939DF8503027
S214034120924602932246434607460D46E2F76AF94D
S2140341308DF814700646ADF816508DF81840ADF895
S2140341401AA0ADF81C8018B9012009B0BDE8F08F9D
S21403415005A9FFF7A2FD0028F6D000252F46A8469E
S2140341602C4634E00C231FFA85F903FB09F9318842
S2140341707368B1F57C4F33F8092003EB090B1AD3A8
S21403418033F8090050452CD3019BA3422DD900F0E8
S214034190B8F99BF80200E2F7CFFE029B43B19BF807
S2140341A0043013F0010F0CBF05200720E2F7C4FE0E
S2140341B00134A4B219E0ADF81A205946304605AAD0
S2140341C00393FFF781FD039B0028D9D1013532897C
S2140341D0ABB29A42C6D804EB0800C31B58425841F8
S2140341E0B3E708F101081FFA88F80137BFB2EDE715
S2140341F010B5012488B006949DF83C4005949DF8BC
S214034200384004949DF8344003949DF8304002945B
S2140342100B9C0194BDF828400094E2F725FB08B0F8
S21403422010BD2DE9F04786B0BDF83880DDF83C9028
S2140342309DF840A0CDF80080CDE9019A04460D46CE
S21403424016461F4600F012F9B8B1431EDBB2012B27
S21403425010D800230122811E48424841CDE904328A
S214034260CDE902A03B46324629462046CDE90089E1
S214034270FFF7BEFF06B0BDE8F0870120FAE730B5CA
S2140342800024012587B0CDE9044503959DF82C50FD
S21403429002950A9DCDE90045FFF7AAFF07B030BD9A
S2140342A030B50024012587B0CDE9044503959DF874
S2140342B028500094CDE901354023FFF799FF07B056
S2140342C030BD10B5012486B0CDE904440024039420
S2140342D09DF828400294099C0194BDF82040009460
S2140342E0FFF786FF06B010BD1FB5089C03949DF824
S2140342F01C400294069C019400240094E2F7B0FB51
S21403430004B010BD70472DE9F84F022907468846CA
S2140343100C9D04D84FF0000A5046BDE8F88F1BB139
S2140343200429F7D942F004023A702BB303247B70B6
S2140343301B0ABB70E3F7AAFE4FF000099DF828306E
S214034340385504F1020A01343B550B9A5FFA89F398
S214034350D45C002CE0D0732C10D82E464C2C56F888
S21403436004BB3DD0532C15D0622C45D1AC8805F147
S214034370080600231A4616E00124DBE7A4F17503BA
S214034380032BC7D8763C2E1D022C52D8DFE804F048
S214034390565A58006A6805F1080694B2D2B2B2F1CA
S2140343A0FF0318BF01230AEB040119448845B1DB58
S2140343B050461946002947D153441FFA83FA5CB185
S2140343C0BBF1000FA6D0224607EB0A005946E7F7D3
S2140343D0B3FB54441FFA84FA354609F10109B4E7DE
S2140343E04FF6FF736A6805F1080694B222469C42AC
S2140343F014BF02230023D6E76C2C05D1584600F0E1
S214034400C8F8841CA4B2B4E7732C04D1584600F051
S214034410BBF8441CF6E7A4F13003DAB2092A01D844
S2140344209CB2A6E7A4F14103062B3FF673AF373CD5
S214034430E8E7012300242A68A346B4E70223F9E742
S2140344400323F7E70423F5E700F1010C01393A5497
S214034450C9B2120A1FFA8CF0ACE70020E2F7F4BCEC
S2140344600022E2F711BD0023E2F724BD01207047C6
S21403447001207047012070477047002070470020D6
S21403448070470020704700207047002070470020C8
S214034490704770470E207047002070470020704713
S2140344A000207047002070477047FF2070470E209B
S2140344B0704784207047704700207047704700207D
S2140344C07047002070470020704700207047002088
S2140344D07047002070470020704770470E207047D3
S2140344E000207047002070470020704770477047D1
S2140344F00E20704770470020704781207047704732
S214034500704738B50546C0B2E2F716FD0446280ADA
S214034510E2F712FD14B1002808BF0024204638BD78
S214034520F8B50546C0B2E2F707FD0446C5F3072013
S214034530E2F702FD0746C5F30740E2F7FDFC064631
S214034540280EE2F7F9FC24B12FB136B1002808BFD4
S21403455000242046F8BD3C46FBE73446F9E710B492
S214034560CC18944203DC5DF8044BFFF723B8002015
S2140345705DF8044B70470423FFF7F1BF08B5022329
S214034580FFF7EDFF80B208BD0078FF2808BF0020C4
S214034590704708B502220021FFF7F0FF4FF6FF73BE
S2140345A0984208BF002008BD003818BF012040000D
S2140345B070470020704708B5FFF7A5FCFF284FF0AB
S2140345C0FF3018BF0020C0B208BD08B5FFF7F3FFE1
S2140345D0FF280CBF2120002008BDF8B506460C4670
S2140345E015461F4600F011F810B12544AC4200D121
S2140345F0F8BD3946304614F8012BE2F78FFDF5E790
S214034600014600220220E2F719BD0120704737B5A4
S2140346100546E0F7A3FF044601950CB981201CE08C
S214034620237823B12046E0F7A1FF0446F5E72B687D
S21403463062685B889A42F5D1A368EA7B99B272B145
S2140346402A8A9142EED16A7DB2EB134FEAD100205B
S214034650E36801A998478128E4D003B030BD4FF63C
S214034660FF72EEE72DE9F84304460F469046994657
S2140346700BB3012A1FD80C20E7F7D4FA064610B965
S2140346801920BDE8F8831020E7F7CCFA18B93046AE
S214034690E7F7D0FAF4E70123002547EA08477060F6
S2140346A00570C0F80C904460876033803046E0F7AE
S2140346B04DFF2846E5E72120E3E738B5044643687F
S2140346C008460D469847B4F90830002B02DB2B78D2
S2140346D0042B06D1002320466360BDE83840E3F789
S2140346E0AFB838BD30B54FF48A5587B0ADF816204D
S2140346F00DF116041A46029543B100230122CDE9B3
S2140347000033234600F01EFA07B030BD019401249F
S2140347100094F7E7FFF7EBBEFFF7BEBE0020704737
S21403472008B500F001FB20B900F048FB08B9E0F734
S21403473005F9FFF7D2FEBDE80840FFF7DBBE002011
S214034740E3F7E6BC0021E3F783BD0022E3F742BDAF
S2140347501FB5D2880B4612F0200F4FF6FD7114BF1B
S21403476049245224ADF80610510544BF083CE4B270
S214034770110544BF083CE4B2120444BF023CE4B251
S214034780032805D8DFE800F0020F161CADF8063044
S214034790BDF80600FFF789FEFF281CBF241AE4B203
S2140347A0204604B010BD02AA0DF10601D8B200F0EF
S2140347B079FAEDE7D8B200F047FAADF80600E7E776
S2140347C0013CE4B2E4E7F8B5064617460D4681B168
S2140347D00C78FF2C0BD00846FFF7D6FEB84228BF4E
S2140347E03846C4B22246691C701CE7F767F8347073
S2140347F0F8BD0C46FBE770B5044615460E4611B9E0
S2140348004170017070BD0B78FF2B05D14B78FF2BE1
S21403481002D103704370F5E73046FFF7BAFEA842AD
S21403482028BF284685B22A46B11CA01CE7F746F8DF
S21403483025702D0A6570E5E7F0B523B9013A531CD8
S2140348402FD1002020E0042AFBD800231C46551E47
S2140348506E1C1AD1042A10D00121D200501E01FA70
S21403486000F020421EBF914049420C4318421EBF2F
S2140348704FF0FF3101FA02F213439C421EDCB4BF31
S2140348804FF0FF30002040B2F0BD40B1465DEF0070
S214034890BE4034434E5D013DBE403343D8E7064633
S2140348A0F5E78C5C38B90346A34202F1FF32C6D261
S2140348B04FF0FF30E8E7835CA342F5D90120E3E736
S2140348C0283807288CBF0020012070471D2810D0E9
S2140348D004D840B11C2804D0552070471E38012840
S2140348E0FAD81A2901E00B390F298CBF552000206E
S2140348F070470829F9E7002000217047F7B59DF8AF
S21403490020400546082C104619469DF8246036D8E4
S214034910002213462C44AC4208D106F0FD04382C82
S2140349200ED10096FFF7E7FF03B0F0BD14F8017D44
S2140349301B0243EA12631202BA1843F10003EAE7C2
S214034940392E10D107EE100A07EE902AB4EEE77A56
S214034950F1EE10FACCBF77EE677A77EEC77A0021CE
S21403496017EE900AE0E7824273EB010403D2801A43
S21403497061EB0301D8E7101A63EB0101D4E70020CB
S2140349800146D1E738B5C36814461944836853F81B
S21403499021501AB12846E6F73BFE2070284638BD5C
S2140349A02DE9F3411C4616460DF107029DF82050EB
S2140349B0FFF7E8FF9DF807308046A34288BF8DF8CF
S2140349C007409DF807700DB1E41BE5B22A460021A7
S2140349D03046E6F721FF3A4641467019E6F76EFF82
S2140349E0384602B0BDE8F0812DE9F3411D46164670
S2140349F001AA9DF82040FDF726F8019B80469D42BC
S214034A0038BF0195019F04B1EC1B224600213046B6
S214034A10E6F702FF3A4641463019E6F74FFFF8B28B
S214034A2002B0BDE8F08173B50024154601AA1E4600
S214034A300194FDF708F8019B072B0AD92146CCB24F
S214034A4016B1C4F10704E4B2425C013108292A55C1
S214034A50F5D1D8B202B070BD1FB5030A8DF80E307B
S214034A600323009303AB8DF80D0000F0BBF805B0ED
S214034A705DF804FB1FB58DF80F100421030A8DF8AB
S214034A800E30009103AB8DF80D0000F0ABF805B0C7
S214034A905DF804FBF0B589B016689DF83C50CDF878
S214034AA009608DF811305668BDF83830012D109F17
S214034AB0BDF84440CDF80D60ADF812308DF81450B3
S214034AC014D0032D19D13B68CDF815307B68CDF88B
S214034AD019309DF848308DF81D3016230093BDF825
S214034AE04C2002AB00F07EF809B0F0BD8DF81540FF
S214034AF0240A0F238DF81640F0E70120F4E71FB5CC
S214034B000446084611461A4602238DF80D100093F4
S214034B10214603AB00F066F804B010BD10B514468A
S214034B201A460B6886B0CDF80D304B683421CDF8A5
S214034B3011300A23009303AB8DF8154000F052F8AA
S214034B4006B010BD2DE9F041B6B014461D46064624
S214034B500F469DF8F080E3F79FFD03AA8DF80C003F
S214034B601046330A8DF80F703F0A8DF80E308DF815
S214034B700D602B468DF810708DF8114005EB44053B
S214034B80AB4202F102021FD16200D2B2931DDBB226
S214034B903D99D8336B44073203F8CC8C01EB4805B8
S214034BA0D3B250FA82F2A94202F1020212D103EB07
S214034BB04803009006213046BDF8F820DBB2E3F741
S214034BC075FD36B0BDE8F08133F8021B1171090A92
S214034BD05171D5E731F8024B02F8024C240A02F869
S214034BE0014CE0E72DE9F0411C4605460E46174604
S214034BF09DF81880E3F750FD207043463A46314649
S214034C0028460694BDE8F041E3F750BD0020704700
S214034C107047D7F7B3BD7047704770477047704704
S214034C2000207047704770470020704770477047F2
S214034C3002F0EEBEFEF774B8FEF757B803F031BACB
S214034C40F8F714B903F01EBAF8F7CEB8F8F736B982
S214034C50F8F7F0B8FEF71EB9FEF76DB8FEF77AB8A8
S214034C60F4F768BBF4F76CBBF3F7CCBAF2F7EEBB1A
S214034C70F2F7F2BBEFF7C6B8FEF7B7B8FEF77CB8A5
S214034C80FDF718BFFEF79FB8FEF78BB830B4BDF834
S214034C9008409DF80C50CDE9024530BCFDF729BF0E
S214034CA0FDF796BFF8F77CBAE3F750BDF8F742BBBB
S214034CB0F7F78EB970B49DF80C40BDF810509DF808
S214034CC014600394CDE9045670BCF5F793B970B439
S214034CD09DF80C40BDF810509DF814600394CDE980
S214034CE0045670BCF5F7C6B9F5F7B0BA10B49DF81C
S214034CF0044001945DF8044BF5F700BA10B49DF830
S214034D00044001945DF8044B01F073BF01F073BFD8
S214034D10FDF7A2BFFDF7B2BFFDF7C5BFF1F7FEB8BB
S214034D20F1F740BFF1F712BFF0F724BF02F09FBAC6
S214034D30F1F7C8BA02F0E1BAF1F728BCF0F7FABF08
S214034D40F1F736BFF1F7B8BEF1F7CEBEEFF70EBEFA
S214034D50FEF7B5B8FEF768B8FEF77BB8FEF788B877
S214034D6000F00BBC00F004BCF7F768B9F4F772BFA9
S214034D70F7F742B9F7F768BAF4F73CBFEFF72EB880
S214034D80F6F75EBBFFF745BFFAF754BEFEF7E3B888
S214034D90FDF753BFFEF738B801F001BDE3F734BCA7
S214034DA0EFF7E0BBEFF7DAB801F09BBF01F06BBF9C
S214034DB0EFF728B9EFF766BBEFF76ABBEFF796B8DE
S214034DC0E3F73EBCE3F750BCE3F728BCEFF744B881
S214034DD0E3F72EBCF9F706B801F053BF01F01ABF8C
S214034DE0EFF740B8EFF7A8BBEFF788B8E3F7CCBC0C
S214034DF0E3F7C4BCF8F7FABDF8F7E6BF03F05DBA0D
S214034E0003F063BAF8F76ABEF8F7E6BF00F063B9D3
S214034E1000F0A1B900F0C9B900F0A0BA00F010BBC9
S214034E2000F079BAE4F7A6B900F0E6B900F013BAD1
S214034E3000F026B810B51C4601F0C2FD05F00BFFC6
S214034E400023C0F340202370400010BD002208B5A5
S214034E500B461146FFF7EEFF023818BF012008BDC8
S214034E600020704770470020704770470020704747
S214034E7070470E2070470120704770470120704727
S214034E8014220021E6F7C8BC704770B505460C46E9
S214034E908AB0252200210DF10300E6F7BDFC6B68FE
S214034EA0CDF81D30AB68CDF82130234601AC03F1B5
S214034EB01006224618685968083303C2B3421446DC
S214034EC0F7D101236A7B8DF8023012F0040F0CBF72
S214034ED04FF480734FF4A073110748BF43F4806305
S214034EE0ADF80030930748BFBDF80030684644BFAE
S214034EF043F00803ADF80030F4F7B6FB0AB070BD14
S214034F0030B5427B0D46D10704468BB007D54078B3
S214034F1001A9F4F70FFCD8B12D200BB030BD9307D1
S214034F20FAD5C2F3800310074FEA8313ADF80230B5
S214034F3044BF43F48063ADF80230BDF80220201D61
S214034F400AB10DF1020201A902F07FFD0028E3D0A9
S214034F5001AB03CB9DF81430A1602373BDF810306A
S214034F606060590642BF627B42F0040262735A05D0
S214034F7042BF627B42F0080262731B0742BF637B39
S214034F8043F0020363732B4606AC0AAD224603CAFC
S214034F90AA4218605960144603F10803F6D10020AC
S214034FA0BBE7F0B504460D4693B0252200210DF16C
S214034FB02300E6F731FC636804F1040CCDF83D30BA
S214034FC0A36809AECDF841302B4605F110073246EB
S214034FD018685968083303C2BB421646F7D105233F
S214034FE08DF82230637B5B0103F40073ADF8203049
S214034FF06378FF2B1AD1002360461A4601A900F0F6
S214035000CAF99DF80530FF2B0DD1002301A91A46D6
S214035010184600F0C0F99DF80530FF2B03D11C2677
S214035020304613B0F0BD9DF80530637000206178FC
S21403503008AA00F09BFA06460028F1D1607801A979
S21403504000F02FFA2B4603AD2A4618685968083332
S21403505003C2BB421546F7D1637B6078DB0648BFC5
S2140350609DF81C3001A944BF63F07F038DF81C3004
S21403507000F02EFAD4E710B504468AB024220021A5
S21403508001A8E6F7C9FB637B590744BF4022ADF886
S21403509010201A0742BFBDF8102042F48062ADF814
S2140350A01020DB070FD5607801A9F4F743FB10B196
S2140350B02D200AB010BD01AB03CB637B606043F0C9
S2140350C00203A160637304A9201D02F0C0FC00283C
S2140350D0EED00020EDE71FB5694600F066F800281D
S2140350E018BF2D2005B05DF804FB73B50D461446B6
S2140350F00646E3F76DFC6B881A071AD52246314637
S214035100102002F085FC2046E3F762FC6B88D90783
S21403511017D50023224601210DF107008DF807302D
S214035120E3F722FF6B88002B0CBF2120002002B080
S21403513070BDDE06EAD522460821281DE3F714FFD4
S214035140E1E79A0701D50223E4E75B07EAD50323E1
S214035150E0E70F2070471FB50C46694600F025F8B8
S214035160102221466846E6F7A3FEB0FA80F040090F
S21403517004B010BDB8B1B1B14388A3B90378013BFD
S214035180082B10D8DFE803F00507090B0F0F0F0FE6
S2140351900D00E3F7EBBDE3F745BEFFF776BEFFF77B
S2140351A000BFE3F7D3BF2120704738B50D4609B3D8
S2140351B000B30378013B082B1AD8DFE803F0050D8C
S2140351C01013191919191600E3F708FE04462846A2
S2140351D002F01EFE204638BDE3F744FEF6E7FFF76F
S2140351E08FFEF3E7E3F774FEF0E7E3F7B9FFEDE7C7
S2140351F02124ECE72124EDE770B586B0064601A826
S2140352000C461546FFF73CFE04238DF804301CB10C
S2140352102068616802AB03C3294601A88DF80560C0
S214035220FFF7A8FF06B070BD70B586B0044601A8A8
S2140352300D461646FFF724FE0323206861688DF8A3
S214035240043002AB8DF8116003C3294601A8FFF7AB
S21403525091FF06B070BD0022FFF7E6BF30B5437B73
S214035260044613F001020D468BB007D0407801A91F
S214035270F4F760FA70B12D200BB030BD9B07FAD55A
S214035280ADF8022001A90DF10202043002F0DDFBA5
S2140352900028F0D000210E22A81CE6F7BDFABDF8C0
S2140352A010302B80039BAB60BDF81230AB819DF8AA
S2140352B01430237301AB03CB6060A1600020DBE7EF
S2140352C070B5437B0446DB070E468AB003D42D2510
S2140352D028460AB070BD6946407800F045F9054691
S2140352E00028F4D1DDF81D300E226360DDF821308E
S2140352F00146A360637BB01C43F002036373E6F7C7
S2140353008BFABDF80030069A43F004033380059BFE
S214035310B2607360DCE70B4610B50446102200212A
S2140353201846E6F779FA2278032A09D0042A0DD01C
S214035330022A11D101462046BDE81040E3F776BFA6
S21403534001462046BDE81040FFF788BF01462046C9
S214035350BDE81040FFF7B4BF262010BDF8B50746DA
S21403536008460C4616461D46FFF78AFD042323709F
S214035370637B314643F00103204667706373FFF790
S21403538014FF08B12D20F8BD29462046FFF7C3FFBA
S2140353900028F8D0F6E7F8B5054608460C461F463B
S2140353A01646FFF76DFD0423237025B10822294610
S2140353B0E018E6F783FA637B43F0020363734EB9A0
S2140353C032460121284600F0DAF8FF28607007D13C
S2140353D02D20F8BD31462046FFF7E7FE0028F7D11B
S2140353E0637B43F0010363730DB90020F1E7002FDD
S2140353F0FBD039462046FFF78EFFF6E7F8B50C4696
S2140354000746084616461D46FFF73AFD0323204681
S214035410394600F8043B0822E6F750FA637B314628
S21403542043F0020320466373FFF7BFFE08B12D2047
S214035430F8BD29462046FFF76EFF0028F8D0F6E7AA
S214035440F8B5074608460C4616461D46FFF718FDF0
S21403545003232370637B314643F0010320466770C2
S2140354606373FFF7A2FE08B12D20F8BD2946204638
S214035470FFF751FF0028F8D0F6E718B18022012184
S21403548000F07DB8FF207047002307B51A4619467B
S2140354900093F5F751FEB0FA80F0400903B05DF8CB
S2140354A004FB0B4610B519220446FF211846E6F7FF
S2140354B0B3F97E2C01468CBF04F5C43004F5833063
S2140354C04FF01902BDE8104088BFAD30D7F7ECBDEA
S2140354D07E2888BF00F5C4304FF0190294BF00F54C
S2140354E08330AD30D7F70CBE30B589B00D46FFF725
S2140354F0C4FFFF2804460DD001A9FFF7D2FF286892
S214035500696801AB03C3204601A9FFF7E1FF00204A
S21403551009B030BD2D20FBE7704770470020704769
S21403552070470F2070470F207047002070470F20EA
S2140355307047002070470020704784B08DE80F0046
S214035540002004B0704770477047002070477047CC
S214035550002070477047002070470120704770474F
S21403556000207047012070470E2070470E207047BA
S2140355700E2070470020704770470E207047FF20AC
S21403558070477047704700207047704770477047F2
S21403559000207047704700207047002070470020A7
S2140355A07047704770470020704700207047704769
S2140355B0002070470020704770470020704710B5E2
S2140355C00024E3B210B9C3F10303DBB20134042CA5
S2140355D0CA544FEA1222F4D110BD10B50B784C789A
S2140355E08A78C97828B910462246044608461946DA
S2140355F0034642EA012043EA042343EA004010BD7F
S2140356007047E3F7C7BE08B5D2F7EAF9002814BF18
S2140356108620002008BD08B5D2F7B2FB003818BFB5
S214035620012008BD08B5D2F76BFB003818BF012070
S21403563008BD08B5D2F7F0FB003818BF012008BD37
S21403564008B5E3F787FFBDE80840E3F735BF70B555
S21403565004460D461646E3F77DFF0420E3F71EFFD8
S214035660324629462046FFF7DDFF04460220E3F7CD
S21403567015FF204670BD08B5E3F76CFFBDE808408C
S214035680D2F722BBE4F79EBAE4F77EBA08B5E4F78E
S2140356907BFA20B1BDE808400020E4F7B3BB112035
S2140356A008BD10B5044608B1E4F78EFC2046BDE8F5
S2140356B01040FCF7C8BF10B50446006A10B1616A13
S2140356C0FFF7EFFF0020C4E9080010BD38B5054614
S2140356D0FFF7F1FF2B7E0446012B0ED0023B012B76
S2140356E00ED8EB69012B18BF6FF096042822002111
S2140356F02846E6F791F8204638BDEB69002BF2E71B
S2140357006FF09604F2E718220021E6F785B8704793
S2140357102DE9F84F9846DDE90B490D9B15469A0788
S21403572006460F4623D02A460A9B03EB040A144474
S214035730A24220D10D9B9B0705D5A2EB050AD145B6
S21403574005EB0A0420D82046BDE8F88F43463946C1
S2140357502020B0470AF1010ACA450AEB0B02F5D32B
S214035760A9EB04024C4588BF00222A44DCE7A24684
S214035770A5EB040BF0E702F1010B434639461AF892
S214035780010DB0475A46D3E7434622463946202002
S214035790B0470AF1010AD2E72DE9F047DDE90D76B5
S2140357A016F0020F9DF82880DDE90854DDE90BCEDC
S2140357B01FD106F001094FB1B9F1000F06D0B8F1B9
S2140357C0000F02D116F00C0F00D0013F4FF0300A45
S2140357D004E0202C04D005F804A001347445F8D363
S2140357E0B9F1000F05D04FF03009A74201D9202C9C
S2140357F02DD116F0100F1FD016F4806F2CD15CB38A
S214035800744501D0BC4227D1B4F1010E23D0BCF1BC
S214035810100F46D1023C16F0200F28D1202C28D09A
S2140358204FF0780C05F804C00134202C21D04FF03B
S214035830300C05F804C00134202C1AD0B8F1000F40
S21403584023D04FF02D0C05F804C0013412E005F800
S21403585004900134C9E77446BCF1100FDBD0BCF1E9
S214035860020FE2D1202C04D04FF0620CDAE7202C92
S21403587008D12024CDE90A76CDE90854BDE8F047DF
S214035880FFF746BF4FF0580CCCE716F0040F02D0D4
S2140358904FF02B0CD7E716F0080FEBD04FF0200C89
S2140358A0D1E7BCF1020F7446C1D1DDE72DE9F04321
S2140358B091B0189D1A9E1D9F0DB927F010077C0501
S2140358C000D515B317F0200F14BF4FF0410E4FF05D
S2140358D0610EAC4600250DF12008AEF10A0EBCFBA6
S2140358E0F6F906FB19C95FFA89F4B9F1090F94BFF3
S2140358F030347444E4B2B44508F8014B05F10105AD
S214035900BCFBF6F401D3202D10D11C9C06970594FE
S2140359101B9CCDE903649DF86440CDE9015408ACB3
S2140359200094FFF739FF11B0BDE8F083A446D6E72D
S2140359302DE9F04F95B0269ECDE90A23DDE91E74C6
S214035940DDE9229B57EA040308BF26F0100672051A
S214035950CDE9080102D557EA040337D016F0200F25
S21403596014BF4123612300250DF1300AA3F10A0871
S21403597021464A465B463846E5F7E2FBD2B2092A99
S21403598094BF303242444F45D2B274EB0B0405F158
S21403599001050AF8012B01D3202D14D1259B069669
S2140359A00593249BDDE90801CDE903939DF8803038
S2140359B0CDE901530CAB0093DDE90A23FFF7ECFEB8
S2140359C015B0BDE8F08F07460C46D1E70025E5E79E
S2140359D008B100F014B8704710B1D1E90031184788
S2140359E0704738B5441E14F8015F25B90A2000F045
S2140359F006F8284638BD284600F001F8F3E70146C6
S214035A000020FCF7F3BB70477047EDF7FBBD70470C
S214035A1008B5FCF7BCFBD1F7E3FFBDE80840D4F7B5
S214035A20F3B8704708B5D2F723FBFBF756F8BDE883
S214035A300840E3F78FBD08B5FBF778FFE4F7F8FAFD
S214035A40FBF752FEE4F796FEE4F782FEE4F704FE65
S214035A50BDE80840D7F702BB08B5D5F719FBFBF737
S214035A6032FED5F721FBFBF730FED9F709FDD9F750
S214035A70AFFDD9F7B7FEBDE80840D9F7D5BD7047E7
S214035A807047E4F70FBE08B5FCF7CCFFBDE8084047
S214035A90FCF7F7BF704707B50022034611460120FF
S214035AA00092D8F767FE03B05DF804FB07B50092D3
S214035AB00B46027D81898068FDF78CFD003818BF90
S214035AC00120C00103B05DF804FB08B50020E0F731
S214035AD0D9F90020E1F76AFF0020DAF763F800201F
S214035AE0DAF7FAFA0020DAF7F9FC0020DAF7E6FF2D
S214035AF00020DBF70FFD0020DEF73EF80020DEF780
S214035B00A9FD0020DFF79EFBBDE808400020DFF775
S214035B1089BC08B50120FDF73FFA0120DAF7A2F9A0
S214035B20BDE808400120DAF7C9BF08B50220E0F750
S214035B309DFA0220DFF790FC0220E2F745FA0220E6
S214035B40FFF7A2FD0220FDF7C7FC0220DEF782FD69
S214035B50BDE808400220DFF729BFDAF7C7BAFDF72A
S214035B60DBBF704770477047704770477047704792
S214035B7010B50446DFF734FE2046FDF743FA204609
S214035B80DBF7DAFF2046DCF72DFF2046BDE81040A2
S214035B90FDF7D5BCFDF7F0BCFDF7FABCDFF75CBB41
S214035BA070477047FDF752BA7047704770477047A3
S214035BB07047704705F015B870477047DFF7E6BBC8
S214035BC0704770477047704770477047D0F7E0B923
S214035BD0FEF77DBC704700207047FEF77ABCFEF7E1
S214035BE083BC7047431E012B03D9031F58425841F9
S214035BF070470120704700F021BC4FF4D07200219B
S214035C00E5F70ABE70B50446E7F7DEFE0546A8B913
S214035C10A169F1B1238AD3B1204604F11002E7F754
S214035C2081FD38BBE16919B3638AA3B1204604F149
S214035C30120200F0CAFA78B1054603E00023A36116
S214035C402361E361002328466361236270BDA0617C
S214035C50E8E72082E6E7E361216A0029F2D0A28A18
S214035C60002AEFD02046E38ABDE8704000F06FBA02
S214035C706182F1E76582E561DEE711B9D0F8DC10F1
S214035C8021B1CB6813B18B68D88970474FF6FF7084
S214035C907047E6F77DBF10B50C461146E6F79EFF44
S214035CA0E8F7CCF9012801D1002010BD002CF7D16C
S214035CB00520FAE700F0CFB900F0E3B970B500238A
S214035CC02425D0F8DC00C4689C4201D1212070BD95
S214035CD0826805FB0322D6898E4202D8128A8A423C
S214035CE001D20133F0E70020F1E7F8B506460D468A
S214035CF0E6F7EAF9D8B94FF6FF734FF0240CEF68CE
S214035D00C1B28F4208D81C4621463046E6F792FBBE
S214035D1000F09AFB2046F8BDAA680CFB0122D48942
S214035D209C4202D2002CEFD023460130E8E7002441
S214035D30F0E7C08D70470A7838B505461046FFF77A
S214035D4051FF60B14C782046FFF74CFF38B1224331
S214035D50530704D42846BDE83840E7F78BB921201B
S214035D6038BD10B504460878FFF73CFF58B14A78AB
S214035D701046FFF737FF30B1042A04D02046BDE8AB
S214035D801040E7F795B9212010BD00F0E8B8E7F713
S214035D90F7BC084600F008BBE7F736B838B5044644
S214035DA00D4600F08EF850B129462046E6F742FB32
S214035DB030B929462046BDE83840E6F7EDBF0E2049
S214035DC038BD70B516460C4604F065FD31460546EB
S214035DD02046EAF7CFF90446284604F057FD204646
S214035DE070BD00F032B970B5044600200E4600F0D0
S214035DF027FBD4F8F0503DB1002331462046AC468D
S214035E00BDE870401A4660472B46012231462046BD
S214035E10E7F75AFA284670BD38B5044648880D4653
S214035E2000F00EFBD4F8F0302BB929462046BDE827
S214035E303840E7F757B9022038BD00F003BB00F03F
S214035E403CB9E6F777BEE9F76FB970B5BDF81060F1
S214035E50054606B16BB1334428469BB200F077F98A
S214035E60044620B91EB13146284600F0ABF9204659
S214035E7070BD2124FBE7E8F7DDBCC0F8EC1000207A
S214035E807047E7F769BB00F05EB910B4BDF804408D
S214035E9001945DF8044B00F09FB80B4610B514460A
S214035EA01846A1689288E5F747FEE168034631B1D4
S214035EB0A0886288121A92B21844E5F73DFE0020C5
S214035EC010BD0346408A18B1188A003818BF01204F
S214035ED070470846E9F734BA00F0ECBA00F0EABABD
S214035EE0E9F740BC084708B5E6F76CFEC0B208BD44
S214035EF0022A01D800F0E2B921207047022A01D80D
S214035F0000F0EDB921207047022A01D800F0F9B954
S214035F1021207047E8F780B90846E8F79BB900F0F8
S214035F2018BA00207047002070477047D0F89430A6
S214035F3003F06003402B0DD0602B03D0203B584268
S214035F405841704749B10B68012B06D9486940F0A0
S214035F500100704740F20110704700207047F7B504
S214035F6004461046D4E954C7DDE908268CEA020540
S214035F7087EA06010540194085EA0C057940C4E91D
S214035F805451002523F4004106EA010320F00100E2
S214035F9043F40073024043F00203CDE90055EAF7E9
S214035FA0B3FF94F824309A0713D5D4F854319B05DD
S214035FB00FD54FF48811204600F058FB94F8243090
S214035FC0024665F3410384F8243020460B46E6F781
S214035FD0CDFD002003B0F0BDF0B587B01C461746D4
S214035FE0BDF830601AB90024204607B0F0BD002B78
S214035FF0F9D00029F7D001AAE8F71CFC0028F2D054
S214036000BDF80630A2199A42BDF80850C4BF9B1BC0
S2140360109CB2B54212D90399AD1BADB23144A54229
S2140360200391ADF808500DD22A463846E5F784FDAD
S2140360300499621B7819E5F77FFDD5E70499761B6B
S2140360403144049122463846F5E70846EAF732B863
S2140360500220E9F77DBB08B5D0F8E4304BB11A68E7
S214036060022A06D993F825204AB1186AB0FBF2F043
S21403607008BD4FF446624C210020E6F73DFA0020A7
S214036080F6E7D0F8E42008B57AB11368022B0CD9EA
S214036090536A13F47F4FC3F3072106D0126ADBB2A9
S2140360A053438B42B3FBF1F006D2002040F67F4207
S2140360B04C21E6F721FA002008BD0346D0F830014C
S2140360C00860B3F8343100208B80704790F8303185
S2140360D00C2B14BF90F82B00FF20704738B50C46E6
S2140360E04FF400610546EBF7B3FF70B17CB195F84A
S2140360F01E3173B94FF480724FF480712846EBF764
S21403610093FF003818BF012038BD2202F4E7224669
S214036110F2E70020F8E74FF48071EBF799BF08B574
S2140361204A024FF40071EBF77FFF002008BD08B565
S2140361308A024FF48061EBF777FF002008BD4FF427
S2140361400071EBF785BF062300208B717047B2F50D
S214036150805FF8B50F460646154619462ED89A426E
S2140361602CD33F2A26D9B2FA82F40122C4F11F03A4
S214036170DBB29A4092B2AA422CBFC4F11904C4F10E
S2140361801A04E2B20124931DDBB29C40A4B2AC42D3
S21403619012D096F8F5309BB9012096F8243060F3B8
S2140361A0C71386F824303846E8F758F900203762D4
S2140361B0B582F8BD0022ECE70020EEE72120F8E7E1
S2140361C00E20F6E70846E8F769B970B505460E46A9
S2140361D0144602B313883F2B1DD9B3FA83F3C3F1D6
S2140361E01901C9B2062901D8192B12D0062928BFCE
S2140361F0062101238A1DD2B2934030462380E8F756
S21403620055F923882846EE616B82E8F7D9F9002012
S21403621070BD0021EDE72120FAE710B514460846C5
S2140362200121E9F71DFE2046BDE810400121E9F7EC
S21403623017BEF8B504460E46174604F02CFB3A463E
S214036240054631462046EAF7C9F80446284604F0D0
S2140362501DFB2046F8BD0220704703207047E9F770
S2140362606FBA10B50023E7F7EFFC044608B9EBF75F
S21403627069F8204610BD704770B505460E461446AD
S21403628000F0E3F831462846FFF72FFD00F0DDF86F
S214036290230704D50B2C9CBF24F00804A4B2214684
S2140362A02846E6F795FC00224FF400312846EBF724
S2140362B0BBFE002070BD8021EBF7CABE7FB5531C22
S2140362C005AAADF81410029202210022DBB2CDE932
S2140362D000211146EBF7C6FE07B05DF804FB7FB559
S2140362E0531C05AAADF81410029204210222DBB255
S2140362F0CDE9002100220121EBF7B4FE07B05DF8DB
S21403630004FB1FB5531C029100220821CDE900218E
S2140363100122DBB21146EBF7A5FE05B05DF804FBE0
S21403632007B591F82830009391F82B3091F829207F
S21403633091F82A10E7F736FF03B05DF804FB10B5B3
S2140363400446E6F73FFC01462046BDE81040E6F764
S2140363503FBC002914BF21200020704738B50546EE
S21403636010460C46E7F7A4FFD5B1D5F8E030BBB12D
S2140363705B69ABB1421ED2B2FD2A13D90A68013259
S21403638004BF6FF001020A600A68FF281A6007D18B
S2140363906268013202D16FF00102626062685A607D
S2140363A0002038BD0128F2E738B50546EAF73EF87F
S2140363B004460021A878E7F7E3FF204638BD2DE919
S2140363C0F74F01251C469DF83030064601930368B7
S2140363D0174603F0070306339D4005F1FF380B46C7
S2140363E0A1B1416804EA080BA5EB0B0A41F000597A
S2140363F0524509EB0B0114D952461846E5F79CFBA8
S21403640049467A1B5A445044E5F796FB019B2BB149
S2140364103C4448EA050804EA0804F46003B0BDE80F
S214036420F08F1846F0E737B5002514460095FFF7BA
S214036430C6FF204603B030BDE7F7B6BD0020704761
S21403644000207047002070477047704730B54900FA
S2140364500446056812B102291FD90339C90395B941
S214036460E1B1B1FA81F3C3F12003C3F10F000128B0
S21403647038BF012003F01F03D940A94201D90138D0
S2140364804908216030BDB5FA85F339B1B1FA81F216
S2140364909B1A002BE9DC0F20EFE700210F20F0E723
S2140364A0012805D9023818BF4FF0FF30C0B2704735
S2140364B00120704708B5E9F79DFABDE80840E9F7FB
S2140364C0C1BA38B50446FFF7F5FF0546FFF7F2FFF6
S2140364D0431BA342FAD338BD38B50D460446E9F745
S2140364E089FA35B1844200D90139204601F0030107
S2140364F038BD844238BF0131F7E708B50121FFF7FD
S214036500EBFFBDE80840E9F79DBA0B0C23F4805374
S214036510B3F5284FF7B50D468FB2064699B216D097
S2140365204AF60103994214D04AF60203994212D05E
S214036530B1F5204F14BF04240324D6F8E0300BB182
S214036540196851B9D6F8DC3093B928680EE00024F0
S214036550F3E70124F1E70224EFE7234668463A46C9
S214036560E9F7CCFADDE90003002BEBD103B0F0BD6D
S21403657019680029E9D0234668463A46E9F7BEFA81
S214036580DDE90003002BE0D1F0E702F003BB0204D1
S214036590C0F3891307D56FEA83536FEA935313F552
S2140365A0007F18B206D0A3F1C8006FF4FF739842B9
S2140365B0B8BF184670474FF0384359699A6903F5D0
S2140365C000530A405A6170470E207047EBF7AEB887
S2140365D0EBF7ACB8EBF7AAB8EBF7A8B808B50846DC
S2140365E0EBF7CAFC08BDEBF7A1B802207047022000
S2140365F070470020704701207047002070470E2028
S214036600704700207047E7F719BD08461146012278
S214036610FFF741BB70B505460C4611461A46EBF725
S2140366205DFD06682B462046B446BDE870406047CD
S21403663010B5EBF753FDBDE8104083681847FFF726
S21403664010BEE7F723BCFFF7A9BBE7F72DB970B574
S21403665004460D4616464FF4881100F01CF83246E1
S21403666029462046BDE87040E7F742BE38B50546E2
S2140366700C4604F010F9D5F890301C40D5F88C3051
S2140366802343C5F88C3004F001F9211E18BF0121FD
S2140366900020490238BD38B504460D4604F0FBF821
S2140366A0D4F890301D40D4F88C3023EA0505C4F89E
S2140366B08C5004F0EBF8284638BD38B504460D4632
S2140366C04FF48811FFF7E7FF29462046BDE8384018
S2140366D0E7F736BE73B50D7806460C4635B3042386
S2140366E08DF804302379304601A98DF80530FFF77D
S2140366F038FB0546B8B92278A37952BB8DF8043027
S214036700E379304601A98DF80530FFF714FB0546FB
S21403671048B923783BB161883046E6F7E3FE0121AA
S2140367203046FFF7DBFC284602B070BD2946FFF76C
S214036730D5FC29463046FFF7F2FC29463046FFF7DC
S214036740F6FC2378002BCAD123798DF804306379BD
S214036750C9E702228DF80420D3E7FFF7E0BCFFF772
S214036760EEBC0020704710B50446EBF751FD2146FA
S2140367700020ECF7A1FBBDE81040002000F02BB989
S21403678070470120704708B5EDF7C4F980F00100A3
S214036790C0B208BD4FF0FF30FFF79EBB7047002026
S2140367A0704710B50C4603F037FE048010BD38B5AD
S2140367B00C46154603F030FE03881DB11C43A1B2F8
S2140367C0018038BD23EA040189B2F9E708B503F06E
S2140367D023FE008808BD08B503F01EFEC07808BD7A
S2140367E008B503F019FE008800F00C0008BD08B5D4
S2140367F003F012FE008800F00C00031F58425841B5
S21403680008BD38B5054603F007FE04462846FFF7DD
S214036810EEFF30B904F1100004F01DFA00F44060F6
S21403682038BD4FF40060FBE738B5054603F0F4FDCA
S21403683004462846FFF7DBFF014648B910342046D6
S214036840042203F029FD2044BDE8384004F003BACF
S214036850A08838BD10B50C4603F0DEFD848010BD5D
S21403686038B5054603F0D8FD04462846FFF7BFFFB4
S21403687030B904F1100004F0EEF900F4404038BDDE
S2140368804FF40060FBE738B5054603F0C5FD044644
S2140368902846FFF7ACFF014648B9103420460622C7
S2140368A003F0FAFC2044BDE8384004F0D4B9A088CD
S2140368B038BD38B5054603F0AFFD04462846FFF756
S2140368C096FF014608B1201D38BD10340622204627
S2140368D003F0E2FC2044F7E708B503F09DFD007AD9
S2140368E008BD08B503F098FD90F9090008BD08B582
S2140368F003F092FD807A08BD08B503F08DFDC068ED
S21403690008BD10B50C4603F087FD047210BD10B524
S2140369100C4603F081FD447210BD10B50C4603F01F
S2140369207BFDC46010BD2DE9F8430F468046002169
S21403693007F110001646994603F0E2FD0446D0B16F
S21403694003F06AFD0546204603F082FD0021024659
S2140369502846E4F761FF00232046AB7049F00401A4
S214036960FFF71FFFA5F804802EB13A46314605F11E
S2140369701000E5F7E1F82046BDE8F883F8B50546CC
S2140369800F461020002103F0BBFD0446B0B103F010
S21403699043FD0646204603F05BFD002102463046D3
S2140369A0E4F73AFF002339462046B370FFF7F9FEB3
S2140369B025B12A460121204603F07AFD2046F8BD7C
S2140369C008B503F029FD103008BD08B503F040FDF7
S2140369D01038C0B208BD0020ECF796B908B5ECF73E
S2140369E0F1FB002008BD4088C0F30C00033080088C
S2140369F040000430704770B50E46054611463046D3
S214036A0003F07EFD044635B128B103F005FD32469A
S214036A102946E4F753FF204670BD0088B0FA80F09D
S214036A204009704738B505880022044604F07DF90E
S214036A3005B1258038BDF8B507460D460088002108
S214036A40164603F021FDB042044605D129463846D2
S214036A50BDE8F840FFF7E6BF0021204603F014FD2B
S214036A60B04205D02046002103F00EFD0446F3E7AE
S214036A702A462046002103F01BFD32462846BDE881
S214036A80F840002103F014BDF8B5058807467DB12C
S214036A90CCB22146284603F0F7FC8542064609D1C8
S214036AA000233B8000222146304603F001FD354695
S214036AB02846F8BD214603F0E7FC21460246284651
S214036AC003F0F6FCEEE72DE9F04707888246884692
S214036AD014465FB3384603F0BBFC3D460646E4B2B5
S214036AE02146284603F0D0FC4045814616D1214670
S214036AF003F0CAFC21460246284603F0D9FC474564
S214036B0004D1454508BF0025AAF8005000222146B7
S214036B10404603F0CDFC3046BDE8F0878742FAD006
S214036B2003F096FC30444D4686B2D9E73E46F2E77C
S214036B3000220123C0E900237047F8B50446012765
S214036B40002603F0B5FE23683BB903F0ACFE002233
S214036B506368012B0ED16360F8BD1D691F61266053
S214036B6003F0A1FE012DF2D02B462D691E61012DE7
S214036B70FAD1E6E719691A610B46EAE7036823B90F
S214036B804068012803D0EDF765B8002070474FF042
S214036B90FF307047F8B5054603F078FF0123064635
S214036BA00027A8602B7303F083FE2B6802467BB195
S214036BB01C692169A1420CBF2F6019612761104629
S214036BC003F071FE012C08D0204663689847EAE775
S214036BD06C68012C04D103F066FE00232B73F8BD0A
S214036BE06169711AB1F1004FF5D8216969602361B3
S214036BF0E5E70220704702207047002070470144F3
S214036C00884201D10120704710F8013B9342F7D028
S214036C100020704770B50146064692B00020EBF799
S214036C2023FD044670B9FDF7F1FF054601466A46A3
S214036C302046ECF75FF86A46294620468DF8026040
S214036C40ECF70EFB204612B070BD00B593B0FDF70F
S214036C50DDFF6A4601460020ECF74CF89DF902007A
S214036C6013B05DF804FB00B593B0FDF7CFFF6A469B
S214036C7001460020ECF73EF89DF8000013B05DF8DF
S214036C8004FBEBF7FBBF012070477FB54FF6FF71A0
S214036C9001AAEDF751FA20B1BDF80C0007B05DF874
S214036CA004FB4FF6FF70F9E708B51046EEF70AFA4D
S214036CB0BDE80840EEF7C4BA7047704770477047A0
S214036CC0704770477047704738B54FF6FF750D80AD
S214036CD00C46F6F7BBFA2080A8420CBF2D200020F6
S214036CE038BD002100B593B06A460846ECF702F8B3
S214036CF0BDF8060013B05DF804FB002110B592B092
S214036D0004466A460846EBF7F5FF00216A4608463E
S214036D10ADF80640ECF7A4FA12B010BD002100B59A
S214036D2093B06A460846EBF7E5FFBDF8040013B0D8
S214036D305DF804FB002110B592B004466A46084687
S214036D40EBF7D8FF00216A460846ADF80440ECF797
S214036D5087FA12B010BD70472DE9F04F87B00C4686
S214036D6091460746FFF73CFD0546661C304603F092
S214036D7072FF042D40F090803846FFF721FE03781B
S214036D80092203F00303012B14BF0223032301216B
S214036D902046039303F080FA092200210546204685
S214036DA003F07AFA21788DF817000139002220467D
S214036DB089B2FFF720FE04EB09088346F0B14FF0D3
S214036DC0010A2A460146CDF800A003980DF11703E1
S214036DD0FBF7DDFE0228054626D1584603F038FBAE
S214036DE000222070C0B2431E00929BB25246594600
S214036DF0304604F029F82378534423703846FFF7C7
S214036E00E5FC020424D498F8013021789B071FD5AB
S214036E100139A1EB09013A464046C9B2F1F710F928
S214036E2023781844207013E020B92070284607B052
S214036E30BDE8F08F032809D1404603F00CFF20F489
S214036E40007189B2404603F008FFD7E70428D5D17E
S214036E500125002220462178FFF7CDFD07460028AE
S214036E60E4D04FF000080146434601224046CDF8E1
S214036E700080FBF78CFE022819D1384603F0E8FAA7
S214036E80C2B2013A207093B2394601223046CDF899
S214036E90008003F0D9FFC9E780F0800520F080006A
S214036EA081B23046C5F3C01503F0D7FED1E70028FC
S214036EB0BCD12070BAE708B50020FFF764FC80F069
S214036EC00100C0B208BD0A4608B501460020EDF72A
S214036ED081FBB0FA80F0400908BD0020ECF7F4BA55
S214036EE000210846EBF798BF0020FFF74ABC70B5B1
S214036EF0044603F0B0FE042200210646204603F0B3
S214036F00CBF9204403F0A7FE0322054600212046C2
S214036F1003F0C2F9204403F09EFE4FF6FF730540CC
S214036F20ADB29D4214D1F30712D5062200212046A6
S214036F3003F0B2F9204403F08EFE0446EDF7BCFBE3
S214036F40844214BF02240624EDF7B0FB204070BD34
S214036F502046FBF7EDFFC400E4B2F5E708B5FFF7FC
S214036F60C6FF003818BF012008BD0120704710B5C2
S214036F700446FEF71DFB08B9FEF71CFB03050FD4FA
S214036F800C231B2B01D1002009E020FA03F1C907CB
S214036F9003F1010206D5DBB2E31A5842584110BD8D
S214036FA00B23F9E71346ECE710B50C46098819B925
S214036FB00846F7F7A3FC2080012010BD08B510464D
S214036FC01A4600F08CFABDE8084003F0E2BD70B53F
S214036FD004460D46164692B06A46EBF78BFE6A46A3
S214036FE0294620468DF81F60ECF73AF912B070BDBB
S214036FF010B50C46EDF73CFF2046BDE81040EDF714
S2140370004DBE0129F8B505460C461DD003291ED0F2
S214037010052920D0072922D0002600240027012096
S214037020EBF7BAFD304485421DDA0320EBF7B4FDD7
S2140370302044854219DA0520EBF7AEFD3844854235
S214037040B4BF07200520F8BD6FF00406E5E76FF030
S21403705004040526E2E700266FF00407DFE70024B2
S21403706005272646DBE70120EDE70320EBE738B1EB
S2140370704379490023F00C0301F00C010B434371E1
S214037080704710B5044678B141794088490801F045
S21403709006010131000AFFF7B4FF02460146204607
S2140370A0FFF7E5FF104610BD0722FBE738B50D4690
S2140370B0EDF7CCFE044608B9002038BDFFF7E1FF24
S2140370C0002DFAD1237913F00703F5D0984238BF81
S2140370D01846C0B2F1E7EEF7C7B80022EEF7EAB9F2
S2140370E00021012208B5EEF7E5F9401A18BF012082
S2140370F008BD38B51546FFF7F0FF0446284603F0EB
S21403710087FE84B1FF2804D0626822FA00F3DB0707
S21403711001D5012038BD0123834013436360E37820
S2140371200133E370F5E72046F4E7EEF71DBC10B530
S21403713003F072F900F11004204603F08CFD20F4EE
S214037140007189B22046BDE8104003F086BD2DE9E4
S214037150FF411546019101218DF80D301B0A8DF86C
S2140371600E309DF82C308DF80C008DF80F30284625
S2140371700423009103AA9DF828809DF830709DF89B
S214037180346001F016FB044670B12946FFF762FB34
S214037190B8F1000F02D12046FFF7C9FF2FB146B959
S2140371A03146204601F0D0F80024204604B0BDE85E
S2140371B0F081002220461146EEF75CFBF4E74FF41D
S2140371C07A70EEF7B1BC08B5ECF758FDBDE8084099
S2140371D00020EEF7AFBD00B58BB06846EEF780FC37
S2140371E0009BBDF8060004A90693EEF71FFC0BB040
S2140371F05DF804FB1FB504466846EEF771FC02AB68
S21403720003CB2060616004B010BD1FB5062304469F
S2140372108DF80C30EEF7E8FE00238DF80D00CDE96F
S214037220003301210223204603AA01F0C2FA04B068
S21403723010BD38B5002208210546FFF7E0FC0446DA
S21403724098B9FFF74EFD22464FF6FF71EFF724F984
S2140372502846297CEEF79EFD287C6A69E989F0F7C3
S21403726099FCEEF70FFD204638BD0120FCE770B50C
S2140372700C4605460120EFF79BFC237B4BB1FFF73B
S21403728030FD014623462A46BDE870400120EFF74D
S21403729021B94FF6FE71F5E7F8B50E460746FFF738
S2140372A08FFB054603F0D7FC00F44040B0F5404F93
S2140372B014BF0022062202F10A03EB5C0B325C00C9
S2140372C004F00E045B08144403F0380338461C44E9
S2140372D0FFF77BFB844208D2001BC2B20F2A28BFEB
S2140372E00F2230462919E4F727FC2046F8BDECF7B1
S2140372F0C5BC40F62740F0F7CBB9FF224FF6FF7127
S214037300F0F7FABA07B500210DF10700F0F72CFCE9
S2140373109DF8070003B05DF804FB13B5044601A906
S2140373200020F0F721FC019A01462046F0F732FCD4
S214037330204602B010BDF0B50F46002187B00446C4
S21403734008461646F0F710FC012305460DF10A0021
S2140373508DF808408DF80930FFF74CFF092C1DD136
S21403736031460DF1120003F078FC05AB002102AAAA
S2140373709B1A2846CDE90011DBB2642101F019FA05
S2140373800546E0B1092C15D1F0F74EFC044688B14A
S2140373902846F0F75DFC204607B0F0BD31460DF1F8
S2140373A013008DF812704FF6FF7503F056FC0DF1BF
S2140373B01503DBE7284600F014F80446EBE704461B
S2140373C0E9E738B504460D4603F03CFD40B1AC4250
S2140373D006D0204603F02DFDBDE8384000F0ACBFD4
S2140373E038BD10B50446FFF7EBFA023003F033FC62
S2140373F04FF6F7739842204603D9BDE81040F0F7DE
S214037400A1BDF0F7E1FDB0FA80F0400910BD012000
S21403741070470022F0F7CEBC70B504460088FFF72D
S214037420CFFA0546043003F016FC0646A81C03F004
S21403743012FC054603F025FB3046F1F7ABFF30B9E7
S2140374402846F1F7A7FF10B1284603F0FBFCA37804
S214037450002023F00F03A37070BD70B50546FFF739
S214037460AFFA0646284601F0C8F901462846F7F75C
S21403747079FE04462846FFF7D7F94FF6F773984286
S21403748008D8337803F00303012B05D1A31E584213
S214037490584170BD0120FCE70020FAE741F20333B0
S2140374A030B585B00D46ADF808300446FFF719FC35
S2140374B08DF80A00FFF715FC0021000A8DF80B0073
S2140374C005232046CDE9001102AA8DF80C5001F0E1
S2140374D070F910B12146FFF79CFF05B030BD2DE9CA
S2140374E0F041044617460D46E1B13F294FF000062A
S2140374F000D135462046FFF773F9082814D1012139
S214037500204602F0C1FF064602F0A2FF04463046BC
S21403751002F082FF3B4601462A46E0B2BDE8F04150
S214037520FDF718BC0126E5E72046FFF759F90246A2
S21403753030B9BDE8F0414FF6FF71012003F054BBAC
S2140375402046FFF75EF9B0F5006F0ED12046FFF731
S2140375506BF94FF6FF739842014617D0002D0CBF08
S21403756003200520002203F03FFB29462046EEF7C2
S21403757039FA68B929462046F1F7AAFE40B93246D9
S21403758029462046BDE8F041F0F762BE0120E9E750
S214037590BDE8F0817047704737B54FF6F675FDF7CF
S2140375A038FB431E9BB2AB420446F8D8EDF74EFCBD
S2140375B00028F4D169462046ECF76AFF0028EED08F
S2140375C0204600F09AFE0028E9D12046FFF788FD02
S2140375D00028E4D12046F1F7DDFE0028DFD120465F
S2140375E003F030FC0028DAD12046FDF71DFB002807
S2140375F0D5D1204603B030BD73B504460E46F1F729
S214037600C9FE054688B92046F1F71EFF21462B46DC
S2140376100D224FF6FD70009500F0A1F83146204686
S21403762002B0BDE87040F1F7D1BE02B070BDF7B549
S21403763004460D461746FFF754FB0646002D3FD07B
S2140376404FF6FB739C423BD82046F1F7A3FE08B1E6
S214037650A64235D02046F1F79DFE10B1012003B0B7
S214037660F0BD2046FDF7E0FAC0B1A642F6D0F4B16D
S21403767069462046ECF70CFF0246C0B90821684667
S214037680FFF7BDFA98B9082269462846E4F710FCC6
S21403769068B129462046FFF7AFFFDFE7A642E6D1EB
S2140376A02846ECF763FF10B900F03DFED6E73FB17E
S2140376B021462846EDF770FD21462846F5F7ACFD32
S2140376C00020CCE737B5054614460C2914D8DFE866
S2140376D001F02C132C131313071313131324240072
S2140376E06946ECF7D5FE18B901216846F5F792FE10
S2140376F041202946F8F7B2F9D4B12046FFF760F9DE
S214037700023003F0A8FA4FF6F773984210D92046D2
S21403771003B0BDE83040F0F7CBBC40F6144040F66B
S21403772013430B2908BF1846E3E700F0EDFDE3E734
S21403773003B030BD1FB50346084603218DF80D3050
S2140377408DF80C1001230021ADF80E20CDE9003191
S21403775003AA042301F02DF805B05DF804FB2DE918
S214037760F34106460F4614461D469DF82080FFF754
S214037770B8FAB04207D100222146384602B0BDE827
S214037780F041FFF79FBF3A4631462046FFF7D2FF48
S214037790ADF8060060B10D2C05D100224FF6FF713F
S2140377A0282003F021FA35B9BDF80600FFF719FEC5
S2140377B002B0BDE8F0810123424629460DF10600DA
S2140377C0ECF7B0F9BDF80630002BEDD1F0E7F7B5CE
S2140377D00C460546FFF7F4F8611C06462846F7F7FD
S2140377E0C1FCA11C0746284600F02AFF01460446B2
S2140377F03846FDF747FA0D2F34D12046F1F7CAFD78
S21403780078B1301D03F027FA04462846F679FFF7C9
S2140378103AF831460246204603B0BDE8F040FFF78B
S21403782068BCB01C03F017FA4FF6F773984202D9F8
S2140378302846F0F73DFC2046F1F706FEFFF751FA1F
S214037840A04205D1002003B0BDE8F040FFF7A2BE7A
S2140378506B46B068F16803C369462046F1F7B6FD88
S21403786003B0F0BD2A463946204603B0BDE8F040D3
S214037870FFF728BF14220021E3F7CEBF2DE9F04F10
S21403788011F00F0704460E4615468FB05CD1012053
S214037890E1F740FC09A8FDF7F3FA092309A88DF8D8
S2140378A02430FDF7F1FA09A8E1F706FC01A909A8B7
S2140378B0FDF77BFC26F00F08A84404F1100904F139
S2140378C00F0A454511D1236901A93344236109A849
S2140378D0FDF750FC0020E1F71DFCB6F1005F28BF62
S2140378E0272738460FB0BDE8F08F05AA23469646ED
S2140378F09446186859680833ACE803004B4562465B
S214037900F6D12B46224605F1100B53F8041B5B45B4
S21403791042F8041BF9D1714609A8FDF72BFC09A808
S214037920E1F7CAFB224621460120E1F7AFFB013D02
S214037930631E13F8012F15F8011F534582EA01024F
S2140379401A70F6D15D46BCE70227CAE7F0B51746BC
S21403795085B005460C46102200216846E3F75CFF17
S214037960BFB3C4B30F2C04F00F0608D924F00F04DA
S2140379703A4621462846FFF781FF40BB2744324656
S21403798039466846E4F7D8F880222F6906F11003D3
S21403799037446B44B7F5005F03F8102C2F61C6F12C
S2140379A010061AD3062E1FDDFB001A0E8DF80A20CA
S2140379B01A0C5BBA8DF80B20ADF80C306A46102112
S2140379C02846FFF75BFF00202B69103B2B6105B0B1
S2140379D0F0BD3E46D8E72646D6E7022E04DDFB007A
S2140379E05BBAADF80E30E9E76A4610212846FFF782
S2140379F045FF2B691022A3F11004002168462C6171
S214037A00E3F70AFFB7F5005F4FEAC403CDD2E7E713
S214037A1070B50E46054686B001A81446FFF72AFF42
S214037A203246294601A8FFF791FF2246054601ABD9
S214037A3005AE1C4603CCB44210605160234602F1E7
S214037A400802F6D1284606B070BDF1F755BD0A46C2
S214037A500021F1F751BDF0B58BB00C4601A9F1F743
S214037A604BFD054680B325220021E01CE3F7D4FE38
S214037A700123A3700E23BDF810702380FA0510D5DA
S214037A8023464FF4877206AE23F8042B0DF1280C19
S214037A90324603CA624518605960164603F1080366
S214037AA0F6D13B0605D5238843F080032380069B47
S214037AB0636001AB03CB039BC4F81D00C4F821101D
S214037AC0A361F2F7FDFE606128460BB0F0BD30B54A
S214037AD005460C4687B001A8FDF7D2F92868696801
S214037AE002AB03C39DF8113043F002028DF8112058
S214037AF074B12288510644BF43F006038DF8113053
S214037B00530542BF9DF8113043F008038DF811303A
S214037B1001A8FDF7B0FAB0FA80F0400907B030BD0F
S214037B202DE9F3410F460546164602F091FC4FF049
S214037B300008C41BE4B2294623463A463046CDF82D
S214037B40008003F081F90121284602F09DFC88B1EC
S214037B500121284602F098FC074602F079FC054608
S214037B60C3B2424630193946CDF8008003F06CF9AB
S214037B702544ECB2204602B0BDE8F0812DE9F04F73
S214037B8085B00C46054691461F464FF0010ADDF8C0
S214037B9038809DF83CB002F05BFC22463B46294603
S214037BA00646CDF800A0484603F04EF9514628464F
S214037BB002F06AFC3C4418B35146284602F064FCC3
S214037BC0F6B2B442814610DAE7B2F31BDBB24046A4
S214037BD022462946CDF800A003935F4403F034F908
S214037BE0039BBF1B984407F0FF0B012300220E9351
S214037BF049465B46404605B0BDE8F04F03F024B95E
S214037C005B4622462946CDF838A0F3E72DE9F04136
S214037C10002686B0074608460C4615469846CDE924
S214037C20026604968DF8146002F012FC411BCBB278
S214037C300D2B28BF0D232A462146009602A803F0E3
S214037C4003F9424602A93846F1F7ACFD0646294633
S214037C5020469DF80820F7F799FA304606B0BDE8A7
S214037C60F0812DE9F04F0E46CBB0012105461746AD
S214037C701C4602F009FC23463A462946814606A8D6
S214037C80FFF7C4FF0DF1280A00EB070B52463146F7
S214037C9028465FFA8BFBFFF743FFB34503D200206A
S214037CA04BB0BDE8F08FABEB06085FFA88F808F137
S214037CB004039842F3DB331F18440423C4B201932E
S214037CC0A31BDBB20093524643460021CDF808A01F
S214037CD006A8E1F78FF90028E1D1A4EB0B040AEB21
S214037CE00803E4B2524628463146009301944346BD
S214037CF0FFF744FF39462846F7F734FA394600F0CB
S214037D00F8022846F7F742FA0121284602F0BCFBA0
S214037D10002818BF4D462846ADF8165002F098FBCB
S214037D20011FC9B20DF1160000F04FFC0120B7E7A2
S214037D302DE9D841064600F060FD411C044689B291
S214037D40304600F02DFD98B394B321463046F7F73E
S214037D5009FA00F00C03042B074629D000F00308A9
S214037D60B8F1020F00D11BBB384600F0B0FD3B064E
S214037D700444A4B216D5611C304689B200F010FD47
S214037D80B0B121463046F7F7EDF9B8F1010F0146D9
S214037D9000F003030CD0032B0AD0384600F0A6FDF0
S214037DA003199CB221463046BDE8D84100F0F8BC22
S214037DB00020BDE8D881F8B5064600F0E0FC05468D
S214037DC004463046FEF7FCFD43785B0718D5AC1C2B
S214037DD0A4B22146304600F0E3FCB8B1294630464B
S214037DE0F7F7C0F90746691C304689B2F7F7BAF9C0
S214037DF01FB1874201D8FF2808D104EB4704A4B279
S214037E0021463046BDE8F84000F0CABC0020F8BD65
S214037E1013B5044601A8F1F71DFFBDF80430DA07D1
S214037E2010D49B0707D410220021204602B0BDE8D9
S214037E301040E3F7F1BC224621461020FFF7E8FD89
S214037E400028F0D102B010BD024608B5F1F72AFFAC
S214037E50510544BF0838C0B2130544BF0838C0B242
S214037E6008BDF0B5D30705460C468BB04AD5008847
S214037E7000F0C3FC00230646029314B9CDE903447D
S214037E8003AC002208212046FEF7B9FEA8B12888D5
S214037E90FEF796FD023002F0DEFE21460746ECF7BB
S214037EA0F7FA50B1002240231146384600F005FA8F
S214037EB040F6094528460BB0F0BD31462888F7F74B
S214037EC051F910F0030F0CBF01260026F1F758FBFB
S214037ED046EA4000C0B200900021204602AB05AA45
S214037EE0F3F72AF90546F1F74BFB0028E2D0002DFD
S214037EF0E0D000212046009602AB05AAF3F71CF952
S214037F000546D7E740F60A45D4E700231A46F3F7B3
S214037F107FB830B58BB005AD04462846FCF7B0FFF6
S214037F200223284601A98DF81430FDF73EF92346AF
S214037F3001AA144603CCAC4218605960224603F1EA
S214037F400803F6D10BB030BD08B500230246194628
S214037F501846F3F75DF8012008BD37B504466846B2
S214037F60F3F7CEF8054648B1082221466846E3F7FC
S214037F709FFFB0FA80F0400903B030BDFF2208210E
S214037F802046FEF73CFE034628B106212846FFF7A7
S214037F90BCFF0120F0E722460146F3F739F8F8E77D
S214037FA007B56846F3F7ACF810B16846FDF76CFA08
S214037FB000F0010003B05DF804FB0120F3F776BD83
S214037FC0704730B50124054689B003A8FCF758FF6F
S214037FD001A88DF80C40E1F7CDF89DF806209DF832
S214037FE00730AA4209D0AB4209D103A88DF80D4049
S214037FF0E1F762F8012009B030BD0024F5E7002060
S214038000F9E700221021FEF7FABD70477FB50D464B
S21403801000F582300D22694600F58070D5F744F8E6
S2140380206B462A4602AE1C4603CCB442106051602F
S214038030234602F10802F6D12068106023791371F3
S21403804000236B7304B070BDF0B585B06A46054671
S2140380500B46164601F10807144618685968083394
S21403806003C4BB422246F7D118680D2220601B7951
S21403807005F582303146237100F58070D5F740F858
S21403808005B0F0BD38B504460D46E0F765FBA042E3
S21403809005D920462946FFF7B9FF002038BD28201A
S2140380A0FCE730B5002485B08DF80040E0F754FBBC
S2140380B0E5B2A84204D8F5F711F8002005B030BDA4
S2140380C069462846FFF7C0FF0134EFE738B5044694
S2140380D0002002F0ACFEFF2805460FD002F0AFFEEC
S2140380E010F0010009D0284602F0A9FE400840EA35
S2140380F0C17080F0010000F0010038BD04F00100FB
S214038100FBE70146F8B506460020F4F721FFFF28F3
S21403811001D00120F8BDE0F70FFB00240546871CBD
S214038120E0F70EFBE3B2984201D80020F2E735F8F9
S2140381302430B34203D117F82430002BE9D101349D
S214038140EEE738B50D460121044602F09DF930B13D
S2140381500121204602F098F92880012038BD2046E8
S2140381602C8000F020FC0130C0B2F7E72DE9F04781
S21403817088B00746894610460DF10A011D4690460B
S214038180FFF7DFFF4FF0000ABDF80A6004463046EB
S214038190CDE905AACDF81BA002F05AF9031BDBB202
S2140381A00B2B28BF0B2322463146CDF800A005A88B
S2140381B002F04AFE48F21F039D4243D00BD885F4D3
S2140381C00043012B15D923464246494628460097C5
S2140381D0FDF7A7F933E048F23A039D42F3D1FEF7E1
S2140381E080FDB8422BD02246414605A8FDF7CAF9C2
S2140381F025E09DF8143013BBBDF81D40DDF81500CF
S214038200DDF8191003AB03C3204603A9E0F798FC77
S2140382100122204603A9FFF70AFAA74206460ED014
S214038220012103A8F5F7F6F848F201039D4206D1AB
S2140382302EB9334632463946204600F058FC08B07D
S214038240BDE8F0879DF81450002DF8D12F469DF811
S21403825015800234EAB24245F1D2D200D2B22244A9
S2140382600823314692B2009703A8CDE9037702F0BC
S214038270EBFD03A800F074F802F0DBFD00F05CF8F9
S2140382800135E7E710B50024418084800480C2806E
S214038290038110BD13B5BDF81040CDE900340023AB
S2140382A0F5F786FB02B010BD13B5BDF8104001907C
S2140382B00094F5F77DFB02B010BD07B500930123CC
S2140382C0FFF7F2FF03B05DF804FB0123F5F716BCD6
S2140382D038B50546EFF7A8FC0446E0F749FAA401CB
S2140382E044EA4020284038BD704770470020704756
S2140382F0FF207047002070477047002070474FF6F6
S214038300FF70704700207047704700207047704723
S2140383100020704770470020704700207047704762
S21403832070470020704770477047002070474FF62D
S214038330FF70704717207047704770477047704745
S2140383407047704701207047012070470020704730
S214038350002070477047704770474FF6FF707047AE
S2140383604FF6FF70704700207047002070470020CC
S21403837070477047002070472DE9F04F002785B0FF
S21403838081460C467E2039469846BDF83CB09DF89B
S21403839044A0BDF84C500192ADF80E7002F0B0F850
S2140383A00646002800F0AA8002F036F839467E22F8
S2140383B0E3F732FA304602F02FF80090304602F028
S2140383C02BF8B9F1FF0F0CBF274644F003073B0A0F
S2140383D014F44062077043705FD14FF00808C31C63
S2140383E0184642460199E3F769FA034604F4404403
S2140383F0434484B1790606D419464FEA1B2201F892
S21403840002BB5A700B46B4F5004F56D0A4F5404253
S21403841054425441E400224618460E99E3F74EFAB6
S214038420009A03462044A0EB02085FFA88F89DB141
S2140384304FF47C521A53841C284601F0EDFF834602
S214038440284602F005F8C5B22A4659462046E3F701
S21403845073FB60190235EDB2B9F1FF0F2FD0524608
S214038460109900F8019BE3F767FB08F101015AFA3C
S21403847081F129443046EBF7EBFA0C210022FF008A
S21403848007F0800710463943FEF778FAADF80E007A
S214038490E8B9002005B0BDE8F08FB2F5006F80F8AC
S2140384A003804FEA182880F8048000F1050314BF00
S2140384B04FF008084FF0020892E70224ABE708EBF8
S2140384C00A0129443046EBF7C3FA0821D6E73046BB
S2140384D001F0A2FF0446304601F0BAFF012302462C
S2140384E021460DF10E00EBF71DFB0028D1D101212B
S2140384F0BDF84820BDF80E0001F0DAFFBDF80E0007
S214038500C8E710B50C46098821B90846F6F7F6F908
S214038510208008B1012010BD0220FCE72DE9F047BA
S21403852080460F460646002402F1FF39BC4202D2BB
S21403853019F8015F25B9A6EB080080B2BDE8F087FD
S2140385409A46A5F13102012A5AF8041B10D832467E
S214038550322D02F8011B06D10134A4B2A74232D34E
S2140385600912B21C7170013453461646A4B2DDE7F5
S214038570342D0CD10334BC42DDDA0B0A3170737030
S2140385800B0C090EB370321DF170A4B2EBE7A5F124
S2140385903302062A0DD8303DADB22B19BB42CADAD8
S2140385A02A463046013CE3F789F915FA84F4721932
S2140385B0EBE7A5F14102062A01D8373DECE79D8893
S2140385C003F1080AE9E71646B5E770B505460088DD
S2140385D00C4601F03DFFA04228880AD201F038FF7E
S2140385E00023221A19462846BDE8704092B2EBF7DC
S2140385F099BA2146EBF72CFA002070BD38B505462C
S21403860001F00AFF0446284601F022FF0022014635
S2140386102046BDE83840FEF7EEB9F8B516460C46D8
S2140386201D46BDF8187001F0F7FE0444304601F00D
S214038630F3FE3A4641192046BDE8F840E3F73EB953
S21403864070B50C46013189B20646F6F78BFD214616
S21403865005463046F6F786FD00EB052080B270BD72
S2140386601FB50123ADF80C2000930A4602230146EA
S21403867003A802F0E9FB05B05DF804FB0FB437B5B9
S214038680069D0021A8B201F03BFF044601F0C4FE9C
S2140386902CB1002207AB0193D1B28D4205D82046F8
S2140386A003B0BDE8304004B0704753F8041B815450
S2140386B00132F1E773B504460D4640200021164605
S2140386C001F01EFFADF8060001F0A6FEBDF8063069
S2140386D013B9002002B070BD402133462A46204419
S2140386E0FFF71CFF211889B20DF10600FFF76DFF97
S2140386F00028EED1BDF80600ECE70EB403B503AAD6
S21403870052F8041B0192FFF7D5FF02B05DF804EBA5
S21403871003B070472DE9F7430F46012181461646FD
S21403872001F0B2FE054658B1FFF768FF308088B9FE
S214038730284601F08DFE68B1192003B0BDE8F0832A
S214038740484601F085FEFF2FA0EB0704E4B214D0E1
S21403875014B934800020F0E72A4621462846FEF75F
S2140387604AF980460028E7D03B464A462946009405
S214038770FFF753FFA6F80080ECE70120DDE708B516
S214038780FEF71EF9437803F001001A074CBF1030BA
S2140387900830DB0644BF0830C0B21030C0B208BD94
S2140387A010B50C4601F054FEA04234BF0020012051
S2140387B010BD7FB514460091024641F2092141F6E9
S2140387C009209DF820601D46002E18BF0146099B10
S2140387D00020F6F7EFFCADF80E0010B9002004B049
S2140387E070BD01232A4621460DF10E00EBF79AF9D8
S2140387F00028F3D1BDF80E00F1E738B50546FFF7BC
S214038800BEFF0446284601F023FE631C9BB2834248
S2140388100FD82846FEF7D4F843785B0707D52146DA
S2140388202846F6F79FFC013004EB4004E4B22046EA
S21403883038BD0024FBE71FB5ADF80E0001F008FEB7
S2140388400446BDF80E00FFF7D8FF00F10E03DBB2B7
S214038850BDF80E200146E01A80B200901046FFF7DE
S214038860DCFEA4F10E0189B20DF10E00FFF7ADFE9A
S21403887004B010BD4278034612F0080006D0D207B3
S21403888002D403F10800704703F10900704737B5B7
S21403889005460C46FEF794F8437813F0100212D000
S2140388A09CB103F001021B074FF000032946009317
S2140388B020464FF0080354BF1832203202F0C4FAA1
S2140388C0012003B030BD1046FBE72046F9E700F071
S2140388D00303012B08D0C30606D400F00C000C28B3
S2140388E014BF08200920704702207047034611F082
S2140388F0030005D003F00303022B14BF022003205A
S2140389007047F8B50C46064601F0A2FD631C834289
S21403891002D900252846F8BD21463046F6F722FC44
S2140389200746FFF7D4FF3B060546F3D50444304617
S21403893001F08EFDA4B2631C9BB28342E9D82146A4
S2140389403046F6F70FFC01463846FFF7CFFF2844BC
S214038950C5B2DFE770B506460D46FFF7D2FF0446FD
S21403896010B90024204670BD29463046F6F7FAFBB8
S2140389708206F7D5304601F06BFD2544ADB26B1C7D
S2140389809BB28342EDD829463046F6F7EBFB00F060
S2140389901803082B14BF05340634E4B2830644BF19
S2140389A00834E4B2DEE738B50546FFF726FF04468B
S2140389B008B9002038BD01462846FFF7CBFF00283C
S2140389C0F7D02044C0B2F5E72DE9F04387B005465B
S2140389D00C46FDF7F5FF804602F03DF907462846AC
S2140389E0FFF70BFF064601462846FFF78AFF0022DD
S2140389F0034600922946324602A802F025FA9DF85D
S214038A00086006F00C030C2B06F003090BD0B9F133
S214038A10010F59D0F10657D49DF809300DF10A0518
S214038A200020637107E0FF230DF10900637102F074
S214038A3012F90DF10B05208198F80130DA0704D5F9
S214038A4008F1020002F007F92081B9F1010F5FFA7D
S214038A5089F83DD0F3063BD4284602F0FCF8608044
S214038A60A81C02F0F8F8053515F8013C20802371A0
S214038A702B78B006A37206F0400348BF43F02003EA
S214038A80390627D543F40073F80448BF43F48063DC
S214038A90390548BF43F400633206E38011D56A788C
S214038AA012F003020DD06FEA43436FEA5343A978EB
S214038AB0B8F1020FE3800B4611D1EB7841EA0321AC
S214038AC0218107B0BDE8F083FF230DF10905A7E771
S214038AD0FF23CCE77A0648BF43F48073D4E7012A22
S214038AE004BF0B029BB22381EBE7F7F715B80BB174
S214038AF0F7F77EB80AB9F7F7F7B8FF21F7F720B804
S214038B00431C08BF0020E4F73DB90000034B586838
S214038B10C0F30800003818BF0120704700ED00E0DE
S214038B20014B1868704700BFB8660020084B1B6FE0
S214038B3003F00703022B04D0032B05D0012B05D02B
S214038B40FEE7044B18687047034BFBE70348704780
S214038B5000800050B8660020C0660020002D31015A
S214038B6008B5FFF7E3FF054B1B6FC3F30133013370
S214038B70B0FBF3F0024B186008BD00BF0080005046
S214038B80B46600200048704700B4C4040048704729
S214038B90002D3101014B1868704700BFC0660020E6
S214038BA0174A9368C3F304430C2B0AD8DFE803F091
S214038BB00B0909090909072119091B1D1F0011487B
S214038BC0704700207047936803F04073B3F1807FCB
S214038BD011D0B3F1007F10D0002B0B4818BF002034
S214038BE070470A4870470A4870470A4870470A4859
S214038BF070470A4870470A4870470A48704700BFDC
S214038C000040015A405DC60000093D00C0EA21014C
S214038C1080BA8C010048E801005A62020024F4007E
S214038C2080841E0040420F00014B1868704700BF47
S214038C30BC66002007B500F065FC6A4600F0C2FC7F
S214038C4018B14721034801F028FFDDE9000103B00E
S214038C505DF804FBB1B703000229F8B596BF104BC5
S214038C6000245C5C012805460E4608D0022809D07D
S214038C7008B944F002040B4B1F6837B9F8BD44F03B
S214038C800804F8E744F02004F5E77B681A68144202
S214038C9003D0314628465B6898473F68EDE700BF38
S214038CA0225204000C3E002038B5104D2B78ABB191
S214038CB00F4C23781BB100F031FA002323700020F9
S214038CC001F0FEFE0B4C50B100F07AFA00230121AE
S214038CD020782B70FFF7C0FF0123237038BD0122D5
S214038CE0054B1A702278054B1A70F7E7D45C002000
S214038CF0D25C0020D95C0020D55C0020D65C002026
S214038D000E490B78FF2B01D198B170470BB990B978
S214038D107047002814BF0122FF2213440B7060B172
S214038D20074B1B78012B08D9064B1B782BB9FFF78B
S214038D30BBBF1A46F1E70122EFE77047D85C002075
S214038D40D95C0020D55C002010B501F0A4FD064BCD
S214038D5004461B781BB1BDE8104001F097BDFFF732
S214038D60A3FF2046F7E700BFD15C002002282DE9C9
S214038D70F04147D029480378FF2B41D1002941D140
S214038D801A461344DBB2037000293BD0244E3278D4
S214038D90012A37D9002B3ED001F07DFD214F044632
S214038DA03B780BB3204D2B781BB901222A701F4A40
S214038DB01370DFF87C8098F8003023B100F0AEF92A
S214038DC0002388F80030204601F060FD012001F002
S214038DD077FE01F060FD2B7804461BB100F0F0F936
S214038DE000232B7000233B70204601F04FFD012427
S214038DF03078A04206D02146FFF72EFF347001E0FC
S214038E0013B931B9BDE8F081002914BF0122FF224E
S214038E10B7E70122B5E70224EAE700BFD85C0020E3
S214038E20D95C0020D45C0020D15C0020D55C0020F7
S214038E30D25C00202DE9F04385B0EFF3108572B6BF
S214038E40AFF3008001F011FF002800F09280624E1D
S214038E50624F337823B10020FFF752FF00233370AD
S214038E60387878B903A900F01DFB044650B95C4B6B
S214038E70039A1B689A4200F284800120FFF740FFA2
S214038E80012333703B78002B40F09980554B1B78B9
S214038E90002B00F091804FF00208534CDFF86891E6
S214038EA02078404507D099F8003013B94146FFF7BC
S214038EB0D3FE84F80080B8F1020F0FD1DFF82481C7
S214038EC098F8003053B9494B1B7823B900F020F9C2
S214038ED00122474B1A70012388F80030207800F0EF
S214038EE0F7F899F8003013B1424B1B782370AFF3B1
S214038EF00080284601F0DFFDEFF3108572B63E4B87
S214038F001A7852B100221A703A4B20781B7898428E
S214038F1003D101212170FFF79FFE384800F082FA43
S214038F2001F0B7FE8046002893D12E4F3B789BB1C5
S214038F3089F80000DFF8B89099F800301BB100F00C
S214038F40EDF889F80080002001F0BAFD002839D03A
S214038F5000F036F900233B70337823B10020FFF787
S214038F60CFFE0023337000212078FFF775FE002321
S214038F702370AFF30080284605B0BDE8F04301F048
S214038F809ABD1F4BD3F8008000F048F9039B80443A
S214038F909845BFF472AF00F03BF98200039942F0A4
S214038FA0020292B2CDE900422346164AA1EB08011B
S214038FB0124801F087FD65E700F09CF86BE74FF079
S214038FC001086AE7012000F083F8284601F073FDE4
S214038FD0EFF3108572B6B6E7D35C0020D85C0020AA
S214038FE0143E0020D45C0020D95C0020D75C00200F
S214038FF0D25C0020D65C0020CF5C0020183E002008
S214039000103E0020498D0300D55C002010B501F00A
S21403901042FC0022054B1C781A7001F037FC00F066
S21403902005FBE4B22043C0B210BD00BFD05C0020F5
S21403903038B501F030FC094B05461B78012B04D8E4
S21403904001F024FC0024204638BD054B1C6800F0C4
S214039050E5F80444284601F019FCF4E7D95C00203F
S214039060103E00201549164A0B6F10B503F0070390
S2140390701360144A144C9269032B02F00200C2F3E5
S2140390804002227017D0D1F8203103F00703022BD9
S21403909011D0D1F8803203F001030C4A137048B1A3
S2140390A043B9064BD3F8003103F00303591E4B4272
S2140390B04B41137010BD0123EFE700BF0080005043
S2140390C0743E002000C00150DE5C0020DF5C002000
S2140390D0012805D00238012808D80020D1F7EEBAB7
S2140390E0034A136923F00403136130BF704700BFBC
S2140390F000ED00E0044B054AD3F8203103F00703E4
S2140391001360F8F7EFB900BF008000507C3E0020E4
S2140391100122014B1A707047DD5C0020F8B51F4B27
S2140391201B78002B39D01E4C2378B3B91D4B9A6D90
S214039130D10302D5DA6D92072FD49B6DDB072CD4AF
S21403914001F003FD184B194A1860136F23F0070349
S21403915043F003031367FFF703FD01F0F6FC124B1E
S214039160134D1B68134EC01A2B78134F56F8232043
S21403917046F82300111A3A681048521A0A213A6030
S2140391800932B2FBF1F20133DBB20260B3FBF1F258
S21403919001FB12332B7000232370F8BDDF5C002025
S2140391A0DC5C002000C000506C3E002000800050B5
S2140391B0DB5C0020443E0020403E00203C3E002076
S2140391C008B5F8F790F90D4A0D49136F096823F0AF
S2140391D007030B4313670B49D2F82031096823F0C2
S2140391E007030B43C2F82031074B1B7813B1012248
S2140391F0064B9A62BDE80840FFF7B2BC00800050F9
S214039200743E00207C3E0020DF5C002000E000501F
S214039210014B1878704700BFDF5C0020054B1878B9
S21403922018B1054B186800EBD000044B1B681844B4
S214039230704700BFDF5C00203C3E0020703E0020ED
S21403924008B50D4B1A7892B100221A700B4A136FA9
S21403925023F0070343F001031367D2F8203123F00A
S214039260070343F00403C2F82031FFF779FC012219
S214039270034B5A6708BD00BFDD5C0020008000502A
S21403928000E000500D490B68A0B10022A3B1834251
S21403929003D1836822B90B6003E01A469B68F5E79F
S2140392A0936083680BB9002070475A6941690A4482
S2140392B05A61F8E72220704702207047883E002054
S2140392C010B501F05EFC0A4C0A4B19682368C31AF2
S2140392D009B9206010BD002BFBD04A699A423ABFF9
S2140392E09B1A0022D21A4A6128BF00238968EFE737
S2140392F0843E0020883E002038B5154D2B682BB3DE
S2140393005B69B3B1134A022014681C4400F088FA60
S214039310204600F047FA00220F492B680A70012AFC
S21403932005D823B1D88880070AD501230B700020FF
S21403933038BD022000F074FA022000F093FAEAE740
S2140393409B68002BF3D058690244E8E72220EFE736
S214039350883E0020843E0020E15C0020C38870B570
S21403936004460D463BB9FFF763FE8542064602D226
S214039370F9F734FA35460E4A656113689BB91460EB
S214039380A3600FE02D1A986819466561034618B165
S2140393905869A842F6D941B18C60A36013B15A69E3
S2140393A0521B5A6170BD0021F2E71460F5E700BF57
S2140393B0883E002070B516469DF81420C0E9033693
S2140393C00271049ABDF818300260002204460D4666
S2140393D08260C38006BB01F0D4FB2844A0613DB97C
S2140393E0E368656113B120462168984796B1354610
S2140393F001F051FA0646FFF763FF29462046FFF7BA
S214039400ADFF074B1B68A34201D1FFF775FF30463C
S21403941001F03CFA002070BD01F0B3FB3044DDE7F9
S214039420883E0020F8B50546D0B101F034FA06466A
S214039430FFF746FF0B4B28461F68FFF723FF04463C
S21403944020B1304601F022FA2046F8BDAF42F8D1EB
S214039450FFF752FF2228F4D1022000F0EDF9F0E7DF
S2140394602224F1E7883E002038B50C460546A8B10D
S214039470A1B100230B7001F01BFA0121084B1B68F6
S21403948033B901F010FA002038BD9D4204D1217093
S2140394902278002AF9D0F4E79B68F1E72220F3E765
S2140394A0883E0020F8B506460F4601F001FA00256F
S2140394B00446124B1B6823B9204601F0F4F91B201F
S2140394C011E05A691544DA88B2420DD101F059FB0E
S2140394D00B4E3368C01AA8420AD3002320463B60CB
S2140394E001F0E1F90020F8BDFF2EEFD09B68E2E71C
S2140394F001F047FB33682B441B1AEFE7883E002036
S214039500843E002070B501F0D3F9064601F039FB1E
S214039510084B044601201D6801F023FB18B101F037
S21403952030FB04460135304601F0BDF92046294696
S21403953070BD00BF903E0020014B1868704700BF07
S2140395408C3E0020F8B50C4B05461B680E4683423E
S2140395500FD3002440F2E7302146084B4FF47A72CB
S2140395601F680023E5FB0701E1F7EAFD30602046AC
S214039570F8BD2120FCE700BF803E00208C3E002083
S2140395800F4B10B51A689AB14FF47A71531E1342F3
S214039590A0FB01010ED1B2FA82F2C2F11F04531CE2
S2140395A0D243E04001FA03F3184321FA02F20243DE
S2140395B0104610BD0023E1F7C3FD0246F8E700BFDF
S2140395C08C3E002038B5164B14468342154B8B4110
S2140395D023D3154B1A6802B34FF47A75A0FB050321
S2140395E005FB0131531E134211D1B2FA82F3C3F1C4
S2140395F01F055A1CDB4301FA02F2E84021FA03F383
S21403960010431843E940C4E90001002038BD002395
S214039610E1F796FDC4E90001F7E72120F6E700BF6E
S214039620EFA7C64B378941008C3E002010B501F0EA
S2140396303FF9034B1C7801F036F9E4B2204610BD1F
S214039640E05C002008B5084B1B7803F0FF004BB125
S21403965001F07BFA054B1B689B69C01A02288CBF76
S2140396600020012008BD00BFE15C0020883E0020EA
S214039670C2072DE9F843044607D5474A1368013362
S2140396801360FFF71DFEFFF737FEA30740F1818047
S21403969001F00EF94FF0000805464646FFF710FEA8
S2140396A03E4F3C680CB16369A3B100223C4B012ECC
S2140396B01A7003D118F0020F18BF1E70FFF71CFEB6
S2140396C0222802D1022000F0B7F82846BDE8F84366
S2140396D001F0E9B823465A693AB91A7921799142D1
S2140396E088BF1C469B68002BF5D1284601F0DBF8A3
S2140396F0D4F81080B8F1000F3FD001F042FAA26907
S214039700851AEB17454573F1000337DB23691344CA
S214039710A36101232269CAB1C3B9A38BB8EB0508B9
S21403972033B1E28B13449BB2B3F57A7F1CD2E38347
S21403973001F0BEF8054641462046FFF70FFEA36933
S214039740226928461344A36101F0ADF8E36813B118
S214039750204621689847B4F8068001F0A9F8013638
S2140397600546FFF7ADFD9CE7A3F57A73E383A3698C
S21403977018F1FF38013BA361DAE7454601F098F894
S21403978081462046FFF77EFD484601F08CF800230D
S214039790C0E7BDE8F88300BF903E0020883E002067
S2140397A0E05C002010B5044601F075F84FF0B042B7
S2140397B0936A1907FCD4136A116C5269120704D40E
S2140397C0CA1A032A01D899420ED1E21A022A98BF6E
S2140397D0DC1CB4F1FF3F38BF013C4FF0B043082216
S2140397E01C6403F580539A6101F050F8054A137818
S2140397F03BB14FF0B041CB6B43F00203CB63002386
S214039800137010BD236C002007B5044B01A918790B
S21403981001F0E7F8019803B05DF804FB605004001C
S21403982000F001038207034A48BF43F0080393612D
S214039830704700BF00100058820700F001030AD5E6
S2140398400121064A43F0080311704FF0B041CA6B7A
S21403985022F00302CA63024A93617047236C002016
S21403986000200058830742BF0822014B5A61704705
S2140398700010005873B502AB164603E9060004460B
S21403988000F052FF0546204600F05EFF9DF80020DC
S2140398908DB1202C33780ED8012B2ED84FF6FF75BA
S2140398A02D4803EB4313234430F81310A94202D088
S2140398B0013120F81310294B294E33F8141036F8CB
S2140398C01400814232D34FF6FF75A9424FF00105CB
S2140398D002D0013123F8141004F0FD01092927D121
S2140398E0998AB68A0A44B242B4BF9A829E8233F8F1
S2140398F01430834227D202B070BD022BDBD14FF661
S214039900FF704FF6FF75144B33F81410814218BFDF
S214039910013104F1210018BF23F8141033F8101096
S214039920A9421CBF013123F81010C4E70025D0E775
S2140399301D2CDCD1598F8E18864203DA01390A446E
S2140399405A87D4E75887002DD5D1204602B0BDE804
S214039950704001F031B900BFE8580020C05900201C
S2140399606C59002038B50D46044600F0A1FF064AA0
S21403997013889BB22DB123431380BDE8384000F013
S21403998092BF23EA0403F7E7C65B00200022034BDB
S21403999001214FF480701A70FFF7E4BFF2620020D3
S2140399A008B5054B1868FCF72EFE00F00300C31E2F
S2140399B05842584108BD00BFE055002038B504465C
S2140399C001F098F90C4B05461978187981420FD0A7
S2140399D0631E082B0CD8DFE803F0050D0B0D0B0DEB
S2140399E00D0D0D0000220146044B1868FCF709FE16
S2140399F0284638BD0022F7E7516C0020E0550020CA
S214039A0038B54FF0FF300C46FFF77AF80A4B054699
S214039A101868FFF775F8641B241A20B210F1630F59
S214039A2006DB10F1240F05DA64308000C0B238BDBF
S214039A300020FCE7FF20FAE7E055002008B5134BAB
S214039A401B78062B04D040F62101114801F025F8B7
S214039A50104B1B881B0704D440F622010C4801F068
S214039A601CF80D4B2A201978FFF7A8FF00210820C1
S214039A70FFF778FF0222094B1A70094B1868E8F7BC
S214039A8077FBBDE8084001F084B800BFF26200200F
S214039A90D44C0400C65B0020EF620020806C0020DC
S214039AA0E055002010B50E4C236823B940F6A341B9
S214039AB00C4800F0F2FF2068013001F0CCF800F00B
S214039AC0070003280AD1246809220121204600F052
S214039AD0E3FB205C031F5842584110BD0020FCE7FF
S214039AE0D0550020D44C040038B50C4640B10021B4
S214039AF00420FFF737FF01F04CF8012C1DD038BDCA
S214039B00244B1B889B07F6D50129234A2FD11178AE
S214039B1069B30139C9B2117011B92020FFF722FFCA
S214039B2000210220FFF71EFF04221C4B00211C48C5
S214039B301A7000F05DFD01F02CF81A4C2068013015
S214039B4001F089F800F44060B0F5006F1FD1246877
S214039B5001210422204600F09FFB204401F07BF8FD
S214039B600146BDE838400022202001F03DB8002120
S214039B700D4D02201170FFF7F5FE2B78FF2B04D056
S214039B8040F29961094800F088FF2C70B3E74FF65E
S214039B90FF71E6E7C65B0020F1620020F262002058
S214039BA0C8690020D0550020816C0020D44C0400E6
S214039BB038B5134C05462388580709D5FFF7F0FE3A
S214039BC001460720FFF7FAFEFF210120FFF78CFF6F
S214039BD0238899070BD50B4B284619788A1F5142C1
S214039BE05141FFF7EBFE01210020FFF77DFF23889D
S214039BF01B0703D5BDE83840FFF720BF38BD00BFBD
S214039C00C65B0020F2620020F7B5124CD4E900656B
S214039C1086EA020C85EA03070CEA000C0F405CEAAE
S214039C20070E15D086EA0C067D40C4E90065CDE92B
S214039C3000230B46084902460868FCF7A6F838B125
S214039C404FF4FD71054803B0BDE8F04000F025BFB2
S214039C5003B0F0BDA8150020E0550020D44C040046
S214039C6008B50A4B1B88DB0604D440F647010848B0
S214039C7000F013FF00211020FFF774FE002000F011
S214039C806BFBBDE8084000F084BF00BFC65B002046
S214039C90D44C04002DE9F04F5706804614461D4663
S214039CA091B005D5FFF77CFE01460120FFF786FE3F
S214039CB0EE0403D500212D20FFF780FEA00224D555
S214039CC04046FCF74CFD0146F8B94020FFF74AFE34
S214039CD040460AA9FCF720F9B8B99DF83030022BA4
S214039CE040F0D980BDF8280001F0A3F8FF2808D17A
S214039CF04046FCF70FF940B901214020FFF732FE3A
S214039D0003E001F09AF80028F2D1A10305D5FFF786
S214039D1047FE01460320FFF751FEE20104F080767A
S214039D2040F1C080854B1B889B072DD5844E306839
S214039D30FCF787F840BB834B834F18703B78FF2BA9
S214039D4004D040F25761814800F0A7FE4FF00009A7
S214039D5000210220FFF706FE87F800907C4F3B7831
S214039D60062B07D101210820FFF7FCFD49462820D2
S214039D70FFF724FE3B78052B06D100212B20FFF7A7
S214039D801DFE3068E8F7F4F900F003FF220717D545
S214039D906B4F0321386805AAFCF76DF8064620B911
S214039DA040F2C961694800F078FE9DF81430072B2D
S214039DB000F0D080FFF7F4FD01460420FFF7FEFD18
S214039DC0E10505D5FFF7ECFD01460420FFF7F6FD98
S214039DD014F4863F05D0FFF7E3FD01460220FFF7A4
S214039DE0EDFDA20113D5FFF7DBFD01460820FFF7C3
S214039DF0E5FD00210420FFF7B5FD554B1B78012B2D
S214039E0003D14F4B1868E8F7B3F900F0C2FE14F01D
S214039E10084F09D0FFF7C4FD01460720FFF7CEFD24
S214039E20FF210120FFF760FEA30009D5FFF7B8FD69
S214039E3001460620FFF7C2FDFF210120FFF754FE6F
S214039E40A70705D53D4B1B881E0701D5FFF7F6FD73
S214039E506C0603D500210A20FFF7B0FD280602D5BD
S214039E600120FCF78DFCE90540F1858140460AAAEE
S214039E7005A9FCF7C4FB9DF81430222B00F06D8176
S214039E8000F28281152B40F26A8140F60A112F48B0
S214039E9000F003FE6FE1032B7FF437AF0AA800F050
S214039EA0C4FF30E705F0020756EA07030DD0284B38
S214039EB026201978A1F1060EDEF1000141EB0E0112
S214039EC0FFF77CFD0121304611E004F0805656EA88
S214039ED007030FD01E4B26201978A1F1060CDCF1E0
S214039EE0000141EB0C01FFF769FD02213846FFF73D
S214039EF0FBFD4BE704F0884151EA060309D0144BF7
S214039F00272019788F1F79427941FFF757FD0221E1
S214039F10D9E705F008030B4302D02320FFF74EFDD5
S214039F20680703D500212420FFF748FDE9077FF5DE
S214039F302DAF00212520FFF741FD27E7C65B002054
S214039F40E0550020F1620020816C0020D44C040010
S214039F50F2620020314638680AAAFBF792FF20B166
S214039F604FF4DA619E4800F098FDBDF81630386865
S214039F7002330AA9ADF82C30FBF785FF20B140F277
S214039F80DF61974800F089FD0023009331460423E0
S214039F90386804AAFBF779FF042804D040F2E4618A
S214039FA08F4800F07AFDDFF8589299F80030C3BB6B
S214039FB00DF1110000F04FFE00F00700022830D12B
S214039FC0FFF7EEFC01460920FFF7F8FC854B1B78EC
S214039FD0062B23D1844B9DF813201B789A421DD160
S214039FE09DF8353023B940F2FA617D4800F055FDFF
S214039FF00DF1110000F02FFEC0F3001631462920A4
S21403A000FFF7DCFC00210820FFF7ACFC774B1E7043
S21403A010FFF748FD10B93868E8F7AAF800F0B9FD6D
S21403A020CEE6BDF816000121083080B200F068FACB
S21403A030039030B9FFF7B4FC01460420FFF7BEFCDB
S21403A040ECE700F0E9F905AA014606463868FBF78F
S21403A05024FF99F800A0BAF1000F22D106F1010BF4
S21403A060584600F0F8FD83065AD53868FCF777FBA8
S21403A0700746FFF795FC05370146F8B2FFF79EFC47
S21403A080584600F0E8FD00F007000328584F2DD08F
S21403A09001210420FFF766FC4FF0FF30FBF71CFF9F
S21403A0A0386000225349BDF816300978F718F15482
S21403A0B09DF83630BB709DF83730FB700A9B190E3F
S21403A0C03971190C7971FB71190A99F80030B97155
S21403A0D023B9737892B343F020037370002000F023
S21403A0E069F97870039800F071FA97E7012109225D
S21403A0F0304600F0D1F8305C01210428C9D1FFF7BF
S21403A10031FC4FF0FF30FBF7E7FE3B4B38601B8814
S21403A1105806C6D551464020FFF724FC0122C1E766
S21403A120FFF73EFC01460920FFF748FC2D4B1B7842
S21403A130012BB6D13868E8F71BF8B2E723F0200303
S21403A140CBE701227E33DBB202FA03F313F00A1FD6
S21403A15031D113F0011F3FF498AE27202CE00122E3
S21403A16002FA03F3254A1A402ABB13F0041FF4D15C
S21403A170DA077FF58AAEAB052FD50121802011B013
S21403A180BDE8F04FFFF7EEBB652B1AD8622B12D84B
S21403A190452B0CD8422B0ED8352B06D8322B0AD893
S21403A1A0252B08D9322BD8D06FE6422BFBE7552B4D
S21403A1B005D8522BF7D92620FFF7FAFCDBE7622BEC
S21403A1C0F1E7952B3FF661AE812BBAD8722BC4D03C
S21403A1D0733B022B3FF659AEEDE711B0BDE8F08FA7
S21403A1E0D44C0400F2620020EE620020806C002053
S21403A1F0CC550020826C0020C65B00203A00380055
S21403A200F5620020024B1878B0FA80F040097047D8
S21403A210F262002008B5064B4FF0FF311868FCF7D2
S21403A22014FA0028B8BF033040F3870008BD00BF08
S21403A230E055002008B5074B1868FBF73BFD30B127
S21403A240054BB3FBF0F083B20BB1184608BD0120F3
S21403A250FCE700BFE055002040420F0038B5102051
S21403A2600C460121FFF77EFB064B1D68FFF7E2FF56
S21403A270012200FB04F1044B2846FCF7CBF900202F
S21403A28038BD00BFE0550020619C0300014800F084
S21403A29004BC00BFEE4C0400032A70B5144602D873
S21403A2A02C4B985C70BD81F0010519B90D2A07D1B6
S21403A2B0FF20F7E70D2A03D100780538C0B2F1E78F
S21403A2C0084400F0C8FCC5F1040110F440660246D9
S21403A2D0C9B209D1042C0846E4D0052C16D112F0D5
S21403A2E0400F18BF0846DDE7C5F10603042CD8B2B5
S21403A2F0D8D0B6F5006F03D1C5F10805E8B2ECE790
S21403A300B6F5406FE9D1C5F10E05F7E712F4404103
S21403A31007D1062CC6D0072CC4D0082C13D1013085
S21403A320CCE755065CBF831CD8B2062CBAD0B1F571
S21403A330004F02D1831CD8B2EDE7B1F5404FEAD106
S21403A34000F10803F7E7130744BF0530C0B20C2C2F
S21403A350A8D9ADE7C0980400AC2370B5094C0546F0
S21403A36003FB00435E6D26B940F2FD31064800F05C
S21403A37094FBAC2303FB0544002363653346BDE827
S21403A38070401847E45500202B4D040010B40C46CB
S21403A3901146AC22064B02FB0033586D20B95C65B0
S21403A3A05DF8044BFFF75ABF02205DF8044B704775
S21403A3B0E4550020AC22034B02FB003393F8A800BD
S21403A3C0704700BFE455002028B1034B1B68C01A32
S21403A3D04010013080B27047A456002030B1044BC1
S21403A3E000F100401B68013803EB4000704700BFD4
S21403A3F0A4560020064B1B68834206D8054B1B68F1
S21403A400834294BF0020012070470020704700BF9E
S21403A410A4560020A056002010B5044608B9002014
S21403A42010BD00F075FC20B940F2CD41074800F09E
S21403A43034FB2046FFF7D2FF0028F0D00388DB0B5F
S21403A44014BFD0F80A000830EAE700BF024D040044
S21403A45010B508B9002010BDFFF7C0FF044600F092
S21403A4604EFC20B94FF49D61064800F016FB002C05
S21403A470F0D02388DB0B0ABF60882089C0F30C006A
S21403A480E9E700BF024D040038B5FFF7A7FF0D4606
S21403A490044650B100F033FC20B940F24151034862
S21403A4A000F0FBFA023534F8150038BD024D0400FF
S21403A4B070B5FFF793FF0C4616460546B0B100F09D
S21403A4C01EFC20B940F24D510C4800F0E6FA304627
S21403A4D0FFF784FF00F013FC20B940F24E51074803
S21403A4E000F0DBFA023425F8146070BD40F25251D6
S21403A4F0BDE87040014800F0D0BA00BF024D04002A
S21403A5002DE9F8430746884600F069FB20B940F278
S21403A5108E512A4800F0C1FAFC1CA408284B64009C
S21403A5200434B7F5005F1E68A4B204D340F2955115
S21403A530224800F0B2FA00F0BBF9224981460B68C4
S21403A5407BB9214B1D68761BC6F34F06B44227D949
S21403A5500025484600F0A7F92846BDE8F843FFF76C
S21403A56033BFB8F1000F11D0174A15685A1BC2F350
S21403A5704F029442ECD81448620005EB440404608E
S21403A580B8F1000F0FD113440B600CE0F61AC6F3B4
S21403A5904F0676B940F2A651084800F07EFAD7E790
S21403A5A005EB44041C6000236F80AB80EB802B809C
S21403A5B0CFE7B442CCD8044A1568DCE7024D040062
S21403A5C0A856002090560020A056002038B5054611
S21403A5D000F06EF9044629460448002200F0A5FB65
S21403A5E02046BDE8384000F05EB900BFCC5B0020D3
S21403A5F082684B4B2DE9F0419A4204460E460568A5
S21403A60015D121B140F21311464800F046FA00F086
S21403A6104FF923691BB92B682BB924612C60BDE85D
S21403A620F04100F040B91A6922611C61F6E700F0B8
S21403A6302DFA8046FEF76AFA20B14FF49571394831
S21403A64000F02BFA6FF000439E4221694BD22B7B1E
S21403A65008EB0602002B4DD0AB6893424AD1531C3D
S21403A660002949D06169994242D01EB9521AB2F103
S21403A670004F3DD9636123696E689C4203D19D21D7
S21403A680284800F00AFA2F460023B4420BD0002BCA
S21403A69041D172696169891AB1F1004F32D83269C2
S21403A6A0374694422CD12269BD420CBF6A603A6198
S21403A6B07BB92669B44203D1B8211A4800F0EDF9F4
S21403A6C03B46012E05D062697169521AB2F1004FFA
S21403A6D023D99D420BBF6B681A69236122610CBFA5
S21403A6E06C601C6104E0434431B162699342C1D19A
S21403A6F0BDE8F0811346B3E76A6822616C60B9E788
S21403A7001646C6E7A8EB0202B2F1004FC7D93B468E
S21403A71037463669B9E71F46F9E733463669D0E761
S21403A720493C0200164D04000823064A12F8011B92
S21403A730814205D0013B13F0FF03F7D1184670475B
S21403A74001207047719904000823064A12F8011B7A
S21403A750814205D0013B13F0FF03F7D1184670473B
S21403A760012070476999040010B50822074904467A
S21403A770E1F79EFBB0FA80F04FF6FF73228940099B
S21403A78040009A4208BF40F0010010BD82990400C1
S21403A79030B504460D4685B002B9084A10685168BC
S21403A7A001AB03C301AB03CB20602046ADF80C50CE
S21403A7B01B886160238105B030BD00BFD6D503007A
S21403A7C0002270B50A4B1C780A4BD5B2AC4202D8AD
S21403A7D000200C7008E01E880132864205D30D70F7
S21403A7E01B881B1A5842584170BD1233EDE700BF51
S21403A7F06F6200206C5B002010B5164B187860B1B2
S21403A800154C2368CBB14FF4707200201349FFF741
S21403A810BDFD2368013B236010BDFFF7FBFC104919
S21403A820104A91F90040136884420B4C03F101036C
S21403A83013602368B8BF087053B90B4800F09DFA3D
S21403A8400028E9D1BDE8104001460748FFF7D0BE0F
S21403A8500822DAE7426300201C570020F9A703000A
S21403A8603D63002014570020946B0020054B1B68A3
S21403A8702BB9054B1868003818BF01207047012014
S21403A880704700BF0C5700200857002010B962B667
S21403A890BFF36F8F7047EFF3108072B670473023A5
S21403A8A083F31188704780F31188BFF36F8F704767
S21403A8B0EFF31180302383F311887047002070472D
S21403A8C04FF4004070474FF47A7070470122417886
S21403A8D003788A4030214B4341F2100103F1A04331
S21403A8E003F570335A507047B0F5802F24D010D834
S21403A8F0B0F5003F22D006D828B3B0F5803F14BF8A
S21403A900012048207047B0F5403F14BF01202C209B
S21403A9107047B0F5302F13D008D8B0F5E02F11D01C
S21403A920B0F5202F14BF012010207047B0F57F0F1D
S21403A93014BF0120062070474B2070472A2070471B
S21403A940112070472120704708B570B100F022F837
S21403A9504FF098435A6CD202FCD5586D10F4702011
S21403A96004D0BDE80840FFF7BFBF212008BD08B5E7
S21403A97028B128220021E0F74FFF002008BD212040
S21403A980FCE7036A042B9FBF00EB83020133D1600D
S21403A99003627047036A052B14D84FF09842116C74
S21403A9A0C902FCD504339B0013650168103B116094
S21403A9B04168116050F8081F11604FF09842034435
S21403A9C0984200D1704750F8041F1160F8E7836877
S21403A9D013B9816070475B685A68012AFBD15960D6
S21403A9E0704709B100F008B822207047012100F033
S21403A9F046B8002100F043B870B506460D46FFF78B
S21403AA0057FF04461D2E37D8DFE806F00F18361C0E
S21403AA101E203622243636362628362A2C2E303664
S21403AA2036363634363636363632FEF77FF8002676
S21403AA3028602046FFF737FF304670BD0120CFF76A
S21403AA40D7FBF4E70320FAE70420F8E70C20F6E741
S21403AA500220F4E70620F2E70720F0E70820EEE7F7
S21403AA600520ECE70920EAE70A20E8E70D20E6E7F9
S21403AA701020E4E70B20E2E700202126D8E7002099
S21403AA80704708B5FEF7D6F880B208BD08B5FEF7DE
S21403AA90D1F808BD704742DE704738B504460D4608
S21403AAA000F008F8FFF7FBFE29462046BDE83840CD
S21403AAB0FFF7F1BF704710B962B6BFF36F8F7047E9
S21403AAC0012070472DE9FF410D4616461F460446F2
S21403AAD0A8B14FF00008C0F81C80FEF7A3FCBDF831
S21403AAE02C30424602939DF828302946CDE9007360
S21403AAF020463346FEF75EFC04B0BDE8F081222014
S21403AB00FAE7F0B51F46002387B00D4616460446FF
S21403AB108DF81730A8B1C3610DF11701FEF7A4FC39
S21403AB209DF817207AB9BDF83430294602939DF86C
S21403AB3030302046CDE900733346FEF73BFC07B0C2
S21403AB40F0BD2220FBE70320F9E738B5FFF7B0FE98
S21403AB50054600F016F804462846FFF7A4FE2046EE
S21403AB6038BD4FF0B04301285B6904D0022805D1F5
S21403AB70C3F3C000704703F001007047002070471E
S21403AB8070474FF0B0439A6A1207FCD4186A7047AE
S21403AB90704708B5FFF7FCFF00F01DF808BD10B5B9
S21403ABA0FFF779FE012104460846FEF7DFF8204644
S21403ABB0BDE81040FFF76ABE10B5044600F012F871
S21403ABC02046FAF7F7FF2046F8F72CF9BDE81040C1
S21403ABD0F9F7EFBC704708B5FFF7FCFF08BD012087
S21403ABE0704770470020704730B589B00446ADF80B
S21403ABF006108DF81020FFF797FD05462046FFF751
S21403AC00A3FD03469DB1BDF80600ABB900F0BAF844
S21403AC10FF2808BF00200DF10F038DF80F001A461A
S21403AC20204604990593FEF725FE09B030BD00289B
S21403AC30F5D00DF10603F2E700F0A4F8FF2808BFED
S21403AC400020BDF806308DF80F00ADF81A308DF8E9
S21403AC50180006ABE3E7008870470170090A4170E5
S21403AC607047012070470120704738B5DFF714FDA1
S21403AC700446D4F743FD051E18BF2546D4F710FE39
S21403AC80041E18BF2C46FFF7ECFF002818BF20460B
S21403AC9038BD38B5FEF7BAF90446F7F7C3FA042801
S21403ACA01ED002284FF0000508BF0124F8F762F90A
S21403ACB0042817D0022808BF0124F7F7F2FE042859
S21403ACC012D0022808BF0124FFF7CDFF04280DD0B9
S21403ACD0022808BF0124002D18BF0024204638BDD3
S21403ACE00125E3E70125E8E70125EDE70024F5E77D
S21403ACF0FF20704708B5FFF7FBFF002008BD08B527
S21403AD0020B1FFF777FB00F0010008BD0120FAE74A
S21403AD1008B5FFF763FBBDE80840FFF7F0BF008800
S21403AD2010B1C9B2FFF7B0BB70472DE9F041B0F8D8
S21403AD30008006460C46D5B2B8F1000F11D029465E
S21403AD404046FFF7A1FB2246074629464046FFF743
S21403AD50AFFB3A4629462046FFF7AAFB3480BDE8F8
S21403AD60F0810F46F5E703461B8808468B4202D060
S21403AD700021FFF789BB002070470069003818BF21
S21403AD800120704700207047F8B506460D46FFF7CA
S21403AD90EBFC0328044621D02846FFF7E5FC0328EE
S21403ADA007461BD010F0020318D1A0070DD5F907EC
S21403ADB016D401233C43E20704D431892A899142FD
S21403ADC018BF002303F00100F8BD082229463046C9
S21403ADD0E1F76EF8B0FA80F35B09EBE70020F3E7E0
S21403ADE01846F1E770B50D4600210646FFF797FFB4
S21403ADF0044630B1FFF710FB01462846FFF7C4FFB1
S21403AE0008B1204670BD21463046FFF7ACFFEFE79A
S21403AE1007B50DF10701FFF7D3FC20B19DF8070036
S21403AE2003B05DF804FBFF20FAE700207047FF201D
S21403AE307047FF207047FF207047002070470020B0
S21403AE4000217047002070472DE9F843074608465F
S21403AE50154688461C469DF82090FFF7DDFA4619EE
S21403AE60A4B19EB14046FFF7F3FA254485420FDCB2
S21403AE702246B9F1000F06D131463846E0F71EFDEB
S21403AE800020BDE8F88339463046F7E72120F8E787
S21403AE901D20F6E700000000000000000000000090
S21403AEA0F8B500BFF8BC08BC9E467047F8B500BFAF
S21403AEB0F8BC08BC9E4670475FF800F07564002037
S21403AEC05FF800F0116500204465766963652074B9
S21403AED0797065206368616E676520646574656371
S21403AEE07465643A202564202D3E2025640D0A00EF
S21403AEF050726573732064657465637465640D0AC4
S21403AF00004D756C74692070726573732064657484
S21403AF1065637465643A2025640D0A0052656C65A2
S21403AF206173652064657465637465640D0A004C1B
S21403AF306F6E6720707265737320646574656374DF
S21403AF4065640D0A0072656C61795F73746172746F
S21403AF505F6C61746368696E675F70756C73653A7E
S21403AF6020616E6F746865722070756C73652069F6
S21403AF7073206163746976650D0A0072656C617986
S21403AF805F6F6E0D0A0072656C61795F6F66660DA2
S21403AF900A0072656C61795F746F67676C650D0A8A
S21403AFA00057726974696E6720636F6E66696720FF
S21403AFB0746F206E763A2025730D0A0053697A65FE
S21403AFC03A2025640D0A004661696C656420746F37
S21403AFD0207772697465204445564943455F434F5D
S21403AFE04E4649475F4441544120746F204E562CC9
S21403AFF0207374617475733A2025642E2028627951
S21403B0007465733A202564290D0A007375636365B6
S21403B0107373210D0A004661696C656420746F20A2
S21403B02072656164204E565F4954454D5F444556EC
S21403B0304943455F434F4E4649472C207573696E17
S21403B040672064656661756C7420636F6E666967F6
S21403B05020696E73746561642C20737461747573F0
S21403B0603A2025642E202862797465733A20256475
S21403B070290D0A005573696E6720636F6E666967EC
S21403B0803A2025642063686172732066726F6D0DC3
S21403B0900A25730D0A00776B6169346761353B5483
S21403B0A053303034342D545559413B534130643B6F
S21403B0B0494331693B534133643B494332693B530C
S21403B0C04134643B494330693B534230643B494413
S21403B0D030693B425441303B4D3B004E6574776FBD
S21403B0E0726B20737461747573206368616E676531
S21403B0F06420746F2025640D0A004D616E756661C9
S21403B10063747572657220746F6F206269670D0AC7
S21403B110004D6F64656C20746F6F206269670D0A5B
S21403B12000496E697469616C697A696E67205A6949
S21403B130676265652077697468202564207377697C
S21403B14074636865732C2025642072656C6179735B
S21403B1502C20256420636F76657220737769746389
S21403B1606865732C20256420636F766572730D0AF9
S21403B17000436F6E6669672070617273656420733F
S21403B18075636365737366756C6C790D0A00726517
S21403B19061642076657273696F6E20666F726D20C8
S21403B1A06E6577206C6F636174696F6E0D0A004677
S21403B1B061696C656420746F207772697465206CAE
S21403B1C06173745365656E56657273696F6E20742A
S21403B1D06F204E562C2073743A2025640D0A004FB8
S21403B1E06C642076657273696F6E3A2025640D0A67
S21403B1F00043757272656E742076657273696F6E3E
S21403B2003A2025640D0A00524553455420414C4CC0
S21403B210210D0A0068616C5F6770696F5F63616C1C
S21403B2206C6261636B3A2065787469206C696E653D
S21403B23020256C642073746174757320256C750DFA
S21403B2400A0068616C5F6770696F5F63616C6C624C
S21403B25061636B3A206E6F206672656520455854AD
S21403B26049206C696E65730D0A002F686F6D652F34
S21403B27072756E6E65722F776F726B2F7475796148
S21403B2802D7A69676265652D7377697463682F74B1
S21403B2907579612D7A69676265652D73776974635D
S21403B2A0682F73696C6162735F746F6F6C732F734F
S21403B2B0696D706C69636974795F73646B2F2E2E86
S21403B2C02F2E2E2F7372632F73696C6162732F6830
S21403B2D0616C2F7A69676265652E630044726F70CE
S21403B2E070696E67206F6C64204F544120696D61EE
S21403B2F067652C2063757272656E74206F6666735D
S21403B30065743A20256C750A00556E6B6E6F776E02
S21403B31020636F76657220636F6D6D616E643A208D
S21403B32025640D0A00556E6B6E6F776E20636D6431
S21403B3302025640D0A00427574746F6E2070726562
S21403B34073732064657465637465642C2062757416
S21403B350206E6F20627574746F6E2069732070722E
S21403B36065737365640D0A00427574746F6E206CA2
S21403B3706F6E67207072657373206465746563749B
S21403B38065642C20627574206E6F20627574746F0A
S21403B3906E206973206C6F6E6720707265737365B9
S21403B3A0640D0A004E6F20636F76657220737769AB
S21403B3B074636820636F6E66696720696E204E56F5
S21403B3C02C207573696E672064656661756C74738B
S21403B3D00D0A00417474726962757465206368614E
S21403B3E06E6765642C2065703A2025642C20636C98
S21403B3F075737465723A2025642C20617474723AEE
S21403B4002025640D0A00506F6C6C20636F6E747297
S21403B4106F6C3A2073656E64696E67206368656354
S21403B4206B2D696E0D0A005A434C2061637469766E
S21403B4306974792C20656E746572696E672066611F
S21403B440737420706F6C6C0D0A00506F6C6C206305
S21403B4506F6E74726F6C3A20636865636B2D696EEA
S21403B46020726573706F6E73652C20666173743D0E
S21403B47025642C2074696D656F75743D25640D0A0B
S21403B48000506F6C6C20636F6E74726F6C3A20663C
S21403B49061737420706F6C6C2073746F700D0A0088
S21403B4A0506F6C6C20636F6E74726F6C3A207365AA
S21403B4B074206C6F6E6720706F6C6C20696E746599
S21403B4C07276616C3D256C750D0A00506F6C6C20AE
S21403B4D0636F6E74726F6C3A207365742073686F53
S21403B4E0727420706F6C6C20696E74657276616C12
S21403B4F03D25640D0A00506F6C6C20636F6E74728A
S21403B5006F6C3A20636865636B2D696E20696E7491
S21403B510657276616C207772697474656E3D256C0E
S21403B520750D0A00506F6C6C20636F6E74726F6CCF
S21403B5303A20696E76616C696420636865636B2D77
S21403B540696E20696E74657276616C2C20726576FE
S21403B550657274696E670D0A00506F6C6C20636FBA
S21403B5606E74726F6C3A206661737420706F6C6CC5
S21403B5702074696D656F7574207772697474656E6F
S21403B5803D25640D0A00506F6C6C20636F6E7472F9
S21403B5906F6C3A206661737420706F6C6C207469EC
S21403B5A06D656F75742C20737769746368696E674D
S21403B5B020746F206C6F6E6720706F6C6C0D0A00C2
S21403B5C0556E6B6E6F776E204C6576656C43747242
S21403B5D06C20636F6D6D616E643A2025640D0A00FE
S21403B5E0556E6B6E6F776E204F6E4F666620636F79
S21403B5F06D6D616E643A2025640D0A00496E6465BC
S21403B6007820617420777269746520617474723A65
S21403B6102025640D0A004E6F2073776974636820D3
S21403B620636F6E66696720696E204E562C207573AD
S21403B630696E672064656661756C74730D0A0049EC
S21403B6406E76616C69642072656C61795F696E649D
S21403B650657820256420696E204E562C207265730B
S21403B660657474696E6720746F2064656661756CB3
S21403B670740D0A003E2000556E6B6E6F776E206564
S21403B68072726F7200496E707574206275666665B5
S21403B690722069732046554C4C004D6178696D7570
S21403B6A06D206E756D626572206F662061726775B8
S21403B6B06D656E74732065786365656465640054B0
S21403B6C0686520617267756D656E74206973206E98
S21403B6D06F7420666F726D617474656420636F7235
S21403B6E0726563746C7900496E636F727265637416
S21403B6F020617267756D656E742074797065004994
S21403B7006E636F7272656374206E756D6265722008
S21403B7106F6620617267756D656E7473004E6F2079
S21403B720636F6D6D616E6420666F756E6400756918
S21403B7306E7438006164646974696F6E616C002AA4
S21403B74000756E6B6E6F776E0077696C64636172FB
S21403B75064006865786F707400737472696E676FDF
S21403B76070740075696E7433326F70740075696E29
S21403B7707431366F70740075696E74386F70740048
S21403B78068657800737472696E670075696E7431E4
S21403B790360075696E743332002E2E2E20006865CF
S21403B7A06C70000A25730A25732573002573200819
S21403B7B0002F686F6D652F72756E6E65722F776FCB
S21403B7C0726B2F747579612D7A69676265652D735F
S21403B7D077697463682F747579612D7A6967626512
S21403B7E0652D7377697463682F73696C6162735F21
S21403B7F0746F6F6C732F73696D706C69636974799A
S21403B8005F73646B2F706C6174666F726D2F7365F4
S21403B81072766963652F6C65676163795F68616CCF
S21403B8202F7372632F626173652D7265706C61632B
S21403B830656D656E742E63002F686F6D652F727568
S21403B8406E6E65722F776F726B2F747579612D7AB2
S21403B85069676265652D7377697463682F74757994
S21403B860612D7A69676265652D7377697463682FDE
S21403B87073696C6162735F746F6F6C732F73696D3A
S21403B880706C69636974795F73646B2F706C617431
S21403B890666F726D2F736572766963652F746F6B4F
S21403B8A0656E5F6D616E616765722F6C6567616358
S21403B8B0792F7372632F736C5F746F6B656E5F6D36
S21403B8C0616E616765722E63002F686F6D652F72F8
S21403B8D0756E6E65722F776F726B2F747579612D27
S21403B8E07A69676265652D7377697463682F747503
S21403B8F079612D7A69676265652D73776974636804
S21403B9002F73696C6162735F746F6F6C732F7369E7
S21403B9106D706C69636974795F73646B2F706C61A7
S21403B92074666F726D2F736572766963652F746FB5
S21403B9306B656E5F6D616E616765722F6C656761BF
S21403B94063792F7372632F736C5F746F6B656E5FAF
S21403B9506D616E75666163747572696E672E6300DA
S21403B96043757272656E7420436F6E6669673A201C
S21403B9702530780053657420434341206D6F64651A
S21403B98020746F2025643A2025307800656E616246
S21403B9906C65640064697361626C6564006F7574DA
S21403B9A028636C69656E742900696E202873657256
S21403B9B076657229004D464720537472696E673A5E
S21403B9C0202573004170704275696C646572204D62
S21403B9D0464720436F64653A203078253034580054
S21403B9E06E6F6465205B004164646974696F6E61A1
S21403B9F06C20696E7465726661636573002020252A
S21403BA00643A200070616765205B25645D20636887
S21403BA10616E205B25645D20707772205B25645D14
S21403BA20006E6F7420616374697665006572726F69
S21403BA3072203078253038580070616E4944205B98
S21403BA403078253034585D206E6F64654944205B3A
S21403BA503078253034585D20007870616E205B3076
S21403BA607800706172656E744944205B30782530C7
S21403BA7034585D20706172656E7452737369205B0F
S21403BA8025645D006E6F646554797065205B0053B2
S21403BA9065637572697479206C6576656C205B25C1
S21403BAA03032585D006E6574776F726B2073746105
S21403BAB07465205B253032585D20004275666665E6
S21403BAC0722062797465733A202564202F202564DA
S21403BAD000457020636E743A202564006570202547
S21403BAE064205B656E64706F696E742025732C200A
S21403BAF06465766963652025735D20006E776B2029
S21403BB005B25645D2070726F66696C65205B3078B8
S21403BB10253034585D206465764964205B3078258B
S21403BB203034585D20766572205B30782530325885
S21403BB305D0020202020257320636C757374657266
S21403BB403A2030782530345820004E776B20636EC9
S21403BB50743A202564006E776B202564205B25737A
S21403BB605D005072696D617279202870726F2900CA
S21403BB7020206E6F646554797065205B30782530BD
S21403BB8032585D002020736563757269747950724C
S21403BB906F66696C65205B3078253032585D0045EA
S21403BBA0502025643A20257320004572726F723A3E
S21403BBB02020556E6B6E6F776E20656E64706F69AE
S21403BBC06E742E00456E61626C65206576656E74D4
S21403BBD020646562756720696E666F20696E204310
S21403BBE06F726520434C4920636F6D706F6E656E90
S21403BBF074006F6E6C7920636F6F7264696E617424
S21403BC006F72732063616E20666F726D0A006A6FCF
S21403BC10696E203078253038580A006C6561766581
S21403BC20002573203078253032580A0072656A6F13
S21403BC30696E0072656A6F696E4469666644657606
S21403BC4069636554797065006578742E2050414E9B
S21403BC502049443A20004E574B206F70656E3A20B9
S21403BC60257520736563004E574B20636C6F7365B1
S21403BC70640066696E64206A6F696E61626C653A19
S21403BC80203078253032580066696E6420756E75EC
S21403BC907365643A20307825303258004368616E05
S21403BCA067696E6720746F206368616E6E656C20CB
S21403BCB025643A2030782530325800696E76616CF8
S21403BCC06964206E6574776F726B20696E6465783D
S21403BCD00053686F72742049443A20307825303414
S21403BCE0582C2045554936343A20002C2050616E96
S21403BCF02049443A20307825303458005374617212
S21403BD00746564206D756C74692D70687920696E2E
S21403BD1074657266616365004661696C6564207468
S21403BD206F20257320257320307825303258005431
S21403BD3065726D696E61746564202573203078259D
S21403BD40303258004B65657020616C6976652073E8
S21403BD507570706F727420656E61626C65642E0018
S21403BD606661696C656420746F20736574206B6507
S21403BD70657020616C697665206D6F64652E00734F
S21403BD8075636365737366756C6C7920736574206D
S21403BD90746865206368696C642074696D656F7583
S21403BDA074206F7074696F6E206D61736B2E0066FE
S21403BDB061696C656420746F2073657420746865AC
S21403BDC0206368696C642074696D656F7574206F91
S21403BDD07074696F6E206D61736B2E006469736394
S21403BDE06F766572004D61746368202573792066EB
S21403BDF0726F6D203078253034582C2065702025DE
S21403BE0064004E574B2041646472657373207265F9
S21403BE1073706F6E73653A20307825303458004956
S21403BE20454545204164647265737320726573707B
S21403BE306F6E73653A2000536572766963652025D5
S21403BE40737920646F6E652E0023202074797065E5
S21403BE502020206E776B20206C6F63202020726575
S21403BE606D202020636C75732020206E6F64652020
S21403BE702020657569002020256420202020307846
S21403BE802530345820203078253034582020307818
S21403BE9025303458203078253034582000736C5FB2
S21403BEA07A69676265655F6765745F62696E646910
S21403BEB06E67204572726F723A2030782530385894
S21403BEC00A002564206F662025642062696E646913
S21403BED06E6773207573656400656E61626C656476
S21403BEE0207072696E740064697361626C656420A5
S21403BEF07072696E7400616464206C696E6B206B8B
S21403BF006579004552523A2043616C63756C6174DF
S21403BF1065642043524320646F6573206E6F7420FC
S21403BF206D61746368004552523A20496E737461BA
S21403BF306C6C20436F6465206D7573742062652096
S21403BF40382C2031302C2031342C206F722031389D
S21403BF5020627974657320696E206C656E677468F9
S21403BF60004552523A204145532D4D4D4F206861AE
S21403BF707368206661696C65643A203078253032D0
S21403BF805800536574206A6F696E696E67206C6922
S21403BF906E6B206B6579007365742062696E64202E
S21403BFA025643A2030782530327800454D50545970
S21403BFB000554E494341004D324F4E45004D554CBA
S21403BFC05449003F2020202000496E6465782049AC
S21403BFD04545452041646472657373202020202004
S21403BFE0202020204E574B496E6465782020496EEA
S21403BFF0204643202020202054544C2873292046D2
S21403C0006C6167202020204B6579202020200025A6
S21403C01064202020202000202025642020202020AB
S21403C0202020002020253038582020002030782576
S21403C030303458202000496E6465782049454545CC
S21403C0402041646472657373202020202020202002
S21403C05020496E20464320202020205479706520F6
S21403C060204175746820204B6579002D2020202000
S21403C0702000256320202020202563202020202048
S21403C08000696573005741524E494E473A20205285
S21403C090454144494E47204F46204B45592056417B
S21403C0A04C5545532044495341424C45442042593C
S21403C0B0204D464720544F4B454E004E574B204B82
S21403C0C06579002573206F75742046433A20253022
S21403C0D0385800257320736571206E756D3A2030CD
S21403C0E07825303258002573206F75742046433AFE
S21403C0F020253038780054432025732000257320EC
S21403C1005461626C650025642F256420656E747225
S21403C11069657320757365642E005472616E736966
S21403C120656E74204B657900256420656E747225F0
S21403C1307320636F6E73756D696E67202564207058
S21403C14061636B65742062756666657225732E007F
S21403C15057494C4C0057494C4C204E4F5400547290
S21403C1607573742043656E74657220257320616C45
S21403C1706C6F772074727573742063656E74657262
S21403C1802072656A6F696E73207573696E672077B0
S21403C190656C6C2D6B6E6F776E206B65792E005316
S21403C1A065742074696D656F757420666F722054AC
S21403C1B0727573742043656E7465722072656A6F58
S21403C1C0696E73207573696E672077656C6C2D6B6B
S21403C1D06E6F776E206C696E6B206B657920746F5B
S21403C1E0202564207365636F6E64732E0045525278
S21403C1F04F523A20002573737461636B206D757319
S21403C2007420626520646F776E2E005265616469E0
S21403C2106E6720416C6C6F7765640048617368696C
S21403C2206E67206F6E6C7900736C5F7A6967626500
S21403C230655F6B65795F73657474696E67735F7446
S21403C2403A203078253034580020205065726D69C6
S21403C2507373696F6E733A202573004572726F723B
S21403C2603A204661696C656420746F2067657420A4
S21403C270636F6E6669672C207374617475733A20F6
S21403C280307825303858004661696C65643A20304A
S21403C2907825303858004D73673A20636C757320E1
S21403C2A03078253034582C20636D64203078253060
S21403C2B032582C206C656E202564006275666665B0
S21403C2C0723A2000454D4245525F0025735345435D
S21403C2D055524954595F4C4556454C3A2025303201
S21403C2E0580025736572617365206B657920256434
S21403C2F03A2030782530385800636D64206E6F74AA
S21403C300206275696C740073726320657020253033
S21403C31032782C20636C757320253034780073656F
S21403C3206E64696E6720746F206D756C74696361E3
S21403C33073742062696E640025733A2065703A2030
S21403C34025642C20636C3A203078253034582C2012
S21403C350617474723A20307825303458002C207378
S21403C36076723A2025630025733A20726561643A33
S21403C37020307825303278002C207376723A2025C8
S21403C380632C2064747970653A20307825303258EF
S21403C39000417267756D656E7420617420696E6402
S21403C3A065783A202564206973206F7574206F665C
S21403C3B02072616E676500436F6D6D616E64206108
S21403C3C06C7265616479206275696C742E202043F3
S21403C3D0616E6E6F7420736574204D4647207370CC
S21403C3E065636966696320636F646520666F7220A0
S21403C3F0636F6D6D616E642E004D464720436F6418
S21403C400652053657420666F72206E6578742063AA
S21403C4106F6D6D616E643A20307825303458005560
S21403C4207365204E6578742053657175656E636514
S21403C4302053657420666F72206E65787420636F70
S21403C4406D6D616E643A2030782530325800446949
S21403C4507361626C652044656661756C7420526511
S21403C46073706F6E73652053657420666F72206EEB
S21403C47065787420636F6D6D616E643A203078253D
S21403C480303258004552523A2072656164696E67CD
S21403C4902061747472696275746520253032780081
S21403C4A04552523A206174747269627574652073DA
S21403C4B0697A6520256420746F6F206C61726765E6
S21403C4C020666F7220627566666572004572726FCB
S21403C4D0723A2061747472696275746520494420E7
S21403C4E0307825303458207265706F727461626CD0
S21403C4F065206368616E67652069732073697A6572
S21403C500202564422C206275742025644220656EC3
S21403C51074657265640A006E6F20636D640045720D
S21403C520726F723A20434C492053656E64206661ED
S21403C530696C65642C207374617475733A20307863
S21403C54025303858004572726F723A202045554997
S21403C550363420617267756D656E74206973206565
S21403C5606D70747920616E64206C6F6F6B757020CC
S21403C5706279206E6F6465204944206661696C6544
S21403C580642E0047726F757000556E69636173742D
S21403C59000556E62696E64202573202573307825F6
S21403C5A030325800526571756573743A20005A44E8
S21403C5B04F2073696D706C652064657363207265C4
S21403C5C0712025303278005A444F206E6F64652000
S21403C5D064657363207265712025303278005A448F
S21403C5E04F206D61746368206465736320726571A0
S21403C5F02025303258005573696E67206D79206C9C
S21403C6006F63616C20455549363420666F7220642B
S21403C61065737420455549363420696E2062696E09
S21403C62064696E67005A444F2062696E64207265BF
S21403C63071202530327800636C7573746572206CD4
S21403C640696D6974207265616368656400696E76F6
S21403C650616C696420706167653A202564206F7297
S21403C660206368616E6E656C3A20256400436861DA
S21403C6706E6765206368616E6E656C2073746174A3
S21403C68075733A2030782530327800647572617499
S21403C690696F6E206D75737420626520696E2072F3
S21403C6A0616E67652030202D203500636F756E74CC
S21403C6B0206D75737420626520696E2072616E67E3
S21403C6C0652031202D2038007363616E20737461FA
S21403C6D074757320307825303258006E6574776F22
S21403C6E0726B20757064617465207365742073744F
S21403C6F0617475732030782530325800416374694D
S21403C7007665204550207265717565737420737461
S21403C710617475733A20307825303258004C51498D
S21403C720205461626C6520726571756573743A2076
S21403C7303078253032580042696E64696E6720543B
S21403C74061626C6520726571756573743A20307822
S21403C75025303258004C6561766520257330782580
S21403C76030325800506F7765722044657363726980
S21403C77070746F72202573307825303258005573E5
S21403C780696E67206D79206C6F63616C204555492F
S21403C790363420666F7220646573742045554936B7
S21403C7A03420696E20756E62696E64696E67005226
S21403C7B06F757465205461626C6520257330782527
S21403C7C0303258002F686F6D652F72756E6E657206
S21403C7D02F776F726B2F747579612D7A696762652F
S21403C7E0652D7377697463682F747579612D7A691B
S21403C7F0676265652D7377697463682F73696C6107
S21403C80062735F746F6F6C732F73696D706C69639B
S21403C8106974795F73646B2F70726F746F636F6C78
S21403C8202F7A69676265652F6170702F6672616D16
S21403C83065776F726B2F636F6D6D6F6E2F736C5FA3
S21403C8407A69676265655F73797374656D5F636F35
S21403C8506D6D6F6E2E6300457874656E6465642037
S21403C860526573657420696E666F3A20307825309A
S21403C87034582028257329002F686F6D652F72752D
S21403C8806E6E65722F776F726B2F747579612D7A62
S21403C89069676265652D7377697463682F74757944
S21403C8A0612D7A69676265652D7377697463682F8E
S21403C8B073696C6162735F746F6F6C732F73696DEA
S21403C8C0706C69636974795F73646B2F70726F74CD
S21403C8D06F636F6C2F7A69676265652F6170702F5F
S21403C8E06672616D65776F726B2F636F6D6D6F6EBA
S21403C8F02F7A69676265655F6170705F6672616DE6
S21403C90065776F726B5F736C6565702E6300537427
S21403C9106179206177616B65207768656E206E6F3D
S21403C92074206A6F696E65643A20257300466F72D9
S21403C9306365642073746179206177616B653A205F
S21403C940202020202020202020257300466F72639D
S21403C950696E672064657669636520746F207374F7
S21403C9606179206177616B6500416C6C6F77696EE6
S21403C970672064657669636520746F20676F20742B
S21403C9806F20736C656570002F686F6D652F727509
S21403C9906E6E65722F776F726B2F747579612D7A51
S21403C9A069676265652D7377697463682F74757933
S21403C9B0612D7A69676265652D7377697463682F7D
S21403C9C073696C6162735F746F6F6C732F73696DD9
S21403C9D0706C69636974795F73646B2F70726F74BC
S21403C9E06F636F6C2F7A69676265652F6170702F4E
S21403C9F06672616D65776F726B2F636F6D6D6F6EA9
S21403CA002F7A69676265655F737461636B5F736CC6
S21403CA106565702E630052583A20526573657454E8
S21403CA206F466163746F727944656661756C74737F
S21403CA3043616C6C6261636B00657A737020636F2D
S21403CA40756E74657273206661696C6564202575FE
S21403CA5000657A7370205265736574205468726536
S21403CA6073686F6C64206572726F7220257500653B
S21403CA707A737020536574205468726573686F6C9C
S21403CA8064206572726F722025750025752920252E
S21403CA90733A2025750053657474696E672054686D
S21403CAA0726573686F6C6420636F6D6D616E64008E
S21403CAB03F3F3F004D6163205278204263617374A9
S21403CAC0004D6163205478204263617374004D61A6
S21403CAD063205278205563617374004D616320545C
S21403CAE078205563617374004D6163205478205534
S21403CAF063617374205265747279004D61632054C8
S21403CB0078205563617374204661696C0041505305
S21403CB102052782042636173740041505320547846
S21403CB20204263617374004150532052782055634A
S21403CB3061737400415053205478205563617374B5
S21403CB4020537563636573730041505320547820F4
S21403CB505563617374205265747279004150532093
S21403CB605478205563617374204661696C00526F74
S21403CB70757465204469736320496E6974696174CA
S21403CB806564004E65696768626F72204164646518
S21403CB9064004E65696768626F722052656D6F76D2
S21403CBA06564004E65696768626F72205374616CD2
S21403CBB065004A6F696E20496E6469636174696FC4
S21403CBC06E004368696C64204D6F7665640041535C
S21403CBD048204F766572666C6F770041534820464F
S21403CBE072616D65204572726F7200415348204F23
S21403CBF076657272756E204572726F72004E574B71
S21403CC00204643204661696C757265004150532087
S21403CC104643204661696C75726500415348205847
S21403CC204F66660041505320556E617574686F7287
S21403CC30697A6564204B6579004E574B20446563DB
S21403CC4072797074204661696C7572657300415021
S21403CC50532044656372797074204661696C7572FB
S21403CC606573005061636B65742042756666657212
S21403CC7020416C6C6F63617465204661696C7572E4
S21403CC8065730052656C61796564205563617374DE
S21403CC900050687920746F204D4143207175657587
S21403CCA065206C696D6974207265616368656400EC
S21403CCB05061636B65742056616C696461746520AA
S21403CCC064726F7020636F756E74004E574B2072DC
S21403CCD065747279206F766572666C6F770043436E
S21403CCE041204661696C757265730042726F6164B8
S21403CCF063617374207461626C652066756C6C0086
S21403CD00505441204C6F2050726920526571005078
S21403CD10544120486920507269205265710050546E
S21403CD2041204C6F205072692044656E696564002B
S21403CD30505441204869205072692044656E6965E5
S21403CD406400505441204C6F205072692054782060
S21403CD504162727400505441204869205072692021
S21403CD605478204162727400416464726573732060
S21403CD70436F6E666C6963742053656E7400435329
S21403CD804C205278207363686564756C6520666111
S21403CD90696C6564000D004465627567207072698E
S21403CDA06E742067726F75702025730A0057726F52
S21403CDB06E6720706172616D657465720A005363F5
S21403CDC0686564756C65206D6F7665206E776B009D
S21403CDD025732025643A202564004D6178206D6F05
S21403CDE07665206C696D6974207265616368656435
S21403CDF0206E776B2025643A20256400456E6420F8
S21403CE0044657669636520506F6C6C20496E666F67
S21403CE10726D6174696F6E00454D4245525F454EB3
S21403CE20445F4445564943455F54494D454F555421
S21403CE303A20202020202020256400506F6C6C2090
S21403CE40636F6D706C657465642063616C6C62619E
S21403CE50636B3A20257300202043757272656E74E7
S21403CE6020506F6C6C20496E74657276616C202856
S21403CE707173293A202020256C640020204C6F6EA5
S21403CE806720506F6C6C20496E74657276616C20F7
S21403CE90287173293A202020202020256C64002046
S21403CEA02053686F727420506F6C6C20496E7465E3
S21403CEB07276616C20287173293A20202020202561
S21403CEC06C6400202057616B652054696D656F752F
S21403CED07420287173293A20202020202020202027
S21403CEE0202020256C6400202057616B6520546940
S21403CEF06D656F7574204269746D61736B3A20209B
S21403CF00202020202020203078253038580020206C
S21403CF1043757272656E7420417070205461736B32
S21403CF20733A202020202020202020202020307824
S21403CF302530385800202043757272656E74205071
S21403CF406F6C6C20436F6E74726F6C2020202020F1
S21403CF502020202020257300202044656661756C00
S21403CF607420506F6C6C20436F6E74726F6C20204D
S21403CF702020202020202020257300466F7263691E
S21403CF806E672064657669636520746F2073686FC7
S21403CF90727420706F6C6C00416C6C6F77696E678F
S21403CFA02064657669636520746F206C6F6E6720F6
S21403CFB0706F6C6C00534C5F5A49474245455F415E
S21403CFC0465F4C4F4E475F504F4C4C00534C5F5A96
S21403CFD049474245455F41465F53484F52545F5069
S21403CFE04F4C4C00706F6C6C206E776B2025643A48
S21403CFF0203078253032580046696E6420616E64AE
S21403D0002042696E6420496E69746961746F723A6E
S21403D01020436F6D706C6574653A20307825303226
S21403D02058005374617274207461726765740046A5
S21403D030696E6420616E642042696E642054617276
S21403D0406765740025733A2025733A2030782530B7
S21403D050325800467261676D656E746174696F6EEF
S21403D0602052582077696E646F772073697A65203B
S21403D07073657420746F202564002F686F6D652FA9
S21403D08072756E6E65722F776F726B2F747579611A
S21403D0902D7A69676265652D7377697463682F7483
S21403D0A07579612D7A69676265652D73776974632F
S21403D0B0682F73696C6162735F746F6F6C732F7321
S21403D0C0696D706C69636974795F73646B2F7072D2
S21403D0D06F746F636F6C2F7A69676265652F617013
S21403D0E0702F6672616D65776F726B2F706C7567E4
S21403D0F0696E2F667261676D656E746174696F6EB3
S21403D1002F667261676D656E746174696F6E2E63E8
S21403D1100052583A2041646447726F7570526573C3
S21403D120706F6E7365203078253032582C20307837
S21403D130253034580052583A205669657747726F3F
S21403D1407570526573706F6E736520307825303254
S21403D150582C203078253034582C20220052583A48
S21403D1602047657447726F75704D656D626572739F
S21403D170686970526573706F6E73652030782530FA
S21403D18032582C203078253032582C00205B3078EB
S21403D190253034585D0052583A2052656D6F7665D7
S21403D1A047726F7570526573706F6E736520307853
S21403D1B0253032582C203078253034580065705B83
S21403D1C0253032585D2069645B253034585D004352
S21403D1D06C656172696E6720616C6C2067726F752F
S21403D1E070732E004552523A204661696C6564207E
S21403D1F0746F206372656174652062696E64696E1C
S21403D20067202830782530325829004552523A2074
S21403D21042696E64696E67207461626C6520697327
S21403D2202066756C6C004552523A207772697469B1
S21403D2306E67206E616D6520737570706F727420F3
S21403D240253032580052583A2041646447726F754D
S21403D25070203078253034582C2022007576005202
S21403D260583A205669657747726F7570203078256F
S21403D2703034580075767300766965775F67726F2A
S21403D28075700047726F7570733A206661696C65D6
S21403D2906420746F2073656E642025732072657333
S21403D2A0706F6E73653A20307825303258006765A4
S21403D2B0745F67726F75705F6D656D6265727368B4
S21403D2C0697020726573706F6E736500646566615E
S21403D2D0756C745F726573706F6E73650052583A3F
S21403D2E02047657447726F75704D656D626572731E
S21403D2F0686970203078253032582C0075756200C6
S21403D30047726F7570733A206661696C6564207442
S21403D3106F2073656E642025733A2030782530328B
S21403D320580052583A2052656D6F766547726F758E
S21403D3307020307825303458004552523A204661E2
S21403D340696C656420746F2064656C65746520621F
S21403D350696E64696E672028307825303258290054
S21403D36072656D6F76655F67726F75700052583AB7
S21403D3702052656D6F7665416C6C47726F7570737E
S21403D3800052583A2041646447726F757049664983
S21403D39064656E74696679696E6720307825303403
S21403D3A0582C202200616464004368616E6E656CCD
S21403D3B0206E6F742076616C69643A202564005091
S21403D3C072696D617279002573206D61736B206ECF
S21403D3D06F7720307825303858005365636F6E6456
S21403D3E0617279004D61736B206E6F742076616C89
S21403D3F069643A202564007072696D6172790073FE
S21403D40065636F6E646172790025733A20536574A1
S21403D410202573206D61736B20746F203078253060
S21403D4203858005374617475730025733A20257356
S21403D4303A004368616E6E656C206D61736B3A00EB
S21403D4402020202028312920307825303858205BAA
S21403D45000202020202832292030782530385820F4
S21403D4605B0053746174653A203078253032582057
S21403D470282573290043757272656E74206368618C
S21403D4806E6E656C3A20256400546F74616C20627E
S21403D4906561636F6E733A202564004A6F696E2078
S21403D4A0617474656D7074733A202564004E6574F8
S21403D4B0776F726B2073746174653A203078253009
S21403D4C032580053746F700025732053746F702E98
S21403D4D02020436C65616E696E672075702E00426E
S21403D4E0726F616463617374696E67207065726DD1
S21403D4F06974206A6F696E0054727573742063656D
S21403D5006E746572206C696E6B206B65792075701E
S21403D51064617465207374617475730025733A20AF
S21403D5205741524E494E473A20736C5F7A69676299
S21403D53065655F7365745F696E697469616C5F7353
S21403D540656375726974795F737461746520666167
S21403D550696C65642E20436F6E74696E75696E67B9
S21403D56020776974686F757420696E7374616C6C68
S21403D57020636F64652E004572726F723A20696E7F
S21403D5807374616C6C20636F646520736574757067
S21403D590206661696C65642E20497320616E20697C
S21403D5A06E7374616C6C20636F646520666C617364
S21403D5B0686564206F6E746F207468652064657692
S21403D5C06963653F00D0D1D2D3D4D5D6D7D8D9DABC
S21403D5D0DBDCDDDEDF00FFFFFFFFFFFFFFFF005AA0
S21403D5E06967426565416C6C69616E6365303900D5
S21403D5F025733A2069737375696E67207363616E6A
S21403D600206F6E202573206368616E6E656C7320D1
S21403D610286D61736B2030782530385829002573C0
S21403D62020697320616C726561647920696E20706D
S21403D630726F677265737300537461727400457812
S21403D640616D696E696E6720626561636F6E206FD8
S21403D6506E206368616E6E656C202564207769743E
S21403D660682070616E496420307825303458005441
S21403D67068697320626561636F6E206973206E6FDD
S21403D680742070617274206F6620746865206375F9
S21403D6907272656E74206368616E6E656C206D6170
S21403D6A0736B2028307825303858292E2047657428
S21403D6B074696E67206E65787420626561636F6E49
S21403D6C02077686F7365206368616E6E656C206291
S21403D6D069746D61736B206973207365742E0045DE
S21403D6E072726F723A20257320636F756C64206EB6
S21403D6F06F7420617474656D7074206A6F696E3A16
S21403D70020307825303258004E6F20626561636F93
S21403D7106E73206C656674206F6E20637572726517
S21403D7206E74206D61736B2E204D6F76696E672065
S21403D730746F206E65787420737461746500257346
S21403D740206A6F696E696E672030782530345820FA
S21403D7506F6E206368616E6E656C202564002573AA
S21403D7602053746174653A202573004572726F7294
S21403D7703A20257320636F756C64206E6F74207374
S21403D780657475702073656375726974793A2030B1
S21403D7907825303258004572726F723A20536361AF
S21403D7A06E20636F6D706C6574652068616E646C63
S21403D7B065722072657475726E65642030782530E4
S21403D7C03258002573207363616E20636F6D706C2F
S21403D7D06574652E20426561636F6E7320686561AC
S21403D7E072643A20256400257320737461636B208A
S21403D7F0737461747573203078253032580025733E
S21403D800206E6574776F726B206A6F696E65642E1F
S21403D81000257320747279696E67206E65787420AC
S21403D8206E6574776F726B2E004E6F6E6500536372
S21403D830616E205072696D617279204368616E6E05
S21403D840656C7320616E642075736520436F6E6626
S21403D850696775726564204B6579005363616E2052
S21403D8605072696D617279204368616E6E656C7380
S21403D87020616E642075736520496E7374616C6CE9
S21403D88020436F6465005363616E205072696D6157
S21403D8907279204368616E6E656C7320616E6420D6
S21403D8A05573652043656E7472616C697A6564208E
S21403D8B04B6579005363616E205072696D617279AE
S21403D8C0204368616E6E656C7320616E64205573C9
S21403D8D065204469737472696275746564204B6568
S21403D8E079005363616E205365636F6E646172796A
S21403D8F0204368616E6E656C7320616E6420757379
S21403D9006520436F6E66696775726564204B65793B
S21403D910005363616E205365636F6E646172792092
S21403D9204368616E6E656C7320616E642075736503
S21403D93020496E7374616C6C20436F646500536397
S21403D940616E205365636F6E64617279204368610C
S21403D9506E6E656C7320616E642055736520436537
S21403D9606E7472616C697A6564204B6579005363E3
S21403D970616E205365636F6E6461727920436861DC
S21403D9806E6E656C7320616E642055736520446902
S21403D990737472696275746564204B6579005363AA
S21403D9A0616E205072696D617279204368616E6E94
S21403D9B0656C7320616E642055736520416C6C2022
S21403D9C04B6579732028696E7374616C6C20636F82
S21403D9D064652C2063656E7472616C697A65642C69
S21403D9E0206469737472696275746564290053638D
S21403D9F0616E205365636F6E64617279204368615C
S21403DA006E6E656C7320616E642055736520416C81
S21403DA106C204B6579732028696E7374616C6C2077
S21403DA20636F64652C2063656E7472616C697A65D6
S21403DA30642C206469737472696275746564290062
S21403DA404F6E2F4F6666207365742076616C75651E
S21403DA503A20253032582025303258004552523A63
S21403DA602072656164696E67206F6E2F6F6666202D
S21403DA7025303258004F6E2F6F666620616C7265D4
S21403DA806164792073657420746F206E65772076E1
S21403DA90616C756500546F67676C65206F6E2F6FDA
S21403DAA066662066726F6D202530325820746F20AC
S21403DAB025303258004552523A2077726974696E9F
S21403DAC067206F6E2F6F6666202530325800496ECA
S21403DAD07374616C6C6564205479706520284261A8
S21403DAE07365293A20203078253032580043617018
S21403DAF06162696C69746965733A2020202020206E
S21403DB00202020202030782530345800426F6F7450
S21403DB106C6F616465722056657273696F6E3A2026
S21403DB2020202020307825303458005365637572E2
S21403DB306520426F6F746C6F61646572204B657904
S21403DB403A20202020202000426F6F746C6F61649F
S21403DB50696E67206661696C65642100446F776E41
S21403DB606C6F6164206661696C65642E0044656C45
S21403DB706574696E67206661696C656420646F7797
S21403DB806E6C6F61642C207374617475733A203005
S21403DB90782530325800496D61676520646F657378
S21403DBA0206E6F7420636F6E7461696E20616E20E1
S21403DBB05570677261646520496D616765205461BD
S21403DBC0672028307825303458292E20536B697007
S21403DBD070696E6720757067726164652E0045789C
S21403DBE065637574696E6720626F6F746C6F6164CA
S21403DBF02063616C6C6261636B2E00537461727494
S21403DC00696E672045424C20766572696669636172
S21403DC1074696F6E0045424C206661696C656420CA
S21403DC20766572696669636174696F6E2E00454234
S21403DC304C207061737365642076657269666963E8
S21403DC406174696F6E2E002573696E67204F5441A9
S21403DC5020636C69656E74207374617465206D61EE
S21403DC606368696E650073746F7070004572726FD7
S21403DC70723A204E6F20696D616765206174206972
S21403DC806E646578202564004E6F7420737570701B
S21403DC906F727465642E00436C69656E7420696DDB
S21403DCA061676520717565727920696E666F004DD0
S21403DCB0616E75662049443A2020202020202020CB
S21403DCC02030782530345800496D616765205479D3
S21403DCD070652049443A2020202030782530345877
S21403DCE00043757272656E742056657273696F6E43
S21403DCF03A202030782530385800486172647761BE
S21403DD0072652056657273696F6E3A20004E410045
S21403DD1051756572792044656C6179206D733A207C
S21403DD202020202020202020202020256C64005343
S21403DD30657276657220446973636F7665727920BF
S21403DD4044656C6179206D733A20256C6400446FDA
S21403DD50776E6C6F61642044656C6179206D733AED
S21403DD60202020202020202020256C640052756E61
S21403DD7020557067726164652044656C6179206D17
S21403DD80733A202020202020256C64005665726993
S21403DD9066792044656C6179206D733A20202020D3
S21403DDA020202020202020256C6400446F776E6C92
S21403DDB06F6164204572726F72205468726573686F
S21403DDC06F6C643A20202564005570677261646541
S21403DDD02057616974205468726573686F6C643A7F
S21403DDE0202020202564004F544120446F776E671F
S21403DDF072616465733A2044697361626C6564009A
S21403DE004F544120446F776E6772616465733A209E
S21403DE10456E61626C656400426F6F746C6F61641B
S21403DE202073746174653A20257300496E76616CBD
S21403DE306964204550202564207768656E207472D7
S21403DE4079696E6720746F2073656E64204F544142
S21403DE50206D6573736167652E0053656E64696E26
S21403DE6067205570677261646520456E642072652D
S21403DE7071756573742E0025733A20696E76616C2E
S21403DE80696420636D644964203078253032580015
S21403DE904572726F723A20204661696C656420741D
S21403DEA06F2073656E64204F544120636F6D6D6100
S21403DEB06E64203078253032582C20737461747564
S21403DEC0733A20307825303258005365727665727F
S21403DED020756E6B6E6F776E2C2066616C6C696E48
S21403DEE067206261636B20746F20646973636F7667
S21403DEF06572792E004D6178696D756D2071756553
S21403DF007279206572726F7273206869742028258F
S21403DF1064292C207374617274696E67207365615B
S21403DF2072636820666F72206E6577204F544120B7
S21403DF307365727665722E0A004170706C79696E2D
S21403DF406720757067726164650025733A20696E91
S21403DF5076616C6964206F66667365742063757298
S21403DF6072656E7454696D65283078253038582983
S21403DF70203E207570677261646554696D6528304C
S21403DF80782530385829004F544120436C757374F4
S21403DF9065723A207761697420666F722025642063
S21403DFA07300525865642074696D654F757420302C
S21403DFB0782530385820732C204D41582074696DCD
S21403DFC0654F7574203078253038582073004D61BE
S21403DFD078696D756D20757067726164652072650A
S21403DFE0717565737473206D6164652028256429D3
S21403DFF020776974686F757420726573706F6E73BB
S21403E000652066726F6D207365727665722E005595
S21403E0107067726164696E6720616E7977617900F3
S21403E0204F54412053657276696365206469736350
S21403E0306F766572792070726576656E7465642096
S21403E0402D20616E6F7468657220697320616C722F
S21403E0506561647920696E2070726F677265737389
S21403E060004661696C656420746F20696E69746923
S21403E070617465207365727669636520646973638A
S21403E0806F766572792E004F544120536572766918
S21403E090636520446973636F7665727920696E20C1
S21403E0A070726F677265737300436C69656E742074
S21403E0B0766572696669636174696F6E2066616905
S21403E0C06C65642E005369676E61747572650043F0
S21403E0D07573746F6D0070617373656400464149B0
S21403E0E04C4544004E6F207369676E6174757265A4
S21403E0F020766572696669636174696F6E207375ED
S21403E10070706F72742C20617373756D696E6720FF
S21403E110696D616765206973206F6B61792E0025D1
S21403E1207320766572696669636174696F6E20250C
S21403E130733A20307825303258004D6178696D7512
S21403E1406D206E756D626572206F6620646F776EE4
S21403E1506C6F6164206572726F727320726561639F
S21403E1606820282564292C2061626F7274696E67A3
S21403E1702E004F544120436C75737465723A2073B6
S21403E180657474696E672049454545206164647209
S21403E190657373206F66204F544120636C757374E8
S21403E1A06572005061727469616C2066696C6520E3
S21403E1B0646F776E6C6F616420666F756E642C2077
S21403E1C0636F6E74696E75696E672066726F6D2015
S21403E1D06F66667365742030782530385800466F4E
S21403E1E0756E642066756C6C7920646F776E6C6FE1
S21403E1F0616465642066696C6520696E2073746F5C
S21403E20072616765202876657273696F6E20307851
S21403E21025303858292E00466F756E642066696C63
S21403E2206520696E2073746F726167652077697401
S21403E2306820646966666572656E742076657273B7
S21403E240696F6E2028307825303858292074686125
S21403E2506E2063757272656E742076657273696F6D
S21403E2606E2028307825303858290046696C65209A
S21403E270696E2073746F72616765206973207361BA
S21403E2806D652061732063757272656E7420727596
S21403E2906E6E696E672076657273696F6E202830BE
S21403E2A0782530385829004E6F20696D61676520E0
S21403E2B0666F756E6420696E2073746F726167652E
S21403E2C02E004F5441205365727669636520446976
S21403E2D073636F7665727920756E626C6F636B65B8
S21403E2E0640049676E6F72696E6720736572766540
S21403E2F0722066726F6D206C6F6F706261636B2045
S21403E300616464726573730049676E6F72696E67E2
S21403E31020307825303458204F5441207365727668
S21403E320657220696E20736561726368206F66206C
S21403E33054430053657474696E67204F54412053E9
S21403E340657276657220746F2030782530345800F5
S21403E35044656C6179696E67202564207365636F15
S21403E3606E6473206265666F72652073746172747F
S21403E370696E67204F544120636C69656E74005460
S21403E380696D656F75742077616974696E67206659
S21403E3906F72206D6573736167652E00426164203A
S21403E3A04F544120636F6D6D616E643A203078255B
S21403E3B0303258004F544120636F6D6D616E642098
S21403E3C030782530325820746F6F2073686F7274FC
S21403E3D020286C656E202564203C206D696E202500
S21403E3E06429004F544120636F6D6D616E6420662F
S21403E3F0726F6D20756E7265636F676E697A65649A
S21403E40020736572766572203078253034582E2056
S21403E410204D79204F5441207365727665723A20F9
S21403E42030782530345800496D616765204E6F7427
S21403E43069667900476F7420756E657870656374D6
S21403E44065642025732E20205374617274206469DA
S21403E45073636F766572792E0064656661756C7496
S21403E460004F54413A206661696C656420746F20DE
S21403E47073656E6420257320726573706F6E7365A3
S21403E4803A2030782530325800496D616765206E32
S21403E4906F7469667900476F7420756E657870656A
S21403E4A0637465642025732E202049676E6F72653A
S21403E4B0642E004F54413A2044656661756C74209F
S21403E4C0726573706F6E736520666F7220496D6137
S21403E4D06765206E6F746966792C20737461747532
S21403E4E0732030782530325800496D616765206E99
S21403E4F06F7469667920636F6D6D616E6400257352
S21403E50020756E69636173742C2071756572796901
S21403E5106E6700496E76616C696400257320257307
S21403E520207061796C6F616420747970652030782F
S21403E530253032580025732025733A206F757420D2
S21403E5406F662072616E6765206A697474657220EF
S21403E55025640025732025733A207061796C6F61FA
S21403E56064206C656E67746820646F65736E2774C9
S21403E570206D617463682074797065203078253067
S21403E580325820282564203C202564290025732042
S21403E59025732064756520746F206E6F6E2D6D6114
S21403E5A0746368696E67206D616E75666163747502
S21403E5B072657220494400257320257320647565AF
S21403E5C020746F206E6F6E2D6D61746368696E675D
S21403E5D020696D616765207479706520494400255C
S21403E5E0732025732064756520746F206D617463D2
S21403E5F068696E67206669726D77617265207665F5
S21403E6007273696F6E0025732025732C205278274A
S21403E61064204A697474657220283078253032582D
S21403E620292C205069636B6564204A69747465728B
S21403E63020283078253032582900517565727920A4
S21403E6406E65787420696D61676520726573706F97
S21403E6506E73650025732072657475726E6564202B
S21403E6603078253032582E20204E6F206E65772066
S21403E670696D61676520746F20646F776E6C6F6178
S21403E680642E00257320746F6F2073686F72742076
S21403E690282564203C202564290025733A204E65EE
S21403E6A07720696D61676520697320617661696C9F
S21403E6B061626C6520666F7220646F776E6C6F6143
S21403E6C0642E002573206973206E6F74207573693A
S21403E6D06E67206D7920696D61676520696E666F68
S21403E6E02E004552524F523A204E65787420496D9B
S21403E6F061676520697320746F6F20626967207491
S21403E7006F2073746F726520283078253038582050
S21403E7103E203078253038582900257320726574DA
S21403E72075726E65642073616D652046696C655607
S21403E730657273696F6E2061732063757272656E9E
S21403E740746C7920696E7374616C6C65642E004F0B
S21403E750544120446F776E67726164657320446921
S21403E7607361626C65643A2046696C6556657273BC
S21403E770696F6E20626568696E6420637572726580
S21403E7806E7420696E7374616C6C6174696F6E006D
S21403E7905374617274696E6720646F776E6C6F6111
S21403E7A0642C2056657273696F6E20307825303876
S21403E7B058004572726F723A204661696C65642030
S21403E7C0746F2064656C65746520696D6167652E7A
S21403E7D0004572726F723A204661696C65642074F4
S21403E7E06F206572617365206F6C642074656D704D
S21403E7F020646174612E00496D61676520626C6FE9
S21403E800636B20726573706F6E7365004F54413A85
S21403E81020496D616765426C6F636B5265706F6EFE
S21403E820736520636F6E7461696E7320696E7661BB
S21403E8306C6964206F7220696E636F6D706C6574AB
S21403E840652064617461005570646174696E672045
S21403E8504D696E20426C6F636B20526571756573EC
S21403E8607420506572696F6420746F202564206D70
S21403E8707300446F776E6C6F61642064656C6179B6
S21403E88020627920736572766572202564206D7325
S21403E89000446F776E6C6F61642061626F7274659B
S21403E8A064206279207365727665722E00536572F2
S21403E8B076657220646F65736E2774207375707047
S21403E8C06F72742070616765207265717565737405
S21403E8D02C206F6E6C79207573696E6720626C6F7F
S21403E8E0636B20726571756573742E00536572765B
S21403E8F065722072657475726E65642027756E7313
S21403E9007570706F7274656420636C75737465726A
S21403E91020636F6D6D616E64272E00556E6B6E6F90
S21403E920776E2025732073746174757320636F6428
S21403E93065203078253032580025732068617320AF
S21403E940646174612073697A6520282564292073BD
S21403E9506D616C6C6572207468616E20616374759A
S21403E960616C207061636B65742073697A65202817
S21403E9702564292E002573206572726F723A20452E
S21403E98078706563746564206F666673657420309B
S21403E99078253038582C2062757420676F742030C1
S21403E9A078253038582E202049676E6F72696E6757
S21403E9B000257320696E666F20646964206E6F7429
S21403E9C0206D61746368206D792065787065637463
S21403E9D0656420696E666F2E202044726F707069BE
S21403E9E06E672E004661696C656420746F207772CB
S21403E9F069746520746F2073746F72616765206431
S21403EA0065766963652100446F776E6C6F61640099
S21403EA105570677261646520656E642072657370F5
S21403EA206F6E7365005365727665722061626F72EE
S21403EA3074656420757067726164652C20737461F5
S21403EA407475733A20307825303258004572726FE9
S21403EA50723A2025732068616420696E76616C695A
S21403EA60642025733A200066696C652076657273A8
S21403EA70696F6E00416464696E67202564206D7358
S21403EA802E2064656C617920666F7220696D6D65F2
S21403EA90646961746520757067726164652E0043EE
S21403EAA06F756E74646F776E20746F2075706772FF
S21403EAB06164653A202564206D7300205374617485
S21403EAC0653A2020202573002057616974696E67B4
S21403EAD020666F7220726573706F6E73653A2025B9
S21403EAE07300204E657874204576656E74205469ED
S21403EAF06D65723A202564206D730020437572722B
S21403EB00656E7420446F776E6C6F6164204F666623
S21403EB107365743A203078253038582028256425C4
S21403EB2025290025733A206661696C656420706147
S21403EB307273696E67204F544120636D642030788A
S21403EB4025303258004F54412044656661756C7415
S21403EB5020726573706F6E736520746F20636F6DBC
S21403EB606D616E64204944203078253032582C205D
S21403EB707374617475732030782530325800496D8C
S21403EB8061676520626C6F636B2072657175657370
S21403EB90742074657374206F6E6C7920776F726B54
S21403EBA073207768656E20737461746520697320BB
S21403EBB0424F4F544C4F41445F53544154455F4E6C
S21403EBC04F4E450052616E646F6D2044656C6179EB
S21403EBD0206265666F72652073746172740044699F
S21403EBE073636F766572696E67204F544120536571
S21403EBF07276657200476574204F544120536572E0
S21403EC0076657220455549004F627461696E206CC3
S21403EC10696E6B206B6579005175657279696E67ED
S21403EC20204E65787420496D61676500446F776E82
S21403EC306C6F6164696E6720496D61676500566530
S21403EC4072696679696E6720496D61676500576109
S21403EC506974696E6720666F7220557067726164A7
S21403EC6065206D65737361676500436F756E7464C5
S21403EC706F776E20746F20557067726164650057F6
S21403EC80616974696E6720746F207570677261645A
S21403EC906520766961206F75742D6F662D62616ECF
S21403ECA064206D656368616E69736D0025733A2031
S21403ECB02564252520636F6D706C65746500496D4A
S21403ECC06167652025640020204552524F523A2042
S21403ECD0436F756C64206E6F742067657420667569
S21403ECE06C6C20686561646572210020204865614C
S21403ECF06465722056657273696F6E3A20307825A4
S21403ED00303458002020486561646572204C656E77
S21403ED106774683A2020256420627974657300203E
S21403ED20204669656C6420436F6E74726F6C3A207C
S21403ED30203078253034580020204D616E756620CB
S21403ED4049443A202020202020203078253034588B
S21403ED50002020496D61676520547970653A20204C
S21403ED6020202030782530345800202056657273D2
S21403ED70696F6E3A2020202020202020307825300E
S21403ED8038580020205A6967626565205665727395
S21403ED90696F6E3A20307825303458002020486555
S21403EDA06164657220537472696E673A2020257316
S21403EDB0002020496D6167652053697A653A2020F3
S21403EDC0202020256C64206279746573002020530C
S21403EDD06563757269747920437265643A202030DE
S21403EDE0782530325800202055706772616465209C
S21403EDF0446573743A2020200020204D696E2E202F
S21403EE004857205665723A20202020307825303423
S21403EE10580020204D61782E204857205665723AB8
S21403EE2020202020307825303458002020546F745A
S21403EE30616C20546167733A2025640020202020EB
S21403EE405461673A2030782530345800202020203B
S21403EE5020204C656E6774683A20256C6400457202
S21403EE60726F723A20436F756C64206E6F74206FF6
S21403EE70627461696E2074616720696E666F2066CE
S21403EE80726F6D20696D6167652E000A25642069BF
S21403EE906D6167657320696E204F54412073746FEC
S21403EEA0726167652E00496D6167652064656C65F0
S21403EEB0746525732E004572726F723A2020436F75
S21403EEC0756C64206E6F74207265616420626C6F6B
S21403EED0636B3A203078253032582E0A005374611B
S21403EEE07274696E672065726173652066726F6DF2
S21403EEF0206F666673657420307825303858207422
S21403EF006F2030782530385800436F756C64206E58
S21403EF106F742073746172742045524153452120E7
S21403EF20283078253032582900454550524F4D2019
S21403EF30457261736520636F6D706C657465002F31
S21403EF40686F6D652F72756E6E65722F776F726B55
S21403EF502F747579612D7A69676265652D73776994
S21403EF607463682F747579612D7A69676265652D98
S21403EF707377697463682F73696C6162735F746F08
S21403EF806F6C732F73696D706C69636974795F73E3
S21403EF90646B2F70726F746F636F6C2F7A6967621E
S21403EFA065652F6170702F6672616D65776F726B22
S21403EFB02F706C7567696E2F6F74612D73746F7223
S21403EFC06167652D73696D706C652D656570726F0D
S21403EFD06D2F6F74612D73746F726167652D656530
S21403EFE070726F6D2D706167652D65726173652E26
S21403EFF063002F686F6D652F72756E6E65722F775F
S21403F0006F726B2F747579612D7A69676265652DEA
S21403F0107377697463682F747579612D7A6967628B
S21403F02065652D7377697463682F73696C616273A2
S21403F0305F746F6F6C732F73696D706C696369743B
S21403F040795F73646B2F70726F746F636F6C2F7A54
S21403F05069676265652F6170702F6672616D65778B
S21403F0606F726B2F706C7567696E2F6F74612D737B
S21403F070746F726167652D73696D706C652D656558
S21403F08070726F6D2F6F74612D73746F7261676525
S21403F0902D656570726F6D2E63004F544120536962
S21403F0A06D706C652053746F7261676520454550BB
S21403F0B0524F4D207761726E696E673A20636F75A3
S21403F0C06C64206E6F742067657420736C6F742095
S21403F0D0696E666F20666F7220736C6F742025648A
S21403F0E020286572726F7220307825303258292EA8
S21403F0F02044656661756C74696E6720746F20734F
S21403F10070656369666965642061646472657373B8
S21403F110206F6666736574730053746F72616765F8
S21403F120204472697665723A202020202020202011
S21403F13020202020204F54412053696D706C652099
S21403F14053746F7261676520454550524F4D20508A
S21403F1506C7567696E0052656164204D6F646966FD
S21403F1607920577269746520537570706F72743A9C
S21403F17020206E6F00534F4320426F6F746C6F6195
S21403F18064696E6720537570706F72743A2020201E
S21403F1902079657300426F6F746C6F6164657220CB
S21403F1A053746F7261676520537570706F72743A2B
S21403F1B02055736520666972737420736C6F7400D0
S21403F1C0536C6F7420746F207573653A202020206B
S21403F1D020202020202020202020202025640043DB
S21403F1E0757272656E7420446F776E6C6F616420FF
S21403F1F04F66667365743A202020203078253038B1
S21403F200580045424C205374617274204F666673EF
S21403F21065743A20202020202020202020203078CB
S21403F2202530385800454550524F4D20537461726F
S21403F230743A202020202020202020202020202058
S21403F2402030782530385800454550524F4D2045DC
S21403F2506E643A20202020202020202020202020FA
S21403F2602020202030782530385800496D616765A6
S21403F27020496E666F2053746172743A20202020F2
S21403F2802020202020202030782530385800536155
S21403F2907665205261746520286279746573292027
S21403F2A02020202020202020202030782530385889
S21403F2B0004F6666736574206F6620646F776E6CA6
S21403F2C06F6164206F66667365742020203078252E
S21403F2D0303858004F6666736574206F6620454263
S21403F2E04C206F66667365743A2020202020202009
S21403F2F0307825303858004F6666736574206F661D
S21403F30020696D6167652073746172743A202020EA
S21403F31020202030782530385800736C5F7A696770
S21403F3206265655F61665F6F74615F73746F726158
S21403F33067655F6472697665725F726561645F6351
S21403F340622829206661696C656421004261642035
S21403F3506D61676963206E756D62657220696E20E4
S21403F36066696C653A203078253032582030782527
S21403F37030325820307825303258203078253032D5
S21403F38058004261642076657273696F6E20696EF9
S21403F3902066696C652030782530345800457272D3
S21403F3A06F723A2072656164416E6456616C69647B
S21403F3B061746553746F726564496D616765282966
S21403F3C020747269656420746F2072656164206DB1
S21403F3D06F72652064617461207468616E2069745D
S21403F3E020636F756C6420686F6C642E00736C5FAB
S21403F3F07A69676265655F61665F6F74615F737480
S21403F4006F726167655F6472697665725F72656164
S21403F410645F63622829204641494C454421004CD9
S21403F420617374206F666673657420646F776E6CA1
S21403F4306F616465643A2030782530385800537419
S21403F4406F72616765204D6F64756C653A204F5423
S21403F450412053696D706C652053746F72616765E4
S21403F46020506C7567696E00496D6167657320533C
S21403F470746F7265643A20202564206F6620310A13
S21403F48000253032583A0065702025303258206304
S21403F4906C757320253034582061747472202530BF
S21403F4A034582073767220256300206D6667202506
S21403F4B030325800207265706F7274206D696E204A
S21403F4C025303458206D61782025303458207270EA
S21403F4D0742D63686720253038580020726563658D
S21403F4E06976652066726F6D202530345820657006
S21403F4F020253032582074696D656F757420253069
S21403F500345800636C6561720072656D6F766500D2
S21403F510636C656172696E67206C617374207265D3
S21403F520706F72742074696D65206F6620616C6CF1
S21403F530206174747269627574657300746573749C
S21403F540696E672074696D696E67206F66207661E1
S21403F55072696F7573207265706F7274696E672057
S21403F5606F7065726174696F6E73002D2D2D2D2D6E
S21403F5702D2D2D2D2D2D2D2D2D2D2D2D2D2D2D2DB3
S21403F5802D2D2D2D2D2D2D2D2D2D2D2D2D2D2D2DA3
S21403F5902D2D2D2D2D2D2D2D2D2D002D2D74616210
S21403F5A06C65207265616473202D2066756C6C2013
S21403F5B07461626C652D2D00726573756C74203DE5
S21403F5C0202564206D73002D2D696E6974202F200D
S21403F5D07363686564756C65207469636B2D2D2D84
S21403F5E0002D2D6C6F616420636F6E66696775729C
S21403F5F06174696F6E2064656661756C74732D2D16
S21403F600002F686F6D652F72756E6E65722F776F3C
S21403F610726B2F747579612D7A69676265652D73D0
S21403F62077697463682F747579612D7A6967626583
S21403F630652D7377697463682F73696C6162735F92
S21403F640746F6F6C732F73696D706C69636974790B
S21403F6505F73646B2F70726F746F636F6C2F7A694E
S21403F660676265652F6170702F6672616D65776F6F
S21403F670726B2F706C7567696E2F7265706F72741C
S21403F680696E672F7265706F7274696E672E63009A
S21403F690524541445F5250545F434647007265618A
S21403F6A0645F7265706F7274696E675F636F6E66B0
S21403F6B0696775726174696F6E005265706F7274F4
S21403F6C0696E673A206661696C656420746F20739F
S21403F6D0656E6420257320726573706F6E73653A6A
S21403F6E020307825303258004552523A20726561F0
S21403F6F064696E6720636C75737465722030782551
S21403F7003034582061747472696275746520307879
S21403F710253034583A203078253032580045525236
S21403F7203A207265706F7274696E67206F66204C3C
S21403F7304F4E4720737472696E67206174747269E2
S21403F740627574652074797065206E6F74207375A6
S21403F75070706F727465643A20636C757374657247
S21403F7602030782530345820617474726962757459
S21403F7706520307825303458005265706F7274698E
S21403F7806E6720456E7472792046756C6C202D204A
S21403F7906372656174696E67206E65772072657043
S21403F7A06F7274004346475F52505400202D206406
S21403F7B06972656374696F6E3A253032582C20611E
S21403F7C07474723A2530345800202020747970659A
S21403F7D03A253032582C206D696E3A253034582C31
S21403F7E0206D61783A253034580020202063686104
S21403F7F06E67653A0020202074696D656F75743AEC
S21403F8002530345800636F6E6669677572655F727C
S21403F81065706F7274696E67002054434C4B207595
S21403F820706461746520616C726561647920696EC9
S21403F8302070726F6772657373004D616E75616CCD
S21403F8402054434C4B20757064617465206661696F
S21403F8506C65642E2573005374617274696E672039
S21403F8607570646174652074727573742063656E55
S21403F870746572206C696E6B206B65792070726F8D
S21403F8806365737300557064617465205443204C3C
S21403F890696E6B204B657900204E6577206B657922
S21403F8A02065737461626C69736865643A00204509
S21403F8B072726F723A00506172746E65723A20000B
S21403F8C05A434C20676C6F62616C20636C7573746B
S21403F8D0657220636F6D6D616E6473006469726533
S21403F8E06374696F6E00646973632D636F6D2D6750
S21403F8F0656E00646973632D636F6D2D72656300B7
S21403F9006578706563742D7265706F72742D667298
S21403F9106F6D2D6D6500757772697465006E77720D
S21403F920697465007265706F72742D726561640028
S21403F93073656E642D6D652D612D7265706F7274BF
S21403F9400043726561746573206120676C6F626142
S21403F9506C20646973636F76657220636F6D6D6187
S21403F9606E6420666F7220746865206173736F63BC
S21403F97069617465642076616C7565732E00636CCB
S21403F980757374657249641F617474726962757401
S21403F9906549641F6D61784E756D626572546F526A
S21403F9A065706F72741F00437265617465732061BE
S21403F9B020676C6F62616C2073656E64206D6520D2
S21403F9C061207265706F727420636F6D6D616E6413
S21403F9D020666F7220746865206173736F63696154
S21403F9E07465642076616C7565732E00636C75733D
S21403F9F074657249641F61747472696275746549CB
S21403FA00641F64617461547970651F6D696E526515
S21403FA10706F727454696D651F6D61785265706F8F
S21403FA20727454696D651F7265706F727461626C6F
S21403FA30654368616E67651F00437265617465732D
S21403FA40206120676C6F62616C207265616420724E
S21403FA5065706F7274696E6720636F6D6D616E6437
S21403FA6020666F7220746865206173736F636961C3
S21403FA7074656420636C75737465722C206174748A
S21403FA8072696275746520616E642073657276654B
S21403FA90722F636C69656E7420646972656374693A
S21403FAA06F6E2E00636C757374657249641F6174A0
S21403FAB07472696275746549641F646972656374F8
S21403FAC0696F6E1F00476C6F62616C207265706FA2
S21403FAD07274696E6720636F6D6D616E6400656E28
S21403FAE064706F696E741F636C75737465724964B2
S21403FAF01F61747472696275746549641F6D6173FE
S21403FB006B1F0043726561746573206120676C6FB9
S21403FB1062616C207265616420636F6D6D616E64F3
S21403FB20206D65737361676520746F207265616409
S21403FB302066726F6D2074686520636C75737465D8
S21403FB407220616E642061747472696275746520D4
S21403FB507370656369666965642E00636C75737498
S21403FB60657249641F617474726962757465496469
S21403FB701F0043726561746573206120676C6F6252
S21403FB80616C20777269746520636F6D6D616E6456
S21403FB90206D65737361676520746F20777269746F
S21403FBA06520746F2074686520636C757374657262
S21403FBB020616E6420617474726962757465207363
S21403FBC0706563696669656400636C7573746572F2
S21403FBD049641F61747472696275746549641F743D
S21403FBE07970651F646174611F0043726561746593
S21403FBF02061206578706563742D7265706F72740A
S21403FC002D66726F6D2D6D65206D65737361676507
S21403FC102077697468206173736F636961746564C0
S21403FC202076616C7565732E00636C7573746572EC
S21403FC3049641F61747472696275746549641F74DC
S21403FC40696D656F75741F00437265617465206125
S21403FC5020446973636F76657220436F6D6D616EC2
S21403FC6064732047656E65726174656420636F6DA7
S21403FC706D616E642077697468206173736F63695E
S21403FC80617465642076616C7565732E00636C75AC
S21403FC907374657249641F7374617274436F6D6D18
S21403FCA0616E6449641F6D6178436F6D6D616E6448
S21403FCB049641F0053657473207468652064697211
S21403FCC0656374696F6E20666F7220676C6F62611E
S21403FCD06C20636F6D6D616E64732C206569746848
S21403FCE0657220636C69656E7420746F2073657229
S21403FCF0766572206F722073657276657220746FF4
S21403FD0020636C69656E742E0053657473206120DE
S21403FD10666C616720736F2074686174207468650D
S21403FD20206170706C69636174696F6E20667261BE
S21403FD306D65776F726B2057494C4C204E4F54209D
S21403FD40726573706F6E6420746F20746865206EBE
S21403FD50657874205A434C206D657373616765201C
S21403FD607468617420636F6D657320696E206F76A7
S21403FD70657220746865206169722E00536574731A
S21403FD80206120666C616720736F2074686174203D
S21403FD90746865206170706C69636174696F6E2046
S21403FDA06672616D65776F726B2057494C4C207293
S21403FDB06573706F6E6420746F20746865206E655B
S21403FDC07874205A434C206D65737361676520749D
S21403FDD068617420636F6D657320696E206F766546
S21403FDE07220746865206169722E005365747320EF
S21403FDF07468652044697361626C65204465666156
S21403FE00756C7420526573706F6E736520467261ED
S21403FE106D6520436F6E74726F6C20626974207414
S21403FE206F2075736520666F7220746865206E6533
S21403FE30787420636F6D6D616E64206966207468E4
S21403FE406520636F6D6D616E64206973206E6F74D9
S21403FE5020616C7265616479206275696C742E002A
S21403FE6064697361626C6544656661756C7452653A
S21403FE7073706F6E73651F005365747320746865C3
S21403FE8020666C616720746F2075736520746865DF
S21403FE9020696E6372656D656E7465642073657143
S21403FEA075656E6365206E756D6265722066726F2A
S21403FEB06D20746865206672616D65776F726B205E
S21403FEC0666F7220746865206E6578742072617739
S21403FED020636F6D6D616E642E007573654E657875
S21403FEE07453657175656E63651F00436C692063A3
S21403FEF06F6D6D616E6420746F2063616C6C20732C
S21403FF006C5F7A69676265655F61665F7365745F78
S21403FF1074696D652066756E6374696F6E20646FB1
S21403FF2063756D656E74656420696E2061662E6800
S21403FF300075746354696D651F005365747320748C
S21403FF4068652074776F2062797465206D616E75BD
S21403FF50666163747572657220737065636966693A
S21403FF6063206964656E74696669657220746F20C0
S21403FF7075736520666F7220746865206E65787485
S21403FF8020636F6D6D616E642069662074686520FA
S21403FF90636F6D6D616E64206973206E6F7420618C
S21403FFA06C7265616479206275696C742E006D6687
S21403FFB067537065636966696349641F006E6F748F
S21403FFC02000534C5F5354415455535F4E4554578A
S21403FFD04F524B5F555020307825303458005472BA
S21403FFE07573742043656E746572204555492068A1
S21403FFF061732025736368616E6765642E00534CD6
S2140400005F5354415455535F4E4554574F524B5FBC
S214040010444F574E00534C5F5354415455535F4E10
S2140400204F545F4A4F494E454400534C5F53544126
S2140400305455535F5A49474245455F4E4554574FBA
S214040040524B5F4F50454E45443A20256420736515
S2140400506300534C5F5354415455535F5A494742C7
S21404006045455F4E4554574F524B5F434C4F53459F
S214040070440025733A2025730064697374726962B8
S214040080757465640063656E7472616C697A656420
S21404009000466F726D002573696E67206F6E20636D
S2140400A0682025642C2070616E49642030782530E1
S2140400B03458004572726F723A20446576696365F7
S2140400C020646F6573206E6F7420737570706F7222
S2140400D074202573206E6574776F726B20666F725A
S2140400E06D6174696F6E004A6F696E00496E766161
S2140400F06C69642053656375726974792050726FF5
S21404010066696C653A2030782530325800704A6F3C
S214040110696E20666F72202564207365633A20300A
S2140401207825303258004C696D6974696E672064AE
S21404013075726174696F6E206F66207065726D6982
S21404014074206A6F696E2066726F6D20666F7265C2
S21404015076657220283235352920746F203235347E
S2140401600052583A205A444F2C20636F6D6D616ECE
S21404017064203078253034582C2073746174757379
S2140401803A203078253032580053696D706C65001B
S21404019052583A2025732044657363205265737061
S2140401A0004D61746368002C204D61746368657348
S2140401B03A2025640044657669636520416E6E6F57
S2140401C0756E63653A203078253034580052583AB4
S2140401D02049454545204164647265737320526521
S2140401E073706F6E73650052583A20416374697673
S2140401F06520455020526573706F6E73652C2043DE
S2140402006F756E743A202564004E6F6465002C206A
S2140402104D6174636865733A20307825303458002D
S214040220737461636B207665722E205B25642E25BD
S214040230642E256400202573206275696C6420256D
S214040240645D005A444F00534500484100436C75B2
S2140402507374657200476C6F62616C002573747802
S214040260203078253038582C200050726F66696C20
S214040270653A2025732028307825303458292C20D8
S214040280436C75737465723A203078253034582C74
S2140402902025642062797465732C00205A434C2010
S2140402A0257320436D642049443A20256400507227
S2140402B0652D52656C6561736500416C70686120DC
S2140402C03100416C706861203200416C70686120B6
S2140402D03300426574612031004265746120320047
S2140402E0426574612033004741005265736574208B
S2140402F0696E666F3A203078253032582028257388
S214040300290064656C6574652062696E64696E674D
S2140403103A20253032582025303258000102030492
S21404032005060708090A0B0C000101010101010179
S2140403300101010101005752495445204552523AE1
S214040340200025736570202530325820636C757341
S2140403502025303458206174747220253034582097
S2140403606E6F7420737570706F7274656400257395
S214040370696E76616C696420646174612074797056
S2140403806500257361747472206E6F7420777269C9
S2140403907461626C650057524954453A206E6F206A
S2140403A077726974652C206A75737420612074658D
S2140403B0737400524541443A2061747472696275DC
S2140403C074652073697A6520746F6F206C61726738
S2140403D06520666F722063616C6C657200636C6E78
S2140403E074007372767200525700524F00202052E7
S2140403F0414D20200020746F6B656E200065787474
S21404040065726E2000454E44504F494E54202530A8
S214040410325800636C7573202F2073696465202F2F
S2140404202061747472202F206D666720202F7479E3
S2140404307065286C656E292F207277202F207374C0
S2140404406F72616765202F20646174612028726171
S21404045077290025303458202F202573202F202577
S214040460303458202F2000202F20253032582028C2
S2140404702530325829202F202573202F202573203D
S2140404802F2000556E737570706F72746564004F1C
S214040490544120524541443A2065703A253032583A
S2140404A0206369643A253034582061747469643A68
S2140404B025303458206D736B3A25303258206D66DB
S2140404C0636F64653A2530345800524541443A20F7
S2140404D0636C757320253034582C20617474722034
S2140404E025303458206661696C656420253032589E
S2140404F000524541443A20636C75732025303458C5
S2140405002C206174747220253034582C2064617455
S214040510614C656E3A20253032582C204F4B00280B
S214040520256329253032582530325825303258254F
S2140405303032582530325825303258253032582536
S2140405403032580064697361626C65002573642CEC
S2140405502064726F7070696E67206570203078252D
S21404056030325820636C7573203078253034582028
S214040570636D64203078253032580047656E6572A6
S21404058061746564005265636569766564004469F0
S21404059073636F76657220436F6D6D616E6473204E
S2140405A0726573706F6E73652028636F6D706C650B
S2140405B074653A202563292C202573204944733A10
S2140405C0200030782530325820005F4558540052B9
S2140405D04541445F415454520057524954453A20C9
S2140405E0636C75732025303458206174747220252A
S2140405F030345820004641494C20253032580057A4
S214040600524954453A20746F6F2073686F727400B1
S214040610444953435F4154545200257325733A208A
S214040620636C757320253034580053766320446910
S21404063073633A2000257357616974696E672025D1
S214040640642073656320666F7220646973636F76D3
S21404065065727920746F20636F6D706C65746500C5
S214040660537461746520636F72726573706F6E6421
S214040670696E6720746F20746865207468652072DC
S214040680657175657374206E6F7420666F756E641D
S2140406900A002573636F6D706C6574652E0A0025F9
S2140406A0735365727669636520446973636F766510
S2140406B07279205374617465206C696D6974732053
S2140406C0726561636865640A002573496C6C6567C6
S2140406D0616C2062726F6164636173742061646428
S2140406E0726573732C2072656D617070696E672015
S2140406F0746F2076616C6964206F6E652E002573B6
S2140407004661696C656420746F2073656E64206D41
S2140407106174636820646973636F766572793A20DE
S2140407203078253032580025735374617274696EBC
S2140407306720646973636F7665727920666F7220CA
S214040740636C7573746572203078253034580025D0
S214040750734661696C656420746F2073656E6420EB
S21404076073696D706C652064657363726970746F09
S2140407707220726571756573743A2030782530324C
S214040780580025734661696C656420746F20736530
S2140407906E64204945454520616464726573732020
S2140407A0726571756573743A203078253032580056
S2140407B025734661696C656420746F2073656E6486
S2140407C0204E574B206164647265737320726571A2
S2140407D0756573743A203078253032580045727245
S2140407E06F723A202573206261642073696D706CA1
S2140407F0652064657363726970746F72206C656ECD
S2140408006774682E0025734D65737361676520747D
S2140408106F6F2073686F72740025734D6573736110
S214040820676520746F6F2073686F727420666F72CA
S214040830206E756D2E20656E64706F696E7473001D
S21404084025734D61746368257320666F756E642026
S21404085066726F6D203078253034582E00457272DB
S2140408606F723A20257320696E76616C6964206C19
S214040870656E6774682028256420213D2025642938
S21404088020666F722041637469766520456E6470D5
S2140408906F696E7420726573706F6E73650025736E
S2140408A0676F7420616374697665204550207265AD
S2140408B073706F6E7365005554432074696D653AA2
S2140408C02025642F25642F25642025643A25643A60
S2140408D02564202825303858290028556E6B6E6FFD
S2140408E0776E20636C75732E205B30782530345811
S2140408F05D29000D0A54253038583A005258206CA9
S214040900656E2025642C20657020253032582C20F6
S214040910636C7573203078253034582000206D665B
S2140409206749642025303458002046432025303259
S2140409305820736571202530325820636D64202555
S214040940303258207061796C6F61645B0042617369
S2140409506963004F76657220746865204169722069
S214040960426F6F746C6F6164696E670025735258CA
S21404097020706B7420746F6F2073686F72743A20E3
S2140409802564203C202564002573525820706B741F
S214040990206D616C666F726D65643A202564203C38
S2140409A02025640020204861766520526F757465A2
S2140409B07220537570706F7274002020456E642028
S2140409C0446576696365204F6E6C79002020456E19
S2140409D061626C656400202044697361626C6564BE
S2140409E0004572726F722072657472696576696EFC
S2140409F06720696E666F20666F72206C696272612A
S214040A007279204944202564002573206C6962723B
S214040A1061727925732070726573656E74005A6905
S214040A20676265652050726F0042696E64696E671E
S214040A3000536563757269747920436F7265005359
S214040A4065637572697479204C696E6B204B6579A1
S214040A50730043424B45203136334B310043424BFF
S214040A604520445341205369676E00454343004381
S214040A70424B4520445341205665726966790050BE
S214040A8061636B65742056616C6964617465005AB1
S214040A904C4C0043424B45203238334B31004543DF
S214040AA043203238334B310043424B4520636F7248
S214040AB065004E4350004D756C7469206E657477FE
S214040AC06F726B00456E68616E6365642042656193
S214040AD0636F6E205265710043424B4520323833B3
S214040AE04B312044534120566572696679004D7532
S214040AF06C74692D50414E002F686F6D652F7275AA
S214040B006E6E65722F776F726B2F747579612D7A9E
S214040B1069676265652D7377697463682F74757980
S214040B20612D7A69676265652D7377697463682FCA
S214040B3073696C6162735F746F6F6C732F73696D26
S214040B40706C69636974795F73646B2F70726F7409
S214040B506F636F6C2F7A69676265652F7374616360
S214040B606B2F636F6E6669672F736C5F7A69676253
S214040B7065655F636F6E66696775726174696F6ECB
S214040B802E63002F686F6D652F72756E6E65722FFB
S214040B90776F726B2F747579612D7A6967626565F4
S214040BA02D7377697463682F747579612D7A696714
S214040BB06265652D7377697463682F73696C616207
S214040BC0735F746F6F6C732F73696D706C69636990
S214040BD074795F73646B2F70726F746F636F6C2FAE
S214040BE07A69676265652F737461636B2F667261D9
S214040BF06D65776F726B2F6165732D6563622E6307
S214040C00002F686F6D652F72756E6E65722F776F25
S214040C10726B2F747579612D7A69676265652D73B9
S214040C2077697463682F747579612D7A696762656C
S214040C30652D7377697463682F73696C6162735F7B
S214040C40746F6F6C732F73696D706C6963697479F4
S214040C505F73646B2F70726F746F636F6C2F7A6937
S214040C60676265652F737461636B2F736563757252
S214040C706974792F7A69676265652D736563757221
S214040C806974792D6D616E616765722D6E6F2D7650
S214040C9061756C742E63004572726F723A2020463A
S214040CA061696C656420746F207265616420667285
S214040CB06F6D20454550524F4D2061742030782585
S214040CC034582C207374617475733A202564004577
S214040CD04550524F4D20496E697469616C697A6556
S214040CE0643A20256300454550524F4D20427573A3
S214040CF0793A202563005061727469616C20576FDD
S214040D0072642053746F7261676520436F756E74E6
S214040D103A20256400416464726573733A2030781F
S214040D202534582C205061727469616C20576F7298
S214040D30643A203078255800636F6E6669726D6574
S214040D406400617373756D6564000A454550524FBF
S214040D504D20496E666F004E6F7420617661696C33
S214040D6061626C6520286F6C64657220626F6F74B4
S214040D706C6F6164657229005061727420446573F7
S214040D806372697074696F6E3A20202020202020D8
S214040D902020202573004361706162696C69746960
S214040DA065733A2020202020202020202020202088
S214040DB0203078253258005061676520457261738B
S214040DC0652074696D65202873293A202020202028
S214040DD02025640050617274204572617365207426
S214040DE0696D65202873293A202020202020256458
S214040DF000506172742045726173652074696D6574
S214040E0020286D73293A20202020202025640050B5
S214040E106167652073697A65202862797465732929
S214040E203A202020202020202020256C00506172AB
S214040E30742073697A6520286279746573293A2068
S214040E402020202020202020256C00576F7264204C
S214040E5073697A6520286279746573293A2020209C
S214040E6020202020202025642028257029004545A0
S214040E7050524F4D20696E69743A203078255800D8
S214040E802F686F6D652F72756E6E65722F776F7231
S214040E906B2F747579612D7A69676265652D737732
S214040EA0697463682F747579612D7A6967626565FC
S214040EB02D7377697463682F73696C6162735F74EA
S214040EC06F6F6C732F73696D706C69636974795F87
S214040ED073646B2F7574696C2F706C7567696E2FED
S214040EE0706C7567696E2D636F6D6D6F6E2F6565BB
S214040EF070726F6D2F656570726F6D2E6300556E20
S214040F0061626C6520746F20626F6F7420696D6116
S214040F10676520617420736C6F7420256C640A0006
S214040F20536C6F74204D616E6167657220666169EB
S214040F306C656420746F20657261736520736C6FD2
S214040F40740A004D61782072656164206C696D696D
S214040F50742073657420746F202564206279746528
S214040F60730A004164647265737320202020202075
S214040F7020202020446174610A00307825346C787F
S214040F8020202020202020307825780A0046616919
S214040F906C656420746F20726561642066726F6D80
S214040FA020666C6173680A00536C6F7420256C6449
S214040FB00A20204164647265737320202020203A3E
S214040FC020307825346C580A20204C656E67746887
S214040FD02020202020203A20307825346C582028E1
S214040FE0256C64206279746573290A00202054797C
S214040FF0706520202020202020203A20004E6F20DC
S21404100047424C2070726573656E740A005A6967AD
S2140410104265650A005468726561640A00436F6E2F
S2140410206E6563740A00426C7565746F6F74680A43
S21404103000426C7565746F6F7468206170706C69BB
S214041040636174696F6E0A004D43550A004F7468F5
S214041050657220283078256C58290A0020205665A9
S2140410607273696F6E20202020203A203078256C19
S214041070580A0020204361706162696C697469656E
S214041080733A20307825346C580A00202050726F4A
S2140410906475637420494420203A2000307825582B
S2140410A02000536C6F74204D616E616765723A2040
S2140410B06661696C656420746F20696E6974696121
S2140410C06C697A6520626F6F746C6F6164657220F8
S2140410D0286572726F72203078253478290A005693
S2140410E0657273696F6E20202020203A2025640ADA
S2140410F0005061727420202020202020203A2025D1
S214041100730A004361706162696C69746965733A55
S21404111020307825780A00506172742073697A65E5
S2140411202020203A20256420420A0050616765206A
S21404113073697A652020203A20256420420A0057E5
S2140411406F72642073697A652020203A2025642013
S214041150420A00536C6F7473202020202020203A0B
S2140411602025640A004661696C656420746F2072E9
S2140411706561642066726F6D2073746F7261676553
S21404118020666C61736820286572726F722025640D
S214041190290A00496E76616C696420736C6F74204A
S2140411A0256420286D617820736C6F74202564296B
S2140411B00A004661696C656420746F206765742054
S2140411C0696E666F20666F7220736C6F7420256478
S2140411D00A00536C6F74204D616E616765723A2025
S2140411E0736C6F74207772697465206661696C75B8
S2140411F072652E2041646472657373206F6666732D
S21404120065742028256429202B207772697465204C
S2140412106C656E677468202825642920677265618A
S214041220746572207468616E20746F74616C2073C8
S2140412306C6F74206C656E67746820282564290AB0
S21404124000536C6F74204D616E6167657220776120
S214041250726E696E673A20736C6F74202564206C16
S214041260656E6774682028256429206E6F74206173
S2140412706C69676E656420746F207061676520739F
S214041280697A6520282564292E2054686520656EB1
S2140412907469726520736C6F742077696C6C206E49
S2140412A06F74206265206572617365642E0A00534C
S2140412B06C6F74204D616E616765723A2066616971
S2140412C06C656420746F20657261736520256420E4
S2140412D0627974657320696E20736C6F742025645C
S2140412E020617420616464726573732030782534D9
S2140412F07820286572726F722030782578290A0063
S2140413004572617365642025642062797465732070
S214041310696E20736C6F742025640A004661696CDC
S214041320656420746F2073657420736C6F74207406
S2140413306F20626F6F7420286572726F7220307827
S214041340253478290A004661696C656420746F2028
S214041350736574206C697374206F6620736C6F7485
S2140413607320746F20626F6F7420286572726F72B8
S214041370203078253478290A004661696C65642033
S214041380746F20676574206E6577206C69737420AB
S2140413906F6620736C6F747320746F20626F6F7443
S2140413A020286572726F72203078253478290A00F6
S2140413B0426567696E6E696E6720696D6167652050
S2140413C0766572696669636174696F6E2E2E2E0087
S2140413D02E6661696C65642120284572726F7220DE
S2140413E03078253478290A002E7061737365642179
S2140413F020426F6F74696E6720736C6F7420256467
S2140414000A00666E692B00666E69006E616E006681
S2140414106E692D006C696273006273656E64007297
S21404142065736574007261770073656E645F6D75CD
S2140414306C7469636173740073656E642D75736987
S2140414406E672D6D756C7469636173742D62696E55
S21404145064696E670074696D6573796E63006765A9
S214041460742D7074692D726164696F2D636F6E6676
S214041470696700636F6E6669672D6363612D6D6FC0
S2140414806465006576656E7473007365637572696A
S2140414907479007A69676265655F7072696E740054
S2140414A0706C7567696E006E6574006B65797300A1
S2140414B06F7074696F6E00706C7567006368616E38
S2140414C067656B6579006368616E67656B007A644F
S2140414D06F007072696E742072656C617465642046
S2140414E0636F6D6D616E64732E0061747472005A5E
S2140414F0646F2072656C6174656420636F6D6D61E2
S2140415006E64732E00726F75746500706F77657203
S214041510006D676D742D6C7169006D676D742D6256
S214041520696E64006E6F64650073696D706C650047
S2140415306965656500756E62696E64006E776B2D0D
S214041540757064006F75742D636C2D6C697374000C
S214041550696E2D636C2D6C697374005A646F206910
S2140415606E2D636C2D6C6973742072656C61746582
S2140415706420636F6D6D616E64732E005A646F2011
S2140415806F75742D636C2D6C6973742072656C6151
S21404159074656420636F6D6D616E64732E005A64A7
S2140415A06F206E776B2D7570642072656C61746540
S2140415B06420636F6D6D616E64732E007363616E79
S2140415C02D6368616E2D6D61736B007363616E00CD
S2140415D06368616E5067006368616E005A646F20CA
S2140415E0756E62696E642072656C617465642063EE
S2140415F06F6D6D616E64732E00756E6963617374CE
S214041600006368616E67656B65792072656C6174EA
S214041610656420636F6D6D616E64732E006C696E15
S2140416206B004F7074696F6E2072656C61746564CC
S21404163020636F6D6D616E64732E007265676973E7
S214041640746572006469736300696E7374616C6CAC
S2140416502D636F64650062696E64696E672D7461DC
S214041660626C65007072696E742D72782D6D736786
S21404167073006170737265747279004150532072FE
S2140416806574727920666C616720666F7263652084
S214041690636F6D6D616E647300456E61626C657335
S2140416A02F44697361626C6573207072696E746925
S2140416B06E67206F66205278206D65737361676568
S2140416C0732E00656E61626C650042696E64696EB5
S2140416D067207461626C652072656C617465642051
S2140416E0636F6D6D616E64732E0053656375726906
S2140416F07479206B6579732072656C6174656420F7
S214041700636F6D6D616E64732E0064656C657465DD
S214041710004E6574776F726B2072656C61746564D5
S21404172020636F6D6D616E64732E00666F726D005C
S21404173072656A6F696E2D646966662D646576697E
S21404174063652D747970650065787470616E69647C
S2140417500069736F70656E0062726F61642D706AE3
S2140417606F696E006368616E67652D6368616E6E8F
S214041770656C00696E6974006368616E67652D6BDD
S2140417806565702D616C6976652D6D6F6465007492
S214041790696D656F75742D6F7074696F6E2D6D61EC
S2140417A0736B006D756C74692D7068792D73746134
S2140417B07274006D756C74692D7068792D73746F0E
S2140417C0700066696E64006E6574776F726B20666F
S2140417D0696E6420636F6D6D616E64732E006A6F4C
S2140417E0696E61626C6500756E7573656400736C12
S2140417F06F742D6D616E6167657200636F756E74CC
S21404180065727300656E642D6465766963652D7311
S2140418107570706F72740066696E642D616E642DE7
S21404182062696E6400667261676D656E7461746980
S2140418306F6E0067726F7570732D7365727665725E
S214041840006E6574776F726B2D7374656572696E5E
S21404185067006F74612D626F6F746C6F6164006FE4
S21404186074612D636C69656E74006F74612D737496
S2140418706F726167652D636F6D6D6F6E006F746157
S2140418802D73746F726167652D656570726F6D0078
S21404189069646C652D736C6565700075706461743D
S2140418A0652D74632D6C696E6B2D6B657900757090
S2140418B0646174652D74632D6C696E6B2D6B65792C
S2140418C02072656C6174656420636F6D6D616E640F
S2140418D0730074696D6572006E6F7700436F6D6D8B
S2140418E0616E647320746F20636F6E74726F6C2005
S2140418F069646C696E672F736C656570696E6720C2
S2140419006F66207468652064657669636500666F33
S2140419107263652D6177616B65006177616B652D18
S2140419207768656E2D6E6F742D6A6F696E656400D8
S2140419307265706F7274696E672072656C61746527
S2140419406420636F6D6D616E64732E00636C6561F5
S214041950722D6C6173742D7265706F72742D746958
S2140419606D6500746573742D74696D696E67006FB8
S21404197074612D73746F726167652D656570726F1F
S2140419806D2072656C6174656420636F6D6D616E45
S21404199064732E0077697065006F74612D73746FBD
S2140419A0726167652D636F6D6D6F6E2072656C6115
S2140419B074656420636F6D6D616E64730070726924
S2140419C06E74496D616765730072656C6F6164005F
S2140419D073746F726167652D696E666F00646174F7
S2140419E0612D7072696E74006F74612D636C696525
S2140419F06E742072656C6174656420636F6D6D61CE
S214041A006E64732E0076657269667900626C6F6325
S214041A106B2D7465737400706167652D72657175DE
S214041A2065737400757067726164652D726571758F
S214041A306573740064697361626C652D646F776E98
S214041A4067726164657300656E61626C652D646FB0
S214041A50776E677261646573006F74612D626F6F71
S214041A60746C6F61642072656C6174656420636F66
S214041A706D6D616E6473006E6574776F726B2D7333
S214041A8074656572696E672072656C61746564203E
S214041A90636F6D6D616E64732E007072652D636F77
S214041AA06E666967757265642D6B65792D736574EA
S214041AB0006D61736B2072656C6174656420636F7E
S214041AC06D6D616E642E007375627472616374006A
S214041AD067726F7570732D736572766572207265A2
S214041AE06C6174656420636F6D6D616E64732E0043
S214041AF0667261676D656E746174696F6E20726577
S214041B006C6174656420636F6D6D616E64732E0022
S214041B107365742D72782D77696E646F772D73698B
S214041B207A65006172746966696369616C2D626CBA
S214041B306F636B2D64726F700046696E6420616E0D
S214041B40642062696E642072656C617465642063E7
S214041B506F6D6D616E64732E00696E69746961746D
S214041B606F7200656E642D6465766963652D7375A2
S214041B7070706F72742072656C6174656420636F34
S214041B806D6D616E64732E00706F6C6C2D636F6D7B
S214041B90706C657465642D63616C6C6261636B0064
S214041BA0666F7263652D73686F72742D706F6C6CDC
S214041BB000656E61626C655F74797065007374614C
S214041BC0636B00617070007A636C006C65676163B8
S214041BD0795F61665F646562756700636F756E74CE
S214041BE06572732072656C6174656420636F6D6DD5
S214041BF0616E64732E007072696E742D636F756EF9
S214041C007465722D747970650073696D706C652DDA
S214041C107072696E74007072696E742D7468726581
S214041C2073686F6C6473007365742D74687265737F
S214041C30686F6C640072657365742D74687265737E
S214041C40686F6C64730073656E642D726571756578
S214041C5073740073656375726974792072656C6158
S214041C6074656420636F6D6D616E64730073657470
S214041C702D616C6C6F772D74727573742D63656E3D
S214041C807465722D72656A6F696E2D7573696E67F9
S214041C902D77656C6C2D6B6E6F776E2D6B6579008A
S214041CA07365742D616C6C6F772D74727573742DF7
S214041CB063656E7465722D72656A6F696E2D7573D1
S214041CC0696E672D77656C6C2D6B6E6F776E2D6BFA
S214041CD065792D74696D656F7574007365742D6B05
S214041CE065792D726571756573742D706F6C696393
S214041CF079006D66672D746F6B656E006170730096
S214041D005365637572697479206170732072656CAB
S214041D106174656420636F6D6D616E64732E004735
S214041D2065742F736574204D464720746F6B656E1B
S214041D302E00656E64706F696E742072656C6174D3
S214041D40656420636F6D6D616E64732E00656570E7
S214041D50726F6D207574696C6974792072656C6134
S214041D6074656420636F6D6D616E647300536C6F8D
S214041D7074204D616E616765722072656C6174656E
S214041D806420636F6D6D616E647300626F6F742D93
S214041D90736C6F740065726173652D736C6F740079
S214041DA06578742D666C6173682D696E666F007352
S214041DB06C6F74732D696E666F005072696E7473FF
S214041DC02074696D652E005072696E747320617498
S214041DD0747269627574652E00436C656172732053
S214041DE0746865205A444F206C697374206F6620AB
S214041DF0636C69656E742028696E2920636C75733C
S214041E00746572732E004164647320636C75737416
S214041E1065727320746F20746865206B6E6F776EBE
S214041E2020636C69656E742028696E2920636C755E
S214041E307374657273206F6E2074686973206465AA
S214041E40766963652E00436C6561727320746865F9
S214041E50205A444F206C697374206F6620636C6943
S214041E60656E7420286F75742920636C75737465A9
S214041E7072732E004164647320636C7573746572A8
S214041E807320746F20746865206B6E6F776E2063A2
S214041E906C69656E7420286F75742920636C75737D
S214041EA074657273206F6E20746869732064657637
S214041EB06963652E0053656E647320616E207570C9
S214041EC064617465206368616E6E656C207265710A
S214041ED0756573742E006368616E6E656C1F0053BF
S214041EE0656E647320616E2075706461746520632A
S214041EF068616E6E656C2070616765207265712E10
S214041F002054686520737461636B2073656E647314
S214041F10206E776B20656E68616E636564207570ED
S214041F20646174652072657120666F72206E6F6ED0
S214041F302D7A65726F20706167652E006368616E26
S214041F406E656C1F706167651F00506572666F7200
S214041F506D7320616E20656E6572677920736361A8
S214041F606E2E007461726765744E6F646549641FF3
S214041F707363616E4475726174696F6E1F73636117
S214041F806E436F756E741F0042726F616463617393
S214041F90747320746865204944206F6620746865ED
S214041FA0206E6577206E6574776F726B206D616E38
S214041FB06167657220616E6420616374697665206A
S214041FC06368616E6E656C732E006E776B4D676525
S214041FD049641F6368616E6E656C4D61736B1F00A8
S214041FE0506572666F726D7320616E20656E6572E1
S214041FF06779207363616E206F6E20676976656EFD
S214042000206368616E6E656C206D61736B2E007460
S21404201061726765744E6F646549641F7363616EAD
S2140420204475726174696F6E1F7363616E436F7576
S2140420306E741F6368616E6E656C4D61736B1F0012
S21404204053656E64732061206E6574776F726B20BF
S2140420506164647265737320726571756573742048
S214042060666F722074686520676976656E204945D8
S214042070454520616464726573732E006965656501
S2140420801F00526571756573747320616E2049452F
S2140420904545206164647265737320626173656488
S2140420A0206F6E206120676976656E206E6F6465AA
S2140420B02049442E006E6F646549641F0053656EA4
S2140420C0647320612073696D706C65206465736346
S2140420D0726970746F7220726571756573742066A8
S2140420E06F72207468652073686F7274206164640C
S2140420F07265737320616E6420656E64706F696EBA
S21404210074207370656369666965642E006465731C
S214042110741F746172676574456E64706F696E745B
S2140421201F0053656E64732061206D617463684498
S214042130657363726970746F7273526571756573D3
S2140421407420746F2074686520676976656E2064F1
S214042150657374696E6174696F6E2077697468203C
S21404216074686520676976656E2070726F66696C40
S214042170652E006E6F646549641F70726F66696CC5
S214042180651F0053656E64732061206E6F6465205E
S21404219064657363726970746F72207265717565B5
S2140421A0737420746F206120676976656E2074618D
S2140421B072676574206465766963652E007461725F
S2140421C06765741F0053656E64732061205A444F1C
S2140421D02042696E6420636F6D6D616E6420746F57
S2140421E0206120646576696365207370656369663B
S2140421F069656420696E2074686520636F6D6D611F
S2140422006E6420617267756D656E74732E00446526
S2140422107374696E6174696F6E1F536F757263654C
S21404222020656E64706F696E741F44657374696E9E
S2140422306174696F6E20656E64706F696E741F6377
S2140422406C757374657249441F72656D6F74654569
S214042250554936341F6465737445554936341F0032
S21404226053656E647320616E2061637469766520BD
S214042270656E64706F696E742072657175657374CB
S21404228020746F20746865206465766963652077BA
S2140422906974682074686520676976656E2073685B
S2140422A06F72742049442E0053656E647320616E09
S2140422B020756E62696E642072657175657374202C
S2140422C0666F72206120756E69636173742062693B
S2140422D06E64696E6720746F20746865207461721A
S2140422E0676574206465766963652E007461726739
S2140422F065741F736F757263652065756936341F60
S214042300736F7572636520656E64706F696E741F93
S214042310636C757374657249441F64657374696E7F
S2140423206174696F6E45554936341F646573746904
S2140423306E6174696F6E20656E64706F696E741F6B
S2140423400053656E647320616E20756E62696E64F8
S214042350207265717565737420666F722061206DD6
S214042360756C7469636173742062696E64696E6700
S21404237020746F20746865207461726765742064C5
S21404238065766963652E007461726765741F736F82
S214042390757263652065756936341F736F7572636D
S2140423A06520656E64706F696E741F636C757374F4
S2140423B0657249441F67726F757041646472657311
S2140423C0731F0053656E64732061205A444F204D7A
S2140423D0616E6167656D656E74204C656176652017
S2140423E0636F6D6D616E6420746F2074686520740D
S2140423F06172676574206465766963652E0074612E
S214042400726765741F72656D6F76654368696C6480
S21404241072656E1F72656A6F696E1F0053656E641F
S214042420732061205A444F204D474D542D42696E07
S21404243064202842696E64696E67205461626C6524
S21404244029205265717565737420746F20746865ED
S21404245020746172676574206465766963652E000E
S2140424607461726765741F7374617274496E64650F
S214042470781F0053656E64732061205A444F204DC4
S214042480474D542D4C514920284C514920546162E3
S2140424906C6529205265717565737420746F207499
S2140424A0686520746172676574206465766963651F
S2140424B02E0053656E64732061205A444F20506F7B
S2140424C07765722044657363726970746F72205204
S2140424D065717565737420746F2074686520746103
S2140424E072676574206465766963652E0053656E4D
S2140424F064732061205A444F20726F75746520728D
S21404250065717565737420636F6D6D616E64207498
S2140425106F20746865207461726765742E00746138
S214042520726765741F696E6465781F00696E6465FA
S214042530781F65756936341F696E7374616C6C43F5
S2140425406F64651F00696E6465781F657569363447
S2140425501F6B65791F005443206C696E6B206B6596
S21404256079207265717565737420706F6C69637910
S2140425701F417070206C696E6B206B6579207265E4
S214042580717565737420706F6C6963791F00426F90
S2140425906F6C3A20616C6C6F77207472757374205C
S2140425A063656E7465722072656A6F696E207573F2
S2140425B0696E672077656C6C2D6B6E6F776E206B1B
S2140425C065791F0070726F66696C6549641F636C79
S2140425D0757374657249641F007461726765744923
S2140425E0641F00456E61626C6573207072696E7458
S2140425F0696E67206F66205278206D657373616715
S21404260065732E0053657473207468652062696E62
S21404261064696E67207461626C6500696E646578CF
S2140426201F636C75737465721F6C6F63616C4570A1
S2140426301F72656D6F746545701F65756936341F46
S21404264000436C65617273207468652062696E6409
S214042650696E67207461626C652E005072696E74D0
S21404266073207468652062696E64696E672074619D
S214042670626C6520746F2074686520636F6D6D618D
S2140426806E64206C696E652E00436C6561727320FF
S214042690616C6C207365637572697479206B6579F7
S2140426A0732E0044656C65746520746865207370C9
S2140426B065636966696564206C696E6B206B657911
S2140426C020696E6465782E005072696E747320619A
S2140426D06C6C207365637572697479206B657973A5
S2140426E02E005465726D696E617465732074686536
S2140426F0206D756C74692D50485920696E74657226
S21404270066616365005573656420746F2073746135
S2140427107274206D756C74692D50485920696E74F6
S214042720657266616365206F74686572207468619B
S2140427306E206E617469766520616E6420666F72C1
S2140427406D20746865206E6574776F726B2E2054E6
S214042750686520737461636B207573657320736199
S2140427606D652050616E4964206173206E617469E2
S214042770766520726164696F206E6574776F726B1C
S2140427802E00706167651F6368616E6E656C1F70EE
S2140427906F7765721F6F7074696F6E734D61736BBC
S2140427A020284269742030203D20526F757465726B
S2140427B07320616C6C6F7765642C204269742031D9
S2140427C0203D2042726F61646361737420616C6C97
S2140427D06F776564291F00417474656D7074732087
S2140427E0746F206368616E6765207468652063682B
S2140427F0696C642074696D656F7574206F70746994
S2140428006F6E206D61736B20746F2066696C7465DF
S21404281072206F757420756E646573697261626C7C
S214042820652076616C7565732028652E672E206E8C
S2140428306F206D6F7265207468616E20332064614A
S2140428407973292E0074696D656F7574206F7074C2
S214042850696F6E206D61736B1F00537769746368CC
S2140428606573206265747765656E2064696666655F
S21404287072656E74206B65657020616C6976652080
S2140428806D6F64657320737570706F727465642001
S2140428906279206120726F757465722E004B6565CF
S2140428A07020616C697665206D6F64651F005072D8
S2140428B0696E7473207468652063757272656E74CD
S2140428C0204E6F64652049442C2045554936342CE7
S2140428D020616E642050616E2049442E00496E6962
S2140428E07469616C697A65732061206E6574776FAC
S2140428F0726B3B2074686973206973206120746569
S214042900737420636F6D6D616E64207573656420E7
S214042910666F722074632D737761702D6F757420E3
S21404292074657374696E672E0053657473207468D7
S21404293065206E6574776F726B20696E64657820A7
S2140429407573656420627920616C6C206675747595
S214042950726520434C4920636F6D6D616E64732EFF
S21404296020204265666F72652065786563757469B4
S2140429706E67206120434C4920636F6D6D616E6401
S2140429802C20746865206672616D65776F726B20A3
S214042990737769746368657320746F2074686973E9
S2140429A0206E6574776F726B2E2020416674657294
S2140429B02074686520636F6D6D616E642066696E51
S2140429C0697368657320657865637574696E672CCA
S2140429D020746865206672616D65776F726B20730C
S2140429E077697463686573206261636B20746F2013
S2140429F07468652070726576696F7573206E657489
S214042A00776F726B2E202054686520434C492075DE
S214042A10736573207468652073616D65206E6574D4
S214042A20776F726B20696E64657820756E74696C56
S214042A3020746865206465766963652072657365CD
S214042A407473206F72206974206973206368616EE2
S214042A50676564207468726F756768207468697344
S214042A6020636F6D6D616E642E00417474656D70C5
S214042A70747320746F206368616E6765206465767E
S214042A80696365206F76657220746F2061206469BF
S214042A9066666572656E74206368616E6E656C202A
S214042AA0676976656E20696E207468652063686160
S214042AB06E6E656C20617267756D656E742E00545B
S214042AC06865206368616E6E656C20746F20636849
S214042AD0616E676520746F1F0066696E64556E7557
S214042AE073656450616E49640066696E644A6F6912
S214042AF06E61626C654E6574776F726B00506572BA
S214042B006D697473206A6F696E696E67206F6E20D4
S214042B10746865206E6574776F726B20666F7220BA
S214042B206120676976656E206E756D626572206FCA
S214042B3066207365636F6E647320414E4420627230
S214042B406F616463617374732061205A444F204D2F
S214042B50676D74205065726D6974204A6F696E697A
S214042B606E67207265717565737420746F20616C6E
S214042B706C20726F75746572732E00412073696ED3
S214042B80676C65206279746520696E646963617434
S214042B90696E6720686F77206C6F6E67207468654F
S214042BA0206465766963652073686F756C64206855
S214042BB0617665207065726D6974206A6F696E69E6
S214042BC06E67207475726E6564206F6E20666F7211
S214042BD02E20412076616C7565206F6620307866FD
S214042BE066207475726E73206F6E207065726D69E0
S214042BF074206A6F696E20696E646566696E6974AE
S214042C00656C792E1F00436865636B73206E65746C
S214042C10776F726B20706A6F696E20737461747557
S214042C20732E00577269746573207468652065781E
S214042C3074656E6465642070616E20494420666F16
S214042C407220746865206465766963652E0065780D
S214042C507470616E69641F0052656A6F696E7320D2
S214042C60616E206578697374696E67206E65747723
S214042C706F726B20696E20612073656375726520C0
S214042C806F7220696E736563757265206D616E6E12
S214042C906572207769746820612064696666657267
S214042CA0656E742064657669636520747970652E34
S214042CB000426F6F6C65616E206E6574776F726B21
S214042CC0206B657920617661696C6162696C6974F0
S214042CD0791F4368616E6E656C206D61736B1F416E
S214042CE06E20656E756D65726174696F6E20696EAF
S214042CF06469636174696E672074686520646576C8
S214042D00696365207479706520746F2072656A6FD4
S214042D10696E2061732E54686520737461636B203A
S214042D206F6E6C79206163636570747320534C5FB7
S214042D305A49474245455F454E445F4445564943D4
S214042D404520616E6420534C5F5A49474245455FAF
S214042D50534C454550595F454E445F444556494398
S214042D60452E1F0052654A6F696E732061206E659A
S214042D7074776F726B2E00426F6F6C65616E206E97
S214042D806574776F726B206B657920617661696C08
S214042D906162696C6974791F4368616E6E656C2044
S214042DA06D61736B1F004C65617665732061206EE0
S214042DB06574776F726B2E005475726E732070652F
S214042DC0726D6974206A6F696E696E67206F6E2013
S214042DD0666F722074686520616D6F756E74206FFF
S214042DE0662074696D6520696E64696361746564E0
S214042DF02E00412073696E676C65206279746520C5
S214042E00696E6469636174696E6720686F77206CA5
S214042E106F6E6720746865206465766963652073E1
S214042E20686F756C642068617665207065726D697C
S214042E3074206A6F696E696E67207475726E206F8F
S214042E406E20666F722E20412076616C7565206F49
S214042E50662030786666207475726E7320706572AC
S214042E606D6974206A6F696E20696E646566696E42
S214042E706974656C792E1F004A6F696E7320612031
S214042E806E6574776F726B206F6E2061206769764B
S214042E90656E206368616E6E656C2C207769746855
S214042EA0206120676976656E20545820506F7765D8
S214042EB07220616E642050414E2049442E005468AE
S214042EC065206368616E6E656C206F6E2077686936
S214042ED0636820746F206A6F696E20746865206E5C
S214042EE06574776F726B1F4F6E652D6279746520FB
S214042EF07369676E65642076616C756520696E64B7
S214042F0069636174696E672074686520545820503C
S214042F106F776572207468617420746865207261C6
S214042F2064696F2073686F756C64206265207365CE
S214042F307420746F1F5468652050414E2049442005
S214042F406F6E20776869636820746F206A6F696E95
S214042F5020746865206E6574776F726B1F00466F09
S214042F60726D732061206E6574776F726B206F6E5E
S214042F70206120676976656E206368616E6E656C95
S214042F802C2077697468206120676976656E205402
S214042F905820506F77657220616E642050414E2031
S214042FA049442E00546865206368616E6E656C2023
S214042FB06F6E20776869636820746F20666F726D21
S214042FC020746865206E6574776F726B1F4F6E652C
S214042FD02D62797465207369676E65642076616C0A
S214042FE0756520696E6469636174696E67207468C8
S214042FF06520545820506F77657220746861742079
S21404300074686520726164696F2073686F756C6498
S2140430102062652073657420746F1F5468652050A1
S214043020414E204944206F6E207768696368207497
S2140430306F20666F726D20746865206E6574776F96
S214043040726B1F005468697320696E6974696174D1
S214043050657320612054434C4B207570646174651D
S2140430602070726F6365647572652E0053706563B5
S2140430706966792074686520616D6F756E74206F5B
S214043080662074696D6520746F20776169742061A9
S21404309066746572206F6E652054434C4B207570C1
S2140430A064617465206F7065726174696F6E206305
S2140430B06F6D706C65746573206265666F726520EB
S2140430C0626567696E6E696E672061206E6577203B
S2140430D054434C4B20757064617465206F70657240
S2140430E06174696F6E2E0054686520616D6F756E2D
S2140430F074206F662074696D6520626574776565F3
S2140431006E2073756273657175656E74207472755E
S21404311073742063656E746572206C696E6B206BC5
S2140431206579207570646174657320696E206D69B5
S2140431306C6C697365636F6E64731F0053657420EB
S2140431406F7220636C656172207374617920617795
S214043150616B65207768656E206E6F74206A6F6990
S2140431606E656400536574206F7220636C656172CB
S21404317020666F726365206177616B6500446973CE
S214043180706C61792074686520736C656570207353
S214043190746174757300464F522054455354494E17
S2140431A04720505552504F534553202D2067617485
S2140431B06865722074696D696E67206D65747269DE
S2140431C0637320666F72207265706F7274696E67BF
S2140431D0207461626C65206F7065726174696F6ECD
S2140431E0732E00436C6561727320746865206C618D
S2140431F07374207265706F72742074696D65206FC5
S2140432006620617474726962757465732E00416415
S21404321064732061206E657720656E7472792074FD
S2140432206F20746865207265706F727420746162B2
S2140432306C652E00546865206C6F63616C20656E47
S21404324064706F696E742066726F6D207768696348
S2140432506820746865206174747269627574652088
S2140432606973207265706F727465641F5468652094
S214043270636C75737465722077686572652074680C
S2140432806520617474726962757465206973206C54
S2140432906F63617465641F546865204944206F66D3
S2140432A0207468652061747472696275746520623E
S2140432B065696E67207265706F727465641F30206E
S2140432C0666F7220636C69656E742D73696465201D
S2140432D061747472696275746573206F722031202C
S2140432E0666F72207365727665722D7369646520E5
S2140432F0617474726962757465731F546865206DB1
S214043300696E696D756D207265706F7274696E672B
S21404331020696E74657276616C2C206D65617375B8
S21404332072656420696E207365636F6E64732E1F06
S214043330546865206D6178696D756D207265706F6F
S2140433407274696E6720696E74657276616C2C207F
S2140433506D6561737572656420696E207365636F4D
S2140433606E64732E1F546865206D696E696D756D85
S214043370206368616E676520746F207468652061D9
S21404338074747269627574652074686174207769F0
S2140433906C6C20726573756C7420696E2061207283
S2140433A065706F7274206265696E672073656E74EB
S2140433B02E1F0052656D6F76657320616E20656EF4
S2140433C07472792066726F6D2074686520726570F9
S2140433D06F7274207461626C652E0054686520698F
S2140433E06E646578206F6620746865207265706FF9
S2140433F0727420746F2062652072656D6F766564E2
S2140434001F00436C6561727320616C6C20656E747A
S214043410726965732066726F6D20746865207265C4
S214043420706F7274207461626C652E005072696EDF
S214043430747320746865207265706F72742074618A
S214043440626C652E00576970657320616C6C20642D
S21404345061746120696E207468652073746F72618C
S2140434606765206465766963652E005072696E74BC
S214043470732061726269747261727920627974650C
S21404348073206F6620746865204F544120696D610F
S2140434906765206F6E206469736B2E005468652020
S2140434A0696E646578206F662074686520696D614E
S2140434B0676520746F207072696E74206974732057
S2140434C0646174611F546865206F66667365742052
S2140434D0696E746F20746865204F544120696D616D
S2140434E0676520746861742077696C6C2062652057
S2140434F07072696E7465641F005072696E7473200E
S214043500696E666F726D6174696F6E2061626F7545
S21404351074207468652073746F72616765206465CF
S214043520766963652E0052656C6F61642074686505
S2140435302073746F72616765206465766963652EAF
S2140435400044656C657465732074686520696D61F4
S21404355067652061742074686520737065636966A6
S21404356069656420696E6465782E00546865206910
S2140435706E64657820617420776869636820746F68
S21404358020626567696E2064656C6574696E672081
S21404359074686520696D6167651F005072696E7492
S2140435A0732074686520696D616765732E00456EC7
S2140435B061626C6573204F544120646F776E677246
S2140435C0616465732E0044697361626C6573204F91
S2140435D0544120646F776E6772616465732E00537E
S2140435E0656E647320616E2055706772616465450C
S2140435F06E645265717565737420746F20616E20F5
S2140436004F5441207365727665722E0043616E20B6
S2140436106265207573656420746F2064796E616DCD
S2140436206963616C6C79207475726E206F666620AF
S21404363073656E64696E6720706167652072657174
S2140436407565737473206F6E2074686520636C6987
S214043650656E7420736964652C20696620746865D9
S2140436602073657276657220646F65736E277420A6
S214043670737570706F727420746869732066656100
S214043680747572652E00426F6F6C65616E2076618C
S2140436906C7565207475726E696E67206F6E20286F
S2140436A03129206F72206F666620283029207468BE
S2140436B06520706167652072657175657374206630
S2140436C06C61671F0053656E647320616E20696DBC
S2140436D061676520626C6F636B20726571756573D4
S2140436E07420666F7220612066696C652074686554
S2140436F0207365727665722073686F756C64206ECD
S2140437006F7420686176652E202054657374206873
S21404371061726E657373206F6E6C7920287465739E
S21404372074206361736520392E352E36202D204D86
S214043730697373696E672046696C652900507269FF
S2140437406E747320696E666F726D6174696F6E2035
S2140437506F6E207468652063757272656E7420736C
S21404376074617465206F6620746865204F54412028
S214043770636C69656E7420646F776E6C6F61642E1B
S2140437800053746F707320746865204F544120731F
S21404379074617465206D616368696E652E00537488
S2140437A06172747320746865204F544120636C6999
S2140437B0656E74207374617465206D616368696EE8
S2140437C0652E20546865207374617465206D61638A
S2140437D068696E6520646973636F766572732074B6
S2140437E06865204F5441207365727665722C20718B
S2140437F075657269657320666F72206E65772069D9
S2140438006D616765732C20646F776E6C6F6164738B
S2140438102074686520696D6167657320616E642035
S214043820776169747320666F7220746865207365A7
S2140438307276657220636F6D6D616E6420746F209E
S214043840757067726164652E005072696E747320B9
S214043850746865206D616E756661637475726572F1
S2140438602049442C20496D61676520547970652091
S21404387049442C20616E642056657273696F6E200D
S214043880696E666F726D6174696F6E2074686174B8
S214043890206172652075736564207768656E2061A3
S2140438A0207175657279206E65787420696D61671C
S2140438B0652069732073656E7420746F2074686560
S2140438C02073657276657220627920746865206359
S2140438D06C69656E742E00506572666F726D732027
S2140438E07369676E61747572652076657269666958
S2140438F0636174696F6E206F6E2074686520696DED
S21404390061676520617420746865207370656369F7
S2140439106669656420696E6465782E00546865205F
S214043920696E6465782061742077686963682074BA
S2140439306F20626567696E20766572696669636181
S21404394074696F6E206F662074686520696D6167A0
S214043950651F00426F6F746C6F61647320746865D2
S21404396020696D61676520617420746865207370D2
S2140439706563696669656420696E64657820627942
S2140439802063616C6C696E6720746865204F5441CF
S21404399020626F6F746C6F61642063616C6C62612B
S2140439A0636B2E0054686520696E646578206174C4
S2140439B020776869636820746F20626567696E2083
S2140439C0626F6F746C6F6164696E672074686520DB
S2140439D0696D6167651F005072696E747320696E45
S2140439E0666F2061626F75742074686520696E73F3
S2140439F074616C6C656420626F6F746C6F6164656F
S214043A00722E00537562747261637473206120634E
S214043A1068616E6E656C2066726F6D206569746889
S214043A20657220746865207072696D617279206FA2
S214043A3072207365636F6E64617279206368616E69
S214043A406E656C206D61736B206F662074686520EC
S214043A506E6574776F726B2D7374656572696E67C5
S214043A6020636F6D706F6E656E742E0054686520EB
S214043A706368616E6E656C206D61736B20746F2075
S214043A807375627472616374207468652063686118
S214043A906E6E656C2066726F6D1F54686520636871
S214043AA0616E6E656C20746F2073756274726163E8
S214043AB07420746865206D61736B2066726F6D1F69
S214043AC000416464732061206368616E6E656C20D7
S214043AD0746F2065697468657220746865207072F6
S214043AE0696D617279206F72207365636F6E6461AD
S214043AF07279206368616E6E656C206D61736B20ED
S214043B006F6620746865206E6574776F726B2D73AC
S214043B1074656572696E6720636F6D706F6E656E2F
S214043B20742E00546865206368616E6E656C206D43
S214043B3061736B20746F2061646420612063686124
S214043B406E6E656C20746F1F546865206368616EC2
S214043B506E656C20746F2061646420746F207468D2
S214043B6065206D61736B1F005365747320656974FB
S214043B7068657220746865207072696D6172792058
S214043B806F72207365636F6E646172792063686117
S214043B906E6E656C206D61736B2E005468652063D1
S214043BA068616E6E656C206D61736B20746F207334
S214043BB07562747261637420746865206368616EEC
S214043BC06E656C2066726F6D1F5468652076616C36
S214043BD0756520746F207365742074686520636847
S214043BE0616E6E656C206D61736B20746F2E1F00A2
S214043BF05365747320746865207072652D636F6EE8
S214043C0066696775726564206B657920736F2074C6
S214043C1068617420746865206A6F696E696E6720CF
S214043C206465766963652063616E20656E7465728B
S214043C3020746865206E6574776F726B2E0053650A
S214043C4074732074686520707265636F6E66696746
S214043C5075726564206B65791F0053746F707320EA
S214043C60746865206E6574776F726B20737465650F
S214043C7072696E672070726F636573732E00537477
S214043C806172747320746865206E6574776F726BE6
S214043C90207374656572696E672070726F636573EE
S214043CA0732E0041206D61736B206F66206F7074F5
S214043CB0696F6E7320666F7220696E6469636174DF
S214043CC0696E6720737065636966696320626568F8
S214043CD06176696F722077697468696E20746865A6
S214043CE0206E6574776F726B2D7374656572696E7A
S214043CF0672070726F636573732E1F004469737058
S214043D006C617973207468652063757272656E746D
S214043D1020737461747573206F6620746865206EF2
S214043D206574776F726B207374656572696E67204D
S214043D3070726F636573732E00436C6561727320D3
S214043D407468652067726F757073207461626C6541
S214043D50206F6E20657665727920656E64706F6973
S214043D606E74005072696E747320696E666F726D3D
S214043D706174696F6E2061626F7574207468652063
S214043D80636F6E74656E7473206F66207468652046
S214043D9067726F757073207461626C652E00417271
S214043DA0746966696369616C6C792064726F707398
S214043DB02074686520626C6F636B206E756D626537
S214043DC07220646566696E6564206279207468652D
S214043DD02070617373656420617267756D656E74B7
S214043DE0206F6E6C79206F6E63652C20616E642084
S214043DF07468656E20616C6C6F77732069742075C7
S214043E00706F6E20612072657472792E0054686536
S214043E1020626C6F636B206E756D62657220746FC2
S214043E20206172746966696369616C6C7920647276
S214043E306F7020746F20666F7263652061207265F0
S214043E40747279202D2073657420746F2030784640
S214043E504620746F2064697361626C651F00536545
S214043E607473207468652072656365697665207767
S214043E70696E646F772073697A652E2020427920F4
S214043E80646566696E6974696F6E20696E2074680D
S214043E906520536D61727420456E65726779207073
S214043EA0726F66696C65206974206D757374206220
S214043EB0652073657420746F2031206275742074D5
S214043EC068697320616C6C6F777320697420746FF3
S214043ED0206265206368616E6765642E00546865B9
S214043EE0206D6178206E756D626572206F66207431
S214043EF0686520626C6F636B7320726563656976B0
S214043F006564206265666F726520616E2041505359
S214043F102061636B2069732067656E6572617465E2
S214043F20641F004D616B65732074686973206E6F3F
S214043F306465207374617274206964656E7469665E
S214043F4079696E6720617320612074617267657495
S214043F5020666F722062696E64696E672077697482
S214043F606820616E20696E69746961746F72206E70
S214043F706F64652E0054686520656E64706F696EA4
S214043F8074206F6E20776869636820746F2062659A
S214043F9067696E207468652046696E64696E67207A
S214043FA0616E642042696E64696E6720746172672C
S214043FB065742070726F636573731F004D616B6563
S214043FC0732074686973206E6F64652073746172FD
S214043FD0742074686520696E69746961746F7220F0
S214043FE070617274206F66207468652066696E64FA
S214043FF0696E6720616E642062696E64696E67200C
S21404400070726F636573732E0054686520656E6402
S214044010706F696E74206F6E2077686963682074A9
S2140440206F20626567696E207468652046696E64F1
S214044030696E6720616E642042696E64696E6720EB
S214044040696E69746961746F722070726F636573E8
S214044050731F0053657473207768657468657220EF
S21404406074686520434C4920666F726365732074D8
S21404407068652064657669636520746F2073686F6D
S214044080727420706F6C6C2E005468652076616CB8
S214044090756520696E6469636174696E6720776804
S2140440A065746865722074686520646576696365FE
S2140440B02073686F756C642073686F727420706FF9
S2140440C06C6C1F005365747320776865746865723A
S2140440D020746865206465766963657320706F6C08
S2140440E06C20636F6D706C657465642063616C6CC2
S2140440F06261636B2066756E6374696F6E206973A4
S21404410020656E61626C65642E0054686520766175
S2140441106C756520696E6469636174696E6720777F
S214044120686574686572207468652064657669637A
S214044130657320706F6C6C20636F6D706C6574654E
S214044140642063616C6C6261636B2066756E637475
S214044150696F6E20697320656E61626C65641F000A
S214044160446973706C617973207468652073746134
S214044170747573206F662074686520456E642044E9
S21404418065766963657320706F6C6C696E672E0064
S214044190456E61626C652F64697361626C65206448
S2140441A06562756720606C6567616379206170700D
S2140441B0206672616D65776F726B206465627567E1
S2140441C060207072696E7420747970652E00456E76
S2140441D061626C652F64697361626C651F00456E6D
S2140441E061626C652F64697361626C6520646562E4
S2140441F0756720607A636C60207072696E742074D0
S2140442007970652E00456E61626C652F6469736112
S214044210626C6520646562756720606170706020FA
S2140442207072696E7420747970652E00456E6162D2
S2140442306C652F64697361626C652064656275677A
S2140442402060636F726560207072696E7420747982
S21404425070652E00456E61626C652F6469736162D9
S2140442606C652064656275672060737461636B6057
S214044270207072696E7420747970652E0053656EB2
S21404428064732061207265717565737420666F723D
S214044290204F544120636F756E746572732E0052FE
S2140442A0657365747320616C6C20746872657368DA
S2140442B06F6C64732076616C75657320746F203040
S2140442C078464646462E005365747320612074680B
S2140442D0726573686F6C642076616C756520666FB2
S2140442E072206120706172746963756C61722074E7
S2140442F0797065206F6620636F756E7465722E0024
S21404430054797065206F6620636F756E7465721FCE
S2140443105468726573686F6C642056616C75651FAB
S214044320005072696E7473207468652074687265D0
S21404433073686F6C6473206F6620616C6C2074689D
S2140443406520636F756E746572732E00436C6561C9
S214044350727320616C6C20636F756E746572207660
S214044360616C7565732E005072696E747320616C8F
S2140443706C20636F756E7465722076616C756573F8
S2140443802E005072696E7473207468652076616CB2
S2140443907565206F6620746869732070617274692D
S2140443A063756C617220636F756E7465722E00544B
S2140443B0686520636F756E74657220747970652005
S2140443C0746F207072696E741F005072696E747315
S2140443D020616C6C20636F756E7465722076616CF8
S2140443E075657320616E6420636C656172732074F6
S2140443F068656D2E00536574204D464720746F6BB8
S214044400656E2C2043414E4E4F5420424520554E57
S21404441053455420425920434C492E005072696E2D
S21404442074204D464720746F6B656E2E005072697B
S2140444306E7420616374697665206576656E747340
S2140444402E0044697361626C652074686520656E2D
S21404445064706F696E7420666F72205A434C206DC8
S214044460657373616765732E00456E64706F696E5D
S2140444707420696E6465781F00456E61626C6573AE
S2140444802074686520656E64706F696E7420666F4C
S21404449072205A434C206D657373616765732E00F2
S2140444A05072696E7420737461747573206F66201D
S2140444B0656E64706F696E74732E0053686F7773DD
S2140444C0207468652076657273696F6E206F662047
S2140444D074686520736F6674776172652E00536521
S2140444E0742074686520636F6E66696775726564A8
S2140444F0203830322E31352E3420434341206D6F20
S214044500646520696E2074686520726164696F2E24
S2140445102053656520646F63756D656E7461746998
S2140445206F6E20726567617264696E6720524149D6
S2140445304C5F494545453830323135345F43636115
S2140445404D6F64655F742E0041205241494C5F49AB
S2140445504545453830323135345F4363614D6F64C9
S214044560655F742076616C75651F0052657475729C
S2140445706E732050544920726164696F20636F6EB5
S21404458066696720696E666F726D6174696F6E2006
S214044590746F2064657465726D696E6520746865F1
S2140445A0205048592074797065206265696E6720CA
S2140445B075736564206279205241494C2E207265D9
S2140445C07475726E2076616C756520697320656EED
S2140445D0756D205241494C5F494545453830323166
S2140445E035345F507469526164696F436F6E6669EF
S2140445F0675F7420652E6720205241494C5F494509
S21404460045453830323135345F5054495F52414461
S214044610494F5F434F4E4649475F32503447485AE6
S214044620203D203078303055205241494C5F494572
S21404463045453830323135345F5054495F52414431
S214044640494F5F434F4E4649475F32503447485AB6
S2140446505F414E54444956203D2030783031552031
S2140446605241494C5F494545453830323135345F0F
S2140446705054495F524144494F5F434F4E46494761
S2140446805F32503447485A5F434F4558203D2030E8
S21404469078303255205241494C5F494545453830BB
S2140446A0323135345F5054495F524144494F5F4379
S2140446B04F4E4649475F32503447485A5F414E543E
S2140446C04449565F434F4558203D20307830335593
S2140446D00053656E647320612072656164206174A2
S2140446E0747220666F72207468652074696D652024
S2140446F06F662074686520646576696365207370E8
S214044700656369666965642E2049742073657473ED
S214044710206120666C616720736F207768656E2061
S2140447206974206765747320746865207265737095
S2140447306F6E73652069742077726974657320746C
S21404474068652074696D6520746F20697473206FC2
S214044750776E2074696D6520617474722E004964E6
S2140447601F737263456E64706F696E741F6465733D
S21404477074456E64706F696E741F005768656E20AA
S21404478073656E64696E67207573696E6720612051
S21404479062696E64696E672C207370656369666906
S2140447A0657320776865746865722061206D756C22
S2140447B07469636173742062696E64696E672073DA
S2140447C0686F756C6420626520757365642E007569
S2140447D073654D756C74696361737442696E64695C
S2140447E06E671F0053656E64732061207072652DBA
S2140447F06275666665726564206D756C746963615E
S2140448007374206D65737361676520746F2061200F
S214044810676976656E2067726F75702049442066F6
S214044820726F6D206120676976656E20656E6470B0
S2140448306F696E742E0067726F757049641F7372A9
S214044840632D656E64706F696E741F0043726561D4
S2140448507465732061206D65737361676520627982
S2140448602073706563696679696E6720746865206D
S2140448707261772062797465732E2055736520748F
S21404488068652073656E6420636F6D6D616E642069
S214044890746F2073656E6420746865206D65737329
S2140448A0616765206F6E6365206974206861732094
S2140448B06265656E20637265617465642E20457852
S2140448C03A2072617720307830303046207B3030A2
S2140448D02030412030302031312032322033332012
S2140448E034342035357D2073656E64732061206D05
S2140448F065737361676520746F20636C7573746584
S21404490072203135202830783030304629206F66C2
S214044910206C656E67746820382077686963682041
S214044920696E636C7564657320746865205A434CBD
S214044930206865616465722E00436C7573746572D5
S21404494049641F446174611F005265736574732063
S214044950746865206E6F64652E005772697465739B
S2140449602061206D6573736167652E00456E647003
S2140449706F696E741F436C75737465722049441FA7
S2140449804174747269627574652049441F4D61737D
S2140449906B1F4461746120747970651F446174618F
S2140449A020627974651F0052656164732061206D0E
S2140449B06573736167652E00456E64706F696E7407
S2140449C01F436C75737465722049441F4174747276
S2140449D069627574652049441F31206966207365D1
S2140449E07276657220646972656374696F6E2C20D2
S2140449F03020696620636C69656E7420646972652C
S214044A006374696F6E1F0053656E64732061206D56
S214044A106573736167652E0044657374696E6174AB
S214044A20696F6E1F536F7572636520656E64706F71
S214044A30696E741F44657374696E6174696F6E2061
S214044A40656E64706F696E741F00536F757263656C
S214044A5020656E64706F696E741F004C697374739E
S214044A60207768696368206F7074696F6E616C2064
S214044A706C6962726172696573206F66207468651A
S214044A8020737461636B2061726520696D706C6558
S214044A906D656E746564206F6E2074686973206437
S214044AA065766963652E005072696E747320696E4C
S214044AB0666F726D6174696F6E2061626F757420C3
S214044AC0746865206E6574776F726B207374617496
S214044AD0652C20636C7573746572732C20616E6428
S214044AE020656E64706F696E74732E006F666673ED
S214044AF065741F005072696E747320696E666F72F7
S214044B006D6174696F6E20666F7220616C6C2061D3
S214044B107661696C61626C6520736C6F74732E00C9
S214044B2052656164732072617720646174612066E3
S214044B30726F6D20666C6173682073746F72616740
S214044B40652E004164647265737320746F20726509
S214044B5061641F4E756D626572206F66206279749B
S214044B60657320746F20726561641F005072696EED
S214044B70747320666C6173682073746F7261676502
S214044B8020696E666F726D6174696F6E2E00457271
S214044B9061736573207468652073706563696669FC
S214044BA0656420736C6F742049442E0053746F72CE
S214044BB061676520736C6F74206E756D6265721F15
S214044BC000426F6F74732074686520696D61676551
S214044BD020696E207468652073706563696669650C
S214044BE06420736C6F742049442E00434C4920693A
S214044BF06E7374616E6365206578616D706C6500B4
S214044C0064756D6D795F696E7374005A434C2063E6
S214044C106F6D6D616E647300626173696300676CC7
S214044C206F62616C006D66672D636F6465007573F3
S214044C30652D6E6578742D73657175656E63650094
S214044C40782D64656661756C742D72657370007476
S214044C506573742D726573706F6E73652D6F6E0059
S214044C60746573742D726573706F6E73652D6F66DD
S214044C7066005A434C20626173696320636C7573E3
S214044C8074657220636F6D6D616E64730072746612
S214044C906400436F6D6D616E642074686174207285
S214044CA0657365747320616C6C20617474726962D8
S214044CB07574652076616C75657320746F20666103
S214044CC063746F72792064656661756C742E005225
S214044CD041494C006C6F7765722D6D61632D72616E
S214044CE0696C2D3830322E31352E342E63006C69C3
S214044CF0627261696C2E6100756E636C61696D65C4
S214044D0064006275666665722D6D616E6167656DB9
S214044D10656E742E63006576656E742D71756575A3
S214044D20652E63007A69676265652D7570706572B5
S214044D302D6D61632E63006E65696768626F722EFF
S214044D4063006173736F63696174696F6E2E6300C9
S214044D50313832317300313432323100313231007D
S214044D603273003132323131320031323231310075
S214044D703238310038313100313832313100313295
S214044D803131313231323232317300313232003124
S214044D903231313232310031313131003232380081
S214044DA06D61632D6D756C74692D6E6574776F72A5
S214044DB06B2E63006C65676163792D7061636B6548
S214044DC0742D6275666665722E630000000002002C
S214044DD00000000000000000BA040000000002000A
S214044DE00000000000000000BA04000000010203F6
S214044DF00E312E312E332D31616231666237380022
S214044E000100000203030100060000000000030086
S214044E100000000013B779FAC925DDB7ADF3CFE07B
S214044E20F1B614B80102000000000000FFFFFFFF07
S214044E300100000001000000000000000000000067
S214044E400000000000000000000000000000000059
S214044E500000000000000000000000000000000049
S214044E6000000000033F1F00EF110300EB110300D6
S214044E70C91103009711030027120300F911030058
S214044E80991103002C000000020202030000000037
S214044E9001020000000801B43C4F04000008015A57
S214044EA0F84E040000080040B44E04000000000061
S214044EB0000000000000FCFEFFFF000000000000F1
S214044EC0FFFF000000000000FFFF000000000000DD
S214044ED0FFFF00000000000040001806F4D20000A7
S214044EE02C00B0023DBE00001700F2000C7C00004F
S214044EF00C0041009E4200006400FCFEFFFF000020
S214044F0000000000FFFF0000000000005A00F30647
S214044F10A554FEFF2100A301A1FEFFFF1100A60079
S214044F20832700000A006100DC26000006003B0020
S214044F30F820000003001500AD130000C800FCFEB6
S214044F40B4008B087BC0FBFF4D00E402E756FFFF6E
S214044F502C00A20183EBFFFF1A000301B31A000022
S214044F601100A300552900000A005E005A2800001C
S214044F7006003A0021220000040018007316000000
S214044F803503040077B6030077B6030077B603004C
S214044F9077B6030077B6030077B6030077B6030048
S214044FA077B6030077B6030077B6030077B6030038
S214044FB077B6030077B6030077B6030077B6030028
S214044FC077B6030077B6030077B6030077B6030018
S214044FD077B6030077B6030077B6030077B6030008
S214044FE077B6030077B6030077B6030077B60300F8
S214044FF085B6030077B603009AB6030077B60300B7
S21404500077B60300BFB6030077B6030077B603008F
S21404501077B6030077B60300E7B6030077B6030057
S21404502077B6030077B6030077B60300FFB603002F
S21404503077B603001DB703000B0000000B0000004A
S2140450400200000000002020000000000300000012
S2140450508C8C3C00000000000000000000000000F3
S214045060000000581200000000000000FFFFFFFFD1
S214045070FFFFFFFFFFFFFFFF554E4B00474F20008B
S21404508042544C00474F3200474F3300474F3400DA
S214045090474F3500474F3600474F3700474F3800D5
S2140450A0474F3900474F4100474F4200474F4300A0
S2140450B0474F4400474F4500474F46004A4D50006F
S2140450C0424452005550520042544D004D534D0038
S2140450D046544C00554E4B00474F200042544C005B
S2140450E04241440046544C00465243004F5441004B
S2140450F044534C004241500055504700544D45001F
S21404510046415500545A4600554E4B0050494E00F1
S214045110454D3400554E4B0048562000554E4B0026
S214045120455850004C574D00554E4B0052425400C3
S21404513044534C00454D3400554E4B0041535400E7
S214045140554E4B0056465900494E4800554E4B00A6
S2140451504C434B0058544C004F424600554E4B00AF
S214045160485244004D454D004255530055534700A0
S21404517044424700444D410056435400554E4B00AC
S214045180555020005250200041503000415031000C
S2140451904150200044502000444543007850040009
S2140451A07C500400D4500400085104001451040038
S2140451B01C510400285104003851040040510400D6
S2140451C04C5104005C5104007C510400554E4B00C5
S2140451D04649420042544C00455854005057520029
S2140451E05744470020535700435253004653480041
S2140451F042414400464C540042524F00010401030D
S21404520003060105010501090600060B0000070B4D
S214045210050B000000000000000000000400E40C81
S2140452200A0001041001000000050002000003004B
S214045230B8540400B4540400A05404009C5404005D
S21404524098540400945404008254040072540400D5
S21404525058540400505404004654040044540400B3
S2140452602C5404002954040021540400105404004F
S21404527000540400EE530400D4530400CC5304003A
S214045280C0530400BC530400B8530400AA530400DB
S2140452909F530400865304006D5304001153040006
S2140452A01053040000530400D8520400CD520400E6
S2140452B0CC520400B85204000000000000000000B5
S2140452C00000000000000000000000000F000000C6
S2140452D000000000000000000000000000000000C5
S2140452E000000000000000000000000000000000B5
S2140452F000000000000000000000000000000000A5
S2140453000100000000000000000000000000000093
S2140453100F00000000000000000000000000000075
S2140453200000000000000000000000000000000074
S2140453300000000000000000000000000000000064
S2140453400000000000000000000000000000000054
S2140453500000000000000000000000000000000044
S2140453600000000000000000000000000000000034
S2140453700000000000000000000000000000000024
S2140453800000000000000000000000000000000014
S2140453900000000000000000000000000000000004
S2140453A000000000000000000000000000000000F4
S2140453B000000000000000000000000000000000E4
S2140453C0FFFFFFFFFFFFFFFFFFFF000000000000DE
S2140453D000000000000000000000000000000000C4
S2140453E000000000000000000000000000000000B4
S2140453F000000000000000000000000000000000A4
S2140454000000000000000000000000000000000093
S2140454100000000000000000000000000000000083
S21404542000FFFFFFFFFFFFFFFF9C0000FF000000E0
S2140454300000000000000000000000000000000063
S214045440800000000000FFFFFFFFFFFFFFFFFFFFDD
S21404545000000000FFFF0000000000000000000045
S2140454600000000000000000000000000000000033
S2140454700000FFFFFF000000000000000000000026
S2140454800000000000000000000000000000000013
S2140454900000000000000000000000000000000003
S2140454A000000000000000000000000000000000F3
S2140454B00000000000000000FC03010101010101DE
S2140454C001010101010101010100000000000001C9
S2140454D00020000000000001010000200204110466
S2140454E0040211101A080A021801081110111A08E9
S2140454F00A04020D0B19195C0110280B0114000094
S214045500000000000000000000000000000101018F
S2140455100101010001010101010101000001010175
S214045520000100010100000000000000000000006F
S2140455300000000000010000000000000000000061
S2140455400000000001FF010023E1010075E40100F2
S21404555063E2010063E5010062E1010079EB01000A
S21404556064EE010024E1010025E1010026E10100CA
S21404557027E1010028E1010029E101002AE10100F8
S214045580000001008000010000010100800101000C
S214045590000201008002010020E201000003010075
S2140455A00005010080050100000601002C890100A9
S2140455B0800601000007010001E5010002E5010084
S2140455C00008010080080100004001008632101027
S2140455D0FFFFFFFFFFFFFFFFABBF0300B1BF0300EA
S2140455E0B7BF0300BDBF0300C3BF0300567777777A
S2140455F07777777777777777777777775A696742A2
S2140456006565416C6C69616E636530395A696742D9
S2140456106565416C6C69616E636530394E574B2025
S2140456205374656572696E67000095969595950541
S21404563007090D0000000000000102030406000034
S21404564029D80300C4EB0300DEEB0300F5EB0300EC
S21404565008EC030018EC03002CEC03003EEC0300FB
S2140456604EEC03006AEC03007FEC03000208010D15
S2140456700D01010112010000FFFFFFFFFFFFFFFF06
S21404568000000000000000000109050100020000FF
S214045690000000031EF1EE0BA8560400C0F8030039
S2140456A035030400FE000000DCF80300085804007C
S2140456B000000000E6F80300F857040000000000AD
S2140456C0F3F80300E85704000000000000F90300A4
S2140456D0D8570400000000001EF90300C457040055
S2140456E00000000016F90300B05704000000000094
S2140456F01DF903009C570400000000002BF903006A
S2140457008C570400000000009DF70300785704003F
S2140457100000000024F9030068570400000000009D
S21404572030F903005457040000000000DCBD0300F9
S21404573044570400000000000000000000000000C1
S21404574000000000DD29030041F903007EF9030090
S214045750010100FF5DEC0000A7F90300ECF903006B
S214045760010100010107FF0019EC000039FA0300EB
S214045770A4FA0300010100FF59EB0000C5FA030078
S214045780DEFA030000010100FF000000EF29030019
S21404579003FB03005BFB03000101FF00D7290300A2
S2140457A072FB0300C9FB030001010207FF000000AF
S2140457B0D129030072FB0300C9FB030001010207A1
S2140457C0FF000000CB29030072FB0300C9FB0300A3
S2140457D001010207FF0000000DEB0000EAFB0300D6
S2140457E029FC0300010101FFADEA000048FC0300A8
S2140457F08DFC0300010000FF69EA000048FC03007A
S2140458008DFC0300010000FFF1EA0000B4FC030075
S214045810BAFA030000FF0000C529030009FD0300CF
S214045820D5270400FF000000BF2903007CFD030009
S214045830D5270400FF00000049EA0000EBFD030042
S21404584060FE030000FF000021EA000078FE03006B
S214045850DAFE030000FF0000B1290300EBFE03009C
S21404586031FF030002FF0000E9E900003AFF0300ED
S214045870AEFF030001FF000000000000AE020400BB
S21404588011000000BA02040012000000C202040064
S21404589013000000CA02040021000000D202040023
S2140458A022000000D902040023000000E0020400E5
S2140458B0AA000000E7020400FF0000000000000049
S2140458C0FFFFFFFFFFFFFFFF0000000000000000D7
S2140458D0000001080109020A030B040C050D060E5C
S2140458E0070F081001180119021A031B041C051DD2
S2140458F0061E071F0820012102220323042405256F
S2140459000626072708280129022A032B042C052D1E
S214045910062E072F08300131023203380239043AC2
S21404592008E004E104E204E802E902EA04F008F10B
S2140459301000000000000000040500009C5904004C
S21404594002000F00C459040002000F00EC590400C2
S21404595002000F00145A040002000F003C5A040010
S21404596002000F00645A040002000F008C5A040060
S21404597002000F00B45A040002000F00DC5A0400B0
S21404598002000F00045B040002000F002C5B0400FE
S21404599002000F00545B040002000F000000000029
S2140459A07C5B0400030000004000000000000000D0
S2140459B019000000A05B040004000F008000000033
S2140459C000000000000000007C5B040003000000F0
S2140459D0400000000000000019000000A05B040066
S2140459E004000F008000000000000000000000001B
S2140459F07C5B040003000000400000000000000080
S214045A0019000000A05B040004000F0080000000E2
S214045A1000000000000000007C5B0400030000009F
S214045A20400000000000000019000000A05B040015
S214045A3004000F00800000000000000000000000CA
S214045A407C5B04000300000040000000000000002F
S214045A5019000000A05B040004000F008000000092
S214045A6000000000000000007C5B0400030000004F
S214045A70400000000000000019000000A05B0400C5
S214045A8004000F008000000000000000000000007A
S214045A907C5B0400030000004000000000000000DF
S214045AA019000000A05B040004000F008000000042
S214045AB000000000000000007C5B040003000000FF
S214045AC0400000000000000019000000A05B040075
S214045AD004000F008000000000000000000000002A
S214045AE07C5B04000300000040000000000000008F
S214045AF019000000A05B040004000F0080000000F2
S214045B0000000000000000007C5B040003000000AE
S214045B10400000000000000019000000A05B040024
S214045B2004000F00800000000000000000000000D9
S214045B307C5B04000300000040000000000000003E
S214045B4019000000A05B040004000F0080000000A1
S214045B5000000000000000007C5B0400030000005E
S214045B60400000000000000019000000A05B0400D4
S214045B7004000F0080000000000000000000200168
S214045B80200000000800000004004221300000004D
S214045B90145C040000FF4200300000000000000017
S214045BA00000F00840000000355C040001002304F7
S214045BB0400000003D5C0400060030014000000088
S214045BC000000000FDFF210240000000010000006C
S214045BD01900000419000101190002041900030148
S214045BE01900050419000601190007040400410001
S214045BF0C50C010006004100E531030019008100D0
S214045C00B529010019008400413401000080000019
S214045C100000000006435553544F4D00000000009A
S214045C20000000000000000000000000000000006B
S214045C300000000000FFFFFFFFFFFFFFFFFFFFFF66
S214045C40FF00040104010401040104010401040129
S214045C5004010401040104010401FFFFFFFFFFFF28
S214045C60FFFFFFFFFFFFFFFFFFFFFFFFFFFFFFFF3B
S214045C70FFFF000102030405060708090A0B1F1CA0
S214045C801F1E1F1E1F1F1E1F1E1F07021F012F0081
S214045C9037013F005701DF02E700FF020000000063
S214045CA000000000000000000000000000000000EB
S214045CB000000000000000000000000000000000DB
S214045CC04D0904001900000053090400FFFF0000FA
S214045CD0000000001E0A0400290A0400350304001C
S214045CE0310A04003F0A040035030400520A040083
S214045CF05D0A04006B0A04006F0A04007F0A0400AD
S214045D0031D903008F0A0400930A04009E0A040093
S214045D10A80A0400B20A0400B60A0400C40A04006E
S214045D20D80A0400EE0A0400008000000000000008
S214045D300000000000000000FFFFFFFFFF0000005F
S214045D400000000019B80100000000000000F03F49
S214045D50000000000000244000000000000059403D
S214045D600000000000408F40000000000088C34090
S214045D7000000000006AF8400000000080842E4105
S214045D8000000000D01263410000000084D7974151
S214045D900000000065CDCD41AADC030004740400B5
S214045DA00000000014140400F47304000000000053
S214045DB019140400E4730400000000001A1404001C
S214045DC0D4730400000000002BF90300C073040021
S214045DD0000000001EF90300AC730400000000007D
S214045DE01F1404009C730400000000002514040023
S214045DF08C73040000000000291404007C73040063
S214045E0000000000381404006C7304000000000056
S214045E10551404005C730400000000005E140400C3
S214045E204C73040000000000731404003C73040068
S214045E30000000006CEA03002C730400000000005D
S214045E4083140400EC7204000000000089180400A7
S214045E50486A04000000000036080400086A0400CB
S214045E60000000008A1404004869040000000000D2
S214045E70931404004C68040000000000A0140400FE
S214045E80F463040000000000BC0A0400CC620400B2
S214045E9000000000A7140400CC6204000100000007
S214045EA0AB1404008C62040000000000B01404006C
S214045EB0506104000000000069B70300506104004C
S214045EC001000000A0140400F463040000000000B5
S214045ED0B7140400F463040001000000BC140400BA
S214045EE01C61040000000000C61404001C610400C9
S214045EF001000000CE1404004C5F04000000000003
S214045F00E1BE0300185F040000000000000000006B
S214045F100000000000000000285F0400D214040003
S214045F2035030400FE000000EA140400F06A0400CE
S214045F30000000005E190400E06A0400000000008F
S214045F400000000000000000000000005C5F040089
S214045F50EF14040035030400FE00000005150400D9
S214045F60706C0400000000000B150400606C040054
S214045F700000000011150400506C0400000000002E
S214045F801A150400406C0400000000001BBC03004B
S214045F90306C04000000000025BA0300F86B04000F
S214045FA00000000033C30300E46B0400000000009C
S214045FB024150400D46B04000000000020BF030076
S214045FC0C46B04000000000029150400B46B040030
S214045FD00000000030150400A46B0400000000005C
S214045FE0CCCD0300946B04000000000035150400BB
S214045FF0E8600400000000003C1504009060040003
S21404600000000000441504005C600400000000006A
S2140460105015040028600400000000000000000082
S2140460200000000000000000386004005B15040057
S21404603035030400FE000000A5D30300106B040023
S2140460400000000003F50300006B040000000000DD
S2140460500000000000000000000000006C60040067
S2140460607C15040035030400FE000000A5D30300DD
S214046070306B04000000000003F50300206B0400EE
S2140460800000000000000000000000000000000007
S214046090A06004009E15040035030400FE00000002
S2140460A0BC150400806B040000000000AD1A040058
S2140460B0706B040000000000CB150400606B040045
S2140460C000000000D0150400506B0400000000001F
S2140460D0D7150400406B0400000000000000000018
S2140460E00000000000000000F8600400DC15040056
S2140460F035030400FE00000067D303001C6C040094
S21404610000000000F9150400086C040000000000FC
S2140461100000000000000000000000002C610400E5
S2140461200116040035030400FE0000001D160400DA
S214046130B06C040000000000BC0A0400A06C04005C
S2140461400000000000000000000000000000000046
S214046150606104002216040035030400FE000000FB
S2140461603B160400606D04000000000028D0030005
S214046170506D04000000000044160400406D040046
S214046180000000001D160400906C040000000000CF
S21404619049160400806C0400000000005616040033
S2140461A04C62040000000000641604001862040038
S2140461B00000000072160400D8610400000000000D
S2140461C08A1404004869040000000000000000006F
S2140461D00000000000000000E86104007B160400D4
S2140461E035030400FE0000005D4C0400306D04001E
S2140461F0000000006E4C0400206D04000000000047
S21404620059E40300106D04000000000000000000C4
S2140462100000000000000000286204009916040034
S21404622035030400FE000000C3160400806D04005D
S2140462300000000044050400706D04000000000027
S2140462400000000000000000000000005C62040083
S214046250CA16040035030400FE000000E1BE030075
S214046260B46D04000000000003F50300A46D0400F0
S21404627000000000AD1A0400906D04000000000049
S2140462800000000000000000000000009C62040003
S214046290EA16040035030400FE000000E1BE030015
S2140462A0E46D0400000000000A170400D46D040026
S2140462B00000000003F50300C46D040000000000A5
S2140462C0000000000000000000000000DC62040083
S2140462D01117040035030400FE0000002B17040009
S2140462E0186F040000000000F3D40300086F0400D5
S2140462F0000000005E170400F86E040000000000B2
S2140463001BBC0300E86E0400000000002CBC030065
S214046310D86E04000000000030170400C86E0400A5
S2140463200000000048170400B86E040000000000D7
S21404633051170400A86E040000000000581704005B
S214046340986E04000000000064170400686E0400E1
S21404635000000000AD1A0400586E0400000000009F
S21404636073170400486E04000000000018E50300DC
S214046370386E04000000000078170400286E04003D
S214046380000000008F170400186E040000000000D0
S214046390A3170400046E040000000000B3170400F2
S2140463A0F46D040000000000C2170400C06304007B
S2140463B000000000000000000000000000000000D4
S2140463C0D0630400C717040035030400FE00000071
S2140463D0DE170400886E040000000000E7170400BF
S2140463E0786E0400000000000000000000000000BA
S2140463F000000000046404003503040035030400B0
S214046400FE000000EE170400886A04000000000086
S214046410FB170400CC680400000000000418040005
S2140464200C6804000000000017180400D867040075
S2140464300000000025180400A46704000000000003
S21404644033180400706704000000000041180400BC
S214046450D86604000000000052180400B066040069
S214046460000000005F18040010660400000000002E
S2140464706A180400B8650400000000007D180400D3
S21404648090650400000000000FF803002C6504006B
S2140464900000000090180400EC64040000000000F3
S2140464A09B180400B864040000000000000000000C
S2140464B00000000000000000C8640400AE180400D9
S2140464C035030400FE000000D2180400386F0400F0
S2140464D000000000D8180400286F04000000000024
S2140464E0000000000000000000000000FC6404003F
S2140464F0DC18040035030400FE00000015D5030074
S214046500686F0400000000000E190400586F0400B1
S214046510000000001A190400486F04000000000080
S2140465200000000000000000000000003C650400BD
S2140465303019040035030400FE000000E1BE030029
S214046540CC6F04000000000003F50300BC6F0400D9
S2140465500000000009F50300AC6F04000000000012
S214046560A5D30300986F0400000000004C19040033
S214046570886F04000000000063190400786F0400AC
S2140465800000000000000000000000000000000002
S214046590A06504006F19040035030400FE00000023
S2140465A094190400DC6F04000000000000000000E2
S2140465B00000000000000000C865040099190400EB
S2140465C035030400FE000000BD1904002C7004000E
S2140465D0000000000A1704001C70040000000000FD
S2140465E0C91904000C70040000000000D01904004F
S2140465F0FC6F040000000000DD190400EC6F0400CA
S2140466000000000000000000000000000000000081
S21404661020660400E819040035030400FE000000A8
S21404662056180400DC70040000000000051A04007C
S214046630CC70040000000000AADC0300BC70040058
S21404664000000000D8EB0300AC700400000000005B
S214046650BD1704009C7004000000000015D503005C
S2140466608C700400000000000C1A04007C70040007
S21404667000000000171A04006C70040000000000FC
S214046680241A04005C70040000000000341A04009D
S2140466904C70040000000000471A04003C7004001C
S2140466A000000000000000000000000000000000E1
S2140466B0C0660400591A040035030400FE000000F6
S2140466C0AADC0300EC7004000000000000000000D8
S2140466D00000000000000000E8660400771A0400CA
S2140466E035030400FE00000015D503005C710400A9
S2140466F000000000D8EB03004C710400000000000A
S214046700BD1704003C710400000000009A1A04003F
S2140467102C71040000000000C61504003067040055
S2140467200000000000000000000000000000000060
S21404673040670400B11A040035030400FE0000009C
S214046740AD1A04001C71040000000000A5D3030069
S2140467500C71040000000000C71A0400FC7004005A
S2140467600000000000000000000000000000000020
S21404677080670400D01A040035030400FE000000FD
S214046780E1BE03007C7104000000000003F5030072
S2140467906C7104000000000000000000000000000F
S2140467A000000000B4670400F01A04003503040077
S2140467B0FE000000101B04009C7104000000000092
S2140467C0231B04008C71040000000000000000007D
S2140467D00000000000000000E8670400391B040005
S2140467E035030400FE000000591B0400BC710400BD
S2140467F00000000028D00300AC7104000000000074
S2140468000000000000000000000000001C680400F7
S214046810631B040035030400FE00000015D50300C6
S214046820EC71040000000000881B0400DC71040006
S21404683000000000A01B0400CC710400000000004F
S2140468400000000000000000000000005C68040077
S2140468503503040035030400FE000000B11B0400E9
S214046860746804000000000000000000000000003F
S21404687000000000846804003503040035030400A7
S214046880FE000000BD1B04003C7204000000000073
S214046890AD0A04002C72040000000000C31B0400B0
S2140468A01C72040000000000C71B04000C720400E5
S2140468B000000000CB1B0400FC7104000000000074
S2140468C0000000000000000000000000DC68040077
S2140468D0DB1B040035030400FE000000E1BE0300D9
S2140468E0BC72040000000000F61B0400AC72040036
S2140468F000000000091C04009C7204000000000054
S21404690003F503008C72040000000000161C04004B
S2140469107C72040000000000271C04006C72040053
S21404692000000000351C04005C7204000000000037
S214046930461C04004C720400000000000000000026
S214046940000000000000000058690400531C040006
S21404695035030400FE0000006D1C0400E06C040017
S21404696000000000A01C0400D06C0400000000001E
S214046970DB1C0400C06C040000000000F21C0400D1
S214046980D469040000000000FC1C0400A069040094
S21404699000000000000000000000000000000000EE
S2140469A0B0690400001D040035030400FE00000066
S2140469B05D4C0400006D0400000000006E4C0400F2
S2140469C0F06C04000000000000000000000000005E
S2140469D000000000E46904001F1D040035030400E1
S2140469E0FE00000040D00300DC720400000000003B
S2140469F0AD1A0400CC720400000000000000000081
S214046A000000000000000000186A0400321D0400A4
S214046A1035030400FE000000E1BE03001C730400FE
S214046A2000000000C31604000C73040000000000FD
S214046A3044050400FC72040000000000000000008E
S214046A400000000000000000586A04004D1D040009
S214046A5035030400FE000000DD190400347404004D
S214046A600000000015D50300247404000000000094
S214046A70AADC0300147404000000000000000000F8
S214046A800000000000000000986A04006D1D040069
S214046A9035030400FE0000008B1D0400847404000B
S214046AA000000000951D040074740400000000003B
S214046AB0A01D040064740400000000002BF9030009
S214046AC05474040000000000AF1D04004474040065
S214046AD000000000000000000000000000000000AD
S214046AE0A3290300BA1D040035030400FF000000B8
S214046AF09F290300C71D040035030400FF0000009F
S214046B005DF10000D91D040035030400FF000000F9
S214046B10F9F00000061E0400CE25040001FF000064
S214046B205DF10000461E040035030400FF0000006B
S214046B30F9F00000741E0400CE25040001FF0000D6
S214046B4091F10000B51E0400D61E040000FF0000EC
S214046B5091F10000DF1E04003C1F04000000FF004B
S214046B600DF200004A1F0400631F0400010001FF29
S214046B7079F20000881F0400CA1F04000102FF0007
S214046B800DF20000E01F04000F20040001000102C3
S214046B90FF00000089EF0000402004007C20040071
S214046BA007FF0000A9EF000082200400B5200400BF
S214046BB001FF0000BDEF0000BD2004000D2104000D
S214046BC00100FF0019F000002221040073210400D4
S214046BD00101FF00EDEF000083210400BD21040045
S214046BE001FF00006DF00000C52104000E22040021
S214046BF0010000010707FF00A9F20000602204005C
S214046C00B520040001FF0000A9F30000A822040038
S214046C10EC220400010700010700FF00012A03001C
S214046C2041230400872304000107000101FF00003C
S214046C3031F30000C3230400FE230400010000FF18
S214046C4001F300001C240400602404000100FF007B
S214046C50D1F2000073240400602404000100FF0045
S214046C6079F30000B2240400BD21040001FF0000F3
S214046C70E9F30000ED2404001E2504000100FF00D3
S214046C8019DD0000350304002C250400000707FF67
S214046C90BDDC00003503040045250400000707FF9B
S214046CA0C9E10000350304005125040007FF000075
S214046CB0C9E10000350304005125040007FF000065
S214046CC05329030035030400562504000000FF0082
S214046CD0A5E10000350304003FFC030001FF0000AB
S214046CE06DE10000350304008E25040000FF00005B
S214046CF09DDC00003503040035030400FF0000009B
S214046D009DDC00003503040035030400FF0000008A
S214046D10292903003503040035030400FF0000009E
S214046D20292903003503040035030400FF0000008E
S214046D30292903003503040035030400FF0000007E
S214046D406DDC000035030400C42504000101FF00C7
S214046D5059DC000035030400D925040001FF0000B7
S214046D60252903003503040035030400FF00000052
S214046D7021DC0000A116040035030400FF00000017
S214046D8021DC0000E325040035030400FF000000B6
S214046D90A1DD0000042604001B26040000010000F8
S214046DA007FF0000212903004126040035030400E0
S214046DB0FF0000001DDB00005B2604003503040012
S214046DC0FF0000009B290300892604003503040005
S214046DD0FF0000008D290300A326040025250400D7
S214046DE000FF00009DE40000C826040035030400EC
S214046DF0FF000000F1D90000E22604003503040079
S214046E00FF00000085D9000005270400822704003F
S214046E1000000310FF00000061DA0000D72704001A
S214046E204528040001FF000035DA00005A28040053
S214046E309D28040000FF000049D90000AE28040085
S214046E4035030400FF0000001F290300DD280400AA
S214046E5035030400FF00000025D90000292904009A
S214046E602525040000FF0000F1D800006A2A04006B
S214046E70BF2A040000FF0000D5D80000D92A040069
S214046E8035030400FF000000B9D80000E92A040016
S214046E9035030400FF0000000F290300FD2A040048
S214046EA07B2B040000FF000089D80000062C040099
S214046EB035030400FF00000045D80000232C04001E
S214046EC04E2C040007FF000005D80000582C0400D0
S214046ED0B12C0400000500FFBDD70000642D04009B
S214046EE0772D04000002FF0099D70000A62D0400A9
S214046EF035030400FF0000000F290300B82D04002A
S214046F00F22D040000FF00002DD70000782E0400A8
S214046F10BE2E0400000301FF1DD700005E2F0400F0
S214046F20A42F0400000301FFB952010044300400FA
S214046F3035030400FF000000A73503006C3004008E
S214046F40E730040002FF0000C9F700003C310400EB
S214046F50D527040000FF000095F700006431040004
S214046F60D527040000FF000045F700007D3104002B
S214046F7035030400FF000000C544010096310400F8
S214046F8035030400FF0000009D440100E3310400C3
S214046F9035030400FF000000294401000E320400FB
S214046FA03432040000010100010102FF0144010023
S214046FB0B3330400DB33040000FF0000E1430100A8
S214046FC00234040035030400FF00000029430100D6
S214046FD02C34040035030400FF0000007934030059
S214046FE04534040035030400FF000000F9370100AF
S214046FF06B3404009C3404000002FF00DB32030000
S214047000F934040035030400FF000000D7320300FF
S2140470102635040035030400FF000000AD370100E8
S214047020413504006B35040000FF00006D35010097
S2140470309B35040035030400FF000000E92001002E
S214047040AE35040035030400FF000000D120010023
S214047050C635040035030400FF0000005332030065
S214047060DF35040035030400FF0000003F32030050
S2140470700C3604008636040000FF00007934010054
S214047080C536040035030400FF0000006933010020
S2140470903D37040035030400FF0000008D1F010087
S2140470A08137040035030400FF000000711F01004F
S2140470B09E37040035030400FF000000E91F0100AA
S2140470C04938040035030400FF000000DD1F0100FA
S2140470D0D73804001C39040000FF0000A91F010073
S2140470E053390400A439040000FF0000D51D010034
S2140470F0D739040035030400FF0000006D120100B8
S214047100033A04006C3A04000000FF006D1201000C
S214047110C13A0400233B04000000FF000D130100E5
S214047120683B04009B3B04000002FF00AD310300F3
S214047130F03B04003E3C040007FF0000411401003D
S2140471405A3C040035030400FF00000055120100F9
S2140471507E3C0400A33C040000FF00006113010011
S214047160FC3C040035030400FF000000250C01006D
S214047170393D040035030400FF000000ED0B010058
S214047180633D040035030400FF000000853003005F
S2140471909E3D04000D3E040000FF0000490501006A
S2140471A05E3E0400DD3E040000FF0000773003006E
S2140471B0233F0400753F040000FF0000573003001F
S2140471C0BC3F04000940040000FF000011FE00005C
S2140471D0534004008940040003FF000049FE0000F9
S2140471E0C44004000A41040003FF0000F9FC000048
S2140471F06041040035030400FF000000E32F030091
S21404720090410400CE41040000FF0000DD2F03007F
S214047210DE410400CE41040000FF0000D72F030027
S21404722005420400CE41040000FF0000D12F0300F5
S2140472302C420400CE41040000FF0000CB2F0300C4
S21404724054420400CE41040000FF0000A72F0300B0
S2140472507D42040035030400FF000000AD2F030048
S2140472609F42040035030400FF00000049FA0000B2
S214047270C7420400004304000001FF0075FA000042
S2140472802143040035030400FF000000A92F030077
S2140472904C43040035030400FF00000031FA0000EC
S2140472A06743040035030400FF000000EDF9000006
S2140472B082430400AF43040000FF0000D5F9000039
S2140472C0CA43040035030400FF0000001DE200006A
S2140472D0F543040035030400FF0000001DE200002F
S2140472E01C44040035030400FF0000000DD7000012
S2140472F02D44040035030400FF000000D9D6000026
S214047300424404006944040000FF0000D9D600008B
S214047310794404006944040000FF000071D60000AC
S214047320A044040035030400FF00000007290300FE
S214047330BB44040035030400FF000000CDD2000067
S214047340DE4404004845040000FF0000ADD20000FF
S2140473506B45040035030400FF00000095EE0000B2
S214047360D14604005E470400010000FF79ED0000EA
S2140473707B470400CF47040000FF0000ADED00008B
S214047380E4470400364804000100FF0019ED00003D
S2140473904C480400394904000107FF000B29030088
S2140473A04949040035030400FF00000079E60000A4
S2140473B05A4904006C490400000101000007FF005C
S2140473C071E50000A7490400B84904000001010063
S2140473D0FF000000ADED0000074A0400184A040050
S2140473E0010000FFE9E40000074A04004A4A0400DA
S2140473F000FF0000598501005B4A040035030400C1
S214047400FF00000001D30000A74A0400350304006F
S214047410FF00000003560300350304003503040090
S214047420FF00000021930100350304003503040027
S214047430FF000000E592010035030400EC4A040056
S21404744002FF0000919A0100F44A04003503040088
S214047450FF0000001D9A0100204B0400434B04006B
S2140474600200FF00855603006C4B0400350304003D
S214047470FF000000F99901008E4B0400AC4B040099
S21404748002FF0000D1990100C14B0400AC4B04007C
S21404749002FF000001000000CC4D002000000000A8
S2140474A000000000FFFF0000872F0300000000001C
S2140474B003000000FFFF0100653003000000000029
S2140474C004000000FFFF0100F3300300000000008A
S2140474D004000000FFFF00007731030000000000F6
S2140474E006000000FFFF0000E93103000000000072
S2140474F019000000FFFF01007F320300C71B0400D1
S214047500FC680020000000000000000000000000EE
S21404751000000000184C0400807504000000000001
S2140475201E4C04009856040000000000254C04007D
S21404753068580400000000005E190400585804004F
S214047540000000002E4C0400485804000000000010
S214047550404C040038580400000000004F4C04005F
S2140475602858040000000000604C0400185804006A
S2140475700000000000000000000000000000000002
S21404758090750400724C040035030400FE000000ED
S2140475908D4C0400A87504000000000000000000E4
S2140475A00000000000000000975A0300924C0400FC
S2140475B035030400FF03010001013F040201003FFC
S2140475C0040202003D040202003D0401020001021E
S2140475D00003010002023D0402010002020201004F
S2140475E0020200000020202020202020202028281E
S2140475F0282828202020202020202020202020206A
S21404760020202020208810101010101010101010A9
S21404761010101010100404040404040404040410D9
S2140476201010101010104141414141410101010167
S2140476300101010101010101010101010101010131
S214047640101010101010424242424242020202023D
S2140476500202020202020202020202020202020201
S21404766010101010200000000000000000000000B1
S2140476700000000000000000000000000000000001
S21404768000000000000000000000000000000000F1
S21404769000000000000000000000000000000000E1
S2140476A000000000000000000000000000000000D1
S2140476B000000000000000000000000000000000C1
S2140476C000000000000000000000000000000000B1
S2140476D000000000000000000000000000000000A1
S2140476E0000000000000000000000000A0010000F0
S2140476F0801300200002100068520020201500208D
S2140477000000020800000000FFFFFFFFFFFFFFFF6E
S214047710FFFFFFFF00000000000000000000000064
S2140477200000000000000000000000002000000030
S21404773069C601001000000049C7010000000001EE
S214047740000001010001010120C001B80000000092
S21404775000000000FFFFFFFFFFFFFFFFFFFFFFFF2C
S214047760FFFFFFFFFFFFFFFFFFFFFFFFFFFFFFFF20
S214047770FFFFFFFF000102020303040506080C0CCA
S2140477800C00010203040707C8C8C8C8C8C8C8C88C
S214047790C8C8C8C8030404080808080800B801B81C
S2140477A002B800B08893040070930400030404082D
S2140477B008050000000000000000000000000000B3
S2140477C000000000EA06000048704C0F44700E0EDD
S2140477D030707E1302989A173870340F34705A0F2C
S2140477E0307048102C7048102870D0112470E8119E
S2140477F020703E0F1C70901218700C1314703A0F01
S214047800B110086001D80A7104B87F78020C7E783B
S214047810641000C6881F00A01DB8707803B01860F6
S2140478200F3027B30F330111C04806987C0229B0E5
S214047830086001D8087109DD047109BB11101660CF
S214047840A048086004100112FF3221500860D04896
S214047850086000880698381400C4441F00A000BAC4
S21404786003DF107109DF0672029836031DB85078DC
S21404787000A04413281441158110086002D814711E
S21404788010880698201900C014C000B80698861BF5
S2140478900091069892020160B83020D806711EBC8A
S2140478A0637C784D5412F03240DE0472404804DBA8
S2140478B008720DDD0C72044BEF3014480698F2047F
S2140478C000C4E04000544412086201322140087C9F
S2140478D0811140D91C72B1123032CF4A013AB1DA62
S2140478E0107208D8067104D80871804C237C567030
S2140478F0684C441200C4A41E00A04414413AF32465
S2140479000164415C412A047580B800C46040005498
S21404791081D8367140D90472237C084B0698F20449
S21404792004BA1CB9767900C1204001B835797F21A4
S2140479306121007906B906A901D8067102981002D9
S214047940804C307C0298640208D86A7100C15440A6
S21404795000B8141110D95E71584C441280BDA26D43
S214047960FF25784C4412FC22513A2814104C00C2CD
S2140479700CC101B8241228140862281408622814BA
S21404798008622814304C304C00C11C4000B8141156
S2140479901814086100C5284001B85415FF35047151
S2140479A010491814B04C4412086201320671029849
S2140479B00401804C08D80C7107BA24D8047106BA9E
S2140479C0187004D80C7101BA40D80E7102BA0A7045
S2140479D005BA20D8047203BA204C4411C04C1814BB
S2140479E0086118149111383111429111186110D997
S2140479F00472EF3200C1084001B8141110311E6140
S214047A0011422814A1110861181406986C1B181446
S214047A1000C1084001B814111861FF31181400C1E0
S214047A20448001B8141118140861181430880248E8
S214047A3006989403009308DB047101F800A027B0AD
S214047A400F3000A01088B111186180D90A7100C1E6
S214047A50884000B80811009100A000C4684000B82F
S214047A60441000A000C08840005004118261041035
S214047A7082601050F07200A054155045127106989A
S214047A8002050698920407B8707802B841781EBAC0
S214047A905B7A5C7A5D7A00C220C001B8241206982C
S214047AA02A1900C5481F00A05415511400C3FF012D
S214047AB00000313D09647F3406989C020158512821
S214047AC00475015841280E758111086102D90472A3
S214047AD0FF0FCC7007B8727800F8EBBD00C0441FE7
S214047AE000A00411113D10D91271FF33186300C1B0
S214047AF0781002B8381107B97479581000A006989F
S214047B0092020D300472044809DC0472084800C16D
S214047B101CC101B8141100C3D01E00A09115043571
S214047B201A7218131CBB08D804716C7B04D8047131
S214047B306A7B1DBB2F7C5B7B1670044B18131CBB27
S214047B4008D804716F7B04D804716D7B217C0C30DB
S214047B50026006987E040698C40B00B8B11118613A
S214047B6040D906720298580401BC00C2084001B805
S214047B7000DC0A7124150265604A0A702C4A241532
S214047B8008654C4A043508D90471202400C13C1FFA
S214047B9000A0141200DC327120D8067101B80C70F3
S214047BA0F0DA0C720CDB087102B8069886044824D6
S214047BB000C3384101B834138F7B0E7102B9911398
S214047BC008DB047203B928707C4914111110FD30C7
S214047BD00DDC1C7200C0A01E00A0041080D810711A
S214047BE000C0448001B80410E5200475804900C331
S214047BF0884000B8FFB801201141087101411813EC
S214047C000824014200C1284000B8141101411C6533
S214047C105141911520351E655141181328134813F8
S214047C2000C3844000B8341003D81671073005DC4E
S214047C301071B1108F780A7200C384C40350217B7C
S214047C401DB8507800B800C13C1F00A014121C6078
S214047C502150F0300152281100A04024076400C0CF
S214047C60FFFF0100013C17B00220015840280675AA
S214047C7018AC01EC00A0208800C020C001B8041293
S214047C8017B4211304123052F8711964402400C347
S214047C905C1F00A0341014110698F60D19610092AA
S214047CA011592129067600BB11590698D60D87620C
S214047CB0313B0472215A412A00A000C2686000B811
S214047CC0B8B91F610D49181200A0308801B91161B6
S214047CD000C30000C0FF3110312800BC002D0C7515
S214047CE0115418AC01EC312DF4701964511341553C
S214047CF0312C009300A000C3C00FFEFF50B2313AEF
S214047D00014250AA00A006983E07FFB08678087184
S214047D105CB86B786E7800C2548001B800C0D81F77
S214047D2000A004100812B822217A237A52B84178A7
S214047D3001B80C6021A809B819604CA800C0FFD18E
S214047D40C1FF4FB2013A00C0002E300001424FAAD4
S214047D5024B86E78ACB9FFB004D804714CB923A922
S214047D600698A80500C01390010006982E0500A0EA
S214047D700698020519B81460FFB28C620F32826A44
S214047D80214006982E0549BC21B952B849B207DEEF
S214047D902A7105DE0871627C607C1D0C6179677847
S214047DA064786B786278657863786078617C010CB7
S214047DB0010C6878020C69786C78020C00C22C807E
S214047DC001B8277A287A267A6A78050C41790A0C4B
S214047DD0B11040D806710298BA06784A2B7A327ADD
S214047DE0584A247A00C400011100404A00C0108496
S214047DF000000812508800C584100100FBAD10BDB9
S214047E0001BB8A6B21B9FAA9C44A1812217A227ACC
S214047E1000C0341F00A00410FCA882644110303057
S214047E200129F9A9F8ADFBB08260FBA80330A06570
S214047E302110044820EC237A0410037A184A2411EB
S214047E40DC4A01580029241004753150F8B1115049
S214047E5081632A71514031400812FCB18461FCA947
S214047E600F310E7117B0112817B111591028FA7670
S214047E70C44AF9B11812217A227AA0700095081221
S214047E80F8A800C20C8001B8207A844A00B8081208
S214047E90020CA44A087A020C21B84178784A0B7A74
S214047EA0127A00C2C81F00A0FFB008D80472184A8D
S214047EB0241000DC0A7140A80422241041A8069865
S214047EC09C0200C2481F00A02410015100C4FF01F8
S214047ED0000041391150081200A006983E0700BC65
S214047EE000C20C8001B8217A52B84978020C48784E
S214047EF0020C49B8417852AC21AC204A087A067A7A
S214047F00077A49AC00A059B840785AB101D9FC7236
S214047F10427857B8407858B101D9FC72427800A02C
S214047F2000C20C8001B8217A227A21B8547852B85B
S214047F30BC4A24119979127107B915614CA9617864
S214047F4000BB03BC0C64147009B919614CA94178D0
S214047F5001BB126300C4002E300000C0FFD1C1FF75
S214047F604FB1013941414FA9E44AC8B8081224ABBD
S214047F704CB823A80698A80500C004900100FFB1D9
S214047F8086790471084806982E0500C080090040CA
S214047F9040A809B8FFB108D9047103B853A8B110B2
S214047FA004D80C7156BB607B57BA627A607A02D8E2
S214047FB00C7156BB607B59BA627A607A04B86E78E4
S214047FC03DB8607800C05638000000C1B08001B8E3
S214047FD014119979087200C0D604000000C124C0A8
S214047FE000B814119F79047208484CA82EB8FFB143
S214047FF008D906714AA804704BA80FB834A800C064
S2140480000C5E000046B2014246AA00C12C4001B8EC
S214048010141108610631087100B9069850110698C3
S2140480203E14B11101D90E710698921B02D906723C
S2140480300698A00C069838145114069892040698CC
S2140480402A110698641700A006984E1701D80A71DC
S2140480501CB85B7807B8757800B84CA84AA84BA833
S21404806000C0F321FFFF46B1013946A904B86F7872
S21404807000A0FABC1964415C512C00C0581F00A033
S2140480800410012C0675069892040698780FB11011
S214048090186005D8327140BA06980E1404B865788C
S2140480A0911004D816711CB86E7800C0684000B8E9
S2140480B021780698781101400A721DB8427806980D
S2140480C04A1402985E0B1DB8717804B86C7841B8EF
S2140480D0427863784478FFB104D906720298CA09D4
S2140480E000C004900100FFB1867904710848069820
S2140480F02E0500C32C1F00A000C274C000B82414B0
S214048100481300BC48121C4B1C4A2414481300BCD9
S2140481104812084B584A2414481301BC48124ABA59
S214048120447A427A4BBA447A427AFFB0867804722A
S214048130617A4CBA647A657A3DBA607A4DB942B8C7
S2140481403FBB5B7966796179020C6479050C6379C7
S2140481506079050C627965795A7900C2340102B8EF
S214048160241305B819603140081242B86A78020C24
S2140481704A78020C40BCFFB208DA06714ABA0670A6
S2140481804BBA627A657A677A667A6A79667B029807
S214048190A40A00C32C1F00A000C274C000B8241494
S2140481A048131C4B1C4A241448133FBC48121C4A50
S2140481B000BC4812084B444A2414481301BC481215
S2140481C04ABA647A627A4BBA647A627AFFB3867B76
S2140481D00472617A4CBA647A657A3DBA607A01D9D7
S2140481E04E71647800C1708001B800C08000080039
S2140481F008110698860B42B861784DB97F797E7966
S2140482006A7868786278020C7B790F0C7A79140C99
S2140482107479417860787579050CFFB208DA0671CE
S2140482204AB804704BB8657801BC1664407002D92D
S2140482303C710698860B42B84DB968784078417808
S2140482407F797E797B790F0C7A79140CFFB208DA81
S214048250087171794ABA067070794BBA7279657A80
S2140482606A78020C4A78050C01BC1664020C417943
S21404827040790C0C00C04C0102B848100698F20471
S21404828000C4784000B8007C00C0A01E00A0041102
S21404829080D93271911104D92C727F2021200411C7
S2140482A0FD310DDD207200C0448001B80411E521C3
S2140482B0147600C0244001B804118A790871207C21
S2140482C0104C207C2AB86278511400C0581F00A0B5
S2140482D00410012C17B001118768015841280E7646
S2140482E005218769415C412D112D0670069892047C
S2140482F042B84DBB7C7B6478020C29B8687851146C
S214048300404406750698920442B844782AB84278DF
S214048310FFB101D90C7100C1548001B8CBB8081163
S214048320911004D8147100C0A01E00A0041080D8B8
S214048330067107B8537800F807B800C1CC1E00A031
S21404834000C220C001B824122811777800F8B110B2
S2140483509478387106989C02E4B911591128067667
S21404836000B80C70A0B9115901290475A0B8826030
S21404837000C3C01F00A03413012B341000C3FFFF3A
S21404838000FF42B13139114042A800A01DB09178D7
S214048390FA7142B86478020C00BA29AA00C4548060
S2140483A001B842B84DB900C3C04001B83413977B36
S2140483B0047240EC020C44785C7953AA0A0C281424
S2140483C042B84DB9FFB301DB2671244C00C3FF0F3E
S2140483D0FF0138145479407841785579020C5B795A
S2140483E05A79140C5F795E794A784278347002DBE5
S2140483F01471527951795079020C5B795A795F7904
S2140484005E791E7004DB1A7100C4FF07000000C307
S214048410342102B848133FBB467B020C5B795A7979
S2140484203DBB407B4CBB447B457B00C3301F00A058
S2140484303414403C207100C068C000B848102813AB
S2140484401C4B1C48341448102813144B444834144A
S214048450481028134AAA4BAA04B86D781DB8517858
S2140484605CB84B784E7800A000C074C000B8041105
S214048470108800B9181068480411108801B90B61F7
S21404848018102C4804111088008800C1231C000012
S21404849018104AB864784BB86478260C28B000C123
S2140484A0FFFF0FF0113871B90B61114028A828B9E5
S2140484B07379747900C21010303045AA54790E0CC2
S2140484C000C0E84001B8041100C23030101045AABC
S2140484D00E0C0410008810880698620D0091009017
S2140484E020888F618F600698620D0090886A21400C
S2140484F00112906A035800C13F3F00001138FFBCC8
S214048500022441281138014245AA28B953794AB8A9
S21404851044784BB8447800900091181000912C4889
S214048520181000916848181000A09168436091697B
S2140485304361115B012B112841603128315B00BA7D
S214048540302806763128204A4163302806763128BA
S214048550104A4163302806763128084A4163302899
S21404856006763128044A4163302806763128024AC2
S214048570416330280476014A00A0115910D90671C7
S2140485800860086008D90471086004D9047104609E
S21404859002D90471026001D90471016000A000BA16
S2140485A001D806710148112A1F61016001D8F672CC
S2140485B00138F67200A000C220C001B82412115976
S2140485C02129127300210E7100C238C001B824128A
S2140485D00121212900A002B020D8147100C0B01EC9
S2140485E000A0041002B9457906987613EA7003B021
S2140485F09F78087200B806A800F806983E0700C5DB
S214048600641F00A05088044D1CBC00C0B41E00A00B
S214048610811101D91E71407C009501150C4D5088BE
S214048620044DFFBB1863315B04110698EE0D312927
S214048630F8750698681A54150698921B01D908729C
S2140486400698580706700698F4071CBB547B0698D1
S2140486504E1701D8067202981A0FFFB90121103876
S214048660F67281129B7AF07100C2448001B8241419
S21404867000C0C01E00A004100113002004104050C7
S2140486800C7200B90698280F18B90A7018B906981B
S214048690280F00B900B806981E0F704A08B8069846
S2140486A01E0F00C2284000B814B806981E0F00C259
S2140486B0EC4001B80CB806981E0F202210B8069895
S2140486C01E0F108830880698580700930091069865
S2140486D0280F00C0C41E00A00412FFB901212141C6
S2140486E01810009500F8312811280410081200A06C
S2140486F004B831281128F8B1181000A0069880088C
S2140487000E700698C40B069880080698721206988F
S21404871012079112211900C02C4001B80A78097872
S21404872000F810B901BA0698041406982A11069897
S214048730641700C5641F00A081109D78FC7200F8C1
S214048740911203321CB900C3A01E00A0341300C447
S214048750B04000541DB84278707903DE0671447840
S2140487603A707179A11020D806710298541080DBF3
S2140487701C7102D8187205B80814A11010300248EB
S214048780081400B808149110086008141DB862781C
S214048790A11000DC0676517900BA06984E1701D867
S2140487A02272911120311D61911004D80E7200C1FD
S2140487B0501F00A0141101D90A7120880698501180
S2140487C0009200C1204000B801DB1871084C03DE9B
S2140487D00471904C441400C3FF1F0000413BFF2368
S2140487E03811944900C3384101B83413086380DB58
S2140487F00C7103BA186206983C1008701862069842
S2140488003C100C490879097914102140081100A07D
S21404881000BD0698760210B903DC047100B901BAEB
S2140488200698041402D9067100404E7203B118610A
S2140488300F3106987811FFD82872811008D818715D
S21404884006DD0A710698760203DC0C720698BC11E3
S21404885006984A140C7006DD10710698C21148700A
S21404886020B804A806DD1072069880080698120739
S21404887001F840B804A800F800C0A01E00A0041325
S214048880086301DB227191100111186111381DB9BA
S21404889010D8087144790298541002DBFA72A113B6
S2140488A028DBF47203BD06981E11069880081DBACC
S2140488B07F7A0698F20400C5681F00A00698760220
S2140488C000BA03DC1672044DA11002D804711C4DC4
S2140488D000C10CC101B80698AE045415212D0698A3
S2140488E03E050298AA089110015503355150011906
S2140488F000A000C14C1F00A0141001D8427101480A
S2140489000860FE200E75811020D8087100C1501F23
S21404891000A0141101D9287100C02C4001B804121B
S214048920215108610F3118611152281000C0084007
S21404893001B804119112215120311152211900A0BD
S214048940811380DB067201B800A000C314C001B80E
S214048950341006302E726C4B34121C4B34101860D4
S21404896002302072811080D8DE713410014A086209
S2140489700460803021508C480A717F234D233410C4
S214048980013000A000BD06981E111CB84778457833
S214048990437802B8447800A0069880080698BC116C
S2140489A000C5741F00A0541506983E050298AA0830
S2140489B0B1138F7B0A7200C384C40350017B0698EC
S2140489C03E1400C1384101B814118F790E7100C1EC
S2140489D0B84000B800BA06983C1050BA06980E1470
S2140489E006987811FFD84A71911004D848728110FD
S2140489F008601CD8407220D938721112FF322151F7
S214048A00347180218021111400C0D81E00A00413E4
S214048A10FFBA3151113A215111531DB938107B79DF
S214048A2040440E7200B900C2AC1E00A018120670B4
S214048A3004B860780698381400F800B900C2A44058
S214048A4000541812644A0AB918121CBA507A517A99
S214048A501DB942795F7900A00698760207DC107289
S214048A60911000200A75069872120298660F0698EE
S214048A70120701B9911004D8047100B910BA069807
S214048A80041400BA0040347100C0A01E00A00411F3
S214048A90086101D9127104D9E2728110086001D804
S214048AA0DA711DB8647800C11CC101B80698AE041A
S214048AB001B81160002A047600BA00C5781F00A029
S214048AC05415212D069872120698580700C57C1F67
S214048AD000A000F800BC811108D9167280D9207253
S214048AE001B910BA0698041400400E7101BC107047
S214048AF00698BC1106984A1420B804A800F80698EC
S214048B00721281110231127100B900C2144000546D
S214048B101812244A02B918120698BC1100C5801F00
S214048B2000A054150698F01A0298AA080411012108
S214048B3014711CBA737A0420041228110420041138
S214048B400121F47200A00698F20401F806984E1764
S214048B5001D81671FFB9012110380E7281109B7866
S214048B60087104B9677900F8911010D8287100C507
S214048B701CC101B854110698EE0D00C5C81E00A00D
S214048B8054155129EA7507B876781DB8447801B8A3
S214048B9004A800F8B110186010D82E7100C0504018
S214048BA0005400C3084000B83114984C44113411E2
S214048BB0086101D9FA714412281008622810086264
S214048BC0281008622810E8700298B00206989202EC
S214048BD0113804721E6202BB00C1D81E00A0141114
S214048BE020390C72911210DA0672417B00A00698A6
S214048BF03E1400C2A01E00A0241220DA0472617B78
S214048C001CBA527A00A01CBA727A811204DAFC7278
S214048C1000A01CB86B7800C0684000B82F7800A08D
S214048C2006984E1701D83A7100C22C4001B8241099
S214048C300360911120310151383111501D60081222
S214048C401DB9457900C2448001B8241200C0C01E74
S214048C5000A0041018200020041020500471657928
S214048C6010631EB9637900B902EC00CD114502EC1D
S214048C7000CC01DB087100BB0298D61803B841117A
S214048C800731FA211C760621911210DA087102DDEA
S214048C9010721E7020B80698B20D3038147208B8D8
S214048CA006987E0400C02C4000B82978207800F886
S214048CB0056020D8067102980C1602EC00CA05B8A6
S214048CC023DA187104DBDA7120DAD67110DAD2727C
S214048CD01EB8617800B801DA067202EC00C8911179
S214048CE010D9267100C1B81E00A014111150FF300F
S214048CF00C720761A110115002300A7180DB0A72EF
S214048D000AB89E701DB97C79186091111140211122
S214048D10C031114001191EB8411108D90471667892
S214048D2020D904726578A11002D80672C0DA1E71C2
S214048D301EB8273123DD087210DB1072607825DD3B
S214048D400A7121DD087208DB0471627803B84111E8
S214048D5007310872A1152035AA7102DD2072A1110F
S214048D6020D9A07102D91672CCDA9872411140D972
S214048D70927206B8054D5A720298AE1421114049F3
S214048D80C0D94C71A031411540350265514104618A
S214048D90086308DA1E7204DA36721049A115023521
S214048DA0067110DB0E7201340A7108DB22711EB8DC
S214048DB06778CC3211101A300ADC0872CCDE0471E3
S214048DC0FD3100C00D0F0C0D216001D85C7207B890
S214048DD00298D81400BA411108D90C7102EC00CAE2
S214048DE005B830DAEC720734F031036101DA047145
S214048DF0014900C0F300A3E3216001D8D27100C08A
S214048E009814406821604030014440DA0471204CD4
S214048E1004320262204A111006301F6001421831E3
S214048E201D6111420298F614204A00C00517085026
S214048E302160113001422088FFBB0DDA507100C159
S214048E40DE1B250180BC04DA107208DA0A7200C13F
S214048E5020841000E024A02408634143026401DA5D
S214048E6006711E49024B00C0201F00A0086338107C
S214048E70BC2002DA127101B91159A11380DB087102
S214048E8000C100FCFF0118100298621800C4A01E5E
S214048E9000A0441080D87C710092D0DA06710DDAF6
S214048EA00C711EBD437DEFBD0698140304620DDAF3
S214048EB08672A11105D95C7100C240400054241288
S214048EC01424281401D9067202D9327140D91E71AD
S214048ED002EC00CA211018320471FA2220D8047257
S214048EE00822FE22087502EC00C8F87001D90E713B
S214048EF002EC00C802D9067204DC187200C0A01E78
S214048F0000A004101D6001D806711EB8647807B866
S214048F1073780298D61800C0A01E00A004108030F3
S214048F200A7100C0C41E00A0041000A006984E17C4
S214048F3001D82E71911010D828728110A0D82272F0
S214048F4003B084781C7200C12C4001B814100DBA0A
S214048F50487A697A6B7A08111CB87B7807B87578F2
S214048F6000A0641000C6881F00A0C3B806987C0240
S214048F7000C4441F00A014BA281400B8011AB11083
S214048F808F780A7200C084C40350017891101030A0
S214048F90011905BA06980E1402D9067101B804A878
S214048FA000C0A01E00A004130698641180DB06719E
S214048FB0029858141DBA7C7A01DB6A7100C2241F19
S214048FC000A024111114FF3402EC00C8FF24FA7622
S214048FD008610698C20D046111380F30046111143B
S214048FE0011141100698C20D01D8087203B8029800
S214048FF0D8140C4A01DB22712410112811280412FB
S21404900002300471106200C0FFFF0000213800C265
S214049010204000B8FF200812411008600698C20DD0
S21404902001D87C7120BC1033767100BB00C1201FB0
S21404903000A01415C021112C511218620F320E71A3
S214049040408851140698FA18414300945112086552
S2140490501C620F320E71411151140698FA181C64E2
S21404906041430865513B00C1DC1E00A014111112D7
S21404907031100F30127100BA056101D80471114223
S21404908001600FD8F472311003601E30047201B808
S214049090003A087204B80298D8140298C41600C09D
S2140490A0384101B804118F7914717F2069200411A6
S2140490B00861303110DD06711DBA637A0698120312
S2140490C000F830885088FF34087102ECFF24F870EA
S2140490D002EC00CD1410595001440421FF22F27210
S2140490E00F4C0095009300A000C1A81E00A0141108
S2140490F000A030880698421B8111086102D90672C6
S2140491000298061A1CBB557B086120D90671029882
S214049110F6190088A110186006982019082114155D
S214049120FC251EBB5C7B5D7B00C1084001B81411A6
S2140491300731FE21307608D82A725113FC233413E3
S21404914004DB20711863FF33315B00C110C000B824
S2140491501411086180490C71FF31302954751EBB07
S2140491607B7B10707B7B7C7B00DD04717D7B01BB8D
S2140491703815EC25541300DF5471042505DF5471AB
S2140491805415211120880698EE0D009251293E753B
S21404919000C1084001B8141102DB0C710731315BC1
S2140491A031292A760C7004DF0872016180D91E7298
S2140491B00698201900C010C000B80698861B0698AA
S2140491C020191411FFD9607202984C1A009000936B
S2140491D000A05415A111186110D9A672082508D844
S2140491E0A071082510D89A71208821110698EE0DD2
S2140491F0FC255412112AF82554110C2520D8087180
S214049200F0255411102520290476215918150092AA
S2140492100298B81907B97179811010D80A711CB868
S214049220447802B841781CB9747904B9677900F8AF
S2140492308110A0D808711CB9497900A0086002D82A
S214049240FA7106982019108806983E14106210DAEF
S214049250087108211415F025541100C20020FEFFE1
S214049260202912750698921B01D90A72069880085E
S2140492700698120700941CBB41100C200698641331
S2140492804111082114100698641331284411111250
S2140492900861FF31FF32012210521072186118144F
S2140492A004244413042438140C701861214118143F
S2140492B008240814029838144044147100C1AC1EE3
S2140492C000A0141551131C630FDB0C721965069865
S2140492D00205411500A000C3784000B83413807B13
S2140492E006720698120706983E1408BB5114069890
S2140492F0B01A4415FC25541500C3784000B834133E
S214049300807B047100A002983E051CB900C3A01E11
S21404931000A03413086308DB1A718113A0DB0671FE
S214049320497910706979086302DB087204B96779B1
S21404933000F800A08111086102D910711CB9757972
S214049340069820191411FF3100A0FFB900A00410DC
S21404935008211411F421081100A0811110611031A4
S2140493600E710698201908211411F821141100A072
S214049370C895040000000000A0930400010000004B
S2140493800000000000F04902C89504000000000038
S214049390C4930400010000000000000000F049022D
S2140493A0E89304004063598F404B4C000B000B00BD
S2140493B01A00FF7F90690020000000006A980400ED
S2140493C000000000D89404004063598F404B4C00C2
S2140493D00B000B001A00FF7F9069002000000000BD
S2140493E06898040000000000FC1F0103C8970400EE
S2140493F01CC0011000F807001CC00130140208004D
S21404940050C0010087413004244006010700620072
S2140494103870000000000000000000030068010F20
S21404942040B8244058400101FC0069008040050112
S2140494302363E0119BC34A74F0030000038000001A
S214049440BE0A0000E040010133000000F0400401C1
S214049450590B0000640483078813C83A90200A0056
S21404946028410101001E00003C410B0100148C0041
S214049470141A21282E343B42495043557698BA0C88
S21404948028690000010000000721286414171A0048
S2140494902004C869A1203A093C42010129000000C1
S2140494A0A080020170780300D5C00000A8800111D6
S2140494B0F0010000A88001310542CB01AC80011107
S2140494C0F0010000AC80013105228D00B08001015E
S2140494D000030002FFFFFFFFFC1F010318980400AF
S2140494E01CC0011000F807001CC00130F50208007B
S2140494F050C001008741300C2440060107C05200CA
S214049500000000000000000000000003000000004F
S21404951000000000584001016402FF00804005017D
S2140495204B01A0089BC34A74F0030000000000002F
S21404953000000000E040010133000000F040040198
S21404954000000000640483078813C83A9C200A00BD
S21404955028410101031000003C410B0100000000FB
S21404956000000000000000000000000000000000F2
S21404957000000000010000000000000000000000E1
S21404958000000000000000003C4201010000000052
S214049590A080020170780300D5C00000A8800111E5
S2140495A0F0010000A88001310542CB01AC80011116
S2140495B0F0010000AC80013105228D00B08001016D
S2140495C000030002FFFFFFFF0C40020001801400AE
S2140495D07F40000020400200000000000000000061
S2140495E030400700000000000000000000000000FB
S2140495F0000000000000000000000000A0070000BB
S21404960050400100000000005C4002000000000022
S21404961000000000A840010007000000B440040059
S21404962000400000FF4C000000410000FF4D000019
S21404963008C001000000000020C00110FF00000068
S21404964020C001300043000024C00400EC80B303B3
S2140496504375A802000000002E02000054C0030058
S2140496600E2D09E654060708D1B6020064C00800A9
S2140496700430000040201006C8F248181FE8F60020
S214049680BD4B721511A3180510325476980A0000C3
S21404969088C0010000000000080001010407000063
S2140496A018000101000000002000010108840000E9
S2140496B01C4002011000000020F913045C40050160
S2140496C04108000001000000B0070800A7000000E1
S2140496D000000000944007010101103050707F7FA5
S2140496E00000000000000000000000000000000071
S2140496F000000000E440010100000000EC4001010D
S2140497007DA8D98B0041020100612000B7563512AE
S2140497100C410301F95412002030042988BB400090
S2140497202441010100000000304103016406660C78
S2140497300C010000E853FA0068410301640483073F
S214049740881382000000000030420301000000007D
S2140497500000000E0000000044420101000000006A
S2140497601080010103000000388002011149100036
S2140497700100000088800101000000009C800101B7
S214049780EB400200B48001013700000188000202A9
S214049790000C00044C0000009400010200040000C9
S2140497A0D00002020E00000090029608E4000102B7
S2140497B03D094204F4000102000000001801010201
S2140497C060005102FFFFFFFF12000000666666009D
S2140497D0000000007C9804006C9804000000000060
S2140497E0001A9A00005A620280841E000420FE00BA
S2140497F011495002000000000000000000000000B4
S2140498000000000000000000B1841E0000000000FC
S21404981000000000000000001200000066666600FB
S214049820000000007C9804006C980400000C000003
S214049830001A9A00005A620280841E000420000067
S2140498401149500200000000000000000000000063
S2140498500000000000000000B1841E0000000000AC
S214049860000000000000000005040000E1190000EC
S214049870E11900000000000000000000193F010686
S2140498800410010000010106001027000009000072
S2140498900000000000000000ADCF01005DCF010015
S2140498A069CF010059D0010051600300EB65030045
S2140498B0EF650300F3650300F7650300FB6503002B
S2140498C00001030464EE01001000000024E101001E
S2140498D01A00000079EB01001100000075E4010095
S2140498E01100000063E511000400000023E11100EC
S2140498F00400000025E101000800000026E1010044
S2140499000A00000027E10100020000000000000039
S21404991000000000759A04006F9A0400000000001E
S214049920769A0400335D0400000000002D5D0400F8
S2140499302F5D040000000000315D04004D9A040011
S2140499407B9A0400345D04002E5D040000000000D1
S214049950325D0400689904002B5D04002C5D04004D
S214049960305D04002A5D0400000203040508090AA9
S2140499700B0001020304051D2000B40108020200C6
S214049980AA00FFFFFFFFFFFFFFFFFFFF598303004F
S214049990C52C02004158020091F50200515B0200FA
S2140499A0BF6C0300C16C0300C36C0300C56C0300EA
S2140499B051BC0200ED94020031D602003DEF0200D5
S2140499C061490200B96C03008D970200BB6C03006A
S2140499D0653D0200BD6C0300B95503005942020000
S2140499E02F2B0300000000000013000000000000FE
S2140499F00000000001000000199B020002000000A5
S214049A00B77D030003000000719A02000400000002
S214049A10317D030005000000119A020000000000DA
S214049A20000000000023001B2200FF0000000000CE
S214049A300C090202000000001C1A0B0303FF0608B0
S214049A400402020204020A0B030302030480FF0258
S214049A5004FF010101010800000000000000005A94
S214049A606967426565416C6C69616E63653039800F
S210049A70008F8E8C80808006080C10800E
S20C049A7C60B2FB7F010000004C
S210049A84909A040080650020CA010000CF
S214049A900000000000000000FFFF000001000000BE
S214049AA000000000000000000000000000000000AD
S214049AB0000000000000000000000000000000009D
S214049AC0000000000000000000000000000000008D
S214049AD0000000000000000000000000000000007D
S214049AE0000000000000000000000000000000006D
S214049AF0000000000000000000000000000000005D
S214049B00000000000000000000000000000000004C
S214049B10000000000000000000000000000000003C
S214049B20000000000000000000000000000000002C
S214049B30000000000000000000000000000000001C
S214049B40000000000000000000000000000000000C
S214049B5000000000000000000000000000000000FC
S214049B6000000000000000000000000000000000EC
S214049B7000000000000000000000000000000000DC
S214049B8000000000000000000000000000000000CC
S214049B900000000000000000000100000000F001CA
S214049BA00800000008100020010023010400000043
S214049BB010100020060030010100000014100020E0
S214049BC0FFFFFFFFC0EA2101C0EA21010080000078
S214049BD000F04902C866002000600B000080000008
S214049BE0BC360020C8000000FE0000000000000094
S214049BF0684E040018100020FFFFFFFF1C520400EC
S214049C003300000015F6000033000000712F030037
S214049C10B0CA0300B4CA0300C1CA0300CECA030014
S214049C20DBCA0300E8CA0300FBCA03000DCB03002B
S214049C301ACB030027CB030034CB030049CB030025
S214049C405CCB03006ECB030083CB030092CB0300F4
S214049C50A3CB0300B2CB0300C2CB0300CECB0300DE
S214049C60DBCB0300EBCB0300FDCB03000CCC0300E3
S214049C701BCC030024CC030039CC03004ECC0300D9
S214049C8063CC030083CC030091CC0300B0CC030068
S214049C90CBCC0300DECC0300EBCC030000CD0300EA
S214049CA00FCD03001ECD030030CD030042CD0300CC
S214049CB055CD030068CD03007ECD030000000000F0
S214049CC00F000000B5CF0300CCCF0300FF00000058
S214049CD0000000000000000000000000000000007B
S214049CE00000000000000000000000000030E70450
S214049CF000C8180329D803002ED803005BD8030035
S214049D0086D80300B4D80300E2D8030011D90300B0
S214049D103ED903006ED903009ED90300EED9030092
S214049D20FFFFFFFF00F80300FFFFFFFF0000040033
S214049D3000000400005C26052C68002006000000D5
S214049D409C740400000000000100190001000000DB
S214049D50A44200200100190001000000A4420020D3
S214049D600100190001000000A442002001001900AF
S214049D7001000000A44200200100190001000000B8
S214049D80A44200200100190001000000A4420020A3
S214049D900100190001000000A4420020010019007F
S214049DA001000000A4420020010019000100000088
S214049DB0A44200200100190001000000A442002073
S214049DC00100190001000000A4420020010019004F
S214049DD001000000A4420020B0460020000000005D
S214049DE000000000985D0400CC4D0020E0680020D0
S214049DF08C500020004C0400060000000000000008
S214049E000000000000000000FC7404001475040048
S214049E100B4C040035030400FE000000106900200B
S214049E20000000009C500020045100206C510020CB
S214049E300000000000000000000000000000000019
S214049E400000000000000000000000000000000009
S214049E5000000000000000000000000000000000F9
S214049E60000000000000000000000000E35B0300A8
S214049E70E8760400FFFFFFFF275F0300235F03006D
S214049E80FFFFFFFF2B5F0300FFFFFFFFD9FA010070
S214049E90FFFFFFFFFFFFFFFFFFFFFFFFFFFFFFFFC9
S214049EA0FFFFFFFFFFFFFFFF0000000020A10700E9
S214049EB000000000959C0300000000000000000065
S214049EC00000000000000000000000000000000089
S214049ED00000000000000000AC560020D52202005E
S214049EE0493C0200350304000000000000000000A6
S214049EF00000000000000000AC5600206D2902009F
S214049F00000000003503040000000000000000000C
S214049F100000000000000000AC560020953302004C
S214049F20493C020035030400000000000000000065
S214049F300000000000000000F84C0400AC560020AE
S214049F40ED4D020000000000350304000000000090
S214049F50000000000000000000000000AC560020D6
S214049F60F156020000000000350304000000000063
S214049F70000000000000000000000000AC560020B6
S214049F804D670200000000003503040000000000D6
S214049F90000000000000000000000000B80B0000F5
S214049FA0AC5600202D6B02000000000035030400B0
S214049FB00000000000000000000000000000000098
S214049FC0AC5600200D7402000000000035030400A7
S214049FD00000000000000000000000000000000078
S214049FE0AC5600207D750200000000003503040016
S214049FF00000000000000000000000000000000058
S21404A000AC560020F3720300000000003503040081
S21404A0100000000000000000000000000000000037
S21404A020AC560020C578020000000000350304008A
S21404A0300000000000000000000000000000000017
S21404A040AC560020697D02000000000035030400C1
S21404A05000000000000000000000000000000000F7
S21404A060AC560020BB7F030000000000350304004C
S21404A07000000000000000000000000000000000D7
S21404A080AC560020E1D502000000000035030400B1
S21404A09000000000000000000000000000000000B7
S21404A0A003850300AC560020ADEF0200493C0200D5
S21404A0B0350304000000000000000000000000005B
S21404A0C000000000AC5600201DF602000000000050
S21404A0D0350304000000000000000000000000003B
S21404A0E000000000FFFFD007B80B0000FFFFFFFFD3
S21404A0F0CEFAEFBEFFFFFDFFFDFF0C002C01001E95
S21404A1002C0140068000FFFF04F8FFFF0C0000004F
S21404A110000000004000FDFF2C019C000000FFFF33
S21404A120FDFFFFFFFFFF60EA8000800010C1CDAB9B
S21404A130640A0101FFFFFFFFFFFFFFFFFFFFFFFFB2
S21404A140FFFFFFFFFFFFFFFFFFFFFFFFFFFFFFFF16
S21404A150FFFFFFFF01FF05FFFFFF0101FFFF0201F5
S21404A160FFFF640250FF0F0208031E050216010AD1
S21404A1700C052007051001010F080101010104FF69
S21404A180030101FF0C01FF405AB47F015040300028
S21404A190FFFFFF0B03FF050B01030105020201FF8E
S21404A1A0FFFFFFFFFFFFFF010102FFFFFF010000AB
S20C04A1B0BD4C0000954C0000B4
S804007F3943
