S01B00006275696C642F72656C656173652F7A69676265652E73333714
S21400400008100020757B000009C30000914D0300D6
S214004010914D030011C3000019C30000914D030029
S214004020914D0300914D0300914D0300914D030007
S2140040301DC3000034930400914D0300914D03000E
S214004040914D0300914D0300914D03008D760000C5
S214004050914D0300914D0300914D0300914D0300D7
S214004060914D0300914D03001DC80000914D0300C3
S214004070914D0300914D0300914D0300914D0300B7
S214004080914D0300914D0300914D0300914D0300A7
S214004090914D0300914D0300914D0300914D030097
S2140040A0914D03003D7F0000217F0000914D0300ED
S2140040B0914D0300914D0300914D03006D170200D2
S2140040C083A903007FA90300D10E020099A903006B
S2140040D087A903002D1702008BA9030061FB0100CE
S2140040E0AD170200914D0300914D0300914D030062
S2140040F0914D0300914D0300914D0300914D030037
S214004100914D0300914D0300914D0300914D030026
S214004110914D0300914D0300914D0300914D030016
S214004120914D0300914D0300914D0300914D030006
S208004130914D0300A5
S214004134F0B5114A114C124E00F00105E3695F0711
S21400414413D40DB9334213D103EA00078F4207D1C3
S2140041540B4A1A40002A14BF6FF001000020F0BD7D
S214004164013AEBD16FF00200F9E74FF0FF30F6E7C3
S2140041746FF00100F3E700BF80969800000003503C
S214004184020001000B4B70B5D96911F480310DD1D2
S21400419401244FF48072084E084DF46020462C64C7
S2140041A41A61FFF7C5FF3464EC6070BD6FF0010060
S2140041B4FBE700BF0000035000100350002003502C
S2140041C438B541F6713301220C4C0021E569E363EE
S2140041D40B4B05F48035DA600223606121202361ED
S2140041E4FFF7A6FF10B92120FFF7A2FF0122054B17
S2140041F4DA600DB10023E36338BD00BF000003504E
S214004204001003500020035070B5134C6061E3693E
S2140042145B071ED40E4656F8043B8D18A361AE42C7
S2140042240BD10423002121202361FFF781FF58B915
S214004234BDE870402120FFF77BBF08210846FFF742
S21400424477FF10B10423236170BD56F8043BA361C5
S214004254E5E74FF0FF30F7E7000003502DE9F84399
S214004264154641F67132164B8946DF69DA63012238
S214004274064603F58053DFF8508007F48037DA608B
S21400428455B9284601220F4BDA601FB10022A3F568
S2140042940053DA63BDE8F88306F5005404EA08041C
S2140042A4A41BAC4228BF2C46494622463046FFF79C
S2140042B4ABFF0028E6D12644A1442D1BE0E700BF4F
S2100042C4000003500020035000E0FFFF45
S2140042D02DE9F04F4FF0FD0BC9B09A460DF11B09C2
S2140042E09DF8503108AFCDF80C90CDF808B0019786
S2140042F0059303890446009383790E4690464188C9
S2140043008288407811F050FF054650B10090A3888F
S214004310002062883A4912F08BFA284649B0BDE878
S214004320F08F99F8000033F04AFE38B12846A3888B
S2140043306288344912F07CFA8D25EEE75A463946F3
S21400434099F8000033F0E3FD8346002851D0529BD5
S2140043501BB1BDF84C3198424BD8002399F8009019
S2140043600793A9F14102012A5FFA8BF123D8384658
S2140043700139254ADFF898C05FFA81FE734513DBE2
S214004380059B04210792C3B907AF18221F489FED6B
S2140043901A7B02FB060420460A460830394684ED9E
S2140043A0027B16F09BFF11E010F8011F013351400D
S2140043B00CFB01F2E2E7059B33B123464A4638463A
S2140043C000960FF019FEA8E70829DED9B8F1000F0D
S2140043D001D088F80090BAF1000F01D0AAF800B01A
S2140043E0529B002B99D05A46184608A916F076FF1D
S2140043F093E7012591E700BF0000000000000000E1
S214004400C73C0400FC3C0400C59D1C8180100020B5
S21400441093010001000000002DE9F04F93B0CDE9B4
S2140044200A32DDE91C530E9353EC102BCDE908013C
S214004430104619468DED060B1E9E16F0D9F980B172
S214004440DDE906014FF0FF32C54B16F0F9F940B929
S214004450DDE906014FF0FF326FF4801316F0D2F953
S21400446070B1DDE908019DED060B0E9B1E96CDE9A9
S2140044701C53DDE90A3213B0BDE8F04F00F088B9EE
S2140044800022DDE90601002316F0BCF9002800F042
S2140044903381DDE906A303F1004BCBF30A5016F493
S2140044A08063A0F2FF3008BF06250F9315F0CEFEFE
S2140044B09BA3D3E9002315F033FF9BA3D3E9002386
S2140044C015F078FDCBF31304894644F07F518046FF
S2140044D00022A44B504641F4401115F069FD94A308
S2140044E0D3E9002315F01CFF02460B46404649461A
S2140044F015F060FD16F0AEF9044615F0A7FE8EA383
S214004500D3E900238046894615F00AFF0022964B21
S21400451015F050FD16F09EF989A3D3E9002307464F
S2140045204946404615F0FCFE80463846894615F05A
S2140045308DFE85A3D3E9002315F0F2FE02460B4656
S2140045404046494615F034FD02460B46CDE90C239D
S21400455015F0E6FEDDE90C2380468946104619462E
S21400456015F028FD0022CDE91001804B4046494653
S21400457016F000F800227E4B15F01CFD02460B4696
S2140045804046494615F0F6FF00227A4B15F012FD1C
S21400459002460B464046494615F0ECFFDDE90C2383
S2140045A08046894600204FF0804115F001FD024606
S2140045B00B464046494615F0FDFC02460B46DDE933
S2140045C0100115F0D7FF07F2FF3700226A4B15F0EF
S2140045D0F1FC00223B0515F0A3FE52465B468046E2
S2140045E0894616F02DF9002840F08980CDE90C891F
S2140045F004F16303C62B8CBF0527042731051BD5A2
S21400460053A3D3E900235046594616F00FF9002865
S2140046107FD051A3D3E900235046594616F0F2F84E
S214004620002876D00027A542C6BF2C1B04F1FF3514
S21400463000253C4646F480660E9B9F422CBF4FF0FA
S2140046400008A3EB070816F0020903D0002F18BFD6
S2140046504FF000083CB1DDE90C235046594615F0F2
S21400466089FF82468B46DDE906010022002316F00C
S214004670C9F810B10BF100439B46DDE9080126F4AA
S2140046800063CDE90183DDE90A324BEC10AB0095FF
S21400469000F07EF802465FB3DDE9091316F0200F3E
S2140046A000F10105089E0CBF65204520B047DDE9F6
S2140046B008010523002205930A23002CCDE90232C7
S2140046C007F1FF374FEAD473B8BF64422A46019316
S2140046D004970A9B009435F0CCFA0246B9F1000F15
S2140046E006D00B9BC41A0B9B1A190E9BA34245D8E7
S2140046F0104613B0BDE8F08FDDE906ABCDE600222C
S214004700404649461A4B15F035FF013CCDE90C01F1
S2140047106EE7002D90D00F9B002B8DD0013D8BE7D0
S214004720FB799F501344D33FB3C8608B288AC63F9B
S21400473061436F63A787D23F71A379094F930A40FD
S2140047401655B5BBB16B0240EF39FAFE422EE63F76
S2140047502D431CEBE2361A3F0000000080842E41F9
S214004760FFFFEF7F0000F83F0000E03F00002C4016
S21400477000002440000018400000F03F2020DDE943
S2140047800913089DA8470134ADE700BF00000000EC
S2140047902DE9F04F5BEC10AB97B0CDE90501DDE9F4
S2140047A02058CDE90723504652465B465946229F7D
S2140047B016F01EF870B90323CDE902870193AA4BC1
S2140047C00093DDE90501DDE9072335F084F917B02C
S2140047D0BDE8F08F4FF0FF326FF480135046594615
S2140047E016F010F828B10423CDE9028701939F4BF9
S2140047F0E6E74FF0FF32504659469D4B16F020F83C
S21400480068B19C4A07F00403002B08BF03229A4BAA
S2140048101CBF13460422CDE902870192D0E750461A
S2140048208DA3D3E90023594616F00AF838B98CA3AD
S214004830D3E900235046594615F0E4FF68B1DDE998
S2140048400723DDE905014BEC10ABCDE92187209568
S21400485017B0BDE8F04FFFF7DFBD0022002350463B
S214004860594615F0CFFF002800F091805B4652466F
S2140048700020002115F09CFB012382468B460993FD
S21400488017F4806400F08580092D40F285800024AE
S21400489030210EABA5F109020134202C03F8011BD0
S2140048A0A5EB040901D09442F6D15946504615F0BE
S2140048B0D1FF724B054603EBC90393ED007B8DEDEC
S2140048C00A7B15F0C3FC02460B465046594615F0C7
S2140048D06FFBDDE90A2315F023FD02460B46CDE902
S2140048E00C2315F0DFFF064615F0A0FC02460B462B
S2140048F0DDE90C0115F05CFB02460B46CDE90C2306
S21400490000225F4B15F09CFF002848D00136304649
S21400491015F08CFC02460B46DDE90A0115F07CFF1B
S21400492008B100260135B9F1000F45D1284615F02B
S2140049308DFC02460B465046594615F039FB0022C0
S2140049404F4B15F05FFF10B9E90700D501350A2176
S2140049500EAB1A19202C0AD095FBF1F001FB10556E
S214004960303502F8015B013405460028F2D107F025
S2140049700302012A55D1B8F1000F52D0099A12B994
S21400498017F00C0F01D008F1FF38302240E00990F4
S21400499076E74FF0060988E7A946002485E7002257
S2140049A0DDE90C01364B15F02DFF0028BBD10EB10A
S2140049B0F007B8D50136B6E70A210EAB1A19202C37
S2140049C00DD0B6FBF1F001FB1063092E03F13003A6
S2140049D009F1FF3904F1010402F8013B11D8302136
S2140049E0A1440EAA202CB2D04C4504F101030AD1F2
S2140049F004F158020DEB02042E2204F8202C1C466B
S214004A00A5E70646DBE7A1541C46EBE71A5501343A
S214004A10444506D2202CF9D1CDE9028701940EAB8D
S214004A20CEE6202CF8D0099B3BB12D2204F158038A
S214004A306B4403F8202C0134EEE77A0704D504F122
S214004A4058032B226B44F4E73B07E5D504F15803E3
S214004A5020226B44EDE700BF0000000065CDCD418D
S214004A600000000065CDCDC1B65A0400BA5A040055
S214004A70FFFFEF7FAD5A0400B25A040070A2040094
S214004A800000E03F0000000070B58EB02C22002130
S214004A9003A816F093FA64234FF002320893CDE988
S214004AA005230B2301218DF834305B4B8DF8101055
S214004AB01D880D4040F0A980084639F099FB0A226F
S214004AC0564B574C1A704FF42873ADF812304FF00F
S214004AD0FF332360534B54491B8820460B82534BAD
S214004AE0534A1B68CD828B61524B0D621B884B82EA
S214004AF0514B1B68CB611CF0CFFE20B14FF41B71ED
S214004B004E483AF0B6FC0521206835F09BFA20B1F5
S214004B1040F27D2149483AF0ACFC206815F004FAD2
S214004B20474B2068196835F050FB0C2539F0C8FF54
S214004B306843099039F0C4FF68430DEB0501079000
S214004B40206817F0FDF820B140F295213B483AF076
S214004B5090FC25681FF04AFA00220146284635F0E8
S214004B60ACFB20B140F2972134483AF082FC40F288
S214004B700353344D344E2B80052396F90000AB705A
S214004B807F2801D11CF07EFF3378EB7039F098FF58
S214004B9000EB80008000A88039F092FF0023C00060
S214004BA04FF0FF31E880AB604FF0FF3018A3D3E939
S214004BB0002339F06FFC2549206835F037FB206864
S214004BC002A935F053FF20B14FF434711B483AF078
S214004BD050FC042220680DEB020135F0CBFA0428C5
S214004BE004D040F2D72115483AF043FC01A9012031
S214004BF034F0D6FE07F0CCFB01201DF0D5FB30F0DC
S214004C00BFFE1DF0FBFB1CF0D5FE0EB070BD00BF56
S214004C100A0020FF420300001A5E00207165002093
S214004C2040560020A2BB04002C6C0020A8BB040049
S214004C3019E20300A0BB0400A4BB0400E591040035
S214004C407C690020345600204A6F00208DE2030065
S214004C500348044B834202D0034B03B11847704706
S214004C607C6F00207C6F002000000000064B074988
S214004C70C91A891048BF0131491003D0044B0BB143
S214004C8001481847704700BF7C6F00207C6F0020EB
S214004C900000000010B5064C237843B9FFF7D8FF94
S214004CA0044B13B10448AFF300800123237010BDFA
S214004CB0681600200000000048DF040008B5044B1A
S214004CC01BB104490448AFF30080BDE80840CDE7B7
S214004CD0000000006C16002048DF0400A3F5803AB0
S214004CE0704700BF154B002B08BF114B9D46FFF7C2
S214004CF0F5FF00218B460F461148124A121A16F08D
S214004D005DF90C4B002B00D098470B4B002B00D0C6
S214004D1098470020002104000D000B4816F094FC74
S214004D2016F024F9200029002FF09EFC16F07AFCDD
S214004D30000008000000000000000000081000202E
S214004D4008100020D4650020B1B6010007B5012187
S214004D5020200DF1070201F035F850B10121202086
S214004D600DF107028DF8071001F03CF803B05DF86E
S214004D7004FB9DF807100129F8D00122084815F019
S214004D800BF801210DF1070220208DF8071001F025
S214004D9029F82FF0EBFB4FF4FA6000F05DFEE5E734
S214004DA0A8F8030038B501F0A5F9012805D001F0F0
S214004DB0A1F9022801D001F0C3F9064D2B783BB9C2
S214004DC001F098F90128044602D12FF044FC2C701B
S214004DD038BD00BF065F002010B5044600882FF0DF
S214004DE099FBA37884F84400834202BF0123E37052
S214004DF02371074B04F11C00C4E9073401F038F8AE
S214004E00224620880349BDE8104000F075BF00BF69
S214004E10AB4203007542030070B5C37804460D46E6
S214004E201646002B34D1D1B1214814F0B5FF01232A
S214004E30E370E36CA6600BB1E06D9847E368F61A82
S214004E4063699E4221D2217E1A480131C9B2217679
S214004E5014F0A2FFA36D13B1217EE06D9847E570B4
S214004E602FF097FB15B3237903BBA268238A801A19
S214004E7083421BD801231048237114F08DFF236D45
S214004E80A3B1E06DBDE87040184701232376E6E73E
S214004E900029E4D1094814F07FFF636DE660E570F1
S214004EA02571002BDBD0E06D9847D8E770BD00BFBA
S214004EB0D0F80300E1F803000FF90300FCF8030044
S214004EC070B51E46838804460D46C18002810BB12C
S214004ED0868070BD817800882FF008FA0123E37081
S214004EE0064BA680C4E903340C34204600F0C0FF0D
S214004EF029462046BDE870402FF042BBF74203002B
S214004F0010B501790446B1FA81F1008849092FF0FD
S214004F1064FA21796088B1FA81F149092FF05DFAC7
S214004F20034B1A68A24204BF00221A6010BD00BFDD
S214004F3084160020F8B543790446ABB100880E4FBE
S214004F400E4E3B6804F1080513B10D4B1B786BB190
S214004F5021792FF042FA0B4B3C6028463178A3604B
S214004F60BDE8F8402FF00CBB4088E8E7064814F090
S214004F7013FF064BF1E700BF84160020EA6E002000
S214004F80075F0020014F000025F90300354F0000A1
S214004F9010B50446E0B10F4814F0FEFE012363711D
S214004FA0A37953B9217920882FF017FA236B7BB1A8
S214004FB0606B0121BDE8104018472046FFF7A0FFB0
S214004FC004F108002FF0E1FA2046FFF7B3FFEDE703
S214004FD010BD00BF5BF9030010B50446F8B11048D9
S214004FE014F0DAFE00236371A3796BB92179208867
S214004FF0B1FA81F149092FF0F0F9236B7BB1606BB0
S2140050000021BDE8104018472046FFF779FF04F15D
S21400501008002FF0BAFA2046FFF78CFFEDE710BD28
S21400502066F9030010B5044668B1074814F0B4FEEC
S214005030637920461BB1BDE81040FFF7CDBFBDE841
S2140050401040FFF7A5BF10BD72F9030010B50E4C57
S2140050500E48214614F0A0FE82210D4814F09CFE56
S21400506082210220A21E00F0BDFE014630B134F8B7
S214005070022C0848BDE8104014F08EBE0648BDE875
S214005080104014F089BE00BF9257002081F903003B
S2140050909CF90300A7F90300EBF9030038B50E4CA2
S2140050A082212246022000F08DFEA51C014650B14A
S2140050B022880A4814F070FE45222846084916F051
S2140050C00DF94423238035F8021C064A0648BDE83D
S2140050D0384014F061BE00BF90570020F6F9030078
S2140050E076FA03009257002054FA0300034B1B780D
S2140050F01BB18B4201D82FF039BA7047EB6E0020F7
S21400510010B5044601460E4814F046FE012C11D197
S2140051100C4B0D481A884FF6FF739A421EBF0022AA
S214005120094B5A742FF03FF901F0D2FEBDE810404B
S21400513001F0A4BD0448BDE810402FF036B900BF0A
S214005140BBFA03009C6E00200869002070B500249E
S2140051501A4D1B4E3378A3421BDC0024194D1A4E01
S2140051603378A3421BDC0024184D194E3378A34233
S2140051701BDC00F0BFFF012816481CD12FF013F9E6
S21400518001F0A6FE01F07AFDBDE87040124800F07E
S214005190D1BF2846FFF720FE01346035DAE72846FF
S2140051A02FF0E7F801343435DAE728462FF01AF9FD
S2140051B001343835DAE72FF0F8F8E5E774230020F5
S2140051C00D5F0020942700200E5F00204421002061
S2140051D00C5F002008690020015100002DE9F04F07
S2140051E087B0FFF75BFFBB4B05A805932FF01EF9B2
S2140051F0054615F0DFFDB84CC2B21F2A627004D90E
S214005200B64814F0C9FD00F01BFC2946A01C16F099
S21400521065F805A82FF00AF9054615F0CBFDC2B2D1
S2140052201F2A84F8212001D9AD48EAE7294604F16F
S214005230220016F053F805A82FF0F8F83226044698
S21400524000272578002D40F09280A64CFFF77EFFC1
S2140052502378DFF8D0A2DFF8D082A34E00939AF826
S214005260003098F800203178A04814F095FD327888
S21400527098F800109AF80000531803449C4F2078C2
S2140052802C4603443846DBB2AA4200F3EA82012BDE
S21400529038BF0123DFF860B202935A4600235D460A
S2140052A04FF482714FF6FF740298013383421370F5
S2140052B05180948002F10C02F6DB8E4B8E498648B4
S2140052C0AB6000F0F3FFE879AB6800EB400003EB5F
S2140052D0800000F0C1FDEB790133EB71874B1B8832
S2140052E0A34203D08449864801F0E2F84FF0000953
S2140052F0804C32784A4500F3DD8200274FF00C09D7
S214005300804ADFF8F4B198F800003178B84200F32C
S214005310E68247180C21002501FB07B19AF8000029
S2140053209423A842784A00F3F8820C2598F80030B7
S21400533000274FF482783678DFF8F0A11E44064442
S21400534005FB06B5674B1B78BB4200F3F982029952
S214005350694800F00FFE059B5E491A468B4240F0F6
S21400536002836A4807B0BDE8F04F14F015BD532D10
S2140053700FD163784C2B40F05981A378502B40F026
S21400538055810122624B1A7005A82FF04FF804468B
S21400539057E74C2D0ED16378502B40F0C980A37888
S2140053A0303B092B00F2C480A01C2FF04CF8594B60
S2140053B01870E9E7442D13D16378303B092BE3D806
S2140053C0601C2FF040F8544B544A1978002386B2DC
S2140053D0994202F16002D7DD22F8466C0133F7E706
S2140053E0422D0BD16378542B55D1A01C00F0D2FC73
S2140053F0424B188018462EF01AFFC5E7582D33D8B2
S214005400412DC1D9433D152DBED801A353F825F033
S214005410CF570000895300008953000089530000CD
S21400542089530000895300007F550000895300000F
S21400543089530000315500007B540000895300005A
S214005440895300008953000089530000B1560000BC
S2140054502D56000089530000895300008953000030
S2140054608953000027570000692D8DD1601C2EF04F
S214005470EAFF80B22FF076F886E71B4B01201978FA
S21400548000231B4A994202F1A8027FF77DAF02F87B
S214005490A60C0133F6E7601C00F07CFC0546E01C19
S2140054A02FF049F80121024628462FF000F8602127
S2140054B019481A4C03785943621865524FF4FA613A
S2140054C011824FF4487151611549568311650133B5
S2140054D0037059E7925700201C680020DAFA030090
S2140054E0F1FA0300085F00200B5F002001FB0300B9
S2140054F0981E002050170020D81600209C6E002012
S21400550088160020981D0020DC1B002051FB03009D
S214005510075F0020EA6E00200D5F00207423002045
S21400552017440300095F00200A5F0020D0180020FF
S214005530601C00F02FFC00224FF034088146CD4F4F
S21400554011462EF0B4FF3878CB4D08FB00F325F853
S2140055500390EA18E3781046693B18BF012393705E
S2140055602EF007FF0021C54A3B785160012103FB5E
S21400557008550B443B7015600F46117404E7601C19
S21400558000F008FC0022114681462EF090FF3422DF
S214005590B84DDFF8E482287802FB00F328F8039081
S2140055A008EB0301E3780846693B18BF01238B70BC
S2140055B02EF0DFFEB24A00231046916B31BB00EBA3
S2140055C0831034232A7802FB03838363AD4A0023C7
S2140055D01046D2F8A410F9B9A82202FB030034231F
S2140055E02A7802FB0383C0F8A4305FB9A34A3B467F
S2140055F0114652F8040BA8B93422287800FB028220
S21400560041F823202B7801332B70BDE60133042BA1
S21400561002F14002D1D1D9E70133042B02F1A802EE
S214005620D7D1E2E70133042BE3D1EBE7601C00F0AF
S214005630B1FB8046E01C2EF07EFF0121024640466C
S2140056402EF035FF60219048904D0278DFF858C262
S21400565051436B1825F801804FF44871198259613F
S2140056608B495E839965E178A824642904BF0121EB
S21400567099709CF80030DFF80CE25C430EEB0401F6
S2140056800EF804304FF400744C8003240C718C71B7
S21400569002EB420405EB441532240133DBB201323F
S2140056A04B718D6081F8A04002708CF800306BE67C
S2140056B0601C00F06FFB00224FF0380A8146DFF8CE
S2140056C0E08111462EF0F3FE98F80030714D0AFB8B
S2140056D003F325F803904FF00109EA1882F80490C6
S2140056E0E37873B1E01C00F055FB00220446114637
S2140056F02EF0DDFE98F800300AFB03535C8083F83A
S214005700069065485E4A03789901535498F800104D
S21400571002EB8314C1EBC10205EBC2054A1C6563AC
S21400572088F80020D3E6601C00F034FB8046E01CBE
S21400573000F030FB0546601D2EF0FDFE04460246D6
S214005740012140462EF0B3FE2246284601212EF0C7
S214005750AEFE60204FF4487CDFF82CE14B4A9EF802
S214005760003000FB03F422F80480DFF824811119CE
S214005770A1F810C0C1F814C04E83C1F85880591C57
S214005780C9B248431418A4F810C0C4F814C06683FD
S214005790C4F8588094241552404D981C8EF800008A
S2140057A02878DFF808C1444303EB430301EB4101CB
S2140057B00CEB040E02EB431302EB41120CF8040050
S2140057C0CEF80430CEF8082001302870DCE5601CE6
S2140057D000F0E0FA8046E01C00F0DCFA0022054605
S2140057E0114640462EF063FE002238241146284615
S2140057F02EF05DFE2A48274A03784FF0000E04FB81
S21400580003FC22F80C804FF0010802EB0C0181F833
S21400581006E081F8048003EB0801C9B24C4302EBB2
S214005820040C15539C1C04704FF482741D4D8CF8A8
S21400583006E028788CF804804443DFF874C0C3EB95
S214005840C303C1EBC1010CEB040E02EBC30302EB76
S214005850C1020CF80400CEF80430CEF8082040440C
S214005860B3E790F805C001358C4584BF04714471D8
S214005870A83009E50E5F0020942700200869002064
S214005880981D0020981E00200D5F00207423002025
S214005890ED500000442100200A5F0020095F002030
S2140058A00C5F0020085F00200B5F0020DC1B002040
S2140058B0D0180020B9F1000F07D01BF8052C02EB1A
S2140058C0420204EB8204CBF808405946384601F001
S2140058D0D3FC09F10109A8370BF10C0B09E579187F
S2140058E00AD0481E09FB00B0C07900EB400004EB6C
S2140058F0800409FB01B08460104609FB0151039245
S21400590001F078FA31781C48394409FB015101F05E
S2140059109BF9039A01374032F5E4FD4218BF11F8AF
S214005920050C03911EBF00EB400004EB80048C6066
S21400593003FB052001F0A0F8039901350C31EDE4D6
S214005940F74218BF15F8053C29461CBF03EB430376
S21400595004EB830408FB07A018BFAC6000F03EFF12
S21400596001370C35EEE413F8011D00297FF4F4AC82
S2140059703B2102F8011CEFE43821002007B5012185
S21400598021200DF1070200F01DFA18B99DF8072036
S214005990024B1A7003B05DF804FB00BFEB6E0020EC
S2140059A007B5064B8DF80700187001210DF10702A8
S2140059B0212000F017FA03B05DF804FBEB6E002020
S2140059C007B5022101200DF1060200F0FBF938B9F7
S2140059D0044814F0E1F9BDF8060003B05DF804FBD6
S2140059E00020FAE76EFB030007B50221ADF80600BB
S2140059F00DF10602012000F0F5F9014610B103484A
S214005A0014F0CAF903B05DF804FB00BF8FFB030077
S214005A1010B5FFF7D5FF04460146074814F0BCF959
S214005A200121064814F0B8F924B9BDE81040012059
S214005A30FFF7DABF10BD00BFBFFB0300D1FB0300BA
S214005A4008B5044814F0A8F900F0DCF92EF08EFD35
S214005A502EF089FDE7FB030038B50446084D094BD8
S214005A6028462B6000F004FA002C18BF2146284672
S214005A70BDE8384008BF4FF496712EF081BD00BFD8
S214005A8098280020654403002DE9F043384D91B076
S214005A9008AC0746894690460FCD0FC495E80F0020
S214005AA0002684E80F0001250323324C3248CDE956
S214005AB00366CDE905668DF80E300796029539F037
S214005AC081FC2E4839F07EFC32462D4920468DF862
S214005AD0176004F0F9FC334632462A498DF819005F
S214005AE0009020468DF82390CDF82C808DF821600C
S214005AF004F004FD0A9020468DF8097004F066FC58
S214005B00204608AA05A904F01FFD02AA204603A9FC
S214005B102FF092FE4FF400721B4B5A62194BE56051
S214005B20626A920510D46BB94FF40072164B114896
S214005B305A6204F04BFC114839F047FC002011B0C3
S214005B40BDE8F083013BEBE7002BEDD0094908A840
S214005B502FF0A5FE4FF400720B4B06485A6204F075
S214005B6035FC064839F031FCBDF82000E7E700BFF9
S214005B70EC9204000040005A9495040090950400AE
S214005B8080841E0040420F000060005A0122034B32
S214005B901870034B1980034B1A707047105F002073
S214005BA0A46E00200F5F0020F8B5454B1B780BB99C
S214005BB00020F8BD434B1B78012B03D1BDE8F8400D
S214005BC02EF053BC404B1C884FF6FF739C42EFD020
S214005BD03E4839F0F7FB0023260AE4B21A4621466F
S214005BE0304604F0B3FB012E354604F0010335D0F1
S214005BF015D9B51E012DDBD8002B0BBF4FF48075D1
S214005C004FF080754FF470614FF070610BBF012745
S214005C104FF480370F204FF470202D4B11E0002BEF
S214005C200BBF4FF480754FF080754FF470614FF0E6
S214005C3070610BBF01274FF480370F204FF47020A0
S214005C40244B1A6802401CD0BA421AD01A680A407E
S214005C5032D11A6822EA01022A4316E0002B0BBF53
S214005C604FF480754FF080754FF470614FF070619F
S214005C700BBF01274FF480370F204FF47020164BD0
S214005C80DFE71A6822EA00023A431A602EF0EDFBBC
S214005C90054600288CD0083644EA06102A4603211A
S214005CA0C0B2FFF7F1FE40F6FF73684300F2FF70E4
S214005CB0B0FBF3F080B27CE795427FF479AFC8E79B
S214005CC00F5F0020105F0020A46E00209495040053
S214005CD028C3035020C3035024C3035010B5044CFC
S214005CE0237823B9034839F06DFB0123237010BDD8
S214005CF0125F0020949504002DE9F0431F4C85B0F8
S214005D00074688469146FFF7E9FF23781BB901F05E
S214005D10CDFF012323707BBAADF80C303022002370
S214005D20174E02FB03F4315DA51901BB0123335561
S214005D304FF0FF3304F1100012493044AB606F801F
S214005D40C5F80480C5F80C9009F042FA04F1080181
S214005D50042231440C4B009503A802F07DF8A96894
S214005D6002460A4814F018F805B0BDE8F08301337F
S214005D70102BD6D1064814F00FF8F5E7115F002077
S214005D80C02800208F440300A1440300F4FB030056
S214005D9022FC030080B10278A2F14103032B0BD84A
S214005DA040783038C0B2082806D8054B134413F89C
S214005DB0413C40EA032070474FF6FF70704700BF33
S214005DC00C93040008B50B4642B10146044800682F
S214005DD003F086F9BDE808402EF0BEBB022008BDE1
S214005DE07469002008B50B4642B1014604480068B5
S214005DF003F0FEFABDE808402EF0AEBB022008BD58
S214005E0074690020F0B50026124F8DB0FF23009372
S214005E100A223346386802A92FF0CBFAC0B102AB8B
S214005E201D4603EB800404E055F8043BB34228BF4C
S214005E305E1CAC423868E9D9296803F05FFC00288C
S214005E40F2D02D28F0D00DB0BDE8F0402EF084BB87
S214005E500DB0F0BD7469002028B1034B0360034BFE
S214005E604360002383607047190000031C6900200C
S214005E70FF2307B50021044A0093083009F02CF9E7
S214005E8003B05DF804FB00BF7B4503000B460449E6
S214005E90024608680349097808B12EF081BB7047AE
S214005EA0CC2B0020145F0020F7B50C4618B1292132
S214005EB0194839F0DEFA246823685E795F88304630
S214005EC03946FFF7E3FFF0B18568E5B1A089227D8A
S214005ED03946904291BF0020801AA36880B294BFD2
S214005EE003469B18E27C00903046A84701380328FA
S214005EF003D8DFE800F0080F0B0D0024204632F030
S214005F00C8FD204600E0812003B0F0BD8024F5E700
S214005F109324F3E78724F1E74AFC0300F8B5154617
S214005F200D4A044610680D4A0B46117850B12246B9
S214005F302EF036FB034628B100210C27C678B14266
S214005F4001DB0020F8BD07FB01F45A681019125B4C
S214005F50AA42F7D00131F2E7CC2B0020145F0020D4
S214005F6008B5034B1B6803B19847002008BD00BF67
S214005F70C82B00202DE9F74F04460D460026454B5A
S214005F80454F1860454B197033010021F85C013607
S214005F900FF0F8FE0C2EF7D10C2D28BF0C254FF075
S214005FA0000901953C4EDFF800A13D4DDFF8FC806E
S214005FB0019B4B4502DC03B0BDE8F08F23784FF021
S214005FC0000B337063887380A388B380A379C6F808
S214005FD00880B371E379C8F8005088F804304FF0B1
S214005FE00003A768A8F80630E3795B450ADC0121C0
S214005FF016F8100B0FF0C6FE08F1080809F10109A3
S2140060000C34D5E74FF0000338886B812880FB7886
S2140060104FF0000C2B81BA78C5F804A0002A009235
S2140060200CBF802240222A7379680AF10C0263456D
S21400603013DC03EB43030AEB830ABB6843B1009A05
S2140060404FF6FF71B2FA82F2164B520932F0B1FCEB
S21400605014350BF1010B0C37C6E7B1F800E00CF174
S214006060010C22F80CEC91F802E00C3202F816EC67
S21400607091F804E00C3102F815EC11F809ECBEF1C9
S214006080010F14BF4FF0100E4FF0110E02F814EC73
S214006090CDE700BFCC2B002094420020145F0020E8
S2140060A0D0310020A95E0000D02B00205034002004
S2140060B0014B1860704700BFC42B002070B51288D3
S2140060C005460E46FFF72AFF044670B1027904998A
S2140060D0806814F0C5FF064B1B680BB9002070BD26
S2140060E03146284622889847F8E78620F7E700BF1B
S2140060F0C42B002008B50EF0E1FE022806D00128C9
S21400610006D0044B18784000C0B208BD0120FCE75A
S2140061100220FAE7135F0020054B10B51C682CB16F
S214006120FFF7E8FF2346BDE81040184710BD00BF44
S214006130C02B0020014B1860704700BFC02B00200A
S214006140034B1A781AB901221A700AF0BDBE7047BE
S214006150135F00200022024B1A70FFF7DDBF00BF5E
S214006160135F002037B50446002836D00EF0A6FE92
S214006170022834D1608933F009F8E079237A0038B0
S21400618018BF0120012B637A08BF40F008000BB14E
S21400619040F0100063890BB140F00400257CA18814
S2140061A0A2790DB1E36893B90F4B10F0C7F92178C7
S2140061B0084610F03FFA32F0F5FA044610F0F8F907
S2140061C07CB100280CBF0020032003B030BDCDE911
S2140061D00035064B10F0B2F9E9E70220F5E701209A
S2140061E0F3E72046F1E700BFE0490400E3180400A7
S2140061F008B50CF0C7FF014630B1044813F0CCFDDB
S214006200BDE808400DF062BB08BD00BFBCFC030043
S214006210034B044A5B7C012103201370FFF7E2BDA9
S21400622008690020155F002010B50446FFF7F0FF50
S214006230B4F57F4F0BD100240F4B1A8813449C7083
S214006240FEF704FF2046BDE81040FFF705BC4FF6FA
S21400625001739C4204D1BDE8104008482EF08BB86C
S2140062604FF602739C4205D1BDE81040044B1878E7
S214006270FFF796BB10BD00BF9057002008690020AE
S214006280EB6E002010B5074C012122460320FFF7D5
S21400629099FD28B92378044A003B18BF012353749C
S2140062A010BD00BF155F002008690020F8B5564BEA
S2140062B030251A884FF6FF739A4218BF03234FF013
S2140062C00802524C18BF2370514B1A7032229D7030
S2140062D05D7139255A70DA7036229D7131251A7132
S2140062E01A724FF40012DD714A4D4264C5644A4D7D
S2140062F001220565494D86188565494DC667C56501
S214006300484D494E4566494D80F848208566484DBB
S21400631080F854200567474D80F8602045672025A3
S21400632080F8785080F8845000F12105C0F8885035
S214006330414D80F86C20C0F88C50C0F8806080F822
S2140063409020C0F89440C0F8B8303C4B3C4CC0F8A5
S214006350BC300223C0F898403A4C80F8C030C0F8F1
S214006360A4400F24384B80F8A840C0F8C430374B00
S214006370374CC0F8C8308223C0F8AC40354C80F8A3
S214006380CC30C0F8B0400924334B344DC0F8D03080
S214006390334B80F8B440C0F8D4302C7C314B80F8B6
S2140063A09C20C0F8A00080F8D820C0F8DC3044B1AB
S2140063B02D4B80F8E420C0F8E03005F11103C0F85A
S2140063C0E8304FF0000CCA798E6802EB42039F005B
S2140063D0443006EB830326F807C0586001200D34CE
S2140063E09870DC701318CB71FFF7C8FAFFF74AFFF6
S2140063F0FFF780FE012806D12B7C23B1BDE8F840CC
S21400640016482DF0B8BFF8BD9C6E0020EC6E00203C
S214006410165F00202593040001002000249304004A
S2140064200200200023930400050042000300200021
S214006430229304000400420007003000FDFF210004
S21400644012001001004042002093040000FF4401A7
S21400645010930400060042009057002008690020B0
S21400646002FF2001EB6E002001FF100113B5044669
S2140064700D482DF0E7FE6422C0F30F43637083B22D
S214006480B3FBF2F3A0782370202201212EF0AAF8A5
S214006490A078212201212EF0A5F80449201D02B083
S2140064A0BDE810402EF06CB89C6E0020E09304000F
S2140064B00B7870B583704CF61E0303804FF02013E4
S2140064C0C362012380F8303080F83C30C318036480
S2140064D0124B044643640223114A80F84830114B9D
S2140064E08263C3644063CA798D6802EB420305EB9E
S2140064F0830004F12C0646600B4E45F8236000230B
S2140065008360531CCB71094B201DC4E90134FFF78F
S214006510AFFC2046BDE87040FFF7A8BFFDFF210096
S2140065202100200026930400010001036D64000092
S214006530F8B54FF6FF73994204460E4609D0B0F8F8
S2140065407E308B4205D04FF6FE729142037B01D11E
S2140065500BB9F8BDEBB120462EF00DF920462EF013
S214006560CDF84FF6FE739E4213D1A068FEF734FDB9
S2140065706068FEF731FD2EF00CF800232373A06749
S2140065804FF47F4260784FF48171BDE8F8402EF0FA
S21400659029B8B4F87E50237BB5422CBF02250125CE
S2140065A0AB4218D0D4E90107637B13B13B460746DC
S2140065B01846012D41D1FEF7EBFC3846FEF70CFDE0
S2140065C02DF0E7FF4FF47F42A0674FF481716078AB
S2140065D025732EF007F8E389A4F8806004F1B4066A
S2140065E00BB9238A7BB3B4F87E30A4F888302DF03C
S2140065F0D0FF012DB4F87E30B4F88020C4F88400B3
S21400660038D1D31A022DE18903D1208A002818BF79
S214006610014659436423594342F21073B1FBF3F128
S2140066200AB19A4201D101F6B83130462DF0A8FFE2
S2140066302046BDE8F8402EF0A9B8FEF7CDFC384657
S214006640FEF7A6FCBCE742F21072012D08BF134607
S214006650A4F87E3014BF0023642360784FF4817161
S214006660A37508222DF0BEFF3046BDE8F84002496B
S2140066702DF086BF9B1AC5E7E0930400094A437BCA
S2140066800C211370C3895380038A9380438AD38076
S214006690838A1381B0F87E30538100781130C0B2FF
S2140066A0FFF7A0BB1258002038B5044600780D4D01
S2140066B011302A460C21C0B2FFF784FB80B92B7834
S2140066C0204663736B88E381AB882382EB88638202
S2140066D02B89A3826B89A4F87E302DF0D9FFA07594
S2140066E038BD00BF12580020024B53F820002EF091
S2140066F0F8B800BFB034002010B50446052923D8EA
S214006700DFE801F003080C22221020462EF0DEF807
S214006710002010BD20462EF0DDF8F9E720462EF0CA
S214006720DCF8F5E7E18911B9218A0029F0D082B1B9
S2140067307BB1117864290ED820462DF0C6FF01469D
S21400674020462EF0B4F8E3E7044813F025FB0120BA
S214006750DFE70320DDE70220DBE700BFE9FC0300FC
S21400676010B4054C114654F820001A46BDF8043003
S2140067705DF8044BFFF7C0BFB034002000234FF095
S214006780967210B5C0E903233222044682750F4A7A
S2140067908382C267C0F88430A0F888308367A0F888
S2140067A080308C30FFF764FB094B04F1B400C4E979
S2140067B02334FFF75DFB074B04F1DC00C4E92D34FE
S2140067C0FFF756FB044BC4E9373410BDFFFF8813B0
S2140067D0BD480300C9470300B147030038B5044667
S2140067E00B78294A43700D4642F82300FFF7C6FF90
S2140067F02046FFF759FF4FF44013A3610123237788
S21400680084F8283084F8343084F8403004F10D03DE
S21400681063641E4B1E4AA364022322621D4A84F848
S2140068204C30626204F11602E2621B4A84F8583069
S214006830226304F10C02A263184A84F86430E2630F
S21400684004F10E022265164A84F87030626504F17F
S2140068501002E265134A04F11403226604F11202E0
S214006860A266114A6367E266EA79A86802EB420309
S21400687000EB830118344C600C4C40F823400C4B62
S2140068808B60531CEB7138BDB034002002FF210131
S2140068901F5F00200800200000FF300001FF1001ED
S2140068A003FF210104FF210105FF21010201010868
S2140068B06167000010B44FF48274427B0C48013AC2
S2140068C0012904FB020006D0022908D059B95DF858
S2140068D0044B2DF0FBBF5DF8044B2DF0FBBF5DF8BD
S2140068E0044B2DF0FABF03485DF8044B13F054BA7E
S2140068F0D018002005FD0300B0F85C302DE9F0410B
S2140069008B4204460E4639D0437B077C93B31C4A21
S21400691012789A422ED34FF482751A4A013B05FB31
S214006920032390F80F801B7B42462DF0F3FFB845FB
S214006930054601D1FF281FD13A463146204694F835
S21400694090302DF0E7FF2F4605465522122160783D
S214006950A4F85C602DF046FEFF2F03D03946204693
S214006960FFF7A8FFFF2D09D029462046BDE8F041D5
S2140069702EF010B8FF25DFE70746E6E7BDE8F08112
S214006980085F0020D018002041688268C978D27855
S21400699049B112B10321FFF7AFBF837B002B0CBFB9
S2140069A001210221F7E72AB1837B002B0CBF0221CD
S2140069B00121F0E7014813F0EFB900BF16FD030010
S2140069C0037BD3B14368DA7812B18268D278A2B971
S2140069D01B7933B1837B002B0CBF04210521FFF705
S2140069E08BBF83681B792BB1837B002B0CBF0521E3
S2140069F00421F4E7014813F0CFB9704748FD0300BF
S214006A00084A437B05211370837B5370C37B9370C6
S214006A10037CD370037B137100780E30C0B2FFF78F
S214006A20E1B900BF205F002038B5044600780C4D61
S214006A300E302A460521C0B2FFF7C4F920B1BDE8E2
S214006A403840084813F0A8B92B7863736B78A373A3
S214006A50AB78E373EB7823742B79237338BD00BFD0
S214006A60205F002084FD0300024B53F820002DF029
S214006A70DBBF00BFD8340020F8B504460B78424A86
S214006A8043700D4642F82300404E2DF0EBFFFFF713
S214006A90CBFF6268A3683E483E49D6641165D4655C
S214006AA05065C3E91410DE64DC654FF09873022667
S214006AB06361012304F10C01E16137491032216260
S214006AC004F10D01A16235492376E16204F10E015D
S214006AD06163334984F82430A16304F10F01216413
S214006AE0304984F83030616404F11001E1642E49C5
S214006AF084F83C3084F84830216584F85460A265F8
S214006B00E879A96800EB400201EB820704F1140C57
S214006B10C7F804C04FF4817C244F41F82270C21895
S214006B20D2B202EB420241F822C001EB82070022F9
S214006B307A601F4A84F8703022661E4A84F88830CD
S214006B40A2661D4A1D4BE2661D4AC4F88C30626779
S214006B501C4A8319A26704F15C02C4F88020DBB2E9
S214006B60194A03EB4303C4F8842084F8646084F86D
S214006B707C6001EB830260345460144A033041F8B1
S214006B802320E871F8BD00BFD834002089690000D2
S214006B90EB490300C169000001002001020010015A
S214006BA003003001040030010500210101FC01064C
S214006BB04A00210028930400510010002A93040084
S214006BC02B930400550021006F00180012000104EA
S214006BD070B50D460646144613460A460146164844
S214006BE013F0DAF825B92046BDE87040FFF71CBB65
S214006BF0072D05D121463046BDE8704000F000BBA9
S214006C004FF601439D4205D121463046BDE870400F
S214006C10FFF72ABF062D05D121463046BDE8704055
S214006C2000F0A2B8B5F5817F05D121463046BDE813
S214006C307040FFF759BD70BDB3FD03000148FFF774
S214006C4037BA00BFD16B00004FF4C01330B50360F5
S214006C5001230371074B8C688360CA7902EB4203F9
S214006C6004EB83056860044844F82300531CCB718A
S214006C7030BD00BF2C9304000400010138B5002489
S214006C80044D55F8040B08B12DF0FCFE01340A2C17
S214006C90F7D138BD00350020042908B50AD172B1F5
S214006CA06BB113781BB92DF018FF002008BD2DF02E
S214006CB00AFFFAE7034813F06FF80120F6E703200F
S214006CC0F4E700BFE6FD030010B4054C114654F887
S214006CD020001A46BDF804305DF8044BFFF7DCBF11
S214006CE0003500200229024608B50ED004D839B96E
S214006CF010462DF0F2FE06E04029F9D0412907D1D2
S214006D0010462DF0E0FE002008BD2DF0F0FEFAE75C
S214006D10024813F041F80120F6E700BF06FE030024
S214006D2010B4054C114654F820001A46BDF804303D
S214006D305DF8044BFFF7D6BF00350020426B094BC9
S214006D4052791A7082785A70C2789A70826B12B131
S214006D5090F83C20DA70007804210930014AC0B26D
S214006D60FFF740B8255F0020024B53F820002DF0B7
S214006D70DABE00BF0035002038B504460078084D5E
S214006D8009302A460421C0B2FFF71CF830B96B78E8
S214006D90A370AB78E370EB7884F83C3038BD00BF66
S214006DA0255F002038B504460078114D09302A4684
S214006DB00421C0B2FFF706F8C8B9A3782A78022BD8
S214006DC00CD004D863B920462DF087FE01E0FF2BD7
S214006DD00AD02046BDE838402DF054BE002AF2D135
S214006DE020462DF070FEF4E7002AF9D1EBE738BD17
S214006DF0255F0020F8B504460B78284A0D4642F871
S214006E0023004370FFF7B8FF636B254A5C631A6381
S214006E102046FFF7C7FF20462DF034FE4FF48013C0
S214006E2063600123626BA66B0532E2601D4A237223
S214006E302261A21C2375A26166B11B4A84F8203029
S214006E40E261E21C6262194A84F82C3004F13C03C9
S214006E50A26223630627EA79A96802EB4203002EA2
S214006E6021F8237001EB83000CBF02230423C370B8
S214006E70012383700E4B04348360531C4460DBB2E2
S214006E800C4C03EB430341F8234001EB8300002343
S214006E904360094B02328360EA71F8BD003500207A
S214006EA0034B03000340300101FF300102FF1001D5
S214006EB0216D000008000100C96C000028B1034BDA
S214006EC01B78834234BF0020012070470A5F0020F1
S214006ED070B500250A4C0B4E3378AB4200DC70BD13
S214006EE0D4F8A42042B123791BB16079FFF7E6FFFE
S214006EF010B910462DF030FA0135A834ECE700BF83
S214006F00981E00200B5F002008B542790146104607
S214006F10FFF7D4FFA8B1CB780A48013A042B00EB60
S214006F2082100ED8012B08D81BB9BDE808402DF0FA
S214006F30CABDBDE808402DF0D0BDBDE808402DF024
S214006F40D6BD08BD981D002008B5427901461046FA
S214006F50FFF7B4FFA8B1CB780A48013A042B00EB40
S214006F6082100ED8012B08D81BB9BDE808402DF0BA
S214006F70B4BDBDE808402DF0A6BDBDE808402DF024
S214006F80B6BD08BD981D002010B586B00446FFF7B4
S214006F90B1F8012830D1E278042A2DD8DFE802F0D3
S214006FA013323403030061790846FFF787FF58B3AE
S214006FB01648032A00EB811050F80C3C58791DD176
S214006FC0003818BF012063784FF480728DF80430C3
S214006FD04FF48273ADF806300623ADF8083001236F
S214006FE08DF80B3000238DF80A0001A8CDE90323A5
S214006FF08DF81430FFF7B6F806B010BDB0FA80F082
S2140070004009E0E70020DEE70220DCE7981D0020CC
S21400701010B586B00446FFF76DF8012830D1E27847
S214007020042A2DD8DFE802F0131332030300617937
S2140070300846FFF743FF48B31548032A00EB8110C4
S21400704050F80C3C5B791DD11A1E18BF01226378DC
S2140070508DF80A208DF804304FF48273ADF80630B0
S2140070600623ADF8083001234FF480728DF80B30FC
S214007070002301A8CDE903238DF81430FFF772F83A
S21400708006B010BDB3FA83F25209E0E70222DEE74B
S214007090981D002010B586B00446FFF72BF801288F
S2140070A012D16378094A8DF804304FF48273ADF834
S2140070B006304FF48073CDE90223002301A8049321
S2140070C08DF81430FFF74EF806B010BD0800070123
S2140070D010B586B00446FFF70DF8012820D1627877
S2140070E0104B8DF804204FF4827294F8A01094F898
S2140070F0A10059701870ADF8062004934FF4807202
S2140071000223094901A88DF81430CDE90212FFF7D1
S21400711029F894F8A130013B18BF012384F8A13068
S21400712006B010BD295F00200800050110B5837861
S214007130044603B30379022B0AD142791046FFF7BF
S214007140BDFE28B10C48013A00EB82102DF0CFFCB2
S214007150A379022B02D12046FFF716FF2046FFF741
S214007160B7FF02236078A4F86C305522BDE81040C3
S21400717012212DF037BA10BD981D00204388094A09
S214007180082113808388538083681B8A938090F835
S214007190A03093718379D37100780430C0B2FEF7C3
S2140071A021BE00BF1E58002038B50D4604460178A3
S2140071B0114812F0F1FD4FF602739D420ED10F4BAF
S2140071C01B782BB963712046BDE83840FFF7D6BF61
S2140071D062790AB19342F6D20123F3E7B5F57F4F01
S2140071E0F1D120462DF01CFDA378022B0CBF012206
S2140071F00022A3689A70E6E722FE03000A5F0020DA
S214007200024B53F82000FFF7CFBF00BF2835002001
S21400721038B504460078144D04302A460821C0B21A
S214007220FEF7D0FD20B1BDE83840104812F0B4BDDE
S2140072302B8863806B88E978A380AA88A3681A8263
S214007240AB7984F8A030EB79A371094B1B780BB9A6
S214007250637138BD09B19942FBD9064812F09CFD0E
S21400726023780133F4E700BF1E5800203CFE0300DD
S2140072700A5F002065FE0300F8B504460B78474A0F
S2140072800D4642F823004370FFF7C2FFA268444B46
S214007290D465D364434B02265365434BA11C136548
S2140072A04FF44013E36001236161E1623F4910320D
S2140072B021632265211D3E4AA1633E483E49626520
S2140072C004F1A002A061E163E265E01C611D3B4A97
S2140072D0206261643A483B492266A21D23742377E4
S2140072E084F8283084F8343084F84030A16484F878
S2140072F04C6084F8583084F864306062A266E8799E
S214007300AA6800EB400102EB810704F10C0CC7F8F9
S21400731004C04FF0060C2C4F42F82170C118C9B2B9
S21400732001EB410142F821C002EB810700217960A0
S214007330264F84F880302767254F84F89830A76753
S214007340244F254BE767254F84F8746084F88C60DB
S214007350C4F89C3004F16C06831CC4F88470C4F82E
S21400736090601F4F1F4EDBB203EB4303C4F89460DC
S214007370C4F8887002EB83067034746008261A4CD2
S21400738042F82340C31CDBB203EB430302EB830447
S214007390043042F823606160E871F8BD28350020AB
S2140073A0774B0300C14B03002D71000001FF300135
S2140073B004FF20011000300102FF200105FF30010C
S2140073C000FF300103FF2101070001084A002100E9
S2140073D02E930400510010003093040031930400F3
S2140073E0550021006F0018001200010400239B6A5C
S2140073F0B3F5804F03D21968064A914203D00023A2
S214007400037083607047012202709A689B6942602D
S214007410F7E700BF07B0CD5E024B034A1A602FF0B5
S21400742023B800BF0000002002020FF073B53F4BE8
S21400743004461A781AB102221A7002B070BDCDE95D
S21400744000220028F9D001261E7037F01DFF384DA7
S214007450384B186017F082FA2B785BB902F0F2F915
S21400746040B935480823354A3549006801F038FEEA
S21400747000B92E70334B5A68E260334A9A601A6E2F
S21400748022605A6E6260D3F87021A2601B6E5C04A4
S2140074902CD52E4AD368D807FCD42D4B1A68531C1B
S2140074A029D04FF4801393402A4A13660423294CAC
S2140074B04FF0804223664FF48063236610232366D2
S2140074C04FF400536846236601A9226663662DF0D2
S2140074D0BFFB009B2366019B63662B78002BACD01A
S2140074E0164B1A6822665B686366A6E71A4AD36874
S2140074F0D907FCD4D1E7194B1B78002BD6D1184BF3
S2140075005A68144B12B94FF480121A66154A52681C
S21400751012B94FF400121A66134B5B68002BC5D1E4
S2140075204FF480020B4B1A66C0E700BF2C5F0020AA
S2140075302D5F00206035002074690020643500202F
S214007540007108000080004455CEAC0000000440E6
S2140075504069002000900044000004502B5F00208B
S2140075600080055000C005500000065038B5224D7A
S21400757004462B78012B02D001232B7038BD00283F
S214007580FCD02DF08AFB013009D02DF086FB40F2AE
S2140075900113984203D0194AD368DB07FCD422684B
S2140075A0174B1A6662685A66A268C3F87021E268CA
S2140075B0D40744BF00229A60124B1A68013213D1D6
S2140075C0114A127882B911494968C80748BF1A603B
S2140075D00F4A5268D10744BF01221A600D4A52680A
S2140075E0D20744BF02221A6017F0C0F90A4B186887
S2140075F037F045FE0023C0E72C5F00200000044063
S21400760000800044406900202B5F00200080055069
S21400761000C00550000006506035002070B50024FC
S214007620A36AB3F5804F23D21A68134B9A421FD130
S214007630124E337813F0FD0518D14FF480341048FD
S214007640FFF7F4FE032004F04FFC0E4B0320DC6033
S21400765004F02EFC0C4B1C61AB6ADB6998470446B1
S2140076600748FFF783FF0CB901233370204670BD2F
S2140076704FF48174FAE700BF07B0CD5E2B5F0020A1
S2140076805035002000A000440090004413B5204B65
S2140076901B7803B9FEE700231E4CCDE900336A468B
S2140076A008231D49206801F01BFDF8B91B4AD2F8D3
S2140076B04031D2F840211F2B4FF0010311D9203A58
S2140076C09340019A1A43019208236A461249206899
S2140076D001F08EFE124B134A1A602EF0C5FE02B061
S2140076E010BD9340009A1A430092EDE72D28F1D181
S2140076F00A4AD2F84031D2F840211F2B4FF001033E
S21400770085BF203A93409340019398BF0093DBE7F0
S2140077102C5F00207469002000710800008000447F
S214007720000000200B020FF038B50025AB6A0446B7
S214007730B3F5804F10D21B6BB3F5804F0CD20748C1
S214007740FFF774FEAB6A20461B6B5B689847BDE884
S21400775038400248FFF70ABF38BD00BF6C3500202E
S21400776013B50024A36A0190B3F5804F13D21B6BA8
S214007770B3F5804F0FD20948FFF758FEA36A0121E0
S2140077801B6B01A89B69984704460448FFF7EEFE6A
S214007790204602B010BD4FF48174F9E76C35002026
S2140077A070B50026B36A0446B3F5804F0D4612D274
S2140077B01B6BB3F5804F0ED20848FFF737FEB36A4F
S2140077C020461B6B29469B69984704460348FFF7EB
S2140077D0CDFE204670BD4FF48174FAE76C3500206C
S2140077E070B50026B36A0446B3F5804F0D4612D234
S2140077F01B6BB3F5804F0ED20848FFF717FEB36A2F
S21400780020461B6B2946DB69984704460348FFF76A
S214007810ADFE204670BD4FF48174FAE76C3500204B
S214007820F8B50027BB6A0446B3F5804F0D461646EA
S21400783011D21B6B7BB10948FFF7F8FDBB6A2046E7
S2140078401B6B324629465B6A984704460348FFF797
S2140078508DFE2046F8BD4FF40174FAE76C35002023
S21400786070B50026B36A0446B3F5804F0D4612D2B3
S2140078701B6BB3F5804F0ED20848FFF7D7FDB36AEF
S21400788020461B6B29469B6A984704460348FFF729
S2140078906DFE204670BD4FF40174FAE76C3500208B
S2140078A0F0B50027BB6A0446B3F5804F0D46164672
S2140078B0ADF5337D20D21B6BB3F5804F1CD210483C
S2140078C0FFF7B4FDBB6A20461B6B40F2C1225B6A21
S2140078D001A99847044630B10948FFF747FE2046FD
S2140078E00DF5337DF0BD836A32461B6B2946DB6A95
S2140078F001A898470446EFE74FF40174EFE700BF8E
S2140079006C35002010B50024A36AB3F5804F10D262
S2140079101B6BB3F5804F0CD20748FFF787FDA36AB1
S2140079201B6B1B6B984704460348FFF71FFE204659
S21400793010BD0124FBE700BF6C350020F0B58FB00A
S214007940044601A80E461546FFF7EEFE9DF80C30DD
S214007950012B12D1B5F5402F27D8B4F5402F24D8E7
S2140079606319B3F5402F20D821462A46304613F037
S214007970B5FC002420460FB0F0BD0027BB6AB3F567
S214007980804F15D21B6BB3F5804F11D20A48FFF714
S2140079904DFDBB6A2A461B6B314620465B6B9847FB
S2140079A004460548FFF7E2FDE4E740F20244E1E75B
S2140079B040F20114DEE700BF6C350020F0B58FB052
S2140079C0044601A80E461546FFF7AEFE9DF80C309D
S2140079D0012B1FD1B5F5402F06D8B4F5402F03D89C
S2140079E06319B3F5402F13D940F2024420460FB076
S2140079F0F0BDE258013225D104339D42F9D82A461B
S214007A00314620462DF079F90028EDD00024EDE728
S214007A100023F2E70027BB6AB3F5804F15D21B6B35
S214007A20B3F5804F11D20A48FFF700FDBB6A2A461D
S214007A301B6B314620469B6B984704460448FFF76D
S214007A4095FDD3E740F20344D0E740F20114CDE7BA
S214007A506C35002070B58EB0044601A80D46FFF7C1
S214007A6063FE9DF80C30012B22D144EA0503C3F3D4
S214007A700C03002B33D1B5F5402F04D940F2024455
S214007A8020460EB070BDB4F5402FF7D82544B5F5A6
S214007A90402FF3D8204604F500542DF027F9AC42C9
S214007AA002D00028F6D1E9E70028E7D00024E7E76F
S214007AB00026B36AB3F5804F14D21B6BB3F5804F24
S214007AC010D20A48FFF7B2FCB36A29461B6B204661
S214007AD0DB6B984704460548FFF748FDD0E740F2C1
S214007AE00444CDE740F20114CAE700BF6C3500201D
S214007AF0BFF34F8F0549064BCA6802F4E062134392
S214007B00CB60BFF34F8F00BFFDE700BF00ED00E086
S214007B100400FA0570B5D0B1C9B10E4E431E013946
S214007B2013F8014F2046325D02F00302012A11F8D5
S214007B30012F08BF04F12000B55C05F00305012DF8
S214007B4008BF2032801A01D1002CE9D170BD012077
S214007B50FCE700BF91BA04000348044A0449121A1D
S214007B6092102DF016B900BF34410000D04200003C
S214007B707066002008B5154B83F30A8800F030F8CD
S214007B80FFF7EAFF124B13498B4212D30020124B29
S214007B9012498B4218D3FDF7A5F8186850F8224012
S214007BA0586840F82240013298688242F5D30C3378
S214007BB0EAE70022F8E71C6844F8220001325C6815
S214007BC0A242F8D30833E4E70022F8E708000020D2
S214007BD050DF04005CDF04005CDF04005CDF0400B0
S214007BE0124B134A70B59A60D3F88820114D42F4B0
S214007BF07002C3F888206FF0010205F50054226673
S214007C0041F2FF7262660222C3F8D020BFF34F8FA4
S214007C10BFF36F8F4FF44036032004F065F903205E
S214007C20E66004F045F92E6170BD00BF00ED00E08F
S214007C300040000000800044014B1860704700BF01
S214007C4048690020054B1860054B1B6F03F00703BF
S214007C50032B01D135F0CABB704700BF5069002026
S214007C60008000502DE9F04104464FF001080C2535
S214007C700D4E0CB9BDE8F08194FAA4F0B0FA80F08D
S214007C800F2808FA00F2C8BF103824EA0204CABF58
S214007C9005FB006205FB0062B4325768002FE8D08F
S214007CA09168C0B2B847E4E77C35002008B50C48B8
S214007CB037F088FB192004F009F928B1192004F0E0
S214007CC013F9192004F0F4F81A2004F0FFF828B18C
S214007CD01A2004F009F91A2004F0EAF8002008BD7A
S214007CE0949504002DE9F0410E461746054618B354
S214007CF00F2923D80378DBB1013BDBB2022B19D85E
S214007D00104AD35C6A78D340DB0717D50E4BD3F8FE
S214007D101043ACB937F0B8FA80463A4628463146A2
S214007D2002F042FE404637F0AAFA2046BDE8F0814F
S214007D307F23E7E70023E5E72224F6E72124F4E79C
S214007D400224F2E78493040000C0035010B50446F2
S214007D5010B30378E3B1013BDBB2022B1AD8104A0A
S214007D60D35C6278D340DB0718D537F08DFA012252
S214007D70617823788A4030214B4341F2100103F1A9
S214007D80A04303F570335A5037F079FA002010BD3F
S214007D907F23E6E70023E4E72220F8E72120F6E742
S214007DA08493040010B5044610B30378E3B1013B96
S214007DB0DBB2022B1AD8104AD35C6278D340DB07BA
S214007DC018D537F061FA0122617823788A4030218D
S214007DD04B4342F2100103F1A04303F570335A50AF
S214007DE037F04DFA002010BD7F23E6E70023E4E7D6
S214007DF02220F8E72120F6E78493040038B50D46E4
S214007E00044618B311B30378E3B1013BDBB2022B8F
S214007E101AD8104AD35C6278D340DB0718D537F0FF
S214007E2033FA30222378534303F1A04303F570332B
S214007E305B696278D34003F001032B7037F01FFABA
S214007E40002038BD7F23E6E70023E4E72220F8E79A
S214007E502120F6E7849304002DE9F0410D461646EE
S214007E609846044600284FD000294DD001780029B6
S214007E7040D04B1EDBB2022B3ED8254AD25C63783C
S214007E80DA40D20701D4FF2940D1022E01D9042EB0
S214007E903CD137F0F9F923780746FF2B05D0324658
S214007EA02046296802F0C6FD28602B68013309D1F8
S214007EB02378FF2B06D1174B6078D3F824142DF0C7
S214007EC043FD286029684B1C18D00C23124A03FB7C
S214007ED00122069BC2F8048093602378FF2B04D00F
S214007EE001230E4A8B40C2F82434384637F0C7F9CF
S214007EF0002007E07F22C2E70022C0E7384637F0BE
S214007F00BEF92D20BDE8F0812220FBE72120F9E70D
S214007F108493040000C003507C35002000D003503A
S214007F2008B502F037FD044B00F05530C3F82004C6
S214007F30BDE80840FFF796BE00E0035008B502F023
S214007F4029FD044B00F0AA30C3F82004BDE8084021
S214007F50FFF788BE00E003502DE9F04F14460546B3
S214007F600E469B46C36B87B001225B6902A9606818
S214007F709847EB6B01225B6903A93046984702A835
S214007F802DF006FB074648B10023A37563754FF036
S214007F90FF33A360002007B0BDE8F08F03A82DF0E4
S214007FA004FB0123A375237E04EBC303DE611F8459
S214007FB06368B3420ED1206003A82DF018FB4FF083
S214007FC0FF332075A360237D043B022B26D80023B5
S214007FD0A375DFE723681A1A53425341A37503A813
S214007FE02DF005FB237D834218BFA77503A82DF04F
S214007FF0E0FA074602A82DF0DCFA874218BF0023F5
S21400800003A818BFA3752DF0DCFA074602A82DF0CA
S214008010D8FA87421CBF0023A375D4E703A82DF027
S214008020C8FA80B1EB6B022230465B6904A9984718
S21400803004A82DF0CDFA0346207D032839D8DFE8C2
S21400804000F03838040903A8F3E7CC22237E04EBBB
S214008050C3031A8401F06EFC109B187003A8277ED9
S2140080602DF09BFA04EBC70787F82200237E03A8AF
S21400807004EBC303B3F8209093F822702DF099FA1E
S214008080804603A82DF09DFA8246B8F1000F15D061
S214008090EB6B022230465B6904A9984704A82DF0D2
S2140080A05CFA6075637D6BB90023A3754FF000081A
S2140080B038E0227E04EBC2021384CBE703A82DF03F
S2140080C037FAEEE794F81680B8F1000FEED0B9F163
S2140080D0000F09D1DFB10123E375637E002B4FD17A
S2140080E0012F42D1677614E06B6C06EB0A015A4208
S2140080F086EA010010421CBF0022A2755A1E0A40E2
S2140081009B1A9945D0D8A37D002BE3D1CEE7E37D1B
S21400811043B94FF000084B465246314628462CF0ED
S21400812082FFA060A27D12B123694B4423611A49E5
S214008130237E097899422AD901332376BBF1000FB2
S21400814027D032B3E37D23B3B8F1000F21D1032F3C
S2140081501FD0A1684B1C1CD0109B224600932846BB
S2140081600123FFF7F9FEA07513E095F8343063B9E4
S214008170EB6A0133CFD1032FCDD10123A376C8E715
S214008180012FCFD0032FC4D1F7E79846C3E70023CB
S214008190A375A07DFFE600BFA89304002DE9F04F6D
S2140081A00E46984600238BB004464FF0FF3110462B
S2140081B017468DF8133001F0A7FBB6F5801F20D2C6
S2140081C0314605AA04F108002DF034F9451C014695
S2140081D003D1237CBBB92D2010E0384601F094FB78
S2140081E00122394620460DF113032CF06EFF0028BD
S2140081F0EFD09DF8133088F8003000200BB0BDE8B3
S214008200F08FB01CE5D1E56A691C36D12046616A5C
S2140082102CF04FFE0546B31C18BF0123DFF8CC90A8
S2140082200193636A626C0293236805A902FB053A10
S214008230E36B05225B695046984705A82DF043FA84
S2140082402DF066FA50462DF06EFA4FF0000B82467F
S21400825001464B1C05D0636C81EA0A025B4213425E
S21400826011D0294620462CF024FE029BAB422CD08F
S214008270BBF1000F2CD10546D3E72368ED1A636CDB
S214008280B5FBF3F5C7E7484601F03EFB0DF11303D7
S21400829049462046019A2CF018FF034690B1B21CBE
S2140082A003D0D9F80020B2420CD19DF813200393D6
S2140082B00D4B88F8002049461A68384613F00EF829
S2140082C0039B9B46D9F80810C3E7BBF1000F82D08A
S2140082D0B6F5801F91D2314698F800307A6804F1DE
S2140082E0080001F03FFA88E7A4930400583D0020F8
S2140082F02DE9F3410446174698460E46184D816A06
S214008300E36A8B4201D04B1C02D102B0BDE8F0817B
S214008310284601F0F9FA0122294620460DF1070306
S2140083202CF0D3FE38B14346294620469DF8072058
S214008330B8470028E9D0A9684A1C04D169682046D5
S2140083402CF044FE0146012EDAD16B6881EA030266
S214008350636C5B421A4218BF4FF0FF31D0E700BF94
S2140083602C3D00202DE9F04F4FF0FF334FF6FF7203
S2140083700025044600F10806C0E909238BB0C36255
S21400838005620563304688462DF025F820462CF019
S21400839060FD60BB204641462CF0DBFD20462CF0FD
S2140083A058FD60BB5E200BB0BDE8F08F2368E26B23
S2140083B0606C576900FB0530052205A9B84705A87B
S2140083C02DF081F9012807460CD1294620462CF0CD
S2140083D091FD012F024600D10132294620462CF09D
S2140083E057FD03E02DF099F90028EED10135E36939
S2140083F09D42DBD320462CF02CFD0028CAD0002559
S2140084004FF0FF394FF6FF73CA46A846C4E9085333
S214008410E36998450AD3A5EB0905012D2CD84FF63C
S214008420FF72636A93423CD16720BCE72368E26B25
S214008430606C576900FB0830052205A9B84705A8F7
S2140084402DF041F9834605A82DF014F90746584645
S2140084502DF05EF968B1574538BFC4F82480B94599
S21400846028BFB946BD4238BF3D46BA46236A0133E7
S214008470236208F10108CBE74FF6FF73002563621D
S214008480E3699D42CBD2676C2068E36B052207FB4D
S21400849005005B6905A9984705A82DF0EBF801359E
S2140084A0EEE7E26B676C2068694607FB03005569D8
S2140084B00522A84768462DF0DDF8626A2368606CDE
S2140084C04B4D00FB02302DF02EF94FF0FF33A0622B
S2140084D0E3622A466FF00101204605ABFFF75EFE19
S2140084E0002846D1AD6829462046E5622CF08DFC72
S2140084F0206320B92046E16A2CF068FDE062294638
S21400850020462CF063FD0546A36A9D4233D12046E3
S2140085102CF04EFC00278046B946E36999453CD3CB
S214008520B84559D92046616A2CF0C3FC002605469A
S21400853004F1400AB74212D8626C2368694602FB0F
S2140085400539E36B05225B694846984768462DF077
S21400855091F8534602464946E06B2DF0E6F8294668
S21400856020462CF0A6FC0136B0450546E2D1642034
S21400857019E7A56AB7E7294620462CF046FC236B88
S214008580294603440746236320462CF01FFD054674
S214008590002FB9D1C4E90B07B6E7636C256805223E
S2140085A003FB0955E36B05A95B692846984705A8B0
S2140085B02DF089F82DF0ACF858B128462DF0B3F818
S2140085C0014620462CF021FC636C143B984208BF01
S2140085D0013709F10109A0E730462CF0FCFE002324
S2140085E020461946034AFFF783FE0020DBE600BF5D
S2140085F0843D0020B95003002DE9F041036B9046FE
S214008600826B07689A4288BF8363426C436A90B065
S21400861002FB0377C36B0E46052201A95B6904467D
S2140086203846984701A82DF04EF8012801463070CC
S21400863057D0656CE26B2368606AD2F814C005FBFD
S2140086400030052206A9E04706A82DF03CF80128D0
S2140086504FF0000523D0D4E90A3201219342CDE938
S2140086600B458DF834800E958DF83C102AD11946AE
S21400867020462CF0ABFC236B626C14339B1AE06232
S21400868023630C9B53B99DF83C303BB1626A616C26
S2140086902368E06B01FB02312CF0CDFF0C9DE36BF1
S2140086A005225B6901A93846984701A82DF00BF80A
S2140086B030702846236BA26B9A4288BFA36310B023
S2140086C0BDE8F081237C33B91C490BAA04F10800ED
S2140086D001F096F8D5E72046194A0BABFFF708FEDF
S2140086E0CFE7237C23BB2246164904F1080001F09D
S2140086F087F8616A20462CF0FDFB616A421C204622
S2140087002CF0C6FB054620B9236B626C1344143B61
S21400871023632046A16A2CF059FC2368A062C01A85
S214008720636CB0FBF3F0606220462CF092FCB6E778
S21400873000232046044AFFF7DBFDDAE79D8E0000A3
S214008740198E000053510300EF50030073B50D4619
S214008750D11E4A421C461B7E4A419A4226D12968AF
S2140087602368994222D3636899421FD8114E0DF1AF
S21400877007033246FFF712FDC0B972686B689A426B
S21400878014D19DF80730DA1E53425341227E93429D
S2140087900CD1636901336361D4E90323934205D2A4
S2140087A02968A26842F8231001332361012002B031
S2140087B070BD00BF843D00202DE9F04F9B4689B078
S2140087C09DF848309046514A0193136907465B4529
S2140087D00D46C0F09580D94653680093B9F1000F56
S2140087E07BD0FB6B01225B6905A90098984705A81A
S2140087F02CF0DBFE454B1B68984240F0848005A8B1
S2140088002CF0DFFE0428064615D105A82CF0E0FE65
S214008810009B04461E44019B002B3ED1804512D986
S2140088201C46A8EB0008384600992CF0CFFBA9EBB5
S21400883004090090D2E7FB6B02225B69009806A948
S214008840984706A8E2E7A0EB08045C4528BF5C460C
S214008850032C4644ABEB040B1DD9FB6B2946304674
S2140088605B69A208984724F0030304F0030A1E4439
S2140088701D44DDF80480BAF1000FD4D0FB6B012252
S21400888006A930465B6998475246284606A912F064
S21400889025FD5544C7E7A246EBE7824600F00303F2
S2140088A002932B1803930644039BA6EB0A00A3EB44
S2140088B00A05029B9A4514D1BAF1000FB3D0FB6BA0
S2140088C0012206A95B6998475246284606A912F077
S2140088D0C1FE0028DDD04FF03609484609B0BDE895
S2140088E0F08FFB6B012206A95B6998470422284695
S2140088F006A912F0AFFE0028EDD1AAF1040AD3E7CC
S2140089004FF06309E9E74FF06F09E6E7B03D002056
S2140089102DE9F0410F4616469846044688B060B3E7
S21400892090F83450FDB101212CF088FA00210E9BFE
S214008930CDE90511CDE902379DF83C30CDF804802D
S2140089408DF81C30237C04968BB90D4901AA04F1DE
S214008950080000F055FFDDE90553E06B002E08BF68
S2140089601D462CF004FC284608B0BDE8F0812046E1
S214008970044A01ABFFF7BCFCEDE70546F3E700BF92
S2140089801D5103004D8700007FB590F842600446F5
S21400899001920DF10B030A46304611492CF0EFFB0D
S2140089A0012E0546E36B17D132465B6903A998474B
S2140089B09DF80B10039B019A59B19BB243EA024300
S2140089C0012228460393E36B03A99B69984704B0EA
S2140089D070BD62F30F03F3E701229B6901A9F5E777
S2140089E0B03D00202DE9F04F99B00E460D920A6971
S2140089F0416C0B931439D31DB3FBF1F3013302EB37
S214008A00C302036B04469342C0F001820023DFF8E2
S214008A1004940893E36A48461946059300F074FFE9
S214008A20D6E9033707930B9B022B4DD1CC2F40F092
S214008A30D7810D9B3BB1314620462CF0F6FB656C8A
S214008A401490012044E00120079B656C1B6814937A
S214008A5000F0010000280CBF04230823782F0E9393
S214008A6049D8059A6B1E1340ED1A3B1D9D423CD219
S214008A70002F3DD0082D3ED80023042506934FF046
S214008A80040A336806990B98C9F80030C9F81070C4
S214008A902CF0B1FD4FEA9A030F93059B89F814005A
S214008AA00393002309930C9304930A93616C039B2E
S214008AB04A1E1A408B1A27B35544AB4223D8236B61
S214008AC05B1A134423632FE1782F656CB9D8F07DC9
S214008AD00D9B002BBCD0E36B01225B69706816A966
S214008AE0984716A82CF065FDB4E700250695C6E75E
S214008AF004250697C3E7012300254FF0080A0693CE
S214008B00BFE75345DBD3A3EB0A029742039BB84665
S214008B1028BF90469742534428D90122D9F810100E
S214008B2089F817208F4226D10399C9F804100492B9
S214008B3099F817200AB399F818100398CA1C09EB7D
S214008B40C202506004980131A2F80880907289F839
S214008B501810B8F1000F07D00B9A022A40F0818057
S214008B60099A72B1012209929B46ABE0049A002A48
S214008B7018BF0322DBE70222D9E7039AC9F80420CC
S214008B80E7E70C9A4244032AEED9E26B1846956949
S214008B9014A901220993A847099B05460028E1D09D
S214008BA03D2D40F01E8104F1080303932368059AC7
S214008BB0606CA2EB030ABAFBF0FA00FB0A302CF05A
S214008BC0B2FDE16A804620462CF000FAA26A824294
S214008BD000F00F81626CD9F80830511E0B40216BF3
S214008BE02768891A0B442363089BE062DF1BB7FBE8
S214008BF0F2F7BA4540F0FA80059BB3EB080A12D0AC
S214008C00E36B4FEA9A0241469B6998478346E36ABC
S214008C10059A5344E362236B03989B1A43442363E9
S214008C202CF0D9FBDA462368616CE06B01FB073158
S214008C302CF0EEFC20462CF00CF920462CF009FA1D
S214008C402063BAF1000F00F0D4803269616CD31D46
S214008C501439B3FBF1F3013302EBC3029042A5D201
S214008C60BFE00D9A002A77D1B8F1030F4FEA9802B9
S214008C706ED9E16B18468D6907991093A847109B2B
S214008C800546C0B918F0030515D0079A28F0030B5F
S214008C9002EB0B019B444FF0FF3215A815922A46B3
S214008CA0109312F01BFBE26B5846956915A901223A
S214008CB0A8470546109B9B46079A42440792002DFC
S214008CC040F08B80049B16A80193069B009399F8AE
S214008CD014204346316800F0CDFDE36B0F9A9B6984
S214008CE0039816A99847039A051E089B18BF1346B3
S214008CF0089343465246204603992CF094F9236B7A
S214008D0008F10302A3EB0A0322F003029B1AC9F838
S214008D1008002363002D7FF443AF0C9BA7EB0807E6
S214008D2043440C93CDF80CB0204603992CF04EF932
S214008D3000250390002F7FF4B9AE364A3168936859
S214008D4004F10800E36252680B9B00F00BFD49E05B
S214008D509B46454607999EE79B4606F120021092E1
S214008D60F27D7068A2B1002296F818C00A99D5B2B2
S214008D70AC4511D9109D02F1010E35F832508D42E6
S214008D8028D90E9806EBC2020144D069084403E0D5
S214008D900E9A0A990A441044E26B15A955690122F5
S214008DA01193A847159A0A9B1392E26B04339569B0
S214008DB05846012213A90A93A847119B054603EBC0
S214008DC00802A2EB0B02042A7FF679AF28B90BF152
S214008DD0040BC5E77246491BC9E7CDF820B088E703
S214008DE070252F46384619B0BDE8F08F4FF0000AC0
S214008DF019E73269616CD31D1439B3FBF1F3013303
S214008E0002EBC302236B9342BFF404AEE9E71C27D0
S214008E10E8E700BF583D0020032A2DE9F341064647
S214008E200D4617461C4606D1237A012B23D0012077
S214008E3002B0BDE8F081DFF86080096842460DF1B7
S214008E400703FFF7ABF960600028EDD19DF8072017
S214008E50237A032AE8D0D8F804106A689142E3D14E
S214008E60012B2969D4F80CC007D172690CEB0103F9
S214008E70934202D92074207CDAE708316144E1602D
S214008E803B46012229463046FFF7ACFD60600028CD
S214008E90CAD00020CCE700BF843D00202DE9F34176
S214008EA0089C032A1746266806D1237A012B24D06D
S214008EB0012002B0BDE8F081DFF8908030464246DF
S214008EC00DF10703FFF76AF960600028EDD1256809
S214008ED0D8F80400A96AD5F844C04840CCF100038D
S214008EE01840227AE1D1012A09D1E268D8F8103078
S214008EF013447269934202D92074207CD9E728680B
S214008F00EB6A1B1A081AB3FBFCF3B0FBFCF08342B7
S214008F100BD1706CF36A421E1340326B121A134464
S214008F20284633632CF052F8E862D8F81020E3683D
S214008F3008321344E36001223B4604492068FFF7E9
S214008F4051FD60600028B0D00020B2E7843D0020CC
S214008F502DE9F0410025604B0E46D3F8008004460C
S214008F601D6018B921252846BDE8F08190F83470B8
S214008F7007B30A6803689A4240F0A3804A684368C9
S214008F809A4240F09E808A6883689A4240F09980B0
S214008F90CA68C3689A4240F094800A6943699A4254
S214008FA040F08F808A69C36B9A4240F08A804B6992
S214008FB08361D8E768223946856B11F0FFFFD6E952
S214008FC00212336804F1080023607368A5636360C7
S214008FD0336963617369A3612CF00FFAB36904F116
S214008FE04000E3639B68984720B9676C17B16368D5
S214008FF0B3FBF7F794F84330E761002BB2D00023B9
S214009000656C2366002D64D0002F62D02368B3FB06
S214009010F5F205FB1233002B55D16668B6FBF5F367
S21400902005FB1363002B4ED120462BF0DEFEA36912
S214009030043303449E4248D340F634726369CC3B03
S214009040934244D8B5F5805F43D3032120462BF0E6
S214009050F5FED4E90001E36B1B6898470546E36B11
S2140090600220DB689847CDB941462046FFF77AF9DB
S2140090706428054604D141462046FFF773F90546A5
S214009080666C5DB9236A2046143E5E432BF0ADFE47
S214009090A369043303449E4238BF5A25002D0CBFF3
S2140090A00123002384F8343007D1D4E900010B4AA9
S2140090B01368013313602CF03AFAE06B2CF057F883
S2140090C051E75D254FE759254DE75A254BE75F25C4
S2140090D049E75B2547E700BFE8360020E436002076
S2140090E02DE9FF410C4616461F46054680B390F80C
S2140090F034307BB3B1F5801F2ED2DFF860800121BB
S2140091002BF09CFE2146424628460DF10F03FFF742
S21400911045F8044670B99DF80F30012B11D1D8F8E8
S2140091201030BB4212D10246009031462846FFF767
S21400913043FB0446E86B2CF01AF8204604B0BDE862
S214009140F081022B14BF2D246024F3E76324F1E79B
S2140091502124F2E71124F0E72924EEE7B03D0020B1
S2140091602DE9F04385B00C4617461E460546DDF849
S214009170308098B390F8343093B3B1F5801F31D275
S214009180DFF8649001212BF059FE21464A46284616
S2140091900DF10F03FFF702F8044688B99DF80F306B
S2140091A0012B14D1D9F8102006EB08039A4213D3EA
S2140091B000904346324639462846FFF7FDFA0446F5
S2140091C0E86B2BF0D4FF204605B0BDE8F083022BF9
S2140091D014BF2D246024F3E76324F1E72124F2E78B
S2140091E01124F0E72924EEE7B03D002073B50C46C5
S2140091F01646054630B390F834302BB3B1F5801FD1
S21400920024D201212BF01AFE21462846104A0DF1E1
S2140092100703FEF7C3FF044680B99DF80730032B0B
S2140092200CD0022B0CD1284609492BF0FEFF3060EB
S214009230E86B2BF09CFF204602B070BD2D24F7E7AC
S2140092406124F5E72124F6E71124F4E72924F2E760
S214009250B03D00202DE9F3411E4600230C4617467C
S2140092600546336050B390F834304BB3B1F5801FE9
S21400927028D2DFF8548001212BF0E0FD214642463B
S21400928028460DF10703FEF789FF0446A0B99DF8AE
S2140092900730032B10D0022B03BF01233B600423AF
S2140092A0D8F8103018BF38603360E86B2BF05FFFDB
S2140092B0204602B0BDE8F0812D24F6E72124F7E72A
S2140092C01124F5E72924F3E7B03D002073B50446E2
S2140092D0056B2BF08AFD636E03449D422CBF002372
S2140092E00123854294BF00252D1A207C84F8503037
S2140092F0656584F85800A8B100230C4E1A46194636
S214009300204600962CF055F8002305461A461946C6
S214009310204600962CF056F8E3682844984294BFFE
S2140093200020C01AE06502B070BD00BFFFFF0F004E
S2140093302DE9F3471E4643690446B342884617465E
S2140093409DF828904ED300258DF8075020462BF028
S2140093504CFDD4F830A082450AD2236AB5EB430F01
S21400936006D2002220460DF10701FFF745F9B8B3F3
S2140093709DF80730012B05D1002220460DF107018C
S214009380FFF73AF9B9F1030F06D0314620462BF025
S2140093901CFD256B854227D3144D4FF0FF31284620
S2140093A000F0B2FA4B46294600222046C5E903766D
S2140093B0C5F80080FFF716FB236E054663B120460E
S2140093C0FFF784FF94F8503013B994F858301BB167
S2140093D0236E04F150009847284602B0BDE8F08797
S2140093E00135B3E76225F7E71C25F5E7843D002045
S2140093F02DE9FF410F4690461E46054698B390F865
S214009400343093B3B1F5801F31D21A4C02212BF0C1
S21400941015FD2246394628460DF10F03FEF7BEFE1F
S214009420024678B101234246009339463346284621
S214009430FFF77EFF0446E86B2BF099FE204604B04B
S214009440BDE8F0819DF80F30012BEBD12169B142C8
S214009450E8D10093414633462846FFF7ADF9044667
S2140094600028DFD1E7E72124E8E71124E6E72924EE
S214009470E4E700BFB03D00202DE9F04790F8423009
S21400948086B0012B05460391A1EB020740F0AA80A7
S214009490FF2F03D81E464FF0640807E00226012B74
S2140094A014BF4FF032084FF06408013600244FF620
S2140094B0FF79DFF844A195F84230012B14BF322320
S2140094C064239C4202D35FFA88F40DE005AB224683
S2140094D0514628462BF087FE95F84230012B059B17
S2140094E034D14B452DD1E4B295F84230012B14BF50
S2140094F032226422121BB24217D3012E39D1002227
S214009500012B05978DF8132027D1082205A90DF108
S21400951013002CF024F99DF81330059A42EA032232
S21400952021462846FFF730FA40B10223324900931D
S2140095302846CC23096803AAFFF7FAFE06B0BDE862
S214009540F087DBB203B902340134B4E7591CCAD041
S2140095509BB2002BF8D10134F6E7102205A90DF1D5
S21400956013002CF0FCF89DF81330059A42EA0342EB
S214009570D6E7039A012B059223D10823202205A9BA
S2140095800DF113008DF813302CF0E9F89DF8132038
S214009590120221462846FFF7F7F995F84230611C7B
S2140095A0012BC9B21AD10028BFD12846BDF8142015
S2140095B0FFF7EAF90028B8D10234BDF81620E1B268
S2140095C0AFE71023202205A90DF113008DF8133004
S2140095D02CF0C5F89DF813201204DAE70028A4D171
S2140095E0059A9EE7B7F5803F4FF00106BFF457AFE8
S2140095F04FF032085AE700BFB03D002070B586B085
S2140096000E4605460392A0B390F834309BB3B1F5EE
S214009610801F32D202212BF011FC31462846184A10
S2140096200DF11703FEF7BAFD044618B99DF817307A
S214009630032B0ED10223314600932846CC2303AADF
S214009640FFF776FE0446E86B2BF091FD204606B049
S21400965070BD022B0BD10A4928462BF0E6FD039974
S21400966002468142EFD02846FFF706FFEAE761246C
S214009670E9E72124EAE71124E8E72924E6E700BF22
S214009680B03D0020F7B50C461646054668B390F880
S214009690343063B3B1F5801F2BD202212BF0CEFB02
S2140096A021462846144A0DF10703FEF777FDC0B998
S2140096B09DF80730032B14D0022B14D10E492846F0
S2140096C02BF0B3FD471C024639462846FFF7D4FE6A
S2140096D0044606B13760E86B2BF049FD204603B020
S2140096E0F0BD2D24F7E76124F5E72124F6E71124E1
S2140096F0F4E72924F2E700BFB03D002030B50C4661
S214009700054685B028B390F8343023B3B1F5801FF2
S21400971023D202212BF092FB0DF10F03214628469F
S2140097200F4AFEF73BFD034688B99DF80F20032A33
S2140097300DD003222146009202462846FFF7F8FD88
S2140097400446E86B2BF013FD204605B030BD2D24F3
S214009750F7E72124F8E71124F6E72924F4E700BF09
S214009760B03D00202DE9F043466886B3056898466C
S2140097704FF0000CA946AE4655F83C400CF1010CE3
S214009780C4F31307013401D0B94217D0B4450EF123
S214009790080EF1D12F46002403E0B44207F1080773
S2140097A012D055F8343001340133F6D1C1F3130129
S2140097B041EA0851C7E90012BDE8F08341EA0851C2
S2140097C0CEE90012BDE8F083B8F1030F03D1012300
S2140097D00372BDE8F083002303E0B34209F10809F1
S2140097E0F5D055F833400133C4F30754032CF4D1B5
S2140097F0C1F3130343EA0853C9E90032BDE8F08316
S2140098002DE9F0410646406882B0B8B10F46904652
S2140098100024336853F8345003EBC403C5F30752EF
S214009820C5F31301013506D05B683046CDF80080DD
S214009830B84718B1706801348442EAD302B0BDE874
S214009840F08100BF024B1968024B1868FFF780BB17
S214009850546900207469002008B535F008FD014BF6
S214009860186008BDDC3D0020014B186835F0FABCD6
S214009870DC3D002073B504462248012A00EAC111E7
S2140098809DF8185023F07C4007D9961E012E28D943
S214009890073303F07F03194308E09DF81C300A43A2
S2140098A0DB0603F0C053134343F060410023C4E9D2
S2140098B000108DF80730B5B1202221460DF10700C3
S2140098C02BF04DFF1A220DF10700211D2BF047FF4C
S2140098D0082063689DF8072043EA8263636002B04D
S2140098E070BD1143E2E71B220DF1070021462BF065
S2140098F036FF23689DF80720042043EAC2632360EE
S214009900EDE700BF80FFFF0738B5094B0D461A6824
S2140099100021044611F052FB00234FF0FF32238350
S214009920C4E900252361A260E382A37638BD00BFA8
S214009930A49304000138C0B205289ABF014B185CF6
S21400994001207047A99304002DE9F041074615460B
S21400995000240E46596888B0490A012922464FEA73
S214009960510104F10104F8D8DC78997824031B88A7
S214009970C90201F4006104F480540C43C3F30A03E3
S2140099805203234492B24FF000089C18274B6FEA0C
S2140099900444039325F07843ED4302A90DF1070034
S2140099A01B2202938DF807802BF0D9FE9DF8072026
S2140099B0029B02A943EAC2630DF107001B2225F0B1
S2140099C07845049302958DF807802BF0C8FE9DF825
S2140099D00720029B6FEA144443EAC26305934FF0E4
S2140099E0FF330794069307A9BB69012206F110000E
S2140099F09847BB6905A90446012206F10800984766
S214009A00BB69404518BF044604A90122301D98478B
S214009A100122404518BF0446BB69304603A9984753
S214009A20404508BF204608B0BDE8F08101009AB264
S214009A3038B5104B0546D3F800310C4603F0030347
S214009A40022B0BD0032B0DD0012B0FD133F0E8FCEB
S214009A50032305B1286004B1236038BD33F02AFD26
S214009A600723F6E735F016FC0623F2E7012300206D
S214009A70EFE700BF0080005038B5134B0546D3F81B
S214009A8020010C4600F0070004281AD8DFE800F092
S214009A9003090D111500012305B1286004B12360E8
S214009AA038BD33F083FC0423F6E733F0B9FC032318
S214009AB0F2E733F0BBFC0523EEE733F0ADFC022300
S214009AC0EAE700231846E7E70080005038B5104B59
S214009AD00546D3F840310C4603F00303022B0BD0A7
S214009AE0032B0DD0012B0FD135F0D6FB082305B183
S214009AF0286004B1236038BD33F0DCFC0723F6E7AA
S214009B0035F0CDFB0923F2E701230020EFE700BF85
S214009B100080005038B5104B0546D3F860310C462F
S214009B2003F00303022B0BD0032B0DD0012B0FD118
S214009B3035F0B2FB082305B1286004B1236038BDB8
S214009B4033F0B8FC0723F6E735F0A9FB0923F2E764
S214009B5001230020EFE700BF0080005041F671327D
S214009B6010B5104C104BA04294BF00240124D969B4
S214009B70DA639A6801F4803122F4401242EA045211
S214009B809A600A4A90420A4AD2F818028CBF40F0FD
S214009B90020020F00200C2F8180209B10022DA63BF
S214009BA010BD00BF005A62020000035080F0FA02A7
S214009BB000C007502E4B98424AD022D82D4B9842D0
S214009BC040D014D82C4B984239D00AD82B4B984208
S214009BD032D02B4B98422FD02A4B98422CD00020C4
S214009BE07047294B9842FAD1284B186F7047284B7C
S214009BF098422AD0274B9842F1D1244BD3F88000C4
S214009C007047254B98422BD009D8244B984223D036
S214009C10234B9842E3D11D4BD3F88C007047214B61
S214009C20984221D003F5740303F510539842D6D119
S214009C30164BD3F898007047144B986D7047134B2B
S214009C40586E7047114B586F7047104B986F70479F
S214009C500E4BD3F8840070470C4BD3F8880070473F
S214009C600A4BD3F890007047084BD3F8940070471F
S214009C700048E8010024F400C0CF6A0080841E007B
S214009C8000093D0040420F00405DC6000080E00F26
S214009C90C0EA210180BA8C01007E560380D54302BB
S214009CA0006CDC020090D00337B50C460021114B47
S214009CB00191D3F88031054603F00303022B0ED042
S214009CC0032B11D0012B03D101A8FFF7D5FE0D21E0
S214009CD00DB1019B2B6004B1216003B030BD33F0A1
S214009CE0A5FB05210190F3E733F096FB02210190D6
S214009CF0EEE700BF0080005038B5104B0546D3F89D
S214009D0040320C4603F00303022B0BD0032B0DD07E
S214009D10012B0FD135F0C0FA082305B1286004B135
S214009D20236038BD33F0C6FB0723F6E735F0B7FAF5
S214009D300923F2E700231846EFE700BF0080005033
S214009D4038B5144B0546D3F800020C4600F0070061
S214009D5004281BD8DFE800F003090D1115000123C5
S214009D6005B1286004B1236038BD35F095FA0823A4
S214009D70F6E733F09FFB0723F2E735F090FA092366
S214009D80EEE733F033FB0C23800AE9E7002318469E
S214009D90E6E700BF0080005038B5144B0546D3F800
S214009DA008020C4600F0070004281BD8DFE800F085
S214009DB003090D111500012305B1286004B12360C5
S214009DC038BD35F069FA0823F6E733F073FB07234E
S214009DD0F2E735F064FA0923EEE733F007FB0C23CD
S214009DE0800AE9E700231846E6E700BF0080005037
S214009DF0032814D005D8012805D0022809D0002051
S214009E0005E00F28FBD1084B186FC0F30130013076
S214009E107047054BD3F89000C0F30460F7E7024B99
S214009E20186FC0F38020F2E7008000501FB50023B3
S214009E300193252817D8DFE800F0131A1D272C36C3
S214009E403B51565B60656A78161A401616561A27F6
S214009E502C27361A5127783B3B3B3B2727275B604E
S214009E6033F0AAFA0190019805B05DF804FB33F0D0
S214009E70BDFAF7E733F0A0FA02460220FFF7B8FF74
S214009E80B2FBF0F20192EEE733F0B0FA024603209E
S214009E90F4E733F0ABFA02460320FFF7A9FFB2FB64
S214009EA0F0F25208EEE7002101A8FFF7FDFEDAE720
S214009EB0002101A8FFF7E0FDD5E702934FF0E0236D
S214009EC01B695B0705D533F091FA0290029B01935C
S214009ED0C9E703A902A8FFF7F9FDF7E7002101A8E3
S214009EE0FFF7F4FDBFE7002101A8FFF713FEBAE76E
S214009EF0002101A8FFF724FFB5E7002101A8FFF71E
S214009F004BFFB0E7002101A8FFF792FDABE7094B36
S214009F10D3F8803003F00303022BA8D0032B01D024
S214009F2000209FE733F082FA9CE7002101A8FFF7A4
S214009F30E3FE98E70080005008B50120FFF776FFA3
S214009F40BDE808400349884294BF0121022103204E
S214009F5000F002B880F0FA02032810B50C4627D0AD
S214009F6004D8012804D0022817D010BD0F28FCD131
S214009F702BF013FC2BF019FC124A013C136F23F450
S214009F80405343EA0433136733F030FA0021FFF7F7
S214009F90E5FDBDE81040FFF7CFBF0A4A4C1ED2F8D9
S214009FA0903023F0F85343EA0463C2F89030DCE7BD
S214009FB0044A4C1E136F23F4806343EA842313671A
S214009FC0D3E700BF008000501FB50023019325286B
S214009FD021D8DFE800F013202020202A2F454A4F02
S214009FE054595E7120203420204A202020202A2028
S214009FF04520712F2F2F2F2020204F54314B1B6FC1
S21400A00003F00703013B032B05D8DFE803F00C023F
S21400A010080A04230193019805B05DF804FB0323A6
S21400A020F8E70623F6E70223F4E7002001A9FFF786
S21400A0303BFEF0E7002001A9FFF71EFDEBE70293C9
S21400A0404FF0E0231B695B0705D533F0CFF90B23F0
S21400A0500393039BDEE703A902A8FFF737FDF8E7A3
S21400A060002001A9FFF732FDD5E7002001A9FFF780
S21400A07051FDD0E7002001A9FFF762FECBE70020E4
S21400A08001A9FFF789FEC6E7002001A9FFF7D0FC6B
S21400A090C1E70C4BD3F8803003F00303022B03D048
S21400A0A0032B05D00023B5E733F0A0F90B23B1E767
S21400A0B033F0BCF90523ADE7002001A9FFF71CFE2D
S21400A0C0A9E700BF0080005008B50320FFF790FE08
S21400A0D0034B18702BF061FBBDE808402BF065BB06
S21400A0E02E5F002010B5044633F080F90021FFF7FC
S21400A0F035FD1CB1BDE81040FFF71EBF034B032023
S21400A100BDE810401978FFF727BF00BF2E5F00207C
S21400A11038B50546FFF74EFD204B04465A68012A1F
S21400A12004D11F494A609A699207FCD10020FFF7C4
S21400A1304BFF042803D12BF030FB2BF036FB194ADB
S21400A14024F0407395421FD0174A95421FD0174AF5
S21400A150D16811F0060FFBD19068936091684B4070
S21400A16013F4F81F16D12846FDF766FD0020FFF70A
S21400A1702BFF042810D133F039F90021FFF7EEFC4D
S21400A180BDE83840FFF7D8BE43F00073DFE743F082
S21400A1908073DCE79060E9E738BD00BF00C001507F
S21400A1A000E0015040420F0080841E000000015075
S21400A1B070B504460020FFF707FF03287CD045F65D
S21400A1C00E030221414AC2F88030414B99620121B8
S21400A1D003F580539962936DD903FCD4D4E9001338
S21400A1E01B0543EA0163E17B94F823500B43217B74
S21400A1F043EA0143617B43EA0133A17B43EA8113CF
S21400A20013619169D4E904031B0643EA806301F0F5
S21400A21000410B43A17EE07E0B43217E43EA0143CF
S21400A220617E43EA01239361E169136A002923F002
S21400A2300D0343EA010314BF0121002143EA800312
S21400A24043EAC103136294F8203094F82200916A1E
S21400A2504FEA431331D194F8216021F0330143EAE9
S21400A26006130B4343F0010393621A49174A936D92
S21400A27031EA0303FBD10221154B9962936D5B0013
S21400A280FCD41369A16823F4700343EA01531361F5
S21400A2904FF000420E4B9A6118B9022203F5805324
S21400A2A09A6215B901220C4B9A6294F824301BB1BD
S21400A2B0064B0A4AC3F8802070BD21F033012943BB
S21400A2C00B4343EA40039362EFE700BF00C0005031
S21400A2D000D000500300014000E00050F1A7FFFF4F
S21400A2E0014B93F9000070472F5F0020014B188048
S21400A2F0704700BFA66E00200C4A10B513690446CE
S21400A30043F00403136133F0E1FB2BF052FA084BE1
S21400A310084AC3F8202430BF2BF04CFA02F066F946
S21400A3201CB9BDE8104033F061B810BD00ED00E088
S21400A33000E003500000FFFF034A0179D36E23F0CC
S21400A34030030B43D366704700400050F8B5044610
S21400A3500D461F4616464AB101238B403021184A47
S21400A36001FB0022F7B141F21001535004EB440305
S21400A370072D4FF00F014FEA031316D8A80006FA70
S21400A38000F281400F4818442BF017FA4EB901230B
S21400A39030210B4AAB4001FB042277B141F2100199
S21400A3A05350F8BD42F21001DFE7A5F10800800027
S21400A3B006FA00F281400448E5E742F21001EFE7B2
S21400A3C000C0035004C003500CC00350012200F527
S21400A3D0805310B55A60244B244AC3604369134027
S21400A3E0FCD18361C0F89830436913F4401FFBD159
S21400A3F04369DA052CD4836F53BB43699B0529D484
S21400A400D0F8883033BB0121C26FD0F88C2000F51D
S21400A41000525160302183600361C36203620167AA
S21400A420C0F880101249884208D142F260041149EF
S21400A4308464016543658465016643660C49884209
S21400A44002D10020102B08D10B4B5362936210BD33
S21400A450436FCDE7D0F88430CFE703F1280441F806
S21400A46024000133EEE700BF120002005200010094
S21400A4700040005A00C002808F330F80084608B59F
S21400A48069B91820FFF7D2FCB0B10C4B984206D938
S21400A4900B4B9B68C3F302730133B0FBF3F0094B1D
S21400A4A000F5742000F23F20B0FBF3F001387F285F
S21400A4B028BF7F20C0B208BD0120F0E7005A620224
S21400A4C00040005A40420F000B4B10B5994228BF7F
S21400A4D019460C461AB91820FFF7A8FC0246631E58
S21400A4E01344B3FBF4F0A34228BF00F1FF30032867
S21400A4F028BF0320C0B210BD005A620210B5104833
S21400A500104C002B08BF04468C4228BF0C461AB9D4
S21400A5101820FFF78BFC02469DF8083040F2FF300B
S21400A5200133B2FBF3F2631E1A44B2FBF4F3A24209
S21400A53028BF03F1FF33984228BF184610BD00BF5E
S21400A54080969800404B4C002DE9F04F2DED068B81
S21400A550B64D0C4616462946002285B00746FFF73C
S21400A560B3FF94F805800122804538BF804607F582
S21400A57000535A6020795FFA88F850B91820FFF720
S21400A58055FCA842014628BFB0FBF8F13846FFF755
S21400A59075FF4FF00009E37822781B01524202F063
S21400A5A0020203F03003134362780004524202F0C2
S21400A5B004021343A27800F4FE00524202F008029E
S21400A5C013434FEA087202F0E04213431843E3884D
S21400A5D02289B8603B616389DFF85CA243EA0243E4
S21400A5E03B62574502D1B9F1020F08D1012307F5A6
S21400A5F080577B6005B0BDEC068BBDE8F08F00226F
S21400A60035788B488B49B468954218BF01462B466F
S21400A6108948CDF80080FFF771FF07EB09118B6CB6
S21400A620A2B223F0405323F4EE2323F01F0305F0D9
S21400A63003041C43737882424FEA830303F01C032F
S21400A64044EA0304B37838BF02461B03F07803F4E9
S21400A650E0432343040404F4E024234334794FEA1C
S21400A660091C240704F0405423438B648C6C09F1C6
S21400A670050BC4F30234013C7049042C26D8DFE8ED
S21400A68004F0252503101A00D1F88041240C2DB3C0
S21400A690C2F309020AEB0B135A6009F101091036DE
S21400A6A09FE7D1F88441002DF2D1D1F88C11A4B2E5
S21400A6B00914490015E0D1F88441002DE8D1D1F8FD
S21400A6C08C11240C091401EB41010AE0D1F88041F9
S21400A6D0A4B2002DDCD1DFED5A7A06E0D1F88C1159
S21400A6E0091407EE901AF8EEE77A01210CF1B44C43
S21400A6F00CF5804C2304DCF8483024F4C045C3F342
S21400A700820C0CF1010C01FA0CF107EE101A4FEA5C
S21400A710854548BF45F0004513F01C0FB8EEC79AB4
S21400A720F6EE008A454B55D1D3F88C110BB208EEE5
S21400A730103AB8EEC88A38EE278A9FED42AAF7EE9E
S21400A740049A00285DD103922BF0B1F807EE900A28
S21400A750F8EE677A87EE8A7AC9EE877A27EE888AD5
S21400A760039A9FED397AC7EE097A9FED387A67EE3D
S21400A770877AB1EE007AB5F1004F48EE077A0BD033
S21400A7809FED337A06EE104A77EE876ABAEEE86AED
S21400A790F0EE477A56EE267AF5EEC07AF1EE10FA2B
S21400A7A0CBBFF1EE677A78EEE78A77EEE87AFDEED1
S21400A7B0E87AC8BFFDEEE77A17EE901AB1F5003FCB
S21400A7C02ADB6FEA55456FEA45451B484FEA0B11F1
S21400A7D045505DE7D3F8901169EE286A09B207EE96
S21400A7E0101AB8EEC77AD3F8881177EE677A0BB2EC
S21400A7F008EE103A87EEA67AB8EEC88A38EE078AD0
S21400A8009BE7D6ED037AF8EE677A87EE8A7AC9EE8A
S21400A810877A27EE888AA4E711F5003FAABFC1F31E
S21400A820110145F400350D43CFE700BF005A620220
S21400A830404B4C00809698000040005A0080E00F85
S21400A8400000000000007A4400008043000020441E
S21400A8500000004941F67132034BDA63012203F52A
S21400A8600053DA60704700BF0000035041F67132B3
S21400A8700121044BDA6303F50052D1600022DA634B
S21400A880704700BF00000350044B1868421C02BF0C
S21400A890034AD2F894001860704700BF7869002019
S21400A8A000400050CB784A7810B55B010C7843EA3C
S21400A8B082030A79234343EA02130C22424302F13D
S21400A8C0B0421363012C02BF8A78024B43F8202063
S21400A8D010BD00BFD080035008B54FF0B0435A6893
S21400A8E002B960B15B680BB12BF009F84FF0B041CC
S21400A8F030B10120074B58602BF001F8C86008BD46
S21400A9002AF0FDFF0223CB602AF0F9FF0122024B5A
S21400A9105A60F4E700100058002000584FF0B0418D
S21400A9204B6810B50BB12AF0EAFF01220B4BC47836
S21400A9305A608378934043EA840344782343047937
S21400A94043EA0413447943EAC4038B60044B5A6019
S21400A9500378C3F10203CB6010BD00BF002000588F
S21400A96000100058054B5B69C3F38512827003F034
S21400A9703F021B0B42700370704700BF00C00750B9
S21400A9800120034B9B680A3303F01F03984070476F
S21400A9900080E00F034BD3F82424D3F820041040A3
S21400A9A0704700BF00C003502DE9F8431E4B054614
S21400A9B0D3F810334B1E0E2B0E46174690F8009019
S21400A9C044781DD909B34FF000082846D7B134F0B3
S21400A9D069FC09EB4903072C4FF00F014FEA0313FC
S21400A9E015D8A400114808FA04F2A14018442AF029
S21400A9F08EFFBEB928468FB1BDE8F84334F052BC8E
S21400AA008846E2E72AF092FFE3E78846E1E7083C5B
S21400AA10A400074808FA04F2A140E7E7BDE8F843B7
S21400AA202AF084BFBDE8F88300C0035004C003507A
S21400AA300CC003502DE9F041204B1646D3F81023E6
S21400AA404A1C05460C46407804D1D3F824142AF054
S21400AA507BFF0446002C2EDB072C14DC03274FEA72
S21400AA6084082A7807FA08F73946154802FA08F2E1
S21400AA702AF04DFF6A78394602F00302114802FABE
S21400AA8008F22AF044FF012316F0050F0E4A18BFFD
S21400AA900E4903FA04F30CBFC2F81034C1F81034A0
S21400AAA016F0060F18BF094AC2F814340123064AE6
S21400AAB0A340C2F820342046BDE8F08100C0035011
S21400AAC000C4035008C4035000E0035000D00350F5
S21400AAD070B504462FF08AFB064630B90FCC044DFD
S21400AAE00FC594E80F0085E80F00304670BD00BF24
S21400AAF0E03D002047F6FF739A42F0B570D0022979
S21400AB0070D8394B5B5C022B6CD8384DDE0005EBF9
S21400AB10C304A77815F83330012F394638BF012112
S21400AB20012B16D1E078401A0021884205D8012F63
S21400AB302CBFC0190130C0B2F0BD431A6568A0EB47
S21400AB40530335F913509542D4BF194603F1FF302D
S21400AB50EBE760680028EFD0B0F90040944204DBD1
S21400AB60B0F902409442B8BF144683883544FF2BA0
S21400AB7019BFC8232827B0F90630B0F90870A3EB30
S21400AB8004030CBF0122002293FBF7F36E781344F4
S21400AB901BB29E4201DD002B01DA731E1BB24FF47E
S21400ABA07A7C00EBC305EA88AD685F1C14FB025292
S21400ABB01D4622EAE2723BB25C329E42B2FBFCF2D7
S21400ABC004DD00EBC307BF889742EAD200EBC5035B
S21400ABD09888904228BF1046884238BF0846AAE7A1
S21400ABE0FF20A9E70020A7E7AF930400E03D002080
S21400ABF00229F0B560D8314B595C02295CD8304B3D
S21400AC0013F83100012816D103EBC1039C78D878DD
S21400AC10012C214638BF0121904294BFC1EB0001B0
S21400AC20C1EB0201001BCAB28242C8BF00225B68A9
S21400AC3033F91200F0BD002A3CD003EBC10359687B
S21400AC40002939D09878904202D3B1F90200F1E792
S21400AC50DC78B1F900009442ECD95C788B88013C32
S21400AC60A3F1FF06734201F10405E4B2734101F15A
S21400AC700C07DEB2B44216D805EBC3034FF47A7560
S21400AC806A43B3F902405B68D21A04EBD47302EB52
S21400AC90630292FBF4F29042CCDBB1F902009042E0
S21400ACA0C8DC10B2C6E737F833C05E1C9445E3D361
S21400ACB03346DEE70348BDE70348BBE7AF9304002F
S21400ACC0E03D00200CFEFFFF0080FFFF08B50448B3
S21400ACD0FFF7FEFEBDE8084001202FF08DBA00BF4A
S21400ACE0B49304007FB51422002101A810F066F981
S21400ACF0044B01A94FF0FF3002932FF0C3FA07B0C0
S21400AD005DF804FB006A18002DE9F0418CB0884617
S21400AD10DDE912761D460446002847D0002945D0B6
S21400AD20002F43D0002E41D013F00F033ED1204811
S21400AD302049A360002A08BF01462362C4E9001325
S21400AD40404609A92AF092FE68BB2046099934F0CD
S21400AD5004FB2946204634F000FB694640462AF0AC
S21400AD6014FF00BB694620462AF03FFF404603A971
S21400AD702AF016FFB8B9204603A92AF036FF069730
S21400AD800127204645F0005506A9079708952AF0A2
S21400AD902CFF204609A909960A970B9534F003FB69
S21400ADA0204634F0BDFA0CB0BDE8F0812120FAE769
S21400ADB000010004000101042DE9F04F97B0894618
S21400ADC090461F460546DDF880A0002800F0BB80B0
S21400ADD0002900F0B8803AB1229B002B00F0B38027
S21400ADE0239B002B00F0AF80BAF1000F00F0AB8081
S21400ADF0219B002B00F0A78067B13C680026229BB1
S21400AE0043440293464507D307B13C60002017B081
S21400AE10BDE8F08F3C46F1E75CB1229B219A9B5D32
S21400AE20125D01345340239A04F00F049355013603
S21400AE30E8E7A8EB060BBBF10F0F58D9434B484683
S21400AE40C5E90034AC602C6213A92AF00FFE002876
S21400AE50DDD1284613992BF00F0B34F07EFA5946B5
S21400AE60284634F07AFA484604A92AF08EFE0028CE
S21400AE70CDD1284604A92AF0B8FE484607A92AF0EC
S21400AE808FFE0028C3D1284607A92AF0AEFE01236C
S21400AE9022992F4ACDF828A00B930C928A190D926E
S21400AEA028464BF000520AA90E9303920F922AF0FE
S21400AEB09CFE28460DA92AF098FE239B039A991912
S21400AEC00123109111931292214A284610A9CDF819
S21400AED04CA01493159234F066FA284613A934F061
S21400AEE062FA284634F01CFA5E4400288FD1229B72
S21400AEF003EB060B239B1E44029B9B4501D1464653
S21400AF0080E7ACB9219B2246CDE900A34946102331
S21400AF102846FFF7F9FE00287FF479AF0AF1100201
S21400AF2012F8013D0133DBB213700BB95245F7D16D
S21400AF30219A1BF8013B125D0134534006F8013B91
S21400AF4004F00F04D8E7212061E700BF03030004E4
S21400AF50100000207FB50E461D460446F0B102B92B
S21400AF60E3B901230192029345F0005303930023B3
S21400AF700B4AA360C4E900232362204601A92AF0F5
S21400AF8034FE3146204634F0E8F92046294634F0AF
S21400AF90E4F9204634F0C4F904B070BD2120FBE784
S21400AFA000000943084B984202D0084B984207D14C
S21400AFB00B88B3F5105F14BF6FF085000020704754
S21400AFC06FF08500704700BF004440040013C004C3
S21400AFD01038102808D8064BC34013F0010F0CBFDA
S21400AFE06FF08600002070476FF08600704700BF45
S21400AFF0010101002DE9F04FA7B008AFCDE905012A
S21400B000DDE93295DDE9346A0021079238461022E0
S21400B0109846DDF8D8B00FF0D1FF102200210CA81A
S21400B0200FF0CCFF069B2BB96FF08604204627B0A6
S21400B030BDE8F08F079B002BF6D0B9F1000F01D1C9
S21400B040002DF1D1309B13B9319B002BECD116B9F2
S21400B050BAF1000FE8D1BBF1000FE5D040460599E4
S21400B060FFF7A0FF04460028E0D1014628221CA8CE
S21400B0700FF0A4FF2022214614A80FF09FFF1CA863
S21400B08034F061F9002840F0AF80DDE9061205983B
S21400B09014AB2AF0F6FD04460028C7D11498FFF733
S21400B0A097FF04460028C1D115B9CBF80000BDE7CC
S21400B0B0B14518D209EB05039E4214D25545B3D8C4
S21400B0C02A46494630460FF0CBFF554B984526D0CA
S21400B0D006D3544B984524D003F54073984520D0AA
S21400B0E06FF08504A2E74F4B98451BD003F54073DD
S21400B0F0984517D04A4B9845F2D1554594D815F047
S21400B1000F0291D12B46CDE9009614A91CA8FFF793
S21400B110FBFD814600285CD1CBF8005086E7B1469F
S21400B120EDE7B1461022002110A80FF047FF554565
S21400B1303FF67AAF3C4B9845319B39D10D2B7FF4C7
S21400B14073AF01238DF84030309B0DF1410203F1BF
S21400B1500C0153F8040B8B4242F8040BF9D11B7810
S21400B160137001238DF84F3015F00F0842D025F0EC
S21400B1700F034B440DF1300C03F1100E62461868B5
S21400B1805968083303C273459446F7D10F2D33D858
S21400B19025F00F03334403930CABCDE9017310ABDA
S21400B1A000934246002314A91CA8FFF705FEB0E74B
S21400B1B0102B7FF439AF309B10AA03F1100E944683
S21400B1C0186859680833ACE8030073456246F6D140
S21400B1D0CAE75246002130460FF0F0FE0023B9F1D0
S21400B1E0010FCBF8003002D06FF092041EE76FF02C
S21400B1F08B041BE70F2D8FD910ABCDE90296009379
S21400B2000197002325F00F0214A91CA8FFF7D4FD10
S21400B21081460028DDD1B8F1000F3FF47DAFB7E7D7
S21400B220004440040010C0040013C0042DE9F04F91
S21400B2308A46A1B00021DDE92A56DDE92C79059081
S21400B240934606A8102298460FF0B8FE102200215A
S21400B2500AA80FF0B3FEBAF1000F05D16FF086040E
S21400B260204621B0BDE8F08FBBF1000FF6D00DB937
S21400B270002EF3D117B9B9F1000FEFD12E9B002B9A
S21400B280ECD040460599FFF78DFE04460028E7D12E
S21400B2900146282216A80FF091FE202221460EA86D
S21400B2A00FF08CFE16A834F04EF8002854D15A46FB
S21400B2B0514605980EAB2AF0E4FC04460028CFD190
S21400B2C00E98FFF785FE04460028C9D116B92E9BB6
S21400B2D01860C5E7BD4216D2AB199F4213D24E4541
S21400B2E0BCD83246294638460FF0BAFE3A4B984547
S21400B2F05BD003F54073984531D0384B984511D054
S21400B3006FF08504ACE7344B98454FD003F5407397
S21400B310984525D0314B9845F2D14E4503D96FF06C
S21400B32089049DE73D46330798D133460122CDE98F
S21400B33000570EA916A8FFF7E7FC2E9B05461E60D1
S21400B34000288DD04A46002138460FF037FE0023ED
S21400B3502E9A012D13603BD06FF0920480E73D4695
S21400B3600D3E4E45DBD801238DF828302B460DF1D7
S21400B370290205F10C0153F8040B8B4242F8040B2A
S21400B380F9D11B780D3513704FF48073ADF8363055
S21400B39006AB01930AAB009332460023CDE9025771
S21400B3A00EA916A8FFF708FDC7E73D46103E4E4516
S21400B3B0B5D82B460DF1280C05F1100E624618681C
S21400B3C05968083303C273459446F7D11035DFE752
S21400B3D06FF08B0444E700BF0010C0040044400434
S21400B3E010B54FF42F72002104460FF0E7FD8023BE
S21400B3F0C4F88C30054B04F19C00C4F8843001235B
S21400B40084F88830BDE8104029F087BC9AFE030017
S21400B41010B5D0F8A0400A468CB92AF048FE04467B
S21400B42010B90024204610BD2D2896BF064B0749AC
S21400B43053F82010064A07482AF07FFFF2E7D0F8B4
S21400B440A4101046A047ECE7A09404009DFE03005D
S21400B450F2FB0300CDFF0300F8B590F880600446C9
S21400B46016B100263046F8BD2AF054FC0028F8D164
S21400B470012384F8803094F8883033B1D4F88410EF
S21400B4801F4884F888602AF058FF4FF0FF37D4F83A
S21400B490B402421C1FD0C4F8B47210F0FF052CD0C2
S21400B4A020462AF034FC2946204600F0A7FB002858
S21400B4B0EDD020462AF039FC94F888303BB1D4F819
S21400B4C084100F482AF039FF002384F888300023C0
S21400B4D084F88030C6E72AF015FF431CDDD1D4F887
S21400B4E08C30D4F89420013B9A4204DB054A064986
S21400B4F006482AF022FF0126E9E70126C7E700BF33
S21400B50068110400F2FB0300ABFE0300CDFF03004E
S21400B510F8B50B780446302B0D46164604D14B780A
S21400B52003F0DF03582B11D0284F6A1E12F8011FB4
S21400B530002934D128460A220FF030FC202C03467E
S21400B5400D4631D1B1FA81F040091AE04A1C1F4974
S21400B55012F8013F8BB928460FF02CFC1C4B023822
S21400B5602340032B12D10134A41084420AD1A878B8
S21400B57037288CBF0020012003E0CB5C13F044008A
S21400B580E6D1F8BDCCBF01200020FAE7002CB8BFFA
S21400B5900334B0EBA40FD4BF01200020F1E77B5C9E
S21400B5A013F00400C2D1ECE726B1084302D0013BF9
S21400B5B061F100050122A240013A1A40002D08BFA1
S21400B5C09A420CBF01200020DBE700BF91BA0400BE
S21400B5D003000080F0B5037801467B2B17D10646A2
S21400B5E0022400220B4F16F8015F7D2D05D10B5D5E
S21400B5F06BB9D24302F0010008E07B5D13F0440013
S21400B60002D001320134EEE7202DFBD0F0BD002041
S21400B610FCE700BF91BA040070B506460D460FF071
S21400B620C9FB044630462AF088FE044EAC4200D3DE
S21400B63070BD30462AF081FE0134F7E7400804006A
S21400B6402DE9F84F044602215148FFF7E5FF1E2179
S21400B6502068FFF7E1FF636858682AF06EFE4D48E1
S21400B6602AF06BFE67683B7BFD2B12D8D7F8088064
S21400B6704FF0FF3640460FF09DFB0546DFF8109171
S21400B680DFF870A1DFF84CB10C3717F8013BFF2B41
S21400B69001D1BDE8F88F212B18D8212B36D8DFE84A
S21400B6A003F0377274111B1D1F21353535353535BE
S21400B6B03535232527292B2D2F313535353535358D
S21400B6C035353D33344C002D2BD12EE0334C344AE7
S21400B6D0FE2B08BF1446F6E7324CF4E7324CF2E78E
S21400B6E0324CF0E7324CEEE7324CECE7324CEAE70D
S21400B6F0324CE8E7324CE6E7324CE4E7324CE2E71D
S21400B700324CE0E7324CDEE7324CDCE7234CDAE73B
S21400B710314CD8E72AF005FE01362AE0002DB4D0D9
S21400B7202E4C202B06F10106AFD002214846FFF72B
S21400B73073FF1E214846FFF76FFF50462AF0FDFDB7
S21400B740594620460FF090FE2549002818BF21468E
S21400B75024482AF0F2FD3B78202B02D12B202AF039
S21400B760E0FD21482AF0E9FD4DB118F806301F2B00
S21400B77005D018F806001F2801D0AE42CADB0548DF
S21400B7802AF0DBFD81E7194C9DE7194C9BE700BFCB
S21400B790E0490400F2FB030055FF030067FF0300C7
S21400B7A04C190400B2FF0300B9FF0300AAFF030010
S21400B7B0A6FF03009DFF030093FF030089FF03001D
S21400B7C09EFF030094FF03008AFF03007FFF030031
S21400B7D078FF03006FFF030054FF03005AFF0300C7
S21400B7E065FF030068110400DE020400B1FF0300D9
S21400B7F0B8FF0300341A04002DE9F04F9BB005464D
S21400B8008B460024009203930FF0D4FA249F039BE8
S21400B81004901C6028463C600AAA09A92AF0AFFDDD
S21400B820064658B90A980FF0C5FA3446B046039B48
S21400B8301860D5F89C300293029B1BB920461BB0BB
S21400B840BDE8F08F029BD3F80890B9F1000F6CD0DA
S21400B8502E4416F8013B202B11D000260C237343F0
S21400B86009EB030A59F803300193002B58D0099BC3
S21400B870434555DB9AF808202AB1721C39E03B682C
S21400B88001333B60E5E73968D5F894200793039BBE
S21400B890521A1A601AAB03EB880151F8403C019922
S21400B8A0184605930FF0A0FD06900028E5D10198F4
S21400B8B00FF080FADDE906230146DAF80400D7F82F
S21400B8C000A090F80CC0BCF1FE0F16D103F1FF3EAD
S21400B8D0C64512D0D0F80090059801920FF06AFA8B
S21400B8E00AF1010A019A50442B5C23B1386008F132
S21400B8F001081646B2E70130F6E7D5F89420059120
S21400B900A2EB0A028A4220DC58460FF053FA059949
S21400B91001447B290DD958461F4A009929F024FA7C
S21400B9202B46049A2A4493422CD1029B1B6802930E
S21400B93082E7DDE90012584629F016FA5846174AFB
S21400B9400099013429F010FA97E7BCF1FE0F94D164
S21400B950013B434591D1D0F800A0DFF840905AF85B
S21400B9600C2B22B9049B3B60039B1A60D8E7584611
S21400B970009929F0F9F94A465846009929F0F4F951
S21400B9800134ECE713F8011B0029CCD14FF020015D
S21400B99003F8011CC7E700BFBFFF03004008040010
S21400B9A02DE9F047002486B01C60DDE90EA80646A7
S21400B9B089468AF800401168154888F800401746FE
S21400B9C01D468DF81740FCF7A5F818B901242B681A
S21400B9D001332B600020D6F89C6036B914B10123E1
S21400B9E088F8003006B0BDE8F087B06868B14B460E
S21400B9F00021CDE902A8CDE900750DF117022AF065
S21400BA00F5FA9DF81730002BE8D13668E5E700BF59
S21400BA10C4FF03002DE9F0470446ADF5447D8022BF
S21400BA20002104A802AF0FF0C9FA80222046009732
S21400BA3003AB04A9FFF7E0FE01283DD104A80FF0F0
S21400BA40B9F903993B68461A0B4426EAE67623447E
S21400BA50054604A83246014418460FF03FFC002273
S21400BA608255D4F89060039B3968D4F89020194426
S21400BA70B14212DCD4F89410E81A0244C4F89020BC
S21400BA80014404AAC4F89410D41825182B1B002BC4
S21400BA900DDC0DF5447DBDE8F087A05C2AF041FC86
S21400BAA0D4F8903001360133C4F89030DBE714F850
S21400BAB0010B2AF036FCE9E7EBDD24AD80220021FD
S21400BAC028460DF5887A0FF079FA0DF110094FF433
S21400BAD00072002150460FF071FA4FF001084A46F6
S21400BAE0002312F8016BA6B904A84AF828300FF014
S21400BAF061F92946334698451CDB19F8016B0DF5AC
S21400BB00887C5CF8042B82420CD101F8016B01336F
S21400BB10F1E7202E03F1010304BF4AF8283008F1AC
S21400BB200108DEE70DF1100E7244D25CB242E8D096
S21400BB300022EA54D4F89060039BB3422FDC2346DD
S21400BB402C4A04A92C482AF0F8FB28460FF032F9B4
S21400BB500646039B3F68F61A1F4426EAE672E0197B
S21400BB6017441D44E11904F1900399423CD904F1AD
S21400BB709803984238D26A1E81190B1A002B27DDCB
S21400BB8012F8013F00F8013BD4F890300133C4F8B6
S21400BB909030D4F894300133C4F89430EDE7D4F8FC
S21400BBA090300136E05C2AF0BCFBD4F890300133CC
S21400BBB0C4F89030C0E7D4F89020013B0132C4F8B6
S21400BBC09020D4F894200132C4F89420002BF2DCA4
S21400BBD000232E44E355731B002B7FF75AAF15F84E
S21400BBE0010B2AF09EFBF6E729460FF077FB33465B
S21400BBF0ECE700BF9AFE0300C9FF03002DE9F843F7
S21400BC00D0E9245604460F46002294F89830012BBB
S21400BC1007D10A2F07D1002384F898300020BDE80A
S21400BC20F88300F29F801B2F01D10223F4E70D2F2B
S21400BC300DD1012384F898300D202AF072FB0A20DB
S21400BC402AF06FFB00230120C4E92433E7E74FF016
S21400BC500008082F84F8988034D1454530DDB54279
S21400BC600FD138462AF05DFB20202AF05AFB013D12
S21400BC7038462AF056FB013E04F80580C4E92456EF
S21400BC80CCE7FBDA05F1FF3938462AF04AFB04EB2D
S21400BC900903A6EB0902611918460FF0E1F904F84A
S21400BCA006800146013E48482AF047FB35464D458A
S21400BCB001DC4D46E2E708202AF033FB013DF6E7BB
S21400BCC0ACD0DBE77F2F1CD1002EA7DDB542A5DA6E
S21400BCD06319691C21441846721B0FF0C1F904F859
S21400BCE00680014639482AF028FB0820013E2AF043
S21400BCF018FBB542F9D1D4F89430013BC4F894301F
S21400BD008CE70A2F98D0092F03D12046FFF782FE32
S21400BD1084E7D4F88C30013BB3427FF77FAFB5425F
S21400BD2004EB050805F101090CDB384688F80070BD
S21400BD30D4F89430C4F890900133C4F894302AF0C4
S21400BD40F0FA6BE74146721B04EB09000FF088F926
S21400BD5040462AF0F2FA0820013E2AF0E2FAB542FE
S21400BD60F9DDE2E7022B06D15B2F01D1032353E76F
S21400BD7084F8982049E7032B7FF450AF413F84F8BE
S21400BD809820032F3FF64AAFDFE807F002070A16AF
S21400BD90012120462AF076FA40E74FF0FF31F8E717
S21400BDA0B542BFF63BAF605D2AF0BBFAD4F89030E0
S21400BDB00133C4F8903031E7002D7FF72FAF013DF7
S21400BDC00820C4F89050BAE7D2FF0300CC03040062
S21400BDD008B50248FEF79CF9002008BD00B4C4046C
S21400BDE030B58BB06C46174D0FCD0FC40FCD0FC4BA
S21400BDF095E8030084E80300134BD3F84C211203A4
S21400BE001CD5A3F5FE431C884FF6FF739C4208BF63
S21400BE108C248DF81940FEF763FA204480F308005E
S21400BE208DF818000948FBF70DFF6846FEF7C0F9C5
S21400BE303220FEF75BFA00200BB030BDD3F850413D
S21400BE40E4B2E6E7589504000080E00F00F04902EF
S21400BE500028ACBF00F16040064B4FEA0111C9B2A2
S21400BE60ABBF00F5614000F00F0080F800131954D6
S21400BE70704700BF14ED00E008B533F005FA0B4B31
S21400BE801A7872B901221A7033F0F9F96FF00402C9
S21400BE9010460132052152B2FFF7DAFF3D2AF7D1EC
S21400BEA008BDBDE8084033F0EAB900BF305F0020A7
S21400BEB0002807DB01234109034A00F01F008340E6
S21400BEC042F82130704700BF00E100E0054B421108
S21400BED053F8223000F01F0023FA00F0C04300F0B1
S21400BEE00100704700E100E0002808DB012243095A
S21400BEF0034900F01F008240603341F8232070475A
S21400BF0000E100E010B5044633F0B1F9024B1C60C6
S21400BF1033F0A8F9002010BD083E002010B533F01D
S21400BF20A6F9034B1C6833F09DF9204610BD00BFF0
S21400BF30083E002038B50C461546014610B9FFF7F6
S21400BF40EDFF01462B46224603480DF047FF00282A
S21400BF50D4BF3720002038BDD564030008B500F0F4
S21400BF60E3FB18B16A21024833F083FA002008BDCB
S21400BF70D7FF030008B500F049F80C4A536A43F4AB
S21400BF8070235362EFF308834FF0CD31084A043B29
S21400BF90934208D200F070FAFFF7E0FFBDE80840D1
S21400BFA00448FEF795BD43F80419F1E700ED00E0FC
S21400BFB008000020B493040007B5042200200DEB0F
S21400BFC002012EF0D7F8042803D0D721044833F016
S21400BFD050FA019800F0DCF903B05DF804FB00BFEE
S21400BFE0D7FF0300082310B50C0A41400648C9B223
S21400BFF041F30002013B024013F0FF0382EA5101C5
S21400C000F6D184EA010010BD2083B8ED38B5FEF7FE
S21400C0103BFC044629F06DFCE3072AD401221046B7
S21400C020114600FA01F3234002F1010223D01D4B12
S21400C03033F811301C48062B028844881B4920D14F
S21400C0404FF20F039C4219D1B2F5406F28BF4FF450
S21400C050C0624CF23C330A80438040F201730A8887
S21400C0609A4201BF124B134AD2E90001C3E900010C
S21400C07015E00021DBE7102AD2D1DBE74FF4C062DF
S21400C080E7E740F20725AB420AD14FF20F05AC4274
S21400C09006D19A4204D14CF23C320B80428038BD25
S21400C0A00B80DAE71C9704006C66002026580020F8
S21400C0B00C3E002064660020014B1888704700BFC5
S21400C0C026580020014B1888000A70472658002082
S21400C0D0044B05481B881A0AB3F5406F38BF00EBBF
S21400C0E08200704726580020EC960400044B1888FF
S21400C0F0044B020A53F82230C0B203EB80007047AC
S21400C10026580020BC96040010B5044633F0B3F859
S21400C1104FF20F02044B1C805A80BFF35F8FBDE8BE
S21400C12010402AF0A1B900BF6C6600206D4A2DE9C8
S21400C130F0416D4B55686D4C5D65516A99656C496B
S21400C140D1F80002D865D1F80412586B1966916AC6
S21400C15010F0040F5966D16A4FF000009966116B13
S21400C160D966516B1967D26BD8645A67D3E90E1239
S21400C17018BF11465F4A91421A655DD301F120004F
S21400C180A04259D88869C5F308051864CE69062DFB
S21400C1905E6455D1584DA84252D3584DA8424FD24E
S21400C1A005884DF6426085424AD11868C3F890006B
S21400C1B05868C3F8940040F20170A242154604D2B3
S21400C1C02E680432B6F1CD3FF7D00022C3E91E2216
S21400C1D0C3E92022C3E92222641BDFF81CC1434DB9
S21400C1E0DFF818E19C648D422DD8D3E91EC7D3E949
S21400C1F02065D3E922414FF0000E013AD2B2FF2A61
S21400C2003CD1BEF1000F05D0C3E91EC7C3E92065C7
S21400C210C3E92241B3F85430C3F308030C2B3BD8D0
S21400C220022B54D9DA1E092A51D8DFE802F031571A
S21400C230404350505050504D0021C3E910112D4935
S21400C2404FF42060B9E755F8044D6445CBD37445E8
S21400C250C9D2E607C7D50026294F57F8048FA04550
S21400C260C1D00136062EF8D132B1013AD2B202F16F
S21400C2701E0643F82640B6E70522F8E7E0464FF0EC
S21400C280010EBC4637462E4625460C464146B4E7C8
S21400C29040F60120BDE8F0813B2B18D1194B9B6975
S21400C2A013F0020F40F2025318BF1846F2E740F6AA
S21400C2B00320EFE740F6042240F20173B0F5206F4A
S21400C2C00CBF10461846E5E740F60520E2E740F6C4
S21400C2D00722013B4B2B98BF1046DBE740F60220B7
S21400C2E0D8E700BF00ED00E0D4650020081000206D
S21400C2F000E100E008000020D042000080F80300C3
S21400C300486600200080015A00F00CB800F00AB819
S21400C31000F008B800F006B800F004B800F002B864
S21400C32000F000B872B61EF0080F09D01EF0040F19
S21400C3300DD0DFF850E0AEE8FF1F6FF002000CE013
S21400C340DFF840E0AEE8FF1F6FF00E0005E0DFF814
S21400C35034E0AEE8FF1F6FF006006946EFF309828F
S21400C3608EE8070086460848084C854501D3A54553
S21400C37001D384F30888FFF7D9FE84F30888FFF713
S21400C380C3FE0000D46500204800002008100020EE
S21400C3904BF6EF6283B2002B08BF1346044A000C2C
S21400C3A013804FF6CE2308BF1846024B18807047FE
S21400C3B0AA6E0020A86E00200B4BB3F90020188848
S21400C3C0002AB8BF80F0620042001A80074AB2F91D
S21400C3D0001013880029BCBF83F4805383F00B033E
S21400C3E05900118058407047AA6E0020A86E0020A1
S21400C3F007B5684600F01AF8DDE900010022034B95
S21400C40003B05DF804EB2AF02BBB00BF143E0020FF
S21400C41007B5009313460A46014603482AF0D4F8A7
S21400C42003B05DF804FB00BF143E00200249034A37
S21400C4300160521A42607047806F002000000120A1
S21400C44000487047143E002038B54160044632F07C
S21400C4500EFF05462146044828F062FC2846BDE843
S21400C460384032F0FFBE00BF3C3E0020014828F0B6
S21400C47054BC00BF3C3E00200222014B1A677047A6
S21400C4800040005070B532F0F2FE174E05461748D1
S21400C49032F098FF3378CBB900F046F9044620B165
S21400C4A0284632F0DFFE204670BDFFF7DFFF33F090
S21400C4B053F80F4B1C6031F085FC0E4B0E4A18608B
S21400C4C0536F43F0010353672AF0E6FA00F028F8AA
S21400C4D02AF0F9FA094B0024186001232846337025
S21400C4E032F0C0FEDFE700BF3C5F002094950400FA
S21400C4F0403E0020683E002000400050443E0020A1
S21400C500054B1B685843054B00F5742000F23F208E
S21400C510B0FBF3F0704700BF683E002040420F00BB
S21400C520294B2A4AD3F8003170B503F00303136091
S21400C53031F0DEF94FF4C870FFF7E2FF0022244B1B
S21400C54024491860244C0B680132D2B20A2A44F8F7
S21400C550040BF9D1034400EBC00003440B601F4BEF
S21400C5601F4D1B7813B3184BD3F8003103F00303A9
S21400C570022B22D0032B23D0012B17D130F050FFF3
S21400C580024698B1174B184EDC6800231946C4F3D0
S21400C5900B04013404EB84040138E4FB06010EF0BE
S21400C5A0A1F9FFF7ADFF2B6803442B601F20FFF7B0
S21400C5B0A7FF2B6803442B6070BD30F07BFFDFE7DE
S21400C5C032F068FEDCE700BF00800050A83E002086
S21400C5D06C3E0020703E0020743E0020405F00202D
S21400C5E0A03E002000C0015040420F000122154B23
S21400C5F010B55A67144B154C1B7813B3022032F053
S21400C6009CFFF0B131F064FCD8B1A36DD90302D51C
S21400C610E36D9A0715D40D4B9B6DDB0711D40122F1
S21400C6200B4B1A7032F07DFFBDE81040094B0A4AEA
S21400C6301860136F23F0070343F00303136730F00B
S21400C640D5BE10BD00D00050415F002000C0005095
S21400C6503E5F00209C3E0020008000500122014BDF
S21400C6601A707047415F002007B5FFF7C1FE01A8AA
S21400C670FEF778F99DF80530012B25D1234B9A6DEE
S21400C680D20311D45A6B6FF3162242F4BC1242F452
S21400C690A0625A631A6B22F4704242F440421A6354
S21400C6A01A6B42F4E0621A639DF8043063B94FF0E7
S21400C6B000531B68164B1B68164B1B68164B1B68F3
S21400C6C0164B1B68164B1B68164AD2F8803043F090
S21400C6D00303C2F880302AF0FEF9FFF7CDFBFFF720
S21400C6E077FBFFF77DFB0DF0C3FBFFF7CBFE00F0FB
S21400C6F01BF82AF0F1F9FFF73DFC2AF0FCF92DF0C3
S21400C70073FB03B05DF804EB2AF0E7B900C00050F5
S21400C710004000200080002000C000200000012013
S21400C720004001200080005070B532F0ADFD144E80
S21400C73005463478FCB9134B1C60134B1C60134B36
S21400C7401C6000F031F8012031F0B0FC31F0A2FCA2
S21400C7500F4B0246186020B9284632F090FD232081
S21400C76070BD234640F2E7310A480EF0BBF80A4B8C
S21400C770186001233370284632F081FD0020EFE771
S21400C780445F0020B83E0020B43E0020C03E00209B
S21400C790BC3E002018FCFFFFB03E0020014B18688E
S21400C7A0704700BFB03E00201FB50024184B186825
S21400C7B09A880290D3F806009B7A00901548ADF848
S21400C7C00C208DF8043032F0FDFD02A88DF80840EC
S21400C7D08DF80C40FEF7A2F8694601208DF800405F
S21400C7E0FEF760F81F220C4B9A615A614FF0B04278
S21400C7F0936A13F00803FBD113620120FEF76CF86E
S21400C8000A20FFF771FB0A20FFF752FB04B010BDA9
S21400C810459704008C9504000020005810B532F0AF
S21400C82033FD4FF0B04304465B691A07074A03F02E
S21400C830010003F00D0348BF40F00200536131F0E1
S21400C8405DFB2046BDE8104032F019BD00200058C0
S21400C85021282DE9F341054604D82C46204602B08F
S21400C860BDE8F08100240B4E0B4FDFF8308000232C
S21400C870CDF800801A461946386828F09AFD84429A
S21400C880EBD2222CE9D056F8043BAB42E6D001347A
S21400C890EDE700BF649A040074690020FFFF0F00F4
S21400C8A02DE9F04F644E654D89B02AF070F9316875
S21400C8B02868FCF74DFB0446002827D03368002480
S21400C8C0D3E900019A6912689047336804A89B6907
S21400C8D09B689847336802209B69DB6898473268F4
S21400C8E005985368E7B2B3FBF0F3BB42916904F1D5
S21400C8F001044ED8CB680020984733689B695B6874
S21400C900984731682868FCF723FB04460027DFF8C1
S21400C91044A1DFF84481DFF84491F4B9484B286815
S21400C920DB5D002B00F08380D8F8006002AB314658
S21400C93003AAFCF78FFC2D2807D070B9039B012BA8
S21400C9400BD031462868FCF7D9FEDAF800303146BD
S21400C9501A682868FCF752FE04460137222F0AF1AF
S21400C960040A08F1040809F10109D6D1B4FA84F3DF
S21400C970344A5B0913702B681B7C33B12AF0D3F85A
S21400C98018B1DB21304832F074FD204609B0BDE80E
S21400C990F08F12680B6907FB002098479FE7D8F8CE
S21400C9A0003003AA194402AB0191FCF753FC2D2872
S21400C9B0034601992BD0286813B30BF1010B5FFADD
S21400C9C08BF18E422868EAD8204BDB5D002BC4D062
S21400C9D0F3B27E2B2868C0D8D8F8003003AA06EB3E
S21400C9E0030B594602ABFCF735FC2D28B5D059464B
S21400C9F02868FCF783FE013604460028E8D0ACE73A
S21400CA00039B7BB999F80020029B9A42D5D099F8EF
S21400CA100030DAF800202868FCF7EAFC0028CCD0C2
S21400CA200446D1E70191FCF769FE0199EFE7084B50
S21400CA30A346DE5DC3E700BF54690020746900208A
S21400CA40409A0400465F00205E0004001E9A040020
S21400CA50DA99040050970400649A0400FC990400D4
S21400CA60F8B51F46214B04461B780D46164623B1E3
S21400CA7000F47E23B3F50E2F2BD02046FFF7E8FEFA
S21400CA802128044614D81A4B53F82010194B1B784B
S21400CA90ABB1194B212C18681DD8184B1B5DD3B1B0
S21400CAA03268FCF7ABFD044650B12AF03BF807E0CD
S21400CAB0FF2807D93A46314680B229F047FD0024C0
S21400CAC02046F8BD4FF4A9710D4832F0D2FC002183
S21400CAD0DCE70146DAE77F2D08BF00253B463246F5
S21400CAE051FA85F1FCF784FCDDE700BF455F0020C6
S21400CAF0649A0400465F002074690020409A04008F
S21400CB005E00040030B5134600F07E62B2F17E6F20
S21400CB108BB00DD10A46C0F30B016846FEF71AFA31
S21400CB2020B140F29311094832F0A3FC0BB030BD9F
S21400CB305A0829F0FAFF0028F8D04FF49C710348F1
S21400CB400BB0BDE8304032F094BC00BFEF000400EC
S21400CB502DE9F743C70705460E46144604D540F2AE
S21400CB60E311494832F085FCE10704D54FF4F27131
S21400CB70454832F07EFC454B93F80080B8F1000F34
S21400CB8020D043F260239D4208D1224631464048D9
S21400CB900EF0A4FB002003B0BDE8F083C5F30B073E
S21400CBA005F44055B5F5805F14BF4FF40F204FF4E1
S21400CBB00E20234632467F21384303B0BDE8F043BB
S21400CBC0FFF74EBF05F47043B3F5805F3FD1C5F362
S21400CBD00B05304A05F17E65631E2B44934230D820
S21400CBE02F46DFF8A49007EB0408474542D1AA0772
S21400CBF00ED04FF6FF7336F8022BA81E43EA024308
S21400CC0004220DEB02010193FFF77CFF0235023C84
S21400CC10A3070ED0023C24F00103F35A04226FEA65
S21400CC2003436FEA13430DEB020128190193FFF744
S21400CC3069FF002CAED0224631462846FFF762FF39
S21400CC40A8E740F2FD11104832F013FCC8E705F4DF
S21400CC506043B3F5005F04D1C5F30B0505F53E252B
S21400CC60BEE740F20521084832F003FC6FF00F07DC
S21400CC704546B6E717F8013BFF2BB6D04FF40471D4
S21400CC80484632F0F6FBB0E7EF000400455F0020B0
S21400CC90AC6E0020FF03E00F10B500F077F829F027
S21400CCA090FF044618B100F079F8204610BD00F059
S21400CCB07BF804460028F6D10122014B1A70F2E7F1
S21400CCC0475F0020054B1B7833B1054BC0F31301BB
S21400CCD000221868FCF7D6BC11207047475F00207A
S21400CCE074690020144B2DE9F0411B7805460E466A
S21400CCF01746FBB129F04CFF012805D9841EE4B283
S21400CD00012C09D9212412E03B4631462846BDE8CD
S21400CD10F041002200F052B800F038F83B460022FE
S21400CD203146284600F076F8044600F037F82046EC
S21400CD30BDE8F0811124FAE7475F0020124B70B57A
S21400CD401B7804460D461646E3B129F021FF01285C
S21400CD5005D9831EDBB2012B08D9212410E0324608
S21400CD6029462046BDE8704000F040B800F00EF8B6
S21400CD7020463246294629F026FF044600F00EF8E3
S21400CD80204670BD1124FBE7475F002008B532F04F
S21400CD906EFA014B186008BDC43E0020014B1868AF
S21400CDA032F060BAC43E0020024B1968024B186885
S21400CDB0FCF7CEB8546900207469002037B50546E4
S21400CDC00C46C0F313010848ED02006805D522465C
S21400CDD003B0BDE83040FCF709BA0093134622467C
S21400CDE0FCF7BEF903B030BD7469002030B40546C8
S21400CDF01346074A0C46C0F313011068EA0203D52F
S21400CE00226830BCFCF7FABB224630BCFCF7F0BA0E
S21400CE1074690020F7B505460F4614461E461BB932
S21400CE202125284603B0F0BD0029F9D029F0B0FE30
S21400CE304BF23462ABB2934220D14FF0FF3322461E
S21400CE406946CDE9003325483346FFF7E3FF08225D
S21400CE500546234968460EF0FDFB38B933462246A0
S21400CE60694641F2F010FFF7D5FF0546002DD8D1F0
S21400CE703246694638460EF031FAD2E741F2F012F1
S21400CE8093420FD1174B311908299A6CDB6CC7D81F
S21400CE90CDE9002332460DEB040138460EF01EFAAB
S21400CEA00025BEE702280BD1C5F30C433219934286
S21400CEB0B6D3C5F30B0104F17E6432462144ECE799
S21400CEC0032809D1C5F30C4332199342A8D3C5F3FE
S21400CED00B0104F53E24F0E70125A2E7021008C086
S21400CEE0F09A04000080E00F10B52CF01DF92DF02C
S21400CEF0D3F9BDE81040034601210220014A02F0A2
S21400CF000BBC00BF8601040013B5D0E9023253F80B
S21400CF1022301C7820462CF019F923460090012177
S21400CF200220024A02F0F8FB02B010BD9A0104008B
S21400CF30014B18782BF0DFBC485F0020FF232DE95B
S21400CF40F04F8FB01122002108A88DF813300EF094
S21400CF5035F808A82AF08DFE01210220B04A08AB59
S21400CF6002F0DAFB41F24903AE4A0121022002F048
S21400CF70D3FB06A82AF0ACFF08A90DF113002AF08F
S21400CF80B2FF02200021A84A02F0C6FB00202BF0C8
S21400CF90E3FC10B106A809F0CDFB9DF92A3001216B
S21400CFA00220A24A00939DF82B3002F0B5FB2CF02D
S21400CFB0B7F8831EDBB2FC2B054631D801210220D0
S21400CFC09B4A02F0A9FB01249A4E9B4FDFF8D082C1
S21400CFD0234632460021022002F09EFB05A9E0B25D
S21400CFE02CF0A0F8034650B1A0F11602012A40F238
S21400CFF0AA8042460121022002F08EFB0CE09DF939
S21400D00014303A4601939DF8163001210093022011
S21400D0109DF8153002F080FB0134E3B29D42D7D86C
S21400D020BDF8284007F072FF23460021834A00908F
S21400D030022002F071FB02200021814A02F06CFB04
S21400D04000202BF089FC10B108A809F073FB012121
S21400D0507C4A022002F060FB2BF0C0FF04462BF057
S21400D060BBFF23460121784A0090022002F054FBC1
S21400D07008F024FC00210220744A02F04DFB9DF8C3
S21400D0801330FF2B65D000210220714A02F044FBCA
S21400D09001216C4A022002F03FFB2AF029FF012101
S21400D0A003466C4A022002F037FB07F007FF002118
S21400D0B00346694A022002F02FFB2AF01FFF0446AF
S21400D0C02AF01EFF23460121644A0090022002F047
S21400D0D023FB32F0DBF908F099FC01210346604A95
S21400D0E0022002F019FB0025DFF8B88108F08EFC5C
S21400D0F0ECB2A04233D832F0C9F90123594A194696
S21400D100022002F009FB00202BF0F5FB564B574C93
S21400D1100093012100230220554A02F0FDFA2368FD
S21400D12063B1012102201B78524A02F0F5FA236807
S21400D130012102205B78504A02F0EEFA2BF0E0FB69
S21400D1400FB0BDE8F08F012102204C4A02F0E4FA4D
S21400D15062E7002102204A4A02F0DEFA98E7494BCD
S21400D160204603EB0416D6F8089008F009FD824620
S21400D170204608F051FC444F00280CBFC346BB466F
S21400D180204608F0FDFC0AF0B7FA002808BF47461C
S21400D190534600210220CDE900B73C4A02F0BCFA13
S21400D1A0B37901210293B388022001937388384A29
S21400D1B00093337B02F0B0FA0026DFF8ECB099F863
S21400D1C00430F4B2A34203D832F060F901358DE79B
S21400D1D014235C43D9F8007002203A5B07EB040A7C
S21400D1E09AF90C3000922B4A002132EA230228BF1B
S21400D1F05A461346284A02F08FFA00202BF0ACFB62
S21400D20038B150463C5B2AF0E2FE014620460AF062
S21400D210C1FA01210220214A02F07EFA0136CEE749
S21400D220DB010400EA0104000602040032020400E6
S21400D2300D020400230204002A0204005F02040018
S21400D2407F020400C902040088020400AA02040047
S21400D250CB200400B5020400CB020400E102040067
S21400D260F7020400700304008803040060430020F3
S21400D2707C03040096030400AA030400470204008B
S21400D28067FF030094420020B2010400020304007A
S21400D29022030400CF01040058030400E049040000
S21400D2A052020400BA010400C30104002DE9F7434A
S21400D2B00025134EDFF8588008F0A8FBECB2A04219
S21400D2C002D803B0BDE8F0832701204616F8079081
S21400D2D008F0A2FB0B4A4B46002808BF4246002136
S21400D2E002200092084A02F017FAF05D2AF00CFEBF
S21400D2F001210220054A02F00FFA0135DCE700BFE3
S21400D3009442002079500400C5030400E04904005C
S21400D3108350040008B583685A681178C26853F8C9
S21400D3202230A1F1650251425141187808F02AFDD9
S21400D33030B9BDE8084001210220024A02F0ECB9EB
S21400D34008BD00BFD003040000210220014A02F0FD
S21400D350E3B900BFEA03040000210220014A02F0FC
S21400D360DBB900BF1804040010B5044686B01822C6
S21400D370002168460DF022FE68462BF03BFAD4E901
S21400D380022052F8203002EB80021B788DF80B301A
S21400D390516891F900108DF80A1091680988ADF867
S21400D3A008106168091A032907DDD26803F01F0315
S21400D3B0127843EA42138DF80B30684607F054FEA5
S21400D3C000210346024A022002F0A6F906B010BD6C
S21400D3D03404040007B500202BF066FE0021009000
S21400D3E0034B0220034A02F097F903B05DF804FBF2
S21400D3F0410404004704040013B5D0E9023253F890
S21400D400221003EB82035B68087819680023094C36
S21400D410A222994208BF2146C01A18BF01202BF04D
S21400D42037FE01210090044B0420044A02F074F9F0
S21400D43002B010BD00F8FF070E46040059050400B0
S21400D44013B5D0E9023203EB820153F82230D1E95A
S21400D45001141878FF22003818BF012023780968C5
S21400D4602BF016FE01210090034B0420034A02F025
S21400D47053F902B010BD00BF520404005905040061
S21400D48008B5002101230C4A2BF074FC0A482BF047
S21400D490D2F90020094909F0E5F900202BF05CFAE2
S21400D4A010B1054809F046F9BDE8084001210420FE
S21400D4B0034A02F031B900BF796400206704040013
S21400D4C0E049040010B52AF01DFD034630B1BDE862
S21400D4D0104001210420054A02F01EB90121BDE8D2
S21400D4E010400420024A02F017B900BF7504040079
S21400D4F08604040010B52BF0A2F9BDE810400346E0
S21400D50001210220014A02F007B900BF910404007D
S21400D51010B52BF065F9BDE8104003460121022046
S21400D520014A02F0F9B800BFA704040037B5D0E9F5
S21400D5300232012453F822304FF6FF701D78FE2287
S21400D54004FA05F100232BF017FE2B460090214627
S21400D5500420024A02F0E0F803B030BDBB04040029
S21400D560D0E9023253F822301B7823B10121022081
S21400D570024A02F0D1B8024A13707047DA04040077
S21400D580485F002007B568462AF0A2FC07F0BEFCFC
S21400D59001210346084A022002F0BEF8684609F058
S21400D5A0C9F807F027FF01210346044A022002F0CB
S21400D5B0B3F803B05DF804FBF00404000A050400A9
S21400D5C037B5D0E90245406854F82530401B03289B
S21400D5D0D8BF002004EB8504C8BFE06819786368EC
S21400D5E0C8BF00781A78A36893F90030009001202D
S21400D5F02BF03CFD38B901210220084A03B0BDE8F3
S21400D600304002F089B8064B0190009301210220B9
S21400D610044B054A02F080F803B030BD1B05040039
S21400D62023050400BD3104003705040007B50120BA
S21400D6302BF024FD48B9009001210220084B094A2E
S21400D64002F06AF803B05DF804FB054B0190009306
S21400D65001210220044B054A02F05EF8F2E700BF03
S21400D660230504004E0504006C5E04003705040024
S21400D67008B5D0E9023253F8223018782BF0B2FC05
S21400D68030B9044A0121BDE80840042002F044B83D
S21400D690014AF7E7630504007F05040008B5D0E9F2
S21400D6A0023253F8223018882BF09AFC30B9044A1C
S21400D6B00121BDE80840042002F02EB8014AF7E731
S21400D6C09E050400CE05040073B50378044613F0E7
S21400D6D0050F0ED04588062D17D1836801215B689B
S21400D6E0174A1B780193838804200093154B02F099
S21400D6F013F82378012B20D001210420114B124A65
S21400D70002B0BDE8704002F007B835B98388012141
S21400D71004200E4A02F000F8EBE7012DE9D18668F6
S21400D7200B49002009F09EF8304609F003F8294618
S21400D7300420084A01F0F0FFDBE702B070BD00BF2E
S21400D74004060400FB050400560604002106040037
S21400D7503E060400E04904002DE9F04F00268FB095
S21400D760364D09AC0FCD0FC42B6801210220344A78
S21400D770236001F0D1FF3446DFF8DC902AF0BCFBD2
S21400D780F5B2A8420BD82AF0B7FB23460090012139
S21400D79002202C4A01F0C0FF0FB0BDE8F08F2846EB
S21400D7A005A92BF001FC0346002841D19DF8143052
S21400D7B0032B39D904238DF814302B460021022080
S21400D7C0214A01F0A9FF9DF814300EAA02EB83034C
S21400D7D000214A4653F8143C022001F09DFF2846DB
S21400D7E09DF821A09DF815B09DF81870BDF816801C
S21400D7F02BF0DCFB5346CDE9028000210220CDE968
S21400D80000B7124A01F088FF01340020E4B22BF082
S21400D810A3F818B10DF1190008F08CFF00210220C2
S21400D8200B4A01F079FF01E0002BC6D10136A5E7CF
S21400D83000210220074A01F06FFFF7E7F89A04007C
S21400D84068060400E10604002502040095060400AC
S21400D850F2FB0300BC06040068110400C36882687B
S21400D860013BDBB252F8233002201B78652B14BF35
S21400D87000220121044B1BBF01211A70034A044AEF
S21400D88008BF197001F048BF156F0020F8060400A5
S21400D89006070400D0E9023253F822301A88014BFA
S21400D8A01A807047AE6E002007B5D0E9023103EB50
S21400D8B0810253F8213052681988054B05481288B2
S21400D8C000930088012309F029FC03B05DF804FBEF
S21400D8D0C9D60000AE6E0020C3688268013BDBB28A
S21400D8E052F823305B78A3F1660253425341014A53
S21400D8F013707047186F002030B5D0E9023253F825
S21400D900223089B01D78012302AA194604462BF05E
S21400D91031FA01230093102302210DEB0302204667
S21400D9202BF009FA284604AA02A92BF03FFC04466D
S21400D93000202BF011F818B12146044807F076FBBA
S21400D9400020034908F074FF09B030BD1507040035
S21400D950E0490400002330B58FB00221009309AAE5
S21400D960122305462BF0E7F905AA014609A807F099
S21400D970E1F8044698B1232805D1134A0121042072
S21400D98001F0CAFE09E0212801D1104AF6E7034655
S21400D990012104200E4A01F0BFFE0FB030BD012366
S21400D9A02846194603AA2BF0E5F905A903A82BF08B
S21400D9B0FFFB054620462AF0CFFF18B1294605484A
S21400D9C007F034FB044AD9E72207040045070400A1
S21400D9D080070400A1070400E0490400F0B5D0E980
S21400D9E0023253F8221003EB82039B6805461F7829
S21400D9F087B038460E782AF08FFF044608BBD5E974
S21400DA00022101238DF80830194452F8210002EB58
S21400DA10810200888DF809709268ADF80A001278C5
S21400DA2004218DF80C2028460DF10D022BF0A2F9EA
S21400DA30304602A98DF815402BF0BAFA04462AF0B3
S21400DA405FFF334601210420024A009401F064FE81
S21400DA5007B0F0BDB60704002DE9F04101218EB0F5
S21400DA600220274A01F058FE002005AB01AA09A9AA
S21400DA702BF096FB00250446224E234FDFF89880B5
S21400DA801CB128460EB0BDE8F08102202B46324677
S21400DA90214601F041FE20462AF05EFF10B10AA89A
S21400DAA008F048FE3A46002102209DF8303001F08A
S21400DAB033FE424600210220079B01F02DFE002186
S21400DAC00220BDF82030114A01F026FEBDF81430C1
S21400DAD000210F4A022001F01FFE013501A82AF09E
S21400DAE036FFEDB2012102200A4A01F015FE284653
S21400DAF005AB01AA09A92BF053FB0446C0E700BFFB
S21400DB00E80704002E08040036080400EA20040093
S21400DB104B080400E0490400420804002DE9F047E1
S21400DB20064698B0C0B92AF0E5F9074600250EA8C3
S21400DB302BF040FB01210220384A01F0EDFD2C4677
S21400DB40DFF8E080DFF8E090DFF8E0A0BC4205D325
S21400DB50284618B0BDE8F0870127E7E713A82BF0A2
S21400DB6029FB002E4CD0022306A913A88DF84C30B2
S21400DB70FE242BF011FB00283FD102A913A82BF09E
S21400DB8011FB9DF8593043F001038DF85930002EF3
S21400DB903DD1234631460220214A01F0BDFD9DF8C5
S21400DBA059300AA943F0010313A88DF859302BF019
S21400DBB0F9FA00202AF0D0FE10B114A808F0BAFD39
S21400DBC00C9B42460021022001F0A6FDBDF828204D
S21400DBD0002112F4007F0CBF4C23412312F0100FDB
S21400DBE00CBF6E227922022000924A4601F094FD74
S21400DBF006A82AF0ACFE0135EDB20134E4B2A5E782
S21400DC0020460AAB06AA13A92BF0C8FAB3E7524679
S21400DC100021022001F080FDC1E700BF5508040086
S21400DC202E08040042080400910804008A08040034
S21400DC3030B5012499B00EA82BF0BCFA13A88DF8C5
S21400DC4038402BF04DFAC0B9BDF84C1011EA040567
S21400DC5013D121460220444A01F05EFD29460220E7
S21400DC60424A01F059FD214602203F4A01F054FD88
S21400DC70214602203C4A01F04FFD06A90EA82BF0D3
S21400DC808BFA20B11022FF2106A80DF097F904A800
S21400DC902BF08AFA059B01210220354A0093354B6A
S21400DCA001F03AFD9DF8123001210220324A00931D
S21400DCB0304B01F031FD00212E4B304A022001F09E
S21400DCC02BFD06A82AF043FE13A82BF073FA0223B6
S21400DCD00AA913A88DF84C302BF064FA00283FD11F
S21400DCE00B9B009301210220254B264A01F014FDD0
S21400DCF00121234B244A022001F00EFD0120FFF7EC
S21400DD000DFF01211E4B214A022001F005FD0020D7
S21400DD10FFF704FF04462AF0EDF8234600900121A1
S21400DD2002201B4A01F0F8FC01211A4B174A022078
S21400DD3001F0F2FCFFF790FE174902280346174849
S21400DD40174A28BF0A46084928BF01460092CDE96F
S21400DD50013102200121134A01F0DEFC19B030BD6A
S21400DD604FF0FF33BDE700BFE0490400A4080400FD
S21400DD70E2080400DA080400F20804004730040051
S21400DD806E3E040005090400150904001C09040081
S21400DD902509040039090400A0080400B125040080
S21400DDA0032604004709040010B5D0E9023253F8F0
S21400DDB022301C78201E18BF01202BF07DF9054A62
S21400DDC0054B0020002C18BF1A46BDE8104003493A
S21400DDD008F02EBD740904006F0904007D090400D4
S21400DDE0D0E9023210B553F822301C8820462BF0BA
S21400DDF065F92246BDE810400020014908F018BD2C
S21400DE00BE09040037B5044607F058F8014638B195
S21400DE1000200D4A0D4903B0BDE8304008F008BDAB
S21400DE20E368A268013BDBB252F8233008481D784D
S21400DE300123084A00936C2D08BF02461023204693
S21400DE402AF079FF03B030BD0C0A0400140A04005F
S21400DE50FE6E0020EE6E002013B583689A68127876
S21400DE60672A22D101A82BF03BF90446A8B9BDF8D1
S21400DE700420174908F0DCFCBDF80430DA070AD4A1
S21400DE8013F0020F134B144A18BF1A46134900200A
S21400DE9008F0CEFC19E0124AF8E7024611490020C5
S21400DEA008F0C6FC22461049F1E7C26801A953F8FB
S21400DEB0220003EB82035B6800681B68ADF8043041
S21400DEC02BF014F904460028ECD102B010BD00BFB8
S21400DED0470A04003A0A0400A4310400680A040051
S21400DEE02A0A04007A0A0400A60A0400034A04491F
S21400DEF01388C85401331380704700BF365800207B
S21400DF004E5F002073B5154D01242B78144E13F088
S21400DF10040F0CBF02230423124A214614703288D1
S21400DF2002200192EB5C104A0093104B5B8801F0D4
S21400DF30F3FB002102200E4A01F0EEFB0D4B2946B2
S21400DF40009332882346022001F02CFC2146022052
S21400DF50094A02B0BDE8704001F0DEBB4E5F00200B
S21400DF60365800204D5F0020B50A040028580020CF
S21400DF70DA0A0400FC0A0400E049040070B51646FC
S21400DF804FF48A52114B124DDA805980114B1B8880
S21400DF901A1E18BF012240EA82000F4A1278003A81
S21400DFA018BF012240EA0210287063B103246B7088
S21400DFB01B0AAB7009F00EFC631C2855EE54074B89
S21400DFC002341C8070BD0124F4E700BF28580020EE
S21400DFD04E5F0020345800204C5F0020365800204A
S21400DFE038B5D1E902320C46054653F822300246CF
S21400DFF019880C4B1878FFF7C1FFE368A268013355
S21400E00052F82330188828F020FE4DB1E368A26845
S21400E010023352F823301878BDE83840FFF766BF61
S21400E02038BD00BF495F0020F0B50546EB68AA681A
S21400E030023352F8233008461C78294685B0FFF78D
S21400E040CFFF204629F0AFFF204E214F78B3204661
S21400E05029F0B5FF0321441C03AA284627F05CFEDE
S21400E0603288E4B2C2F1FF0303991B1B9BB28B42BA
S21400E07022443CBFC2F1FF03039301230321009314
S21400E0803A449DF80C3028462AF055FE039A022C96
S21400E090338804BF0F48110AFA5408BFC15413440A
S21400E0A01C44348005B0BDE8F040FFF72BBF204687
S21400E0B007F00CFC01233288044600930321034634
S21400E0C03A4428462AF037FE3388E9E736580020D7
S21400E0D04E5F00204F5F0020052307B50121009307
S21400E0E00220044B044A01F017FB03B05DF804EB72
S21400E0F0FFF79EBDE30A0400EA0A040013B50446CF
S21400E1002AF0EAFF38B1CDE9004001210220034B96
S21400E110034A01F001FB02B010BD00BF0C0A040068
S21400E120010B0400194B37B51B783BB901210220BF
S21400E130174A03B0BDE8304001F0EEBAD0E902322B
S21400E140144C53F8223001211D7863880220009376
S21400E150114A2B4601F0E0FA104B25711B78104D42
S21400E16063B1012102200F4A01F0D6FA20460E4A7A
S21400E170298803B0BDE8304029F0B6BC20460A4ADC
S21400E180298803B0BDE8304029F070BD4D5F0020FF
S21400E190180B040028580020260B04004A5F0020B5
S21400E1A0365800203D0B04004E5F00202DE9F0415C
S21400E1B0D0E9023253F8221003EB82035A680C7837
S21400E1C017889A68DB68B2F80080C6B01D78002110
S21400E1D0304B0220304A0094CDE9017801F09CFAD9
S21400E1E0002D0CBF6E237923012102202B4A01F05B
S21400E1F093FAFF23002D0DF1170606AD0193204676
S21400E2000CBF8023402342463946029600952AF0EA
S21400E21010FA0446002835D1307829F0CAFE0746A1
S21400E220B0B128462AF057FB1D4BFD28A8BFFD209D
S21400E2300093234682B20DF11901022001F0B2FAD2
S21400E24001210220174A01F067FA46B0BDE8F081C6
S21400E250307829F0B4FE60B128462AF041FBFD284C
S21400E260A8BFFD200E4B82B200930DF11A013B466B
S21400E270E3E7307807F02AFB0B4B0246009329466B
S21400E2800123DAE7009001210220084B084A01F03A
S21400E29043FADAE70A3F0400570B04007C0B04003D
S21400E2A08E530400E0490400FC0A04000414040031
S21400E2B0860B0400D0E9023253F8221003EB8203E7
S21400E2C02DE9F04F5A680F78B2F800809A68C7B008
S21400E2D0B2F80090DA681B6992F800A01E78002158
S21400E2E02F4B304A0446CDE901890220009701F001
S21400E2F013FABAF1000F0CBF6E2379230121022016
S21400E300294A009606AD01F007FAFF2200212846AA
S21400E3100CF054FE304629F04CFE834608B300232A
S21400E320052100932046FD230DF119022AF003FD76
S21400E3302870BAF1000F0CBF802340234A4641469E
S21400E3403846CDE900562AF03FF90146144806F053
S21400E3506DFE01210220154A01F0DEF947B0BDE846
S21400E360F08F304629F02BFE60B1FD2305212046B4
S21400E370CDF800B00DF11A022AF0DDFC85F801B0E8
S21400E3802870D6E70590304607F0A0FA059A0346AF
S21400E390009205212A4620462AF0CDFCC9E700BF98
S21400E3A0FD3E0400570B0400970B0400E0490400F0
S21400E3B02DE9FF471C465B68E5685B1B00255FFA96
S21400E3C083F803952E46FFF7D9FDEBB298450BD997
S21400E3D00C9B9B5D282B39D8202B00F2CB80013676
S21400E3E0F6B2002B40F0C980FFF78CFD04B0BDE804
S21400E3F0F087132A2FD801A151F822F0C3E40000B9
S21400E400D5E40000E7E400001BE50000E9E30000B7
S21400E410E9E30000E9E30000E9E3000057E4000058
S21400E42057E4000057E4000057E4000057E40000FB
S21400E43057E4000057E4000057E4000057E40000EB
S21400E44057E4000067E4000041E50000A3F1310254
S21400E450D1B21329CDD90136F6B2A3F14102032A6F
S21400E460C2D8422B6CD06C4F00213A88DFF8B0A19E
S21400E470C2F1FE039BB2FF2B28BFFF23013200919F
S21400E480DBB22046524469B22AF031FC3B880AF8D7
S21400E490030001331844388011E04FF00409E368A4
S21400E4A0A2682B4452F823301F68F8B209F1FF39EE
S21400E4B0FFF71CFD19F0FF094FEA1727F5D10135C4
S21400E4C083E7E368A2682B4452F823301878FFF7F6
S21400E4D00DFDF4E7E368A2682B4452F82330188851
S21400E4E028F0B3FBEBE7E368A2682B4452F823302E
S21400E4F01F68B7F1807F09D2F8B2FFF7F7FCC7F3C1
S21400E5000720FFF7F3FCC7F30740E0E72B4601219F
S21400E5100820424A01F000F966E74FF00409E36874
S21400E520A2682B4452F823301F68F8B209F1FF396D
S21400E530FFF7DCFC19F0FF094FEA1727F5D1BEE715
S21400E540294603AA204627F0E7FB0021324F344A2B
S21400E5503B88DDF80C9002EB030CCAB2914501F142
S21400E560010102D84B443B80A9E710F802A00CF842
S21400E57002A0F2E7242B3FF670AF013B232B3FF6B9
S21400E58033AF01A252F823F0C3E40000D5E4000044
S21400E590E7E400009BE40000E9E30000E9E3000094
S21400E5A0E9E30000E9E30000E9E30000E9E3000036
S21400E5B0E9E30000E9E30000E9E30000E9E3000026
S21400E5C0E9E30000E9E30000C3E40000D5E400004E
S21400E5D0E7E400001BE50000E9E30000E9E30000D3
S21400E5E0E9E30000E9E30000E9E30000E9E30000F6
S21400E5F0E9E30000E9E30000E9E30000E9E30000E6
S21400E600E9E30000E9E30000C3E40000D5E400000D
S21400E610E7E400009BE4000036580020B00B04003E
S21400E6204E5F0020094B1B7823B101210820084AC1
S21400E63001F072B8D0E9023253F82230054A1B883E
S21400E640012113800820044A01F066B84D5F0020BF
S21400E650D60B040034580020180C0400D0E902320F
S21400E66053F82230054A1B780121003B18BF0123CE
S21400E67008201370024A01F04FB800BF4B5F00201D
S21400E6803E0C0400D0E9023253F82230034A1B78CD
S21400E690012113700820024A01F03EB84C5F0020AA
S21400E6A06D0C040010B5D0E90232044653F822304F
S21400E6B0132219880B4B1878FFF760FCE368A268F2
S21400E6C0013352F823301878FFF710FCE368A2688D
S21400E6D0023352F823301878FFF708FCBDE81040E4
S21400E6E0FFF710BC495F002010B5D0E9023204469F
S21400E6F053F82230112219880B4B1878FFF73EFC8E
S21400E700E368A268013352F823301878FFF7EEFB6F
S21400E710E368A268023352F823301878FFF7E6FB66
S21400E720BDE81040FFF7EEBB495F0020D0E902329B
S21400E73053F82230034A1B78003B18BF0123DB0046
S21400E74013707047495F002010B5D0E9023253F8C5
S21400E7502230044619880E4B06221878FFF70EFC66
S21400E7600120FFF7C3FBE368A268034452F8233096
S21400E770188828F06AFAE368A268023352F8233051
S21400E780188828F062FABDE81040FFF7BBBB00BF50
S21400E790495F00202DE9F043D0E902324FF0FD0931
S21400E7A0013253F8221003EB82035A68C7B0178869
S21400E7B09A68B1F80080147853F8043C002C0DF1E8
S21400E7C0170506AE18783A4614BF40238023414604
S21400E7D00295CDF80490009629F02BFF034638B139
S21400E7E0184A0121082000F097FF47B0BDE8F083E3
S21400E7F0201E18BF01200A224146C000FFF7BEFBBC
S21400E800384628F022FA2878FFF770FB4A46314649
S21400E810287829F07CFB044628B10B4F3D88C5F1CB
S21400E820FF03984202DD2346084ADAE70246084814
S21400E8303146284425440CF051FD3D80FFF762FB2D
S21400E840D3E700BFA30C040036580020BF0C04001A
S21400E8504E5F002010B5D0E90232044653F822304D
S21400E860082219880B4B1878FFF788FBE368A26824
S21400E870023352F823301878FFF738FBE368A268B3
S21400E880013352F82330188828F0DFF9BDE810402D
S21400E890FFF738BB495F002073B5D0E90232054662
S21400E8A0023253F8221003EB820353F8042C53F879
S21400E8B0083C0C781988234B168818780622FFF730
S21400E8C05DFB0020FFF712FB304628F0BEF920461D
S21400E8D0FFF70CFBEB68AA68033352F8233018885E
S21400E8E028F0B3F9EB68AA68043352F82330188886
S21400E8F028F0ABF9204609F06DF9E8B9204606F095
S21400E900E5FF05210446019001AA284627F004FAEF
S21400E910019B01469C4206D0224631460A480BF02F
S21400E9203BFA02B070BD094D09482E882246304495
S21400E93034440CF095FB2C8002B0BDE87040FFF725
S21400E940E1BA00BF495F0020EB0C040036580020F7
S21400E9504E5F002073B5D0E902324FF48A5153F867
S21400E9602230104D1A88104BD9805A8000232A4630
S21400E97000930121FF232AF0DEF92B78044613F0DA
S21400E980040F0A4B08BF01261B7818BF032613B1D5
S21400E99008F020FFA855064B1C8002B0BDE870406A
S21400E9A0FFF7B0BA4E5F0020285800204B5F0020CB
S21400E9B036580020D0E9023253F82230034A1B783A
S21400E9C0003B18BF01231370704700BF4A5F00204A
S21400E9D010B50C4608B907F089FE024B18715C7139
S21400E9E010BD00BF2858002002462DE9F341D0E9AB
S21400E9F00253526855F82310D21A0C8805EB83018F
S21400EA00013BDBB255F82380294D022A4868C8BF6F
S21400EA108A682B78D8BFFF210078C8BF11783BB929
S21400EA2001210220234A02B0BDE8F04100F074BE86
S21400EA30FFF7CEFF06F06AFA1F4F204E3B880146CE
S21400EA40224600931E48334629F0DFFE0246C8B928
S21400EA5098F804103B885F2917D1CDE900364FF6A9
S21400EA60FF712046164B29F033F828B103460121E2
S21400EA700220144A00F050FE0023134A2B70138025
S21400EA80124A137002B0BDE8F0814FF6FB718C425B
S21400EA9008D9CDE900362146094B4FF6FF7029F01C
S21400EAA075F8E2E72146064A009629F0A1F8DCE769
S21400EAB04D5F0020360D0400365800204E5F0020C3
S21400EAC0285800203D0D0400345800204C5F0020DC
S21400EAD0002210B50A2104461046FFF74FFA002020
S21400EAE028F0B3F80122044B1A70FFF70BFA204601
S21400EAF0BDE81040FFF778BF7664002038B51C46A6
S21400EB001546012322462AF035F960B921462846E3
S21400EB102AF00CFB044620B101210420034A00F031
S21400EB20FBFD204638BD0024FBE700BF640D040053
S21400EB302DE9F0430C4615461F46D0E9022352F84D
S21400EB40231002EB830293680E8893F80080D36844
S21400EB508BB0B3F800903246012106ABFFF7CEFF2C
S21400EB60F0B90DF1200CF4B101232A884021CDE93B
S21400EB7002C2CDE90471CDE900932221434606AADC
S21400EB8030462AF02EF90B4B0B4A00930B4B0190A4
S21400EB90002C08BF134601210420094A00F0BCFDE2
S21400EBA00BB0BDE8F083624628686968032303C299
S21400EBB02246DBE7C30D0400A80D0400A20D0400E6
S21400EBC0B00D040007B501236A4600212AF0D2F8EA
S21400EBD06846034908F04EFB03B05DF804FB00BF2F
S21400EBE0C9D60000D0E9023253F82230014918880D
S21400EBF008F012BBC9D6000010B5D0E9023203EB0C
S21400EC008201496853F8223009784FF48A521888EE
S21400EC102AF0D7F8BDE81040034601210420014A37
S21400EC2000F07ABDCD0D0400D0E9023253F8223050
S21400EC3002214FF48A5210B518882AF0B4F8BDE8BD
S21400EC401040034601210420014A00F065BD00BFC4
S21400EC50E60D04001FB5D0E9023203EB820153F83B
S21400EC602230496818884FF48A5309880293094B62
S21400EC70094A0193094B1B7800931278084B2AF037
S21400EC8008F9012103460420064A05B05DF804EBA6
S21400EC9000F042BD385800204E6000204D60002035
S21400ECA042580020FD0D04002DE9F043D0E9023261
S21400ECB053F8221003EB82035A680E8817789A6876
S21400ECC0DB688BB092F80090B3F8008032460421DF
S21400ECD006AB0446FFF712FF28BB08AD01232A4601
S21400ECE0052120462AF046F838B9042001210F4AAB
S21400ECF000F012FD284629F0EBF84FF48A53CDE9D0
S21400ED0004930023CDE9025303232121CDE9008398
S21400ED1006AA3B4630462AF064F801210346044A18
S21400ED20042000F0F9FC0BB0BDE8F083150E0400DB
S21400ED30440E040038B5D0E9024303F18043023B99
S21400ED4002220F4954F823009D000CF083FC60B9A2
S21400ED500C4B0D491A78042A0BD82C44A06800885E
S21400ED6021F8120001321A7038BD084B08491A788B
S21400ED70F1E70121BDE838400420064A00F0CCBC8B
S21400ED80383704004E600020425800204D600020B6
S21400ED9038580020560E040008B5C368806803F192
S21400EDA08043023B0222064950F823000CF052FC36
S21400EDB010B9044B187008BD0022034B1A70FAE70E
S21400EDC0383704004E6000204D60002037B5D0E98B
S21400EDD0023153F821208C0015784268521A012A15
S21400EDE0C5BF1B195B686C091C78DCBF44F01804AF
S21400EDF005F01F052946204629F00FFF034640B1BF
S21400EE002346012104200E4A009500F085FC03B03D
S21400EE1030BD0121A94074B92346FE224FF6FF708B
S21400EE202AF0AAF9012103460420064A03B0BDE8E9
S21400EE30304000F071BCFE2241EAC461EEE700BF3C
S21400EE406C0E04008C0E040070B5D0E9021551F863
S21400EE50253001EB8501044618884B681A788B68C4
S21400EE60052A1B8802D85E1E072E0BD90121042016
S21400EE700C4A00F051FCBDE87040012104200A4A0B
S21400EE8000F04ABC6468641B032CCABFC968074903
S21400EE9009682AF071F9BDE870400246044900206E
S21400EEA007F0E0BCAA0E0400CA0E040000F8FF0734
S21400EEB0E70E040008B5D0E9023253F8220003EB4F
S21400EEC082035968FF22038809684FF6FF702AF00C
S21400EED053F9BDE8084002460149002007F0C2BCCD
S21400EEE0FA0E040008B5D0E9023253F822300521A4
S21400EEF04022188829F057FFBDE80840024602491C
S21400EF00002007F0AFBC00BF1B0F040008B5D0E917
S21400EF10023203EB8201486853F82210027840233D
S21400EF200988312029F092FFBDE8084002460249D0
S21400EF30002007F097BC00BF3C0F040008B5D0E9DE
S21400EF40023203EB8201486853F82210027840230D
S21400EF500988332029F07AFFBDE8084002460249B6
S21400EF60002007F07FBC00BF560F04001FB5D0E995
S21400EF70023253F8221003EB82039B6808881A7843
S21400EF800023D21A18BF0122CDE9023302A940237A
S21400EF90D20129F06AFF01210090044B0420044AA4
S21400EFA000F0BAFB05B05DF804FB00BFC30D04001B
S21400EFB0740F040007B5D0E9023253F8223003215B
S21400EFC04022188829F0EFFE01210090034B042010
S21400EFD0034A00F0A1FB03B05DF804FBC30D040078
S21400EFE0830F040037B5C3688268053352F82330B0
S21400EFF004211D786A460123044629F0BBFE38B971
S21400F00004200121064A00F087FB684628F060FFCE
S21400F0102B466A4600212046FFF78AFD03B030BD26
S21400F0209D0F040007B5D0E9023203EB8201486861
S21400F03053F82210027840230988322029F006FF70
S21400F04001210090034B0420034A00F065FB03B047
S21400F0505DF804FBC30D0400CE0F040070B585698F
S21400F0600446EA0705F0020605D476B1C5F3072084
S21400F07029F052FC09E01EB1B2210F4830F0F9F930
S21400F080A069C0F3810029F036FCE3691BB9BA21F8
S21400F090094830F0EEF9204614F0D0F9E3693EB1A5
S21400F0A0607E9847AB0706D0BDE8704029F028BCC4
S21400F0B020469847F6E770BDE30F040008B514F045
S21400F0C0D1FD28B1BDE808404721024830F0D1B94B
S21400F0D008BD00BFE30F04002DE9F041FF2B0446F6
S21400F0E00F4690461D469DF8186005D0FF2E03D0AB
S21400F0F0D521114830F0BDF90023FF2D18BFAD0013
S21400F1000E4A1CBF45F00105EDB222600C4AC4E968
S21400F110063818BFA561FF2EC4E901232361E76006
S21400F12007D0A36943F0020323F47F4343EA062390
S21400F130A361BDE8F08100BFE30F0400C83E0020D5
S21400F1405DF00000002310B5054C03610460054C1B
S21400F150C261C0E901430123C160836110BD00BFE5
S21400F160C83E00205DF0000070B58669044606F0D3
S21400F1700303032B0D4603D1FC21144830F079F924
S21400F180FF2D16D0B20704D440F201110F4830F01C
S21400F19070F9284629F05CF8FF28054604D14FF49C
S21400F1A082710A4830F065F92DB204EB451420460A
S21400F1B070BDF307FBD5A36913F00C0FF7D040F230
S21400F1C00B11024830F055F9F1E700BFE30F0400D9
S21400F1D00023054AC0E9063103610260C360034AA2
S21400F1E0034B426083607047C83E00205DF000001D
S21400F1F00934020001482BF0BFBE00BFC83E002005
S21400F20001482BF0C5BE00BFC83E002013B50E480F
S21400F2102BF08CFE27F095FD2AF03AFE2AF056FEDB
S21400F2202AF05DFEFCF748FF0446FCF75FFF234626
S21400F230009001210420054A00F06EFA02B0BDE8F5
S21400F2401040FCF73FBF00BFC83E00207610040009
S21400F250022808B503D130F005F9014B186008BD47
S21400F260F83E002008B50CF00FFF0122044B1A7080
S21400F27030F081F9BDE8084002490348FDF7E4B8DC
S21400F2805060002080690020FC3E0020014B187072
S21400F290704700BF4F600020024B187808B105F099
S21400F2A019BE70470E6F002008B5074B1B780BB1D0
S21400F2B0002008BDFFF7F0FF0028F9D106F0E4F9BA
S21400F2C0023818BF0120F4E74F60002070B5FFF742
S21400F2D0EBFF174D20B1FFF78DFF0428044613D827
S21400F2E02B781BB930F047F901232B7027F037FD38
S21400F2F00446D8B12B781BB9F7210E4830F0B9F880
S21400F300BDE87040FFF776BF27F02BFD0028E7D05A
S21400F3102B785BB12FF0ABFF0646002101202EF0C4
S21400F3206BF930462FF09EFF00232B70204670BDF1
S21400F33050600020971004001FB5FFF7C7FF044673
S21400F340FDF72CFAA04228BF204688B103A92EF06C
S21400F3503FFD034638B9CDE90000064A0399064842
S21400F36030F09CF818B18E21044830F082F8012065
S21400F37004B010BD5D6D0300D83E00209710040059
S21400F3800D4B70B51B780D4D0D4C0121002B0CBF9D
S21400F3902B46234602200B4A00F0BEF90A4B0121F9
S21400F3A01B780220002B0CBF2B462346BDE870407E
S21400F3B0064A00F0B1B900BF0E6F002057370400B0
S21400F3C0763704002D1104004F6000204C11040015
S21400F3D010B5D0E9023253F8223002201B78012102
S21400F3E0002B15BF01240024044A054A00F094F9B6
S21400F3F02046BDE81040FFF749BF00BF6B11040070
S21400F40088110400D0E9023253F82230034A1B78F0
S21400F410003B18BF01231370704700BF0E6F00201B
S21400F42038B50125084B1D702FF021FF04462946EC
S21400F43028462EF0E1F820462FF014FFBDE83840AD
S21400F44002490348FDF700B8516000208869002093
S21400F450243F002070B514F08BFC10F0070F1D4DF4
S21400F46011D02B785BB901262E702FF000FF0446D2
S21400F470314630462EF0C0F820462FF0F3FEBDE8A9
S21400F480704014F039B929F053FE0228E9D1124C25
S21400F4902378032BE5D914F06BFC10B92378032BE3
S21400F4A014D814F029F904460028DAD02B785BB17A
S21400F4B000262E702FF0DBFE0546314601202EF08A
S21400F4C09BF828462FF0CEFE204670BD4FF0FF3446
S21400F4D0ECE700BF51600020F56400201FB5FFF781
S21400F4E0B9FF0446FDF75AF9A04228BF204688B166
S21400F4F003A92EF06DFC034638B9CDE90000064A94
S21400F500039906482FF0CAFF18B18C2104482FF043
S21400F510B0FF012004B010BD27730300043F002095
S21400F520A711040010B5094C0949002007F080F91E
S21400F53023681B68587928F0C1FE23681B68587931
S21400F54027F0FAFE04F092FE002010BD24440020AE
S21400F5503512040008B529F0DBFD024628B1BDE8E7
S21400F56008400020014907F063B908BD581204009E
S21400F57008B529F0E3FD024628B1BDE808400020A2
S21400F580044907F055B95422BDE80840FF21024857
S21400F5900BF014BD701204004C58002038B5044619
S21400F5A00D4629F0CFFD024628B1BDE838400020C0
S21400F5B0034907F03DB9034B23F8145038BD00BF8C
S21400F5C08E1204004C5800202DE9F34100240C4E06
S21400F5D00C4DDFF838800C4F56F8043B0BB9D8F8C2
S21400F5E0003035F8022B39460092002022460134BE
S21400F5F007F01EF92A2CEFD102B0BDE8F08100BF5B
S21400F60094690020A0580020AA12040090690020E7
S21400F61008B52A21034829F08DFDBDE80840FFF70C
S21400F620D3BF00BFA058002007B5D0E9023253F878
S21400F63022301A78292A0DD8084B53F822300BB9F5
S21400F640074B1B680749002031F812100091064945
S21400F65007F0EEF803B05DF804FB00BF94690020E5
S21400F66090690020A0580020AA12040008B52A219C
S21400F670034829F061FDBDE80840FFF7A5BF00BFBD
S21400F680A058002038B5D0E9023253F8221003EB18
S21400F69082035B680C781D880020044907F0C8F8D0
S21400F6A029462046BDE83840FFF778BFB51204006B
S21400F6B02DE9F34100240C4E0C4DDFF838800C4F3A
S21400F6C056F8043B0BB9D8F8003035F8022B39460B
S21400F6D0009200202246013407F0AAF82A2CEFD127
S21400F6E002B0BDE8F08100BF946900204C580020AD
S21400F6F0AA1204009069002010B5024627F032FED8
S21400F70020B9044C236811B11343236010BD23EACB
S21400F7100203FAE7406A00200CB413B502460C4612
S21400F72027F020FE60B9094B1B681A4208D005A9CD
S21400F730049801910AF044FB14B105482AF034FB02
S21400F74002B0BDE8104002B0704700BF406A00201B
S21400F750B4150400034610B5D3E9023253F822303C
S21400F76008461C78211E18BF0121FFF7C5FF014679
S21400F77048B9084A084B0220002C08BF1346074A1F
S21400F780FFF7CAFF10BD00210220054AFFF7C4FF9D
S21400F790F8E700BFBA010400B2010400B615040081
S21400F7A0CC1504002DE9F04105461F460C46DFF84F
S21400F7B02C808E18B44201D1BDE8F0810021284685
S21400F7C014F8013B069AFFF7A7FF002FF2D0424637
S21400F7D000212846FFF7A0FFECE700BF4008040022
S21400F7E002460249002007F023B800BFDD150400DA
S21400F7F010B5234C2348FF2127F095FA20780228DD
S21400F8001ED003282ED0012804D02120BDE81040A9
S21400F810FFF7E6BF1C4B19780029F7D002231B4AD6
S21400F82023701378052B0EBF00230133DBB29942F9
S21400F830137003D1052313700020E7E7052BFBD0D8
S21400F840124B1B78052B02D103232370DDE7104AE9
S21400F850104932F8230007F0DFFC0323237000284A
S21400F860D4D110BD094B0C4A1878094B03EB800124
S21400F870897833F8200007F09FFC0123EEE700BFED
S21400F880526000202C3F00205B600020106F00209C
S21400F890F458002079FA000025FA00002DE9F04F10
S21400F8A00D46144695B00490112200210FA89946E3
S21400F8B0DFF86C810BF082FB04EB45030393D9F869
S21400F8C000301C2B02D0039B9C4202D115B0BDE831
S21400F8D0F08F0123DFF844A18DF81C3023884C4AB2
S21400F8E0ADF81E309AF800304A4D08EB83039B783B
S21400F8F028788DF8203013688DF81D00CDF821305B
S21400F9005368CDF8253028F0FDFF049B8DF82900BC
S21400F91021882878002B4AD128F0C1FC002844D042
S21400F9209AF800300FAA38F8230007A927F036FD0A
S21400F93000283AD028F0E0FA4FF0000B07460646BB
S21400F9401C255FFA8BF2974234D8B7422BD99DF824
S21400F9501C30032B1AD10FAB0193BDF821300022C7
S21400F9600421009301202C4B06F0E8FD9AF80030A5
S21400F97008EB83039978274B187806F05BFE9AF815
S21400F9800030002038F8231028F00FFF5DB107A9DB
S21400F990304629F00DFB214B05461B78304638F8DB
S21400F9A0231029F007FBC9F80050023487E728F037
S21400F9B06DFCB3E710460BA9059229F0F5FA30B9AD
S21400F9C09DF82C1031B9059AB74208BF16460BF1C0
S21400F9D0010BB6E7BDF82E00BDF81E209042F6D10A
S21400F9E09DF830009DF820209042F0D19DF81C2014
S21400F9F08A42ECD1032A14BF082202220DF121010B
S21400FA000DF131000BF026FE002808BF0025DEE7CA
S21400FA10536000200F6F00205A180400106F00205B
S21400FA20F458002013B503460020114A9C6812784B
S21400FA300190052A03D01B78032B00D12CB9012096
S21400FA4002B0BDE81040FFF7CBBE6268217801AB7C
S21400FA50FFF724FF217A0120E26801ABFFF71EFFC3
S21400FA60FF21044802B0BDE8104027F054B900BF9B
S21400FA70106F00202C3F0020094B1B78052B02D06E
S21400FA800378032B02D00120FFF7AABE8168054A3F
S21400FA900B68054813604B68FF21536027F03BB99D
S21400FAA0106F0020536000202C3F002038B5002443
S21400FAB0114B124D1870124BFF211C702C7006F063
S21400FAC0B9FD0122032110460E4B06F037FD4FF616
S21400FAD0FF712246084628F06BFE044648B940F6F9
S21400FAE0B832FF21084827F00DF901232B70204675
S21400FAF038BDFFF775FEFAE70F6F00205260002052
S21400FB005B600020E04904002C3F0020144BF0B559
S21400FB101A68144913680978587988420BD1124933
S21400FB20D78808460022114D1E792B78D4B2A342FE
S21400FB3003D8052C0AD10020F0BD0C88BC4202D1A7
S21400FB408C78B442F7D001320431EFE7A342F2D109
S21400FB5020F82270013300EB820086702B70EAE7F3
S21400FB60244400200F6F0020F45800205B60002023
S21400FB70FF2307B50021044A04480093FFF7ACFAB8
S21400FB8003B05DF804FB00BFF1F700002C3F002037
S21400FB901FB5B42303210446ADF80E3028F076FBDB
S21400FBA098B1212320460093002203210DF10E0375
S21400FBB028F01BFD04460020054B064A0649009423
S21400FBC006F036FE204604B010BD8624F3E700BFDC
S21400FBD0071604001416040029160400D0E90232A1
S21400FBE053F82230034A1B78012113700220024A80
S21400FBF0FFF792BD2B6F0020381604000122014B40
S21400FC001A7070472B6F00200A4B90F805111B786E
S21400FC1090F8082119448A42BCBFB2FBF3F103FBFB
S21400FC2011234FF0FF32B8BFDBB202FA03F380F8BD
S21400FC300A3170472B6F00202DE9FF410446057FEF
S21400FC40867EDFF870806E43237F98F8002013448A
S21400FC509D4212DB607F60B9238B02936369019338
S21400FC60237C00936288A31D217805F0EFFDFF2317
S21400FC702370002004B0BDE8F081E37EAB42E9D9F2
S21400FC80A77E228BF1199142A4BF921BD7B205EB37
S21400FC900323E3813A4633462946204627F098FB5D
S21400FCA00028E7D1637F3744013301356377BEB25E
S21400FCB0EDB2C9E72B6F002037B5054629F0AEF93F
S21400FCC00D4B04461B6869461B78032B82BF0B4B03
S21400FCD01B881B18284688BF9CB229F027FA38B91B
S21400FCE0684629F09DF918B9044B1B8823449CB23A
S21400FCF0204603B030BD00BF60430020B66E002033
S21400FD00084B1B78FF2B0BD1074B1B78FF2B07D11B
S21400FD10064B1B78022B03D04FF4807028F088BD6A
S21400FD20704700BF446A00207C4000204C3F002003
S21400FD3010B50446FF2126F0F6FF054B9C4202BF95
S21400FD400023A4F588742370BDE81040FFF7D8BFE1
S21400FD505C4000202DE9F0479A462A4B81461B78E6
S21400FD6088461646BDF82050002B49D0FF2D3ED9B8
S21400FD7038252846BDE8F087234B0C223146A01DC7
S21400FD80636184F80090A4F802800BF069F9A289F8
S21400FD90414642F4004242F040022046A28127F04B
S21400FDA029FB2A46514660690BF05AF941464846F7
S21400FDB0A21D258328F073FEA0760028D8D005441F
S21400FDC0013DB5FBF0F0FF28D2DC0023E0762046AC
S21400FDD0A383FFF731FF054680B923794FF480707F
S21400FDE0B37228F0E8FC227C099B1A80C1E7074C16
S21400FDF02778FF2FC0D040F60345BAE72770F2E712
S21400FE000225B6E72B6F00205D6000207C400020B6
S21400FE10B0F9063010B5002B25DA144C2278237C76
S21400FE20FF2A02D0827A9A4207D0114C2378FF2B01
S21400FE3017D0827A237C9A4213D169B9637F013B3B
S21400FE40DBB263775BB90B4A237F127820461344F4
S21400FE502377FFF7F1FE0146204627F0DAFAFFF790
S21400FE604FFF012010BD0020FCE700BF7C400020B3
S21400FE70446A00202B6F00202DE9F04F9A46B1F916
S21400FE80063091B0002B0D461746DDF868800490CA
S21400FE9080F22981B8F80030FF2B04D94FF4B871EE
S21400FEA0A6482FF0E6FAA64B00241A7893F8040129
S21400FEB0B3F80211002A40F0A5802E7AA14A1278E3
S21400FEC0B24240F2AF800222A3F802711A70AA7AF8
S21400FED0FF2483F804210022A3F8084183F80521B3
S21400FEE0A3F80621B8F80020954883F80C21FFF700
S21400FEF08BFE3846FFF7E0FE214600EB40029248B4
S21400FF0026F000FF4FF4807028F055FC8C4C94F8D7
S21400FF100A91B9F1FF0F20D18A4A94F80531127878
S21400FF201344B34219DC94F80C1184F80531B4F884
S21400FF300631204601FB0233A4F80631FFF764FEC3
S21400FF400122824B38461A70FFF7B6FE494600EB90
S21400FF50400204F5887026F0D5FE94F80531B342C9
S21400FF6060D8DFF8E0B19BF800C00CEB03029642C5
S21400FF7058DA764994F808210878013A002853D0D0
S21400FF80964205DAB8F8002084F80C2100220A70A0
S21400FF90B6FBFCF901220CFB196994F80A015FFA1A
S21400FFA089F902FA09F2D1B2024076B92889000A24
S21400FFB0844584F8080108D92046CDE90621059332
S21400FFC0FFF722FEDDE90621059B94F80A010143AE
S21400FFD084F80A1182B994F80921B4F806C10132EE
S21400FFE084F80921B8F80020DAF800100CEB0200BB
S21400FFF0FF2826DD0323237094F80831013B9E4238
S21401000030D138E0AE7A864202D18F4200D11C460A
S2140100102E7A002C7FF47BAF002A3FF44FAF012AE3
S2140100203FF44CAF01205FE09642B1DA94F80C1130
S21401003098F800209142ABD004F58870FFF778FE5F
S214010040F0E794F80CE1F31A0EFB03C3A01C10FAB8
S21401005083F005920BF004F894F80831059A013BF9
S2140100609E4244D0012394F80A2103FA09F3013B86
S2140100701343FF2B04D122462946384627F0BBF905
S21401008094F8083194F809219A42CBD19BF80030B4
S214010090B2FBF3F103FB112212F0FF0218BF134665
S2140100A02278022A26D1264A02341078517801286D
S2140100B004BF01315170012224F8022CEA88B4F8F9
S2140100C0041122F04002EA8094F809210A44591EDC
S2140100D094F80A3113FB01F31344A8F80030CAF868
S2140100E00040FFF70DFE002011B0BDE8F08F84F848
S2140100F00B21C0E76979002994D0032A92D1B4F87C
S214010100062194F80B1108AE11445A1E94F80C31CE
S214010110284613FB02F30B4400219BB2A21CA8F84D
S2140101200030CAF80020CDE900710296049907F064
S2140101305FFD8921304628F0AFFC7DE75F1604009D
S2140101404C3F00202B6F00205C4000205C600020AC
S21401015013B5044618B101280BD002B010BDFF2319
S21401016001460093064A0748FEF7B6FF064B1C7089
S214010170F3E7FFF743FDFF22044B1A70EDE700BFDC
S21401018031FD00005C4000204C3F00207C400020F8
S21401019013B501A909F0D2FE044648B9BDF80630E8
S2140101A09DF80420034906F043FB204602B010BD2B
S2140101B08120FBE7F616040013B5694609F0CAFE6E
S2140101C0044688B9BDF802309DF80020074906F0BC
S2140101D049FB2046019906F09DFA2046044906F09F
S2140101E027FB204602B010BD8120FBE71A1704004A
S2140101F04017040037B5694609F0D0FE044618BB1F
S2140102009DF801309DF80020104906F02BFB104D9B
S2140102109DF80120E3B29A4206D800200D4906F067
S21401022007FB002003B030BD0198630003F4FF73A1
S21401023002220021184428F048FB294602460020E5
S21401024006F010FB0134E3E78120EBE742170400D8
S21401025071170400E049040013B501A909F074FE02
S214010260044648B9BDF806309DF80420034906F057
S214010270DFFA204602B010BD8120FBE77B170400A1
S21401028030B500240B4D85B06946E0B228F08CFEEF
S21401029050B99DF80030032B06D12946BDF805302C
S2140102A09DF8012006F0C4FA0134202CECD105B0EB
S2140102B030BD00BFA217040008B50020034906F0B0
S2140102C0B7FABDE80840FF2000F0DEBAB417040014
S2140102D02DE9F04F85B006460D46174627F0D9F8AA
S2140102E0044640B130463A46294627F0BCF800207D
S2140102F005B0BDE8F08F4FF003094FEA15285FFA05
S21401030084FA6946504628F04FFEB8B99DF800B009
S214010310BBF1000F12D1694650468DF800908DF85A
S21401032005508DF806808DF8016028F041FE0246E2
S2140103300028D7D05846064906F07AFA0134202C10
S214010340DDD10020034906F073FA8920D0E700BF0B
S214010350C9170400F01704001FB5002304468DF8E2
S2140103600F3027F081F828B19DF80F3063F07F0336
S2140103708DF80F30182301930DF10F03002200931F
S21401038004214023204628F01FF9024618B1002018
S214010390024906F04DFA04B010BD00BF0B18040068
S2140103A01FB502A909F0E8FD044688BBBDF8082080
S2140103B0184906F057FA2046039906F0ABF920468D
S2140103C0154906F035FA4FF6F672BDF80810134CCB
S2140103D04B1E9BB2934219D82368039A1B6858791F
S2140103E0FFF776FF23681B79012B0BD8BDF8083081
S2140103F00022CDE900030421094B092006F09EF8EE
S21401040028F044FB6FF0FF0004B010BD8720E9E739
S2140104108120F9E72A18040040170400244400202C
S2140104204118040070B504468AB005AD11220021BA
S21401043028460AF0C3FD204604A909F091FD0446AA
S21401044000283AD11E4EBDF810201E4906F0F0F9DC
S21401045032681379012B28D84FF6F670BDF81010C4
S2140104604B1E9BB2834224D81368587927F011F8A3
S21401047008B333682A461B68BDF81010587926F071
S214010480F1FFBDF8103001220421CDE90043092017
S2140104900D4B029506F052F828F0F8FA034620B103
S2140104A000200A4A0A4906F0C3F96FF0FF000AB0B5
S2140104B070BD8724E5E78B24E3E78120F7E700BFDB
S2140104C02444002044180400591804005D18040050
S2140104D0681804002DE9F0479AB004A909F058FD00
S2140104E00446002840F0B5809DF810205B4906F0D0
S2140104F0B9F925465A4E9DF81020EBB29A4254D8C7
S2140105000020584906F094F99DF81050002D40F04F
S21401051099802C462E46544F06A9F0B228F044FD89
S214010520C8B99DF81830032B15D13B689DF81920E2
S2140105301B685B799A420ED19DF81D2005F1680370
S2140105406B4403F8402C9DF81E200235013403F855
S2140105503F2CEDB2E4B20136202EDDD19DF81030ED
S2140105600BB1002C77D00AABCDE90143FF23022261
S2140105700421009309203D4B039505F0DFFF28F089
S21401058085FA034660B19DF81020002A5FD0384AEC
S2140105903849002C08BF0A460020374906F048F9BA
S2140105A06FF0FF001AB0BDE8F08705986B0003F402
S2140105B0FF7302220021184428F087F931460246CB
S2140105C0002006F04FF9013595E70598730003F40E
S2140105D0FF7302220021184428F077F9002780468D
S2140105E05FFA80FA06A9F8B228F0DEFC00BB9DF897
S2140105F01830032B1CD1D9F800309DF819201B6840
S2140106005B799A4214D19DF81D30534510D19DF85F
S2140106101E30C8F307229A420AD105F168036B44DB
S2140106200235013403F840AC03F83F2CEDB2E4B2D6
S2140106300137202FD6D101369DF81020F3B29A4209
S214010640C3D88BE70025DFF820902E46F4E7084A4A
S214010650A2E78120A6E78B20A4E700BFC21804000A
S21401066071170400E049040024440020E118040046
S21401067093180400B1180400E51804002DE9F043AE
S21401068089B002A909F072FC0446002867D1BDF8BA
S2140106900820344906F0CCF84FF6F672BDF808503B
S2140106A0DFF8D4906B1E9BB2934254D8D9F8003031
S2140106B029461B685F79384626F0EBFE00284CD0A9
S2140106C026465FFA86F8404603A928F06DFC28B94D
S2140106D02946384603AA26F0C9FE20B90136202E3F
S2140106E0EFD14FF0FF08404628F05CFC014658BBAE
S2140106F0112203A80AF062FC2946384603AA26F00E
S214010700B2FED9F800301A79012A18D81B68BDF84C
S2140107100810587928F09AF8BDF808300322042109
S214010720CDE900430920104B05F008FF28F0AEF98B
S214010730034620B100200D4A0D4906F079F86FF006
S214010740FF0009B0BDE8F08302460A49002006F022
S2140107506FF80124D5E78724D3E78B24D1E78120DE
S214010760EFE700BF0719040041180400451904000B
S214010770681804001E190400244400202DE9F043E3
S214010780DFF894800020D8F8003021491B688BB030
S2140107905E79002506F04CF801275FFA85F9484690
S2140107A001A928F001FC044690B99DF80430032BFA
S2140107B00ED19DF80530B3420AD1484628F0F2FB27
S2140107C00146A0B102461349204606F031F82746F5
S2140107D00135202DE1D1D8F8003000211B68587969
S2140107E028F034F887F001000BB0BDE8F083112241
S2140107F005A80AF0E3FBBDF809403046214605AAE4
S21401080026F031FE2146304628F020F8E0E700BF0A
S214010810521904001E1904002444002037B5694605
S21401082009F0B0FB044638BBBDF80020134906F0BA
S21401083019F8134D2046019905F06CFF2046114921
S21401084005F0F6FF2B681B68587928F00EF970B191
S2140108504FF6F672BDF800104B1E9BB2934209D8B4
S2140108602B68019A1B685879FFF732FD044620462B
S21401087003B030BD8724FAE78120F9E76619040042
S21401088024440020401704007FB505460024E6B244
S2140108906946304628F088FBA8B99DF80030032B3E
S2140108A011D19DF80130AB4204D0FF2D0BD19DF83C
S2140108B00D3043B9304628F075FB024618B10020CA
S2140108C0034905F0B5FF0134202CE0D104B070BD1A
S2140108D01E190400034B1B681878012808BF022064
S2140108E0704700BF60430020D0E9023253F822303F
S2140108F01A78024B1A7000F0E7BA00BF5C6100205C
S21401090070B5D0E902456B1EDBB254F82300032212
S2140109101B490AF09FFE54F8253004EB850419782C
S21401092063681A78A2F10B030F2B05D9154900202D
S214010930BDE8704005F07CBF01290FD1124C9140F3
S214010940236840B90B43114A23600020BDE870407C
S2140109500F4905F06DBF23EA0103F4E702290CD124
S21401096001230C4903FA02F20B6818B913430A4A29
S2140109700B60EAE723EA0203F9E70A460749D6E7E6
S2140109808A1904008E190400686A0020A41904005C
S214010990AC190400646A0020BF190400C9190400D8
S2140109A007B5D0E9023103EB810253F821300B4938
S2140109B01B785268012B0A4B08BF0B4612684FF092
S2140109C000001A600092074A074B084918BF1346F1
S2140109D0074A05F02DFF03B05DF804FB686A0020A6
S2140109E0646A0020E4190400DC190400EE1904000E
S2140109F01C9B040038B5254A254B264C0020264969
S214010A0005F016FF0020254905F012FF226824494B
S214010A10002005F027FF2068224C234D05F0E2FE5A
S214010A202146002005F004FF2A682049002005F031
S214010A3019FF286805F0D6FE2146002005F0F8FECD
S214010A401B4B1C491A781C4B002053F8223005F02A
S214010A50EFFE00F00DF919490246002005F0E8FE08
S214010A60174B00201A78174905F0E2FE164B174976
S214010A701A78002005F0DCFE04F020FABDE83840C4
S214010A8002461349002005F0D3BE00BF1C9B04009C
S214010A90081A0400686A00200F1A0400171A0400D6
S214010AA0251A0400C9020400646A0020361A0400EC
S214010AB08A610020471A04006C6A00205A1A040052
S214010AC06F6100206E1A04006E610020801A040017
S214010AD0921A040007B500F071F8054B0090054A1C
S214010AE00020054905F0A4FE03B05DF804FB00BF35
S214010AF0A81A04001C9B040029160400F8B5044635
S214010B000B4F0C4E0C4D00200C4A0D4905F090FE83
S214010B1020463B7829783278F5F71CFB00233B709A
S214010B2033702B70FF21BDE8F840064826F0FBB86D
S214010B308A6100206E6100206F6100201C9B04000A
S214010B40AD1A04009C40002037B51248FF2126F05C
S214010B50EAF8114B187810F0100505D0002003B004
S214010B60BDE8304003F01CBF0121B42004F020FB97
S214010B7004460A4B0A4A0B490090284605F058FEDF
S214010B802046FFF7BBFF4FF4806003B0BDE830405E
S214010B9027F04EBE9C4000208A610020C41A040043
S214010BA01C9B0400291604000021024A0248FEF795
S214010BB0C9BA00BF490B01009C40002008B5054B8F
S214010BC01B7823B11720FFF799FF002008BD0220EC
S214010BD0FCE700BF8A61002010B550B1054B00F15B
S214010BE0100250F8044B904243F8044BF9D1024BE3
S214010BF0197010BD706100208061002037B5174D57
S214010C0004462B78DB0626D50090154B0020154AA6
S214010C10154905F00DFE1E2C0BD0652C09D0032CB2
S214010C2019D0002028F040FA40F61C40FFF766FF76
S214010C300DE028F061FA4FF4FA63B0FBF3F202FB21
S214010C401300C218FF21094892B226F05BF82B78F0
S214010C5023F010032B7003B030BD00BF8A61002063
S214010C60DD1A04001C9B0400291604009C40002089
S214010C70014B1879704700BF0859002070B54C4EDB
S214010C808EB0337803F0FB02A3F10905022AEDB218
S214010C9058D0042B41F6041257D0A3F108014B4259
S214010CA04B415B0013434348ADF80C3026F021FC62
S214010CB048B9414B3F4A03F1100153F8040B8B42EC
S214010CC042F8040BF9D13D4B1B78002B3FD03C4B2F
S214010CD00DF10E0203F1100153F8040B8B4242F89A
S214010CE0040BF9D103A828F0FFF92328044610D1F4
S214010CF0012D49D80020334A334905F099FDBDF846
S214010D000C3003A823F40053ADF80C3028F0ECF9AE
S214010D100446002C41D14FF40C7028F0E3F9044648
S214010D2000283AD103F0FAFE012D36D8274A01AB46
S214010D301068516803C3264901A828F039FA78B328
S214010D4019242AE043F60412A7E70223AAE7337818
S214010D50042B0DD0082B0BD01E4B0DF10E0203F108
S214010D60100153F8040B8B4242F8040BF9D1B9E792
S214010D70104A0DF10E0302F1100152F8040B8A42DB
S214010D8043F8040BF9D1ADE7337803F0FB03022BEC
S214010D9003D10020104905F04BFD20460EB070BD72
S214010DA0044901A828F004FA04460028C8D1F4E74B
S214010DB08A6100205E610020AA1B04008061002079
S214010DC0706100201C9B0400011B0400BB1B040077
S214010DD00C9B0400C41B04005C1B040070B50026B9
S214010DE086B00446252028F065F91622002116480B
S214010DF00AF0E4F8154B1E60154B1878FFF76AFDEC
S214010E00022814BF0123042303208DF8083028F09C
S214010E109FF904238DF810300E4B02A80593039416
S214010E2003F030FD05460C4B0C4A19680C4B304656
S214010E30A14208BF134600940A4A0B4905F0F8FC84
S214010E40284606B070BD00BF08590020BC400020EF
S214010E508A6100203D110100686A0020DC19040047
S214010E60E41904001C9B0400D51B040008B5134AB2
S214010E701378042B09BF124B01331B78C3F1060309
S214010E80DBB2137003F0FD02092A04D11720FFF725
S214010E9035FE172008BD0A4A1278002A14BF05221B
S214010EA006229A4207D1074B18680028EED0FFF7B2
S214010EB095FF4D20EEE70020ECE700BF8A61002099
S214010EC080610020646A002073B51E4C1E4E2368A4
S214010ED03268134334D01D4B1B6853B31C4D2B781B
S214010EE03BBB03F0EBFFF8B94FF4806027F063FCDF
S214010EF0184B24681B7894B1C3F102032B7003F0DE
S214010F0047FD2046FFF76AFF04460020124B134AAE
S214010F101349009405F08CFC204602B070BDC3F165
S214010F20060334682B70EAE70121B42004F040F987
S214010F30EAE70020094A0B4905F07AFC0224E4E7B7
S214010F400224E9E7686A0020646A00206043002002
S214010F508A610020806100201D1C04001C9B040087
S214010F6029160400031C04002DE9F347384D394EB9
S214010F7000202A792B88384905F05AFC32682879EE
S214010F8022FA00F010F0010002D1344905F050FCBD
S214010F90334F3C783CB10822324933480AF05AFBB9
S214010FA0041E18BF0124DFF8DC80DFF8A490DFF808
S214010FB0B4A014E098F8000049460130C0B288F8A1
S214010FC0000028F069F8002835D13C783CB10822A9
S214010FD0514625480AF03EFB041E18BF01242A7913
S214010FE03368D340DB07E5D5002CE3D100922B888C
S214010FF01E4A1F49204605F01BFC1E4B1878FFF7BA
S21401100069FC01230322124928F04CF81A4A0546C6
S21401101013780133137010B902B0BDE8F08720468B
S2140110202B46124A154905F003FC284602B0BDE8D6
S214011030F047FFF763BD0020114905F0F9FBFFF704
S21401104015FF0028E8D102B0BDE8F04700F01CB853
S21401105008590020BC400020231C0400541C040036
S2140110608961002081610020165900201C9B040024
S214011070231D04008A6100206E610020C41C040048
S214011080ED1C04005D6100202DE9F041214C224D4C
S2140110902378002055F82330204A214905F0C8FB63
S2140110A0FFF7ECFD03461D4E1E4FDFF874802BB98B
S2140110B02378042B15D8B3B91B4B15E032463946B5
S2140110C0002005F0B5FBFFF7D1FE00BB23783246C2
S2140110D055F82330414605F0ABFBFFF7CFFD03463D
S2140110E0E5E7092BE8D1114B00201B68104A11498E
S2140110F01360114B187027F0CFFF20B1BDE8F04107
S2140111000120FFF7FBBCBDE8F041FFF72DBFBDE8AE
S214011110F08100BF8A6100206C6A00201C9B0400DD
S214011120431D0400501D0400646A0020686A002004
S214011130BC400020085900205D61002070B51C4CA1
S21401114023789BB3838913F4407F2FD0056835B18C
S2140111502A46BDE870400020164905F069BB27F015
S21401116099FF154E03463070144A2846144905F077
S2140111705FFB33781BB1BDE87040FFF785BF23786E
S214011180082B0CD8042B0CD80E4B1B78C3F1060386
S21401119023700D4BBDE870401868FFF71FBE0A2B81
S2140111A0F2D1BDE870401820FFF7A8BC70BD00BFA3
S2140111B08A6100207B1D04006F6100201C9B0400D7
S2140111C0A81D040080610020646A002030B5464DE9
S2140111D003460446454A0020454987B005F028FBEA
S2140111E02B782BBB01A827F0E5FF022301A88DF879
S2140111F0043027F0CDFFB0B93E4901A827F0CAFF59
S21401120088B1152C0FD127F077FF47F23153B0FB89
S214011210F3F202FB130000F51C50103080B203F00D
S214011220BFFB07B030BD162CFBD103F0F3FBF8E78C
S214011230152C2AD100202D4A2F4905F0F9FA2B78D2
S214011240042B11D0082B0FD02C4B1B78DA070BD4AC
S21401125001A827F043FF18B9BDF804309B0703D453
S2140112602B7843F010032B7027F046FF4FF4FA63F8
S214011270B0FBF3F2FF2102FB1300C218204892B222
S21401128007B0BDE8304025F03DBD27F067FF0446B6
S2140112900028C6D12B78013B092B1ED8134A1949C1
S2140112A005F0C6FA184A194913780133D8B21070F6
S2140112B027F0F2FE60B12046154905F0B9FAFFF7AE
S2140112C0D5FD0028ADD107B0BDE83040FFF7DCBE44
S2140112D007B0BDE83040FFF747BE40F61C4007B0F8
S2140112E0BDE83040FFF70ABC8A6100201C9B040061
S2140112F0CC1D04000C9B0400E31D04005C6100206F
S2140113009C400020F61D04005D6100200859002065
S214011310ED1C04002DE9F0410B4686B004460E464E
S21401132017463A490246002005F082FA4FF00008B7
S2140113300123CDE901380DF11603009342464023FF
S2140113400621204627F075F9054640B10246304988
S214011350404605F06DFA284606B0BDE8F0819DF8D6
S21401136016202AB936B900202A4905F061FAF2E7B3
S214011370012EF8D082F00103002027498DF817309E
S21401138005F056FA9DF817300DF1170633B3102302
S2140113900022CDE9006306214023204627F014F9F8
S2140113A0064630B1324600201C4905F041FA354662
S2140113B0D1E74FB90821204626F068FF20B1204624
S2140113C09DF8171027F043FA0521204626F05EFF08
S2140113D00028C0D0204627F037FABCE74FB90821CD
S2140113E0204626F053FF20B120469DF8171027F01F
S2140113F02EFA10230022CDE9006306214023204661
S21401140027F0E2F806460028DED0CBE725200400C8
S214011410412004005A2004007A2004009A20040087
S214011420002208B5034B11461B681B685879FFF765
S21401143071FF08BD2444002008B5044B00221B6838
S21401144001211B685879FFF765FF08BD2444002079
S21401145008B5044B00221B6802211B685879FFF768
S21401146059FF08BD2444002010B50123002488B08C
S21401147001A88DF80430CDE90244F5F7B7FF204600
S2140114809DF80420124905F0D3F92046039A114924
S21401149005F0CEF92046029A0F4905F0C9F9102247
S2140114A00E4B0DEB0201188840F0604040F48010AE
S2140114B0FBF718FC20460A4905F0D4F904A827F0E2
S2140114C046FA2046074905F0B3F908B010BD00BF3B
S2140114D0B3200400D2200400F1200400EC9A04009A
S2140114E010210400E049040008B526F033F8002076
S2140114F0024905F09DF9012008BD00BF2D21040019
S2140115000023054A8360C360044BC0E9002311B180
S2140115104FF6FF730B807047491039AA003003114C
S21401152010B5044660B10020064905F081F9052C86
S21401153006D002F0CBF904490246002005F078F9FE
S214011540012010BD412104005221040037B50021BD
S2140115506A4601AB054626F0BEF8044668B100228D
S2140115600F49104605F064F902F0B0F90D4902463C
S214011570002005F05DF903B030BD0B4905F058F9C0
S214011580012024F0C1FF01F099FF431C02D008F0AE
S21401159025F8F0E721462846FFF7A6FFEBE700BF50
S2140115A07B21040052210400C321040038B50546FE
S2140115B001F084FF044627F012F94DB100200E49D0
S2140115C005F036F9631C14BF2046002007F0C8FF5B
S2140115D025F0CEFF0228044605D0012805D10020BB
S2140115E0064905F025F9204638BD0020044905F0D6
S2140115F01FF90024F7E700BFE0210400FA210400E8
S2140116001322040008B50020034A044905F010F926
S214011610BDE8084000F050BDBD3104002C22040096
S21401162008B50020034A044905F002F9BDE8084060
S21401163001F0CAB94B2204002C2204001FB5D0E9E0
S214011640023253F8223068461C78214601F0D0FB5E
S214011650684601F073FC28B92246044905F0E8F80B
S21401166004B010BD6846FFF771FFF9E75122040088
S2140116700020014905F0DCB86D2204007FB50DF1AC
S214011680060102A8FFF73CFF0020264905F0D0F826
S2140116900020BDF80820244905F0CAF80020BDF84E
S2140116A00A20224905F0C4F8039A0020204905F0D3
S2140116B0BFF800201F4905F0D5F84FF6FF73BDF8B7
S2140116C006209A4229D000201B4905F0B1F80020D7
S2140116D01A4A1B4905F0ACF800201A4A1A4905F0C7
S2140116E0A7F800221949104605F0A2F80020154A6D
S2140116F0174905F09DF80A220020164905F098F8CA
S2140117000A220020144905F093F80A220020134902
S21401171005F08EF807B05DF804FB0020104905F0CF
S21401172087F8D4E77C22040094220400AD2204004A
S214011730C6220400DF220400EA200400E09304002D
S214011740F5220400C02709001423040033230400F3
S214011750522304007123040090230400AE230400E6
S214011760F222040008B50020034905F061F8BDE83F
S2140117700840012001F0FAB9CC23040008B5002086
S214011780034905F055F8BDE80840002001F0EEB920
S214011790E523040030B5104B104D1B5C85B08DF869
S2140117A00F302B780446834206D00D4B0D4953F873
S2140117B02020002005F03CF830232C700A480193C5
S2140117C00DF10F030093062280231921007826F0DD
S2140117D0FBFE05B030BD00BF339B040092610020C4
S2140117E0409B0400FD230400126F00201FB5232335
S2140117F003900193064803AB00930122802319212D
S214011800007826F0E1FE039805B05DF804FB00BF02
S214011810126F002073B5164D04462B78154ECBB1CA
S21401182025F0C7FE012815D0346040F6B244124BAD
S2140118301B78072B17D02D78C5B925F0BAFE031EE5
S21401184018BF01230D48009522461921007826F07D
S2140118503FFA03E000233360002CE8D1201E18BFB6
S214011860012002B070BD02250123EBE70025FBE74E
S2140118708F610020C040002092610020126F00207E
S21401188008B50448FFF7C6FFBDE808400220FFF789
S21401189081BF00BFC027090010B5064C208826F07E
S2140118A0D7FF608826F0D4FF6068BDE8104026F0B8
S2140118B0DEBF00BFC44000207FB523238DF8133060
S2140118C00DF11303029304230648019305AB00931D
S2140118D0012280231921007826F0ABFE059807B077
S2140118E05DF804FB126F00202DE9F047DFF84C91FC
S2140118F0044699F8000090460F4626F0A9FC0B28EE
S21401190099F8002005D9BDE8F04700203F4904F0CA
S2140119108FBF00263E4B3F4D1E803F4BDFF820A178
S21401192003EB00135B8801202B802A7104F0A8FECC
S21401193005F050FF04F0A4FE204604F0A1FE0123AA
S214011940042C8AF800300BD8022C45D89C4216D0BD
S2140119502346BDE8F0470020304A314904F068BF0D
S214011960062CF5D130462F4904F062FF384604F0C4
S21401197087FEFFF791FF97B18AF800600FE04FF6F8
S214011980FF76294F3888801B18BF012004F078FEA7
S214011990FFF782FF3888B04201D026F059FF19239D
S2140119A06B8099F8003000202B71204B1B786B71EF
S2140119B0EB8843F04003EB801D4B198826F0F5FEBB
S2140119C0034620B1224600201A4904F031FF404662
S2140119D0BDE8F047FFF71EBF304604F051FEFFF7A3
S2140119E05BFFFFF769FF26F042FF134B1B78002BC6
S2140119F00CBF3F20202004F043FE042CCFD14FF42F
S214011A00806026F025FF3220C7E700BF10240400BF
S214011A102C59002030590020944200200414040060
S214011A205C2404003F24040020590020116F00208C
S214011A30B06E0020752404008E610020126F002015
S214011A408F61002038B5044605200D46FFF7A2FE3B
S214011A50184B1A884FF6FD739A4207D10020164993
S214011A6004F0E6FEBDE83840FFF70ABF65B1134A49
S214011A7013780133DBB2092B137014D90A22002024
S214011A800F4904F0D5FEEDE7012C0ED10B4B1D706E
S214011A900C490D48FFF734FDBDE838400021012010
S214011AA00A4AFFF721BF012CF2D0BDE838400748AB
S214011AB0FFF7B0BEB06E0020AF2404009161002095
S214011AC0DA24040020590020C4400020E0930400DA
S214011AD008B50649002004F0ABFE0548FFF736FDC1
S214011AE0BDE8084000210846FFF7ACBF1E250400EC
S214011AF0C4400020814237B50346154608D200206F
S214011B0000910F4A0F4904F093FE002003B030BD48
S214011B100C1A224600200C4904F08AFE40F6BB53FC
S214011B2022460020094904F083FE4FF47A735C4391
S214011B30074B01209C4294BF2C602B60E6E700BF58
S214011B40041404002F2504006C25040087250400D6
S214011B5080EE360010B504460820FFF71BFE0D4B3D
S214011B603CB91C700021BDE8104006200A4AFFF768
S214011B70BBBE1B78092BF5D90A220020074904F0C1
S214011B8057FE0020064904F053FEBDE81040FFF75B
S214011B909FBF00BF91610020C0270900B325040044
S214011BA0F425040073B51F4D2C7834B100201E496E
S214011BB002B0BDE8704004F03BBE0220FFF7EAFD2C
S214011BC0FF221A4E1A4B30781A7026F041FB0B286A
S214011BD007D920463278174902B0BDE8704004F0B4
S214011BE027BE154B1549009301EB0011012319225D
S214011BF04FF6FD70498805F091FA70B120461049FC
S214011C0004F016FE00220F4B0F481C700F4B1A7083
S214011C1002B0BDE87040FFF7FDBD01240C492C70F1
S214011C20EEE700BF9061002005260400126F002039
S214011C30116F002010240400351F0100944200207B
S214011C40462604008F610020C0270900916100200C
S214011C506C26040038B5144D04462B78052B21D983
S214011C601249FFF75DFC24B918B9114904F0E0FDEB
S214011C700424104B195D21B9BDE838400846FFF72A
S214011C8069BF032C06D02B78052B03D006200A4A01
S214011C90FFF72AFE0021094B08461970BDE83840B7
S214011CA0FFF7D0BE38BD00BF92610020C4400020BF
S214011CB08E260400299B0400C02709008F6100209E
S214011CC030B5044689B00720FFF764FD052C0AD11C
S214011CD000222A4B03A91A7002A804AA01F0FEFDED
S214011CE030B1022045E09CB90122244B1A7002242F
S214011CF0224D287878B1421E504221495041FFF7C3
S214011D0055FC022304462B70022C0ED10A200FE04C
S214011D10022CE6D1EBE7631F5A424FF00500184943
S214011D205A4125F04DFC0446EEE7032C04D1002071
S214011D30FFF770FD09B030BD062C06D10020114911
S214011D4004F076FD01232B70E0E70F4A0F4B28784D
S214011D50002C18BF13460E490E4A0094002808BFEF
S214011D600A4600200C4904F063FD201E18BF01201E
S214011D70400009B0BDE83040FFF76CBF8D61002020
S214011D80C4400020C9260400C2260400BB26040065
S214011D90AA260400B42604000427040013B51F4C29
S214011DA00620FFF7F7FC2278092A09D900201C49EA
S214011DB004F03EFD042002B0BDE81040FFF74ABF24
S214011DC0184B1B782BB3002024F0C2FB25F0F1FB47
S214011DD068B9FFF771FD144B196825F0E1FB02465F
S214011DE00420002102B0BDE81040FFF77DBD01A828
S214011DF025F0DDFBFF2809D14FF4FA602378013383
S214011E00237002B0BDE81040FFF704BD0198FFF74C
S214011E10EDFC4FF4FA620320E3E700BF9161002076
S214011E201F2704008E610020D4400020F023F0B567
S214011E3089B0CDE9000334488023002219210078B7
S214011E40324E334F26F0C0FB0020324904F0F0FC3E
S214011E503246394603A801F041FD032804462E4DBB
S214011E601CD10626039A2D49002004F0E1FC0398B4
S214011E70FFF7BCFC0020396800F0ACFE2E7001F0C4
S214011E809FF900220446264B30461A70FFF782FC63
S214011E9084BB09B0BDE8F040FFF780BF28BB72687D
S214011EA0204904F0C5FC214604A8FFF729FB059B41
S214011EB0726893420BD020461B4904F0B9FC0723F5
S214011EC005202B7009B0BDE8F040FFF7F9BE1A46B1
S214011ED02046164904F0ACFC0523002101202B7096
S214011EE009B0BDE8F040FFF7ADBD0020104904F091
S214011EF09FFCF1E7042C05D0042009B0BDE8F040B2
S214011F00FFF7A8BE09B0F0BD126F0020C440002044
S214011F10D44000205727040092610020882704003F
S214011F2091610020C3270400FC2704005028040008
S214011F308C280400F7B50446876800202378364DC0
S214011F40012B287004D0354B3549187004F070FC0D
S214011F5026785EBB334B1B78FF2B04D103B0BDE85C
S214011F60F040FFF78DBC304B1B78032B11D82F4C5C
S214011F700320FFF70FFC6946208827F0D7F80028D2
S214011F8043D02B49208805F047F920B12E70FFF782
S214011F9077FC03B0F0BD0124204B26491C7004F0E9
S214011FA047FC0320FFF7F6FB2C70F2E7012E25D144
S214011FB03B78002BEDD01B4D2B78FF2BE9D1A68863
S214011FC002F0A4FF864206D100201B4903B0BDE8FB
S214011FD0F04004F02DBC194BA2881B783BB132B1FE
S214011FE01749002003B0BDE8F04004F021BC7B682F
S214011FF014491B782B700D4B1A80F2E7032E08D17B
S21401200008226846A16809F02BF86846FFF70EFF1C
S214012010BFE700232B70A1E78F61002090610020AD
S214012020A7280400116F002092610020B06E0020E6
S214012030351F01006C260400C72804008C610020AF
S214012040ED280400182904007FB5094B1A78FF2AE9
S2140120500AD1187001F088FB0022064B0DF106012B
S21401206002A81A80FFF74CFA07B05DF804FB00BF20
S214012070126F00201E590020152838B517D10C4BB9
S2140120801D78A5B927F038F8C4B2012C38BF012451
S2140120900120FFF77FFB28462246064904F0C8FBCD
S2140120A04FF47A706043BDE83840FFF7B3BB38BDE4
S2140120B09261002035290400034B1B78022B01D8BE
S2140120C0FFF770BD704700BF9261002070B5284CC5
S2140120D025F06AFA2578274EBDB10020264904F07E
S2140120E0A7FB264A13780133137000232370337835
S2140120F0062B0AD1BDE87040214B1868B0F5FA6F7F
S21401210038BF4FF4FA60FFF785BB3378013B082BE5
S2140121102CD8DFE803F005090D2B13191D22270023
S214012120BDE87040FFF7C8BFBDE87040FFF73ABD95
S21401213000232370BDE87040FFF7A2BB2946BDE827
S21401214070400120FFF77EBCBDE87040FFF726BE59
S2140121500220BDE87040FFF7B3BD0120BDE8704026
S214012160FFF7F8BCBDE87040FFF7B2BC70BD00BF1A
S2140121708F61002092610020642904009161002093
S214012180C040002010B90520FFF764BD034B1B7843
S214012190062B01D1FFF79ABF704700BF926100205E
S2140121A02DE9F0478E68054633189A780C46092AB9
S2140121B08EB008D90020A34904F03AFB85242046B6
S2140121C00EB0BDE8F08750B98B899F49895C8B4278
S2140121D005D200919D4904F02BFB8024EFE79C4B30
S2140121E0E7881B889F4236D09A490978012932D957
S2140121F032B13A460020984904F01AFB7E24DEE705
S214012200964B1A70934B26791B78052B03D0012B1E
S2140122103AD8FFF751FF5EB93146204626F03CFC1E
S2140122200346002851D030468D4A8E4904F000FB03
S214012230D4F80880A48998F8037098F80450002E02
S2140122404CD13046884A894904F0F2FA002101202F
S214012250FFF7F8FB4FE00021804B1970072A00F2C8
S2140122608A8301A353F822F005220100B32301005B
S214012270B3230100C5250100C5250100C5250100C0
S2140122805B2801005B280100022B17D102F03EFEFD
S2140122908742B3D00020764A764904F0C9FAFFF7A0
S2140122A081FC46BB3146204626F0F6FB034610B3BA
S2140122B06B4A6C49002004F0BBFA1CE06E4A002011
S2140122C06E4904F0B5FA012479E7A3681B78DA06AB
S2140122D0AED432466A4904F0ABFAA9E700210AA84F
S2140122E0FFF70EF9032F08D95F4B664A6649009738
S2140122F0002004F09DFA002461E76B1E632B04D9CD
S214012300594B604A61490095F2E7614BE4B2DB5DE7
S2140123109C4209D0CDE901430020534B594A5D49FF
S214012320009704F085FAE6E757B3A4B222460521E2
S214012330404626F0CAFABDF82830834203D04A4BFD
S214012340554A5649B6E7012F1AD02246072140467C
S21401235026F0BBFABDF82A30834203D0424B4E4AE0
S2140123604F49A7E7032F0BD122460921404626F005
S214012370A9FA0B9B984203D13B4B474A494999E737
S214012380642D3FF463AF26F0B7FE6423C0B2B0FB02
S214012390F3F203FB12030133DBB29D42BFF456AFE7
S2140123A0CDE900530020304B3B4A3F4904F040FA48
S2140123B0A1E7284B1B78052B01D03C4A7FE7EB1C95
S2140123C0DBB2277BF45C44B123460020374A384908
S2140123D004F02EFA00210C460BE00F2F0DD8102327
S2140123E0204634490093314A3B4604F021FA8024C2
S2140123F001210020FFF726FBE1E60435EDB2204679
S2140124002A4A2D4904F014FA7A1B7119D2B206A889
S21401241025F0DDF805443A46E9B2304626F052FA90
S214012420264D069A2B68264F9A42386001D100281D
S2140124304AD1244900201D4A04F0FAF985240121D5
S214012440D7E700BF812904006C9B0400992904008A
S214012450B06E002092610020C82904008F61002020
S2140124603E2A0400462A0400CE2A0400E32A040079
S2140124700C2A0400192A04006E2A04007B2A040090
S214012480982A0400F82A0400002B04001A2B0400E2
S2140124902F9B0400382B04008D2F0400722B0400A0
S2140124A09C2B0400C42B0400EB2B04001F2C0400FF
S2140124B0392C0400682C04007F2C0400C440002042
S2140124C0D4400020A82C040000F08EFF3E68B042E5
S2140124D00AD200F089FF9D4903463246204604F0A1
S2140124E0A7F98924012184E7079A6B689A4205D1E6
S2140124F02046974A974904F09BF96BE79649097875
S21401250059B19A4209D22046944904F091F996218C
S2140125100620934AFFF7E8F95CE7924A924905A834
S21401252001F0DCF9079E48B96A68964206D88F49D9
S21401253004F07EF90520FFF7C3FB40E63246002093
S2140125408B4904F075F939680027002000F042FB3A
S21401255000206E60FFF74AF9864B06201F80FFF7C2
S21401256019F9854B1F7001F0B1F90646F8B94FF617
S214012570FF73824A0AA81188994214BF13463B4644
S2140125806A88298801F012F90AA800F0D7FC58B128
S2140125900AA801F0DDF938B13046794904F048F966
S2140125A00420FFF757FB0AE6FFF7F8FB07E60428C7
S2140125B005D1744B1921187825F0A1FBFFE53846A3
S2140125C07149EBE7714B1B78062B01D0704A76E612
S2140125D0DFF8A0A1EB1C94F80C90BAF80080DBB2EF
S2140125E02EB930466B4904F023F98724E7E5F75CFA
S2140125F02C1D972FE4B22FD025D8812F71D0952F7F
S21401260067D017BBB9F1100F7FF6E7AD31194A460F
S2140126100AA824F0DCFF0444E4B221464A463046C8
S21401262026F050F9231DDBB2053416F803A0E4B2F8
S214012630A9EB04035345054666DA0093384653462C
S214012640534A5549C7E5982F43D03B460020504A88
S214012650524904F0EDF8C8E7B9F10A0F7FF6BDADAF
S2140126601FFA89F721463A46304626F02BF905F13E
S214012670080104463A46C9B2304626F023F90AAAAA
S21401268001462046FFF736FA08B9454B0A93B9F1D9
S2140126900C0F12D905F10C013A46C9B23046DDF8E5
S2140126A0288026F012F9044602463E49002004F02E
S2140126B0BFF8AAF8004044440A940A9C3A492246C4
S2140126C0002004F0B5F82046FFF7A4F824F077FFC1
S2140126D011E63649002004F0ABF80320FFF7BAFAFA
S2140126E009E6334C23786BB124F05CFF50B100202F
S2140126F0304904F09DF80023237024F060FFFFF7B3
S2140127004DFBF8E52C49E5E7DFF8A49099F8003091
S21401271043B9FFF7D1F88542034607D01C4A27493B
S2140127200095E5E524F045FF0128F2D110220D4879
S2140127300AA908F08FFF10B9BAF13F0F42D9144A1F
S2140127401F49002004F074F84FE700BFC72C0400AF
S2140127501F2C0400FF2C04008B610020342D040084
S214012760C0270900C4400020D4400020C32704002D
S214012770752D04001E59002091610020205900206B
S214012780972D0400126F0020B62D040092610020E0
S214012790DC2D0400F12D04001E2F0400002F040080
S2140127A0E09304002C2E0400572E0400762E04001D
S2140127B08E610020922E0400D12E04005A2F0400B0
S2140127C0962F04006D4B187099F800304BB124F029
S2140127D0E9FE30B1284624F0E8FE042807463FF417
S2140127E08AAD51462846321925F022F828B1002034
S2140127F0634904F01DF8042070E799F80030554449
S21401280063B124F0CFFE48B1FF2FF4D0012F3FF47F
S21401281072AD032F16D124F0D0FE05462846FEF7EA
S214012820E5FF044602460521564824F0F7FE564BBE
S2140128301B689C420AD3204624F0F5FF0520FFF7CB
S2140128403FFA58E524F0B7FE8046E7E74046FEF734
S214012850E1FF00287FF44FAD51E74C4B1B7803F0A6
S214012860FD03082B01D04A4A29E5A48935B1F2783F
S21401287022B10020474903F0DBFF2EE7E4B22246EF
S214012880F11C0AA824F0A3FE434BBDF828201988A2
S214012890054691420DD04FF6FF718A4209D03C4A57
S2140128A000203E4B3E4903F0DDFFBDF828203D49A0
S2140128B047E7BDF82A20598891420CD04FF6FF71A0
S2140128C08A4208D0324A0020374B354903F0CAFF06
S2140128D0BDF82A20EBE70B9A5B689A420AD00132D0
S2140128E008D02B4A2E490020304B03F0BBFF0B9A31
S2140128F02F4926E7A4B2E91C2246C9B2304625F084
S214012900E1FFE91DC9B207462246304625F0DAFF47
S214012910431C014606D10820FEF73CFF2548FEF77A
S21401292079FFE8E4384606AAFFF7E4F8A8B9214B90
S2140129300693214B00221978204B187824F023FEA9
S214012940069C2046FEF766FF224600201C4903F03F
S2140129506FFF0920FEF71EFFCDE440F6B733069A57
S2140129609A42E6D840F6B8320020164903F060FFD6
S21401297040F6B833DCE7812421E400BF91610020F2
S214012980C92F0400EC2F0400D440002092610020DF
S214012990F52F04000A300400C44000208C2B0400EC
S2140129A031300400EA200400B62B04004C30040049
S2140129B04938040080EE3600116F0020126F0020A7
S2140129C0843004005930040008B50420FFF742F9AA
S2140129D00020FEF7DFFE0023054A19211370054A81
S2140129E01370054B1878BDE8084025F088B900BF7C
S2140129F08F61002090610020126F002010B5164BE9
S214012A00164C1A78164B002053F82220154903F06D
S214012A100FFF2178144B154A0020002918BF1A46CB
S214012A20134903F005FF23782BB1124B00201A68D7
S214012A30114903F0FDFEFEF73FFF0446FEF73CFF9B
S214012A400E4B196824F0DDFD2246BDE81040034612
S214012A500B49002003F0ECBE926100208F6100203C
S214012A60409B0400A030040076370400573704006A
S214012A70AD300400C0400020C7300400D440002020
S214012A80E030040038B5014604460020FFF788FB15
S214012A90054698B1E37C00200A4A0B4903F0C8FEBC
S214012AA02379042B0AD02946204625F0F5FF034654
S214012AB020B10020054A064903F0BAFE6FF0FF0078
S214012AC038BD00BF04140400083104003E2A040087
S214012AD0462A040010B51346094A127882420DD1DF
S214012AE063B1084A002014680A46074903F0A0FEAD
S214012AF02146BDE810400120FFF752BB10BD00BFC4
S214012B00126F0020244400202A31040010B50D4B1A
S214012B101C782CB1BDE8104000200B4903F088BE9C
S214012B206420FEF763FE4FF6F0716FF00F02074B5D
S214012B300320C3E9001222462146BDE81040FEF7F5
S214012B40D3BE00BF9261002063310400C440002060
S214012B50014B1870704700BF8E61002000210620CF
S214012B60014AFEF7C1BE00BFC0270900014B18701D
S214012B70704700BF8B610020114B2DE9F0410746DD
S214012B800D4618680F49101A096824F03AFDDFF857
S214012B9040800D4E98F800400346FF2C307004D05C
S214012BA0A8420AD32C44A04207DB3A460020074934
S214012BB003F03EFE337888F800303078BDE8F081C7
S214012BC0DC400020D84000209361002091320400B0
S214012BD0136F002050EA010208D0FF22054B091AA4
S214012BE01A70054B1860054B196070471146104660
S214012BF0FFF7C2BF136F0020DC400020D840002042
S214012C002DE9F04FAFB006AD284600F0FDFD0026D9
S214012C10624FDFF8D091284600F090F9044648B993
S214012C2000F0BEFD5E490246204603F001FE2FB0CD
S214012C30BDE8F08F39460020F2B203F0F9FD2846D0
S214012C4016A900F0FFFD044620B15649002003F006
S214012C50EFFD8FE0BDF85820534903F0E9FD4946E2
S214012C602046BDF85A2003F0E3FD2046BDF85C205F
S214012C704E4903F0DDFD2046BDF85E204C4903F0C9
S214012C80D7FD2046BDF860204A4903F0D1FD204615
S214012C90199A494903F0CCFD2046BDF868204749FA
S214012CA003F0C6FD204646490DF16A0203F0C0FD59
S214012CB044492046239A03F0BBFDBDF85C30D90792
S214012CC005D520469DF890203F4903F0B1FDBDF89B
S214012CD05C309A0714D500203C4903F0C3FDBDF8CB
S214012CE05830B3F5807F4FD1002025F035FE18B15E
S214012CF00DF1910003F01EFD0020354903F098FD0B
S214012D00BDF85C305B070BD50020BDF8B220314919
S214012D1003F08EFD0020BDF8B4202F4903F088FD96
S214012D20062228460DF116030AA924F099FC04464A
S214012D3090BBBDF81620294903F07AFDDFF8A8A05C
S214012D40DFF8A8B00DF12808BDF81610A2B291421E
S214012D5010D9B8F800205146002003F069FD01346F
S214012D60D8F804205946002003F062FD062C08F12D
S214012D700808E9D16C46204600F05AFD94E80F0099
S214012D80013685E80F0046E70123202200200DF1D9
S214012D90910103F0B1FCAFE7114957E7A3320400F4
S214012DA070340400AC320400D03204000433040052
S214012DB01D330400363304004F3304006833040027
S214012DC08133040096330400B2330400CB3304008D
S214012DD0E0490400DE330400F73304001034040035
S214012DE043340400E9320400213404003134040081
S214012DF02DE9F04188B004AD0446284688460027F0
S214012E0000F002FD6E46474507D195E80F0084E8BD
S214012E100F00204608B0BDE8F081304600F008FDFE
S214012E2096E80F0085E80F00284600F087F801377E
S214012E300028E8D1014B0FCBE9E700BFE49D040071
S214012E401FB5D0E9023253F8223068461978FFF7E9
S214012E50CFFF684600F07CFD48B1042809D1074A37
S214012E600020074903F0E4FC05B05DF804FB054AC1
S214012E70F6E70020044903F0DBFCF5E70C3E04000E
S214012E808B340400C2370400972D040010B5D0E936
S214012E90023203EB8201496853F8223098B00C687D
S214012EA004A81978FFF7A4FF03AB4022009321463C
S214012EB008AB04A800F0E2FC024628B100200E4947
S214012EC003F0B6FC18B010BD039808A900F007047B
S214012ED00122C0F3C70003F055FC039908A8091B9B
S214012EE00144064801232246008803F005FC0448F5
S214012EF003F03EFCE6E700BF9B3404003C5900208B
S214012F00E0490400F0B504460D460B4BEF880FCBA5
S214012F1084E80F00AB882E899B0741BFD5F839009E
S214012F20D5F83D1004F1080303C3EA68204627805C
S214012F3066806260F0BD00BF789B0400102208B571
S214012F40034908F087FB003818BF012008BD00BF01
S214012F50E49D040008B526F056FDC288FF219208BC
S214012F60012A38BF0122024823F0CCFE012008BD09
S214012F70EC40002038B5134690B10120274A107066
S214012F80274A00201160274A13600A46264903F0A3
S214012F904FFC02F09DFB254B1870022002F09EFBB1
S214012FA026F04CFDE8B91D4D1D4C2B782BB926F0AB
S214012FB02AFD2268C368134423601A4B24681B68E1
S214012FC09C4229D226F01FFDC168204606F0AAF8C9
S214012FD0002402462C7050B926F030FDFFF7BAFFE8
S214012FE003E0FFF7B7FF0028DDD0012038BD2046FB
S214012FF00F4903F01DFC0D4B187802F06FFB002003
S2140130000C4903F015FC00F091F908B900F0AEF98F
S2140130102046FFF7B7F8E8E70124ECE795610020C2
S214013020E4400020E0400020C23404009461002007
S214013030EE3404000E35040038B500F04BFA0446B1
S21401304000F042FA241A26F0DEFC054618B9B12132
S2140130501B482CF00EFAAB8803F00303032B03D0B6
S214013060B22117482CF005FA00F02EFA054624F096
S2140130706AFB01238340013B2B4203D0B421104855
S2140130802CF0F7F924F05FFB01238340013B234238
S21401309003D0B5210A482CF0ECF905F019FE0546D7
S2140130A024F051FB4FF48063B3FBF5F3C440A34215
S2140130B005D2BDE83840BA2101482CF0DAB938BD4E
S2140130C024350400FF2108B5044823F02CFEBDE892
S2140130D00840002211461046FFF74CBFEC40002086
S2140130E0F7B504460E4600F089F8054626F08BFC37
S2140130F0C3682B449C4220D324F025FB2C44C440B7
S214013100013C114F3B68DEB1A34219D101340023C3
S214013110ADF8043000F0E4F9054605F0D9FD1035A8
S21401312004FB005405F0D4FD01A90246204605F033
S21401313021FE24F018FB386004E04FF0FF34E0E78E
S214013140A342E4DB03B0F0BD986A00204FF0FF32E3
S2140131500A4B10B51A600022094B1A7000F0B4F938
S214013160044600F0B7F9214602460120FFF702FFA8
S21401317000280CBF0120042010BD00BF986A002063
S2140131809661002038B500F0D1F808B9002038BDA6
S214013190094D0A4C2B7823B924F0E5FA0123206067
S2140131A02B70246824F0CFFA01348440EED000F06E
S2140131B025F82044EBE700BF96610020986A0020BE
S2140131C070B50D4C2368002B01DA012070BD00F0AC
S2140131D07BF9054626F017FC2468C66824F0B3FA86
S2140131E0013404FA00F1294401208A19FFF7C2FECE
S2140131F00028EAD00420E9E7986A0020024B186804
S2140132000C3024F0E0BA00BF9C6A0020FF2307B50B
S2140132100021044A04480093FBF75EFF03B05DF803
S21401322004FB00BFC5300100EC4000200E4B70B51A
S2140132301C680546036804F582641C440E46FFF7C5
S214013240DDFF2B68834208D232681A44824208D9CD
S214013250C31A012033602C6070BD044A12681344FF
S2140132601C1A0020F7E700BF9C6A0020E8400020F7
S2140132702DE9F04FB3F5803F87B00F469846019091
S21401328003D3002007B0BDE8F08F03A904A8CDE959
S2140132900332FFF7CBFF0024824600F10109DFF875
S2140132A088B05FFA89F9019BDDE90356AAB27BB1C2
S2140132B03046109926F0AEFB0028E2D1B9F1020F94
S2140132C02BD1DBF800300493019B03BB2F4421E094
S2140132D03946304605F04EFD0028D2D1BAF1000F2E
S2140132E0ECD0002CEDD105F0F3FC2E44B6FBF0F348
S2140132F003FB10600028E4D005F0EAFC05A90246AD
S2140133003046059405F036FD0028DAD0B9E7109B63
S2140133102B441093A8EB05050395631C4B454FF012
S2140133200104C0D32046ADE7E84000207FB56B46D8
S2140133300C4A1068516803C390680C2218600A4B47
S2140133400DEB0201186826F065FB0C2268460DEBB2
S214013350020108F07FF9B0FA80F0400907B05DF885
S21401336004FB00BF889B04009C6A00201FB5084A26
S21401337001AB1068516803C3906801A91860054B3A
S2140133800C22186805F0F6FC05B05DF804FB00BFDA
S214013390889B04009C6A0020F7B5044615460E4635
S2140133A081B9072A03D80024204603B0F0BD0D4B8F
S2140133B080791968E379063000EB03200C3180B27E
S2140133C024F00BFA002721462B4632463846009752
S2140133D0FFF74EFF04460028E5D039467019FFF77F
S2140133E07FFEE1E79C6A0020024B1868A0F50060AA
S2140133F0704700BFA86A002010B58AB0684606F07C
S2140134009DF810F0FF0027D1009BFBB1174C01A9D6
S214013410206006F00BF810F0FF001DD12268009B1B
S2140134209A4204D34FF4DD7111482CF022F8019B27
S214013430104A11491360029A13440B600F49A3F511
S21401344000630A600E4A1360009B63B940F2CF1115
S21401345007482CF00EF806E0044A034612680020DE
S214013460084903F0E5F90AB010BD00BFA06A0020C4
S214013470D7350400E8400020A46A0020A86A00208E
S2140134809C6A00207F36040008B5FFF7B5FF26F0DA
S214013490BAFA50B126F0B7FA064B02691B689A428F
S2140134A003D2B32104482BF0E4FFFFF7C5FD01204A
S2140134B008BD00BFA86A0020D7350400014B186874
S2140134C0704700BFA06A0020014B1868704700BF14
S2140134D0E8400020014B1868704700BFA46A00202E
S2140134E0014B1868704700BF9C6A002010B5FFF7B3
S2140134F049FE04462849002003F09AF9002027498E
S21401350003F096F90020264903F092F90020254998
S21401351003F08EF9244B00201A68244903F088F939
S21401352022462349002003F083F9FFF767FE21496D
S2140135300246002003F07CF91F4B00201A681F4941
S21401354003F076F91E4B1F4C1A6800201E4903F043
S2140135506FF9226800201D4903F06AF94FF4806272
S21401356000201B4903F064F9226800201949103233
S21401357003F05EF92268002017490C3203F058F96F
S21401358022680020154902F5826203F051F9BDE870
S214013590104005F0D1BA00BFFE3604003B370400E8
S2140135A05A3704007A370400A06A0020A5370400C1
S2140135B0C4370400E7370400E84000200A38040056
S2140135C0A46A00209C6A00202D38040050380400AC
S2140135D07338040096380400B9380400DC38040057
S2140135E02DE9F04194B004460D460020482102AA78
S2140135F024F004F918B9534903F01AF919E06022C6
S2140136000021204607F0DAFC04224F4902A808F000
S21401361021F890B16DB19DF80B30002001939DF813
S2140136200A309DF80820009348499DF8093003F0B8
S214013630FFF8012014B0BDE8F081BDF80C20B2F50A
S214013640807F228003D0424903F0F2F8F1E7BDF80B
S2140136501420BDF80E102281DDF816206180E2608C
S2140136600499BDF81A206160228284F8320007AD01
S21401367004F112020FAE2B4603CBB3421060516029
S2140136801D4602F10802F6D10F9B324A63631360AE
S214013690314B10221846002107F090FCE288A388DF
S2140136A0028022894280E26842600BB90020C1E7AD
S2140136B000263546A388D90709D536B105F150024B
S2140136C06A4412F8482C84F838200135EDB29A077E
S2140136D014D5208823F0A8FF07466EB102AB03EB92
S2140136E005080246414604F1390007F0F7FD3A465F
S2140136F041461A4807F0F2FD2F44FDB2A3885B0746
S2140137000DD556B105F150036B4433F8482C33F808
S214013710463CA4F85A20A4F85C300435EDB2002EDD
S214013720C4D1482D02D930460D4965E729463820CF
S21401373002AA24F063F808B90A495DE7382501268C
S214013740B8E700BFFF380400949B04003139040039
S214013750673904000C410020104100201841002068
S21401376082390400D239040030B50B4C99B0257863
S2140137706DB9FFF789FE68B129466846FFF730FF45
S214013780B0FA80F0054B4009187001232370002021
S21401379019B030BD0120FBE7976100209861002039
S2140137A0014B1878704700BF9861002070B51E461F
S2140137B0134B044618881D46884298B002D15B8890
S2140137C0934206D00F4B0FCB84E80F00204618B06B
S2140137D070BD96B100216846FFF702FF0028F1D1BF
S2140137E0BDF804305B0708D53388BDF85A209A42E5
S2140137F0E8D8BDF85C209A42E4D395E80F00E3E7E9
S21401380010410020E49D0400064B10B51B780446C9
S2140138102BB9054B0FCB84E80F00204610BD034B98
S214013820F8E700BF98610020E49D040010410020E5
S21401383010B50446024B0FCB84E80F00204610BD9E
S214013840E49D04000B4B10B51B78044608467BB17B
S2140138500021FFF7C5FE48B910222146064807F0A9
S214013860F9FE003818BF0120C0B210BD0120FBE7E9
S2140138700120FAE798610020104100202DE9F0416F
S2140138800E4690460E4910221F4607F0E3FE0446F8
S21401389070B90C4B3A461D683046AD1B454528BFEE
S2140138A04546294623F0AAFF28B9074902F0C0FF7A
S2140138B00120BDE8F081069B20461D60F9E700BFA8
S2140138C0104100200C410020D23904000022024B96
S2140138D01A70FFF73BBC00BF986100202DE9F0414C
S2140138E09CB00F4616468046FFF74CFC054602463E
S2140138F01549002002F09CFF382D20D9012104A88B
S214013900FFF76EFE0446D0B9119B04A93B606F46D3
S2140139103846FFF7F7FA97E80F0086E80F00119B85
S214013920AB4297BF01210324084AC8F8003094BF70
S2140139301170C8F8005020461CB0BDE8F081002286
S214013940024B01241A70F6E7043A0400986100203D
S21401395070B5084D00262B7853B1FFF7F7FB0446E8
S2140139601022002104482E7007F028FB204670BD67
S2140139703446F5E7986100201041002008B5002084
S214013980064902F055FF064B00201A78054902F059
S2140139904FFFBDE80840FFF7A9BD00BF233A04006A
S2140139A0986100204D3A040003460120024AC3E90B
S2140139B0032000221A7070470100FEFF2DE9F04136
S2140139C00024264E264FDFF8A88088B000F0D4F9F0
S2140139D0A5B2854202D308B0BDE8F081284603A906
S2140139E023F042FFA2B23146002002F03BFF9DF8D1
S2140139F00D2012B39DF81210BDF81030402914BFE7
S214013A006E2179210020CDE900313946BDF80E300E
S214013A1002F028FFBDF814201AB10020114902F067
S214013A2021FF9DF80C00BDF8182070B9079B0E49C0
S214013A300093BDF81A3002F015FF00200B4902F082
S214013A40F7FE01342BF022FDC0E7BDF81C304146DD
S214013A50009300209DF81A30EDE700BF663A040097
S214013A606C3A04008F3A0400993A0400E0490400D5
S214013A70C03A040010B500F0ABFABDE810400346AA
S214013A80024A0020024902F0D3BE00BF3B460400B2
S214013A9059050400D0E9023253F8223010B51888CF
S214013AA000F086FABDE810400346024A00200249AB
S214013AB002F0BEBEE83A04005905040010B5D0E98C
S214013AC00232002486B08DF8044053F8221003EB2E
S214013AD08203097801A88DF805105A681288ADF896
S214013AE006209A681288ADF80820DA681278ADF8D0
S214013AF00C40A24214BF402280228DF80A201A6987
S214013B001288ADF810205A699B691288ADF8122008
S214013B101B68059300F0D0FB034A03460349204681
S214013B2002F086FE06B010BD8A190400590504008D
S214013B3038B50024064D2BF095FC45F824000634D4
S214013B40C02CF8D10020BDE83840024902F070BE12
S214013B5080100020EF3A040030B5002087B02049DD
S214013B6002F066FE00201F4902F062FE00201E4998
S214013B7002F05EFE2BF076FC00240546A0B201A9F9
S214013B80013423F071FE202CF8D12BF06BFC174981
S214013B90421B002002F04CFE1549002002F048FEB0
S214013BA02BF060FC0446012000F09EF82BF05AFC36
S214013BB00E49021B002002F03BFE0E49002002F0D7
S214013BC037FE2BF04FFC044623F03FFE2BF04AFC59
S214013BD0021B0020054907B0BDE8304002F028BEB0
S214013BE01B3B04004A3B04007A3B0400973B04005D
S214013BF0A63B0400C03B040010B50C4603F07CFD58
S214013C0008B9032C12D101F059F904280ED001F09D
S214013C1055F905280AD0064802F0BAFC1C2801D13D
S214013C2024F0C0FDBDE8104002F0C2BC10BD00BFCC
S214013C30557803002DE9F04F00274FF0FF36DFF8E7
S214013C40A4B0264C87B0BBF80030B8B2834209D87E
S214013C50731C3BD03246FF21214807B0BDE8F04F28
S214013C6023F050B801A923F0FFFD9DF8050001F0EF
S214013C705BFFF8B19DF80480B8F1000F1AD1BDF8CA
S214013C8010A0BDF812902BF0EDFB18210246BBB236
S214013C904B43E018E158007C4FF47A73A2EB010C19
S214013CA050B103FB0AF363450ED30B44981A8642C0
S214013CB028BF06460137C6E74D466B43FAD0634533
S214013CC0F5D31944881AF2E74046F0E7FF21044885
S214013CD007B0BDE8F04F23F026B800BF80100020E3
S214013CE020410020225900202DE9F041014688B0EC
S214013CF058B1022810D023F0D1FD78B3D22119484B
S214013D0008B0BDE8F0412BF0B4BBFF23164A1748B4
S214013D100093FBF7E1F9EEE700244FF00108274690
S214013D20134EA5B2284603A98DF80D7023F09CFD0D
S214013D309DF80D0068B101F0F7FE20B19DF80C303A
S214013D400BB986F810800134202C06F11806E8D14C
S214013D502546084B1D80FFF76DFFCCE708B0BDE890
S214013D60F08100BFE03B04009D400100204100209F
S214013D708010002022590020014B1888704700BF90
S214013D80225900202DE9F04F634A077D89B0044689
S214013D906249002002F066FD002024F0DDFD20B11E
S214013DA02368218A588803F0F5FC00205C4902F05C
S214013DB03FFD637DDFF87491002B236808BF082060
S214013DC05988574B18BF00200093228A4FF00903E9
S214013DD014BF4FF080084FF0400802F089FBA2891B
S214013DE0BB1C93420CDB24F051FE034620B100209D
S214013DF04C4A4D4902F01CFD012009B0BDE8F08F88
S214013E00A068791C89B2C55D24F05FFD0337012DDA
S214013E100646BFB213D82368324659885879238A92
S214013E200093434624F099F9824600283ED1862025
S214013E3002F026FC284602F023FC304668E0852086
S214013E40F6E703A923F010FD9DF80C30AB4223D111
S214013E5023689DF80D105A7991421DD1BDF80E10B8
S214013E605A88914218D1BDF81020B24214D19DF85B
S214013E701220424510D1BDF81410228A91420BD16E
S214013E80002D38D0BDF81810E288914204D19DF873
S214013E901A201B799A422ED00BF1010BB9F800308B
S214013EA05FFA8BF08342CCD88B20C1E74FF0000B32
S214013EB0F4E79AF8020002F0E3FBBDF8180024F0DC
S214013EC0C7FCBDF81A0024F0C3FC9AF8020003F000
S214013ED081FE002883D19AF8020001F0F7FC05461E
S214013EE0079E002D3FF47BAFF0B2013D02F0C8FB08
S214013EF0360AEDB2F5E7002002F0C2FB284602F0D2
S214013F00BFFB304624F0A4FC012DD2D1BDF81C0025
S214013F1024F09EFC63E700BF6F3C040047300400BA
S214013F20E04904007C3C0400993C0400225900202E
S214013F302DE9F04391B06946804623F095FC0023B5
S214013F40194F8DF801303888431E98B28045388065
S214013F5009D16946404623F08FFC684623F073FC7E
S214013F6011B0BDE8F0834FF0180905A923F07CFCD9
S214013F700E4C3E880AAD09FB06460FCE0FC596E8E5
S214013F80030009FB084485E803000AAE404605A97C
S214013F9023F072FC0FCE0FC495E8030084E80300FB
S214013FA069463888D7E700BF2259002080100020D4
S214013FB008B5064B1B88834205D9FFF7B9FFFFF703
S214013FC039FE002008BD2720FCE700BF225900204B
S214013FD038B5074D2C882CB9FF21064822F0A3FEE0
S214013FE0204638BD601E80B2FFF7A2FFF2E700BF91
S214013FF022590020204100202DE9F3479A46182334
S2140140009DF82890244FCDE9001203FB097314464E
S214014010D3E9022324F019FE064620460D4603F096
S214014020D9FD04F0FD03382B80460FD100943246AB
S2140140302B460021DAF8100023F041FCB8F1010FFD
S2140140401BD135431ED102B0BDE8F087392CDAF812
S21401405010300BD107EE906A07EE103AF4EEC77AED
S214014060F1EE10FAACBF01200020E7E79E4275F1A1
S21401407000032CBF01200020E0E7B8F1000FE2D1D9
S2140140800028E0D0182303FB097701233B7402B014
S214014090BDE8F047FFF7CEBD801000202DE9F04FB8
S2140140A000252E46A846AA462C46DFF8BC91D1B07C
S2140140B0694BA8B21B88834209D81CB16188207954
S2140140C0FFF79AFDFFF7B6FD51B0BDE8F08F0BA9DB
S2140140D023F0CAFB2BF0C6F91823AFB27B4309EBDA
S2140140E0030B59F8033005909DF82D00049301F059
S2140140F01BFD002800F0AE809DF82C10002940F032
S214014100A980DDE90432D01A4FF47A72BDF838304E
S2140141105343834200F29E809BF8103043B9BDF8AA
S2140141203A30002B00F096805343834200F292808F
S214014130FD230022CDE9013210AB00930DF11902E7
S2140141400DF11A03E9B20BA8F0F7C2F8002877D1EF
S214014150BDF81A30DA1C0493D2B214B33F4B9DF863
S2140141602D101B8813442279914214D1BDF82E10CC
S214014170628891420FD19DF83220B8EBD21F0AD146
S214014180BDF83420524506D1B3424DDD00203449F6
S21401419002F04EFB01E0B342F8DC61882079FFF7BC
S2140141A02BFD02F041FA04469DF932002D4BC04327
S2140141B0C00F0093BDF834200A23BDF82E10C000AE
S2140141C09DF8328002F094F99DF82D304FF0000BE7
S2140141D023714FF48A53FF26BDF834A04FEAD8184E
S2140141E0E38007A95FFA8BF024F0DEFEC0B2B0B917
S2140141F09DF81D109DF82D20914210D1BDF81E107E
S214014200BDF82E2091420AD122469DF829109DF82C
S2140142101C0024F044FCB04228BF3046C6B20BF165
S214014220010BBBF1200FDCD1BDF8300024F010FBF0
S2140142309DF8190002F024FA049910A802F034FA45
S214014240182300225F4309EB07031A742BF00AF9BF
S21401425049F8070001352BE7225900202C59002088
S214014260583D0400E04904008010002070B5002489
S2140142700126104D8AB02B88A0B2834204D80AB01A
S214014280BDE87040FFF7D6BC05A923F0EDFA9DF80E
S214014290150001F049FC50B19DF814303BB91A469F
S2140142A0CDE901360093E1B205A8F0F711F8013423
S2140142B0E1E700BF225900202DE9F0430389DFF82A
S2140142C058818BB0B8F800900093044683798288B1
S2140142D04188407823F041FF002800F09580E78967
S2140142E027B1A389BB4200F291800027B8F80030BD
S2140142F0BDB2AB4214D84D4601264FF6FF73E28994
S2140143009A4226D146B9B8F80030AB4202D92846BF
S214014310FFF70EFEFFF78EFC00200BB0BDE8F08322
S214014320284605A923F0A0FA9DF814307BB9226827
S214014330059B5340FF2B0AD86368069E5E4036F005
S2140143407F4604D1BDF81C2023899A42D5D0013777
S214014350CCE7E2689A422BD0002E53D1D4E903234E
S214014360CDE9082305A823F06EFA0028D5D1B8F8C0
S2140143700030AB4204BF6B1CA8F800302BF072F87B
S21401438018236B43234AE9B2D050D418002305A85A
S2140143901A46CDE901330093EFF79AFF18B10022D0
S2140143A00023C4E90223284605A923F065FAB1E7EC
S2140143B0234605AA04F1100C1746186859680833F5
S2140143C003C763453A46F7D11868386005A823F055
S2140143D03DFA0028C0D01F2D1AD800238DF81430BE
S2140143E063788DF815306388ADF81630A388ADF87C
S2140143F01830A3798DF81A302389ADF81C300028BF
S214014400B0D1ABE70020E6E7862086E7872084E781
S214014410892082E780100020225900202DE9F04FE4
S214014420B04A90F814908DB00446AF49002002F0CF
S21401443019FA002024F090FA20B12368218A5888BE
S21401444003F0A8F90020A94902F0F2F9637DDFF82C
S214014450B8A2002B14BF802340230293236808BF11
S21401446008205988A14B18BF00200093228A0723F1
S21401447002F03EF800230393A28909F10305954251
S21401448011DB039B13B9184602F0FAF824F0FEFA82
S214014490034620B10020964A964902F0C9F9012048
S2140144A00DB0BDE8F08FA06809F1010189B210F8DE
S2140144B0096024F00AFA3246804603468E490020F7
S2140144C0ADB202F0B5F98EB1012E00F08A808527D3
S2140144D0384602F0D5F8304602F0D2F8404624F0CD
S2140144E0B7F9852FD2D00123039376E0A06809F1AE
S2140144F00401A28989B2475D24F0E7F909F10601B2
S214014500A289049089B2A06824F0DFF93A460590A2
S2140145100090049B3046794902F08AF909F10809AE
S21401452038461FFA89F503F055FB002857D138465F
S21401453001F0CCF9294603468146A289A06824F0F9
S214014540B5F96F498346304602F08CF9A1684A46B0
S21401455029443346304602F0CFF83046634902F02C
S21401456067F9A9441FFA89F523684246598858799C
S214014570238A0093029B23F0F0FD18B18378BB4297
S21401458040F0AC80483FFFB2092F05D840F2113306
S214014590FB40DB0700F1A48000238DF81C30236864
S2140145A007A85A798DF81D205B88ADF82080ADF8F4
S2140145B01E30029BCDF82CB08DF82230238AADF840
S2140145C02430049BADF82830059BADF82A30FFF760
S2140145D073FE074600287FF47BAFA9464CE7B34637
S2140145E0C2E72946A289A06824F06FF94FF0000BB4
S2140145F0024607464349002002F01AF909F1050967
S214014600BAF800301FFA89F5BAF800201FFA8BF9BC
S2140146104A4503D81F2B31D9892759E7484607A9A8
S214014620049323F021F99DF81C20049B012A22D132
S21401463022689DF81D00517988421CD1BDF81E00E4
S2140146405188884217D1BDF82010414513D19DF8F5
S2140146502210029881420ED1BDF82400218A884298
S21401466009D1BDF82800E188884204D19DF82A10B6
S214014670127991421BD00BF1010BC5E70122994635
S2140146808DF81C20226851798DF81D105188ADF8DF
S2140146902080ADF81E1002998DF82210218AADF8FF
S2140146A02410E188ADF8281012798DF82A2007A881
S2140146B0ADF82C7023F0C7F8074600287FF408AF42
S2140146C0BAF800304846994508BF09F1010307A921
S2140146D008BFAAF8003023F0CFF87EE78D27F7E66B
S2140146E08C27F5E6833D040047300400E0490400CA
S2140146F0E43D0400993C04008B3D0400A83D040001
S214014700C93D0400D43D0400225900202DE9F04F94
S214014710074688469146002589B09A46BDF848B0B6
S2140147209DF84C60149C224B1A88A8B2824235D957
S21401473003A923F099F89DF80C201D4BB2BB9DF8F8
S2140147400D10B94232D1BDF80E1041452ED1BDF83B
S214014750101049452AD19DF81210514526D1BDF8B1
S2140147601410594522D13046029201F0AFF8A6F155
S2140147704103012B01460AD8204624F0ACF80D4B24
S2140147800D4A204484420CD10421029302ACEDB2BE
S21401479032462046009503ABFFF72EFC09B0BDE874
S2140147A0F08F14F8011F4B405343EBE70135BBE78D
S2140147B022590020C59D1C81930100011FB50F4C95
S2140147C02478C4B142EA03229DF818308DF805100A
S2140147D042EA43220A4BADF80C201A78094B8DF8B1
S2140147E00610079903EB021300908DF80400DB68AE
S2140147F068460291984704B010BD00BF9961002039
S2140148009B6100204041002073B51A4DFF211A48D4
S21401481022F089FA2B7853B3184C194E23781801D5
S21401482006EB03131A7A5968305C24F049FC4D28CC
S2140148301DD0E0B1012300212278CDE9003112011B
S214014840B25CC0B2FFF7BAFF0A2223780A480133E6
S214014850DBB2B3FBF2F102FB1133FF2123702B789D
S214014860013B2B7002B0BDE8704022F054BA02B092
S21401487070BD00BF99610020E04100209B610020CF
S21401488040410020F8B5104F3E780A2E1AD00FC8C6
S214014890DFF840C00D4D9CF80040013605EB0415CD
S2140148A085E80F000A230134E4B2B4FBF3F203FBFC
S2140148B012440748FF218CF800403E7022F02BFA84
S2140148C00020F8BD0120FCE799610020404100204E
S2140148D0E04100209A6100200021024A0248FAF7CE
S2140148E031BC00BF09480100E0410020002337B574
S2140148F00C46124D12492A78CDE9003312018A5C22
S21401490001230146E0B2FFF759FFA4B90D490A7821
S2140149108AB10A202B78013A0133DBB2B3FBF0F4FB
S2140149200A70FF2100FB143307482B7003B0BDE863
S214014930304022F0F0B903B030BD00BF9B610020CB
S2140149404041002099610020E041002008B500F0B8
S214014950BDF850B1054B064A0649052808BF1A4658
S214014960BDE80840002001F063BF08BDF83D040023
S214014970E0490400193E040008B5032024F0BAFB00
S21401498010B90122014B1A7008BD00BF9C610020BE
S2140149900022024B18781A70704700BF9C610020F5
S2140149A00246FF21014822F0ADB900BF00420020B7
S2140149B0114B37B51D78C5B9FF21104822F0B3F960
S2140149C0FFF7DAFF044600900D4B28460D4A0E49C4
S2140149D001F02EFF4CB10D4B1B78DB0605D52846A2
S2140149E024F062FB204622F09FFD094B186803B0B5
S2140149F0BDE83040FFF7D4BF9C6100200042002094
S214014A00363E0400643E0400291604008A61002034
S214014A10AC6A0020FF21014822F085B9004200203F
S214014A2070B51A4E054633780C466BB30020184A0B
S214014A30184901F017FF032C01D0652C20D1164927
S214014A40002001F00FFF22460020144901F0F0FE7D
S214014A500020134901F006FF012329460822002001
S214014A6001F04AFE00200F4901F0E2FE032C88BF48
S214014A700023204688BF3370BDE87040FCF7BEB8FF
S214014A80012CE0D00849DBE770BD00BF9C61002027
S214014A90643E0400131A0400773E0400CA20040092
S214014AA0953E0400E04904008D3E0400014B186069
S214014AB0704700BFAC6A00200021024A0248FAF79C
S214014AC041BB00BFB149010000420020054B10B5B3
S214014AD01C782CB90448FF2122F01DF9204610BD90
S214014AE00520FCE79C61002000420020F8B5002468
S214014AF0074B084E1D68084FE3B29D4204F10104BE
S214014B0000D8F8BD394656F8230021F0C3FAF3E77A
S214014B1040B9040044B90400786B002010B5044C79
S214014B2023780BB124F0D6FA0123237010BD00BF01
S214014B30146F00202DE9F743254B0D461646044613
S214014B40019350B14AB1042301AA12F8011BA942EC
S214014B5035D0013B13F0FF03F7D1212003B0BDE8A8
S214014B60F08317F8010F90FAA0F0000E21F0CEFCAA
S214014B70014608EB07039945F3DCCAB2C1F30F23DC
S214014B8092FAA2F293FAA3F3120E1B0E03EB022380
S214014B90DB43621912F8020C99B2DBB298420CD1CF
S214014BA012F8013CB3EB112F07D1324621462846B5
S214014BB003B0BDE8F04324F0EDB92320CEE74FF66D
S214014BC0FF71671EA5F10209C4F10108D1E700BF14
S214014BD0080A0E12F0B515468FB00E4607462AF0A3
S214014BE0EDFC254B02A81C7824F078FA15F0FD0F91
S214014BF03BD028B9BDF808309B0701D5032D36D028
S214014C001DF0A4FE58B309A824F0D4FA0323306893
S214014C1071688DF824300AAB03C39DF83130012D3D
S214014C2043F002038DF8313019D105A909A824F003
S214014C30B9FA002818BF022423F062FE032D18D803
S214014C400E4B0F4A0020CDE9004753F8243052F8A6
S214014C5025200C4901F0ECFD20460FB0F0BD032DD8
S214014C60EAD1042C08BF0024E6E70324E4E72C4637
S214014C70E2E70324F0E700BF9D610020889D040061
S214014C80789D04009C450400014B1870704700BFD6
S214014C909E610020024B1A6818608260704700BF50
S214014CA0B06A0020024B186800B14068704700BF28
S214014CB0B06A002070B5044600250A4B1B687BB11C
S214014CC000211E8807E05A6802EB0110013145B940
S214014CD0021B554255418AB29642F4D89B68EEE7CC
S214014CE0184670BDB06A00202DE9F04F1E4600231D
S214014CF093B0022E074688461446DDF870909DF85C
S214014D0074A0ADF81A3040F2C08099F800305A0706
S214014D1029D5042E40F2B98099F804B000255F4BDE
S214014D2033F83520002A00F0B68001350A2DF7D178
S214014D30209B002B40F0AD80FF250023207908AA98
S214014D400DF119018DF8193023F052FD70B1BDF83F
S214014D502C309DF81900238023F0CDFD0790C0B1BB
S214014D6013B0BDE8F08F99F802B0D7E7207923F0A9
S214014D706FFA0B28059000F28A80207923F0CCFD8B
S214014D8007900028ECD1464A059B02EB03135B888B
S214014D9023804FF6FF73002F08BF43466288002129
S214014DA0CDE9002358465246238802F0FDFD18B18E
S214014DB0E38843F02003E380209B07A90DA8CDE9F3
S214014DC00D34CDF83C90ADF84080ADF842608DF8DA
S214014DD044708DF845A023F01CFD08B10798BFE785
S214014DE0484602F025FDA01D02F010FD2246414670
S214014DF0384623F054FEB04227D3E3882246C3F355
S214014E000E03E3809DF87C3041460393BDF878306D
S214014E10384602930DF11A03CDE90093F3B222F05E
S214014E208AFF209B079003B3F8B9BDF81A2042B158
S214014E30092D06D81B4B03EBC5018A80209A43F83F
S214014E403520112023F0B7FC1CE0BAF1000F0AD17F
S214014E500DF11A03CDE9006322464B46414638461A
S214014E60FAF778FFDDE73820DBE7052807D1E38886
S214014E70DB0607D5002301200793FFF705FF079BF5
S214014E80002BDED023F03CFDA8E7012068E72120B7
S214014E9066E71C2064E7EDB24FE700BF284200201A
S214014EA094420020244200204FF6FF72024B1A80E3
S214014EB05A809A80704700BF2459002010B5044CD0
S214014EC02379FF2B02D124F033F92071207910BD0C
S214014ED02459002010B50C4C2379FF2B08D1002053
S214014EE023F009FD20B924F023F9207123F008FDF1
S214014EF02079022805D00438012894BF002001201B
S214014F0010BD0020FCE700BF245900204FF6FF73B8
S214014F1010B5044C22889A4202D124F0FFF8208072
S214014F20208810BD2459002010B5FFF7BDFF40F6BC
S214014F301D439842044607D8B0F5416F05D218289C
S214014F4026D8152848D829D010BDA0F541630D2BC9
S214014F50FAD801A252F823F09D4F01009D4F01009F
S214014F60494F0100494F0100494F0100494F0100D7
S214014F70494F0100494F0100ED4F0100FF4F01006D
S214014F80994F0100994F0100994F0100994F010077
S214014F9040F606439842D7D11C4920E0FFF7B6FFFA
S214014FA01B490246002001F043FC152C05D124F0D4
S214014FB09FF8BDE8104023F035BC164B164A17493A
S214014FC0B4F5416F08BF1A46002001F031FC23F00A
S214014FD028FC23F027FCECE71628DDD11049002039
S214014FE001F026FCBDE8104023F041BD22F08AFF07
S214014FF0BDE8104002460B49002001F019BC002014
S214015000BDE81040084901F013BC00BFC0460400CB
S2140150106D460400E0490400684604008946040021
S214015020A9460400D5460400FD46040007B5094A12
S2140150300346108831B9084A084903B05DF804EB05
S21401504001F010BC0091064A064901F00BFC03B0C2
S2140150505DF804FB3C590020601304001D47040062
S21401506004140400291604000D4B37B51B680446CA
S21401507093B11D780389012D08BF02250093C37AD9
S214015080084A0020084901F0D3FB2146284603B010
S214015090BDE8304024F004B8022003B030BD00BFA4
S2140150A0604300209247040041470400002010B5E9
S2140150B023F021FC0D4B1B6863B15A78052A03D8EF
S2140150C062B1052402220AE0FF2AFAD0002008492C
S2140150D001F0AEFBBDE8104023F012BC14461046AA
S2140150E024F03AF8204624F035F8F3E76043002030
S2140150F09747040013B5134C002023F0FCFBFFF781
S214015100D3FE23689BB101A822F0EFFE78B923688D
S2140151101A789DF804309A4209D0D91E032906D977
S214015120D11E012903D9012A07D1022B05D1032358
S21401513001A8ADF8043023F0B9FF02B0BDE8104075
S21401514023F0DEBB6043002000231946034A0133E7
S2140151500A2B918042F8081BF9D17047244200209F
S2140151607FB50E46054623F0A3FF2A4604460346AE
S2140151700D49002001F05CFB96B10C4B36211A88D4
S2140151809B78ADF80C208DF80E3003230022009397
S2140151904FF6FC7003AB8DF80D5023F0CAFE0446A3
S2140151A0204604B070BD00BFB8470400F49D04005B
S2140151B0FF2810B50C4604D10020044901F038FB45
S2140151C0FE202146BDE81040FFF7CABFD1470400C4
S2140151D0F8B51E460B8807460C461546002B64D1CB
S2140151E04A88B1F9021000200029B8BF6B7830490F
S2140151F001F01EFB6288132A1DD002F5FF437F33A0
S2140152009BB2052B23D8A2F50042013A052A1ED8E7
S214015210DFE802F0193F1D033C09264A2649002013
S21401522001F006FB13E0254A2349002001F01AFB92
S2140152302A792349F3E7022E94BF4FF6FF72B5F899
S21401524001202049EBE700201F4901F0F1FA33461F
S2140152502A462146384624F094FE70B933462A463B
S2140152602146384624F08FFE48F2210362889A428E
S21401527003D13846697823F0C4FA6388B3F5004F42
S21401528002D9082023F0D4FA0120F8BD2A790F4963
S214015290C5E70F4A0849002001F0E4FA032E94BF3F
S2140152A04FF6FF726A880B49B9E70020EDE700BFA9
S2140152B00C480400344804003B4804004C480400F1
S2140152C052480400604804007848040092480400EC
S2140152D0B4480400B94804002DE9F04116888AB0A4
S2140152E0DFF88C80ADF80E300DF10E03C8F8002003
S2140152F015460093324610AB07460C46FAF7BCFD3E
S21401530090BB109B8DF824000693BDF80E3004A8C0
S214015310ADF81C30AB898DF81070ADF820306B8974
S2140153200594ADF81E60ADF8223023F070FAD8B9B6
S21401533021463046BDF80E30109A01F0C9FF98B9E3
S21401534021463046BDF80E30109AFFF741FF58B996
S214015350CDE9006039462046BDF80E30109A02F0BD
S21401536049FB08B9C8F800000AB0BDE8F08100BFE3
S21401537020420020F0B585B004AB03E9030000230A
S2140153801C469DF80D609DF80E70154AD9B202EBC9
S214015390C1004568EDB99DF80C30284600939DF88C
S2140153A00A209DF80B300F4901F05CFA26B132460F
S2140153B028460D4901F056FA0C4A0020002C18BF69
S2140153C02246BDF808300A4905B0BDE8F04001F0B4
S2140153D02FBA12F831100133B94208BF2C46D5E76F
S2140153E09C9D0400CB480400DC480400CF12040056
S2140153F0E04804004FF6FF7310B5084C88B0628889
S2140154009A4207D102A90DF1070022F06CFDBDF802
S21401541010306380608808B010BD00BF245900209A
S2140154202DE9F04F85B0894692461C460746BDF8E1
S2140154303850BDF83C80109E002833D00346464ABB
S2140154400020464901F00EFA2388002B76D040F260
S2140154500912934274D0424A4249B3F5827F08BF8B
S2140154600A46CDF804806188002000913E4901F08B
S214015470F9F9238893B1B8F1020F0FD933783B4974
S21401548013F0010F3A4A18BF0A4659074FF00000B9
S2140154904CBF3379B378374901F0E4F90020364937
S2140154A001F0C6F90023354931F83320AA4249D123
S2140154B0334A52F833B0002331F83300DA00A842F9
S2140154C046D100202E490A44908041F8330047B95E
S2140154D0238833B9B4F90230002B02DB082023F00D
S2140154E06AF9012023F0A4F99EB13578EB0710D5AF
S2140154F015F0040004D042460121304623F0E5F9B8
S214015500CDE901704346224651464846009622F0B0
S214015510FCFEBBF1000F06D04346224651464846E4
S214015520CDE90067D8474346224651464846CDE96D
S214015530006722F0B0FB05B0BDE8F08F114A90E796
S214015540114A8EE701330A2BAED14FF0000BB2E7BA
S21401555001330A2BB0D1BAE70C0A0400074904004C
S214015560D0120400F548040015490400F848040068
S2140155700049040046490400E0490400284200208E
S21401558024420020EE480400F24804000D4BF0B51A
S2140155904FF00C0C1F88054600230B4EDCB2BC42B4
S2140155A001D30020F0BD0CFB04F43019345DAC428D
S2140155B005D144888C4202D104799442F2D0013359
S2140155C0ECE700BFB26E0020C06A002073B501266A
S2140155D02B4D2C4C2A462046FF2300210096F9F736
S2140155E07BFD2A462046FF2300210096F9F774FD2D
S2140155F02A462046FF2300210096F9F76DFD2A462C
S2140156002046FF2300210096F9F766FD2A4620462C
S214015610FF2300210096F9F75FFD2A462046FF2367
S21401562000210096F9F758FD2A462046FF2300215F
S2140156300096F9F751FD2A462046FF2300210096E1
S214015640F9F74AFD2A462046FF2300210096F9F77E
S21401565043FD2A462046FF2300210096F9F73CFD2C
S2140156602A462046FF2300210096F9F735FDFF2341
S2140156702A46002120460096F9F72EFD02B070BD9D
S214015680C5750300744200202DE9F84300244FF04D
S2140156900C090C4B0C4F1E78DFF830803A88E5B2C7
S2140156A0954202D33046BDE8F88309FB0585FF2104
S2140156B0A86821F03FFB18B9AB799E4238BF1E4659
S2140156C00134EBE79F610020B26E0020C06A002023
S2140156D0014B1878704700BF9F610020014B18707E
S2140156E0704700BF9F610020F8B506460C4623F0C0
S2140156F07DF80546C8B9304622F0AAFD0B2815D814
S2140157000B4B03EB00131F7B87B95A8801212280BC
S2140157109A88304662809B79237100F037FA3946C1
S2140157206071304600F032FAA07101252846F8BDB6
S2140157309442002070B504460E46154622F088FDB8
S2140157400B2802D94FF6FF7070BD094B03EB00130F
S2140157501A7B002AF6D146B901222946204600F0D6
S2140157603DFA0028EED00088EEE7012EEAD1F4E7F4
S21401577094420020FF2313B50DF1070104468DF86E
S214015780073023F031F818B19DF8070002B010BDBC
S214015790074B03EB04131B7B0BB1FF20F6E72046F8
S2140157A000F03AF90028F8D0204600F0E9F9EDE7D4
S2140157B09442002013B5F6F785FC0446F6F788FCFC
S2140157C0224603461249002001F032F800F084FF19
S2140157D0FFF7BAFC00F0A6F80221084602F074FDB5
S2140157E0FFF764FC41F2490023F0D0FC4FF0FF13B1
S2140157F00093FF2368468DF8043023F0A5FC4FF490
S214015800004023F083FC002023F0A0FC02B010BD72
S2140158109549040038B5054623F006F890B92846A0
S21401582023F0C0FB044628B140F60443984214BF57
S21401583088248D2423462A460020034900F0F8FFD9
S214015840204638BD8D24FBE7AD4904002DE9FF470E
S21401585005460E4617469846BDF83090DDF834A04A
S214015860BDF83840CDF80090CDE9014AE4B2FFF723
S214015870D7FD43463A4631462846CDE90094CDF851
S21401588008A024F047FBFF21034B044A044804B058
S214015890BDE8F04700F01ABE305900202C59002010
S2140158A077630020044B01461888102240F04040E0
S2140158B040F48010F7F716BAEE9A0400024B186807
S2140158C05968FFF757BD00BF26DE04000123064ACC
S2140158D0D15C814202D1054AD05C704702335F2B0E
S2140158E0F6D10020704700BFF69D0400F79D040026
S2140158F070B500220446094B1D78094BD0B285428B
S21401590001D8FF2070BD1E78A64204D10029F9D027
S2140159105E7BF607F6D401321033EFE7A061002074
S214015920944200202DE9F04198B06B46304A106849
S214015930516803C390680CAA18602E4B14469C4607
S21401594003F11806154618685968083303C5B342AB
S2140159502A46F7D112AA1746274B03F11806154611
S21401596018685968083303C5B3422A46F7D1234A53
S21401597003AB106851684FF0010E03C3906871685D
S2140159801860DCF83000002206AB03C30C21EC469D
S214015990B068CDE909221860194BDFF86C801970E0
S2140159A0184B0DEB01060B9206AD09A91CF8010B6D
S2140159B00132187034F8020B0C2A588037F8020BA3
S2140159C083F80DE0988016F8010B03F1100303F835
S2140159D00A0C15F8010B08EBC00043F8080C11F887
S2140159E0010B03F8040CE1D118B0BDE8F08100BF4B
S2140159F0C749040066A104007EA10400D44904003E
S214015A00A061002094420020609E0400014B18789B
S214015A10704700BFA0610020034B03EB0013587BC7
S214015A2000F00100704700BF94420020F0B5044624
S214015A300846D9B100220E4B11461F780D4B1D4664
S214015A40D6B2B74201D8002010E01E78A64206D092
S214015A509E68F688314489B201321033F0E75E7BE6
S214015A60F607F9D505EB02150180A868F0BD00BF61
S214015A70A0610020944200202DE9F3478946904614
S214015A801D46074618B9002002B0BDE8F087002978
S214015A90F9D0002AF7D0002BF5D0002400780DF1BC
S214015AA00601ADF80640FFF7C1FF0028EBD03946E6
S214015AB00DF10602BDF8066022F0BFFA074600287F
S214015AC0E1D00DF10602BDF806A022F0DDFA0028AD
S214015AD0D9D0C9F80070C8F80000037913F0200285
S214015AE019D1DB0614D4BDF806300C4A564413FA15
S214015AF086F612FA86F20BE01A790C33920642BF4A
S214015B0013F8092C891889B29842F5D8044A0A4430
S214015B1001202A60B8E72146024BF5E7C362002060
S214015B20A1610020A0A0040008B50021FFF7E0FE57
S214015B30FF2817BF044B084603EB0013587B18BF1A
S214015B4000F0010008BD00BF944200202DE9F0419D
S214015B500D4616461F4622F07BFB0B280AD8074C3B
S214015B603B4604EB001032462946BDE8F04180680A
S214015B7022F03BBB0020BDE8F08100BF944200202C
S214015B80014B0001185C70479442002070B50C462A
S214015B9022F05EFB0B281BD80F4B03EB00139A6811
S214015BA0C2B10023142618461579D9B28D4200D801
S214015BB070BD116806FB0311097B34B911F0800F23
S214015BC01CBF0130C0B20133EFE711F0400FF7E719
S214015BD00020EDE71046EBE794420020F8B50D46AD
S214015BE0164622F035FB0B280BD80F4B4FF0140C42
S214015BF003EB00139A6800231C461779D9B28F422B
S214015C0001D80020F8BD10680CFB0300017B46B9E3
S214015C1011F0800F03D0AC42F4D00134E4B201336A
S214015C20ECE711F0400FF5E7944200202DE9F04F24
S214015C30064600243A4B87B01B783A4F0093009BE8
S214015C409C4207D2FF2E08D0304622F001FB0B28DB
S214015C50044606D907B0BDE8F08F07EB04131B7B9B
S214015C602BBB23014FF00008019307EB041A14E045
S214015C7014221B6802FB05352B89B3F5967F01D9E3
S214015C8029F004FC4FF000094FF00C0B29891FFA8C
S214015C9089F291420ED808F10108019B5FFA88F556
S214015CA0FB189B681A79AA42E2D8FF2ED2D101349A
S214015CB0E4B2C4E71FFA89F00BFB00F06B68191811
S214015CC00A7912F0100F23D19AF800E012F0400F73
S214015CD08DF80CE0B5F800E0185AADF80EE00CBFF0
S214015CE04FF0400E4FF0800EADF8120028468DF8AA
S214015CF010E022F06EF95307ADF81400C8780AD503
S214015D000228896800D90968002203A822F03DFA12
S214015D1009F10109BAE702288CBF89680831F3E75F
S214015D20A061002094420020052370B5094A068828
S214015D301488B44208D19578047B2C403F2C03D9B3
S214015D400D4201D0506870BD013B02F10802EFD14F
S214015D501846F8E710A1040070B50024074D084E58
S214015D602B78E0B2834200D870BD06EB0010437B6F
S214015D70DB0701D522F04BFB0134F1E7A0610020DF
S214015D8094420020F8B50C4600210546FFF7B0FD09
S214015D90FF2829D0154A060102EB00135B7B03F0AE
S214015DA001016CB143F001031644A142737305D09F
S214015DB0C4B100B202EB001022F029FB0120F8BDAD
S214015DC02346F1E77B4311682846CA18127BC95A55
S214015DD0D20921F088FF0134B268E3B21179994201
S214015DE0F0D8EBE71427F7E70846E8E794420020E7
S214015DF0F0B59446497D20B339B3012918BF042173
S214015E0000254FF6FF702F462A46144E3488644507
S214015E1011D196F803E01EEA010F0CD0B4789C422B
S214015E2009D30AB1BC4206D81EF0100F03D08AB1BE
S214015E30BC420CD370B90135072D06F10406E5D135
S214015E40F0BD002908BF0821D8E70221D8E7274678
S214015E500020F0E727460122FAE700BFF4A004007D
S214015E602DE9F04F0A9FBDF824E09DF82C809DF89F
S214015E7030904C7D78B394B3012C18BF04240025D0
S214015E80194800F11C0C068896421ED190F803B002
S214015E901BEA040F19D08678464516D31BF0100F5F
S214015EA091F80FA004D0BAF1000F0ED0B1F810A0EF
S214015EB0BAF1000F09D1A94513D0AE4511D95E55E7
S214015EC03E88013501363E80ADB204306045DAD1F8
S214015ED00120BDE8F08F002C08BF0824CDE702247E
S214015EE0CDE70020F5E700BFF4A004002DE9F04F50
S214015EF00024B1F57C4F0E4638BF4FF0010BA24689
S214015F00A1464FF6FF781F4628BF274B85B028BF0E
S214015F10B3F800B0009001925C4503D3404605B04B
S214015F20BDE8F08FB6F57C4F0CD3204B3A4603EB19
S214015F30840331465B880098FFF708FE054680B368
S214015F4000232AE03A463146009822F0B1F9F5E7F7
S214015F500C229CB254436A680199105B02EB040C54
S214015F60884219D3B9F1000F01D0504514D86146C3
S214015F702846CDE9023222F02CF8029B60B1039A42
S214015F80125BB9F1000F03D0524501D3804503D906
S214015F90924680464FF0010901332A899CB2A242FB
S214015FA0D6D80134A4B2B7E7569E0400589E040022
S214015FB02DE9F04F91461A4600238BB08DF820202C
S214015FC0BDF850208DF81C00ADF81E10ADF8242049
S214015FD005460F461A4604A907A8159C9DF8586061
S214015FE09DF85CA09DF860B09DF864800493ADF8C0
S214015FF0229022F076F8049850B92B46CDE9007924
S214016000644A654900F014FC86200BB0BDE8F08FA9
S214016010BAF1000F14D18378B34206D050465D4AD8
S2140160205E4900F005FC8D20EFE7037913F00103CC
S21401603006D11846574A5A4900F0FAFB8820E4E789
S21401604003795B072CD583685A689B68059206938B
S214016050807822F0DCFD049B0546DF782146022F7E
S21401606003463A4610D805A822F08DFD81462B46F8
S2140160703A46214606A822F086FDB9F1010F01D065
S21401608001300DD18720C0E7059822F07CFD01285C
S214016090F8D02B463A462146069822F074FDEFE7E3
S2140160A0BBF1000F6FD1049F4FF6FF722146B878FF
S2140160B021F02DFF00286BD0BDF82430C5B2009327
S2140160C0CDE902549DF82030BDF82220BDF81E10FF
S2140160D09DF81C00019622F096FB002895D1BDF88C
S2140160E02430CDE902540093BDF822209DF82030DB
S2140160F0BDF81E109DF81C00019622F062F90028DA
S21401610083D121469DF8682007A822F03EF8002892
S2140161107FF47BAFB8F1000F07D03B462046BDF8B1
S2140161201E209DF81C1022F0D3F8BDF82430BDF8CF
S2140161302220BDF81E109DF81C000093CDE90164D5
S2140161409DF82030FEF7E2FABDF82430BDF8222093
S214016150BDF81E109DF81C000093CDE902549DF871
S2140161602030019622F04EFBBDF82430BDF82220E7
S2140161700093BDF81E109DF820309DF81C0022F0FB
S214016180F8F8002041E70020064900F051FBF8E747
S21401619001203AE7E1490400ED490400194A0400E8
S2140161A02D4A0400414A04007FB500258DF80830C9
S2140161B0BDF820308DF80400ADF80610ADF80A20C1
S2140161C0ADF80C306946BDF82830099A01A80B9E37
S2140161D0009521F086FF044630B916B1009B9B78E6
S2140161E03370204604B070BD8928FAD1284602498A
S2140161F000F01EFBF5E700BF5E4A04002DE9F04FF4
S2140162004FF0000AC7B0FFF701FC5FFA8AF6B0420A
S21401621002D847B0BDE8F08F5B4B36019A5D00208F
S2140162205A4900F005FB0020594900F001FB002304
S2140162300593554B9DF8144033449B681A79A24246
S21401624002D80AF1010ADEE714224FF000091B68A2
S21401625002FB043422891FFA89F39A4202D8059B6D
S2140162600133E5E70C231FFA89F803FB08F8D4F895
S21401627004B029F00BF90BEB08052B79454913F00F
S214016280400F3BF8083022884FF000000093424B45
S21401629018BF0B46414900F0E5FA2946204621F091
S2140162A098FE074600283CD13D4900F0DBFA2979E3
S2140162B0DFF814C111F0010F3A4818BF604611F01B
S2140162C0020FAA78EB7832D1DFF800C111F0100F77
S2140162D0354918BF6146CDE900010020334900F079
S2140162E0C1FA2B793BF8082013F0400F4FF0000B52
S2140162F04FF0FD030DF118082188CDE9023BCDE9E9
S214016300007821480CBF40238023805DFFF74CFFB7
S21401631086280ED12649002000F08AFA09F10109E3
S21401632098E702462349002000F09CFABFE722497D
S214016330D1E7A87821F03DFED8B1404622F0CBFA4D
S214016340421C92B201234146002000F0D5F939469D
S214016350208801F001FA4FF6FF73984207D0174BD9
S214016360174903EBC0035A68002000F061FA15498B
S214016370D1E7A87821F023FE20B1404622F0B0FAFA
S214016380821CDEE7EA78DDE794420020B04A04008A
S214016390BE4A0400884A04008D4A0400FE4A0400EE
S2140163A0753B0400954A0400984A0400124B040009
S2140163B02E4B0400CF4F0400A04A0400E0A10400C5
S2140163C0551A0400E0490400924A0400A84A040051
S2140163D02DE9F04FC7B0BDF844A10646BAF1040F47
S2140163E00D4614461F46BDF840B163D9CDE9013BC1
S2140163F000920B4602463049002000F019FAFD23B0
S2140164000DF117090DF118083046029322463B4656
S2140164102946CDE900B8CDF80C90FFF7C5FE064633
S214016420B8B9FD22414699F8000021F070FD0746F3
S214016430C0B1AAF10403834238BF8926204622F060
S21401644007FA8EB1304600F01BF9304647B0BDE87A
S214016450F08F009023462A460020184900F0E8F9FC
S2140164600027EBE78926E9E7DFF85CA0BA1CBAF853
S2140164700030C3F1FF039A4219DA304600F000F902
S21401648099F8000000F0FCF8BAF800900C483A467B
S21401649041464844B94404F021FFAAF80090234637
S2140164A02A4630460749009700F0C2F9CDE7892011
S2140164B000F0E6F88926C8E73A4B0400754B04005D
S2140164C0776300209C4B04002C59002010B5044C27
S2140164D020600448018004490A60044A136010BD24
S2140164E05C4300202A5900205843002054430020D2
S2140164F030B587B00AAC0D4654F8041B0093CDE9BD
S214016500011413460949024609480988006805949A
S21401651022F09EF84FF48A52064B1B681880064BF1
S2140165201B685D80DA8007B030BD00BF2A590020A5
S2140165305C430020584300205443002008B410B5A3
S21401654087B009AB0C4653F8041B0092CDE9011342
S21401655002460B490B48059309880023006822F080
S21401656077F84FF48A52084B1B681880074B1B6854
S2140165705C80DA8007B0BDE8104001B0704700BF0C
S2140165802A5900205C430020584300205443002031
S214016590044A034611680448044A098812680068D8
S2140165A021F02FBB58430020544300205C430020B9
S2140165B0044B054A1B6812681988044B186821F0B9
S2140165C093BA00BF584300205C4300205443002088
S2140165D007B5074B1B681B880192064A1268009292
S2140165E0054A126821F0E1FA03B05DF804FB00BF2A
S2140165F0584300205C430020544300201FB5144636
S214016600064A12681288CDE901430091044B0549F8
S2140166101B68096821F0A5FA04B010BD5843002094
S2140166205C43002054430020014B1868704700BFAC
S21401663054430020024B1B6818715971704700BF04
S2140166405443002010B50024084B1C70FEF75EFC76
S214016650074BFF2218802146064804F0AFFC064B84
S2140166601C80064B1C605C609C6010BD8164002031
S2140166702E590020776300202C5900203059002025
S21401668007490B88FE2B9FBF064AD054581C80B280
S2140166909DBF088000F1FF3080180020704700BFC2
S2140166A02C59002077630020F8B5094F0D463B882A
S2140166B05C18FE2C0ADC074E0A46A4B20146F01806
S2140166C004F0CEFC3C80641BA019F8BD0020FCE75A
S2140166D02C59002077630020024B034A00201A60E1
S2140166E0704700BF604300205C9E0400014B187891
S2140166F0704700BF9442002030B4044D044C002B78
S2140167000CBF2B46234630BC22F00EB9FC0A04000F
S2140167106F4C040070B5054608460C4622F0DBF8BF
S214016720611C0246024B2846BDE8704022F0FCB8C8
S2140167308E53040000B5037889B0069343783E2251
S2140167400593837808490493C378039303790293E6
S2140167504379019383790093C3790448008800F054
S21401676081F809B05DF804FBCA4B04003C590020CF
S214016770024B02460249188800F05AB83C590020DC
S214016780681104002DE9F04705460E461746002419
S214016790DFF84480DFF844A0DFF84490AC4201D132
S2140167A0BDE8F087B8F8000006EBC401534608229E
S2140167B022F0BAF80134B8F800003FB9044AA542FD
S2140167C008BF4A46034900F04DF8E7E74A46F9E7AD
S2140167D0E0490400671104003C5900206F4C040096
S2140167E0F1FB03002DE9F0410E4E0446308822F0FD
S2140167F0B3F8A8B100250C4FDFF83080E3070AD5BF
S21401680018B94146308800F02DF830882A463946B6
S21401681000F028F8002001351B2D4FEA5404EDD175
S214016820BDE8F0813C590020C1370400124904003C
S2140168300EB417B505A9044651F8040B019103F0EF
S214016840BFFA01210220054AF8F766FF044B1C80B7
S21401685003B0BDE8104003B0704700BFE049040034
S2140168603C5900200EB417B505A9044651F8040B8F
S214016870019103F0A5FA034B1C8003B0BDE810405C
S21401688003B070473C59002013B503680446587995
S21401689000F032FF90B923685A88032A0ED0E17CB3
S2140168A05B79CDE900211649164AFFF7C1FF0121A0
S2140168B0204622F0F1F8012002B010BD637D012BC5
S2140168C00AD0637D33B92368228A5988587921F022
S2140168D0CBFC48B9C3200AE02368228A5988587934
S2140168E021F0CBFC0028ECD0204622F037F8064BEE
S2140168F01B78002BDFD110F5807FDCD0C1B2D7E743
S214016900F74B0400EF4B040078640020002970B5B3
S2140169100F491D460F4B14460CBF6E2279220028E4
S21401692008BF0B4600200C49FFF79CFF0B4E254481
S214016930AC4205D1BDE8704000200949FFF778BF99
S2140169403146002014F8012BFFF78CFFF0E700BF5B
S214016950304C0400264C0400394C04006D4C0400F5
S214016960FE2E04002DE9F04FC27C8BB00592427DCD
S2140169700368002A14BF80224022077D04468568EA
S21401698086895879B846B3F80290069200F0B4FEAC
S214016990A0B9059B052B05D86FF02D03059A134169
S2140169A0DB070BD5B9F1030F08D0AB490020FFF781
S2140169B03FFF0121204622F06FF876E0E37B1BB112
S2140169C0228A002A00F0B781607D0022B0FA80F0AA
S2140169D05B4203F00403DFF88CB2400943EAC000CF
S2140169E0ABF80020FFF74CFEE37B1BB3208A21F0B7
S2140169F02FFF8246A07CFFF743FE059A162A00F277
S214016A009A81DFE812F019009E016C005600D2014F
S214016A106C009201D9019A01E001E701EE0139010A
S214016A200202980198019801140258021402700299
S214016A30390102029A46DDE700204B46874A88491B
S214016A40FFF7F6FE0120FFF71BFE08F10207B7422B
S214016A5029D841463246284621F037FF804623682A
S214016A6042465879BBF800304946C3F1FF039BB252
S214016A700193238A0093069B23F086FA10B11FFA2E
S214016A8087F8E2E7236842465879BBF80030494662
S214016A90C3F1FF039BB20193238A0093069BFFF782
S214016AA097FC8928EBD121F0F1FF01200BB0BDE85E
S214016AB0F08F4FF0000B0420FFF7E2FDF31E089362
S214016AC0089B984552D3BBF1000FECD1E37B94F8B9
S214016AD01480002B0CBF02220422624B1A804FF056
S214016AE0000B0420FFF7CCFD5F4608F1030A56456C
S214016AF040F29D8032464146284621F0E6FE05EBEF
S214016B0008039B78F21EAA44A2EB0802079051469E
S214016B10184692B2099321F0FAF90890002879D024
S214016B202268099B5079CDE901A3238A494600933F
S214016B30DDE9063221F01AFD82464A460020079B0F
S214016B404949FFF78FFEBAF1000F55D10BF101034A
S214016B50504646495FFA83FBFFF76AFE089B08F139
S214016B60030813FA88F81FFA88F8BEE7324641464A
S214016B70284621F0AAFE05EB08039F78089B08F13A
S214016B800301A3EB08022944824692B238460991D2
S214016B9021F0BDF9079068B32368099958790297DF
S214016BA00191238A524600934946069B21F02EFD09
S214016BB00746B8B10BF1010338465FFA83FBFFF7CE
S214016BC05FFD504621F044FE53464A4600202649C2
S214016BD0FFF72EFE3A4600202549FFF729FE802FB3
S214016BE03FF471AF079B08F1030813FA88F81FFA00
S214016BF088F865E78027DDE75046FFF741FD0798EF
S214016C0021F026FE0137524600201949FFB2FFF750
S214016C100FFEA3E78720FFF733FD079821F018FE44
S214016C200137872212490898FFB2FFF701FE059B3C
S214016C30052B3FF43AAF002F7FF435AFBBF1000FC1
S214016C4005D10C495846FFF7F3FD8021B2E63846D8
S214016C50FFF716FD27E700BFBA0104007A4C0400CF
S214016C60C74C04002C590020844C0400C74B040078
S214016C70A04C0400AA4C04000599A84AA84B002081
S214016C80152918BF1346CDF80090A64AA649FFF766
S214016C90CFFD059B0C2B14BF16200D20FFF7F0FC33
S214016CA032462846394621F010FE059B3D440C2B02
S214016CB00646AD7835D1192D28BF1925E37BB3B12A
S214016CC04FF6FF73278A9F4211D120683246494604
S214016CD0069B4079FFF70AF9B84208D0BAF1000FCF
S214016CE005D020828AF80000000A8AF801000020F8
S214016CF0BBF80070FFF7C4FC236832465879059B41
S214016D004946A3F1150CDCF1000343EB0C03CDE976
S214016D100153238A0093069B21F09CFB834BD85595
S214016D20C1E6132D28BF1325C8E72046FDF776FBDD
S214016D3000287FF4BAAE81213CE62046FDF722F812
S214016D40F6E7B9F10A0F05EB0708A6EB070A21D10A
S214016D50DFF8DCB19BF80030E3B1E37BD3B9BAF1DD
S214016D60080F17D132463946284621F0AEFD88B9BC
S214016D7098F8023073B998F80320E22A0AD132460D
S214016D80391D2846059321F09DFD21F06AFE059BDD
S214016D908BF80030414648461FFA8AF223F0F6F88F
S214016DA000287FF482AE002104E6F21B484692B228
S214016DB0E91921F047FDF3E7F21B484692B2E919BB
S214016DC021F003FDECE7F21B484692B2E91921F0E7
S214016DD026FDE5E7F21B484692B2E91923F0D8F8FA
S214016DE0DEE72368EE5D5879238A0137ED5D01936E
S214016DF0069B3246494600932B4621F06AFA2A46FC
S214016E003146484621F0E3FC4FE605987A1CE95DD9
S214016E10B31AA0F11606704270410039009018BFEF
S214016E20012148469BB22A4421F0D3FCB8E7059BD2
S214016E30EE5D112B3D446F7838D11220FFF720FC10
S214016E400025E37BB3B14FF6FF73B4F81080984585
S214016E5010D133464A4621462846FEF7C9FF40452B
S214016E6008D0BAF1000F05D020828AF80000000A87
S214016E708AF80100BBF80080DFF8B0A0C8F1FE0276
S214016E8092B208F10103009253444A46214628462D
S214016E90CDE90267CDF804B0FEF7E2FFBBF800309B
S214016EA00AF808000133ABF80030FCE51420FFF7C0
S214016EB0E7FB0125C5E77B1C9E422CD3EF5D1D44F5
S214016EC0003F18BF0127F31A9EB233462A463946B9
S214016ED00020FFF71BFD00962B463A464846218ABE
S214016EE021F07BFC5CE77B1C9E4214D3EF5DF61A17
S214016EF0003F18BF01271D44B6B233462A4639461D
S214016F000120FFF703FD00962B463A464846218AA4
S214016F1021F061FC44E70020C8E500BFE049040019
S214016F20754C0400BB4C0400C54C0400776300207C
S214016F307664002038B54FF6FB750446A9424FF03B
S214016F4001019DF8100098BF43F40043217023818E
S214016F506260A07202230020084A0949FFF768FC14
S214016F60E07A084B40F6CA0203EB4010FF211FF0FF
S214016F70C9FEBDE83840042021F01DBCD54C0400F4
S214016F80E04C0400A443002030B5054685B028B97E
S214016F901D4905B0BDE83040FFF74ABC0024007B20
S214016FA021F0A9FC2046194A19492C70FFF740FC2C
S214016FB0184BE87AFF2103EB40101FF0B4FE204681
S214016FC0154B02019A5C22B901300428F9D121F04F
S214016FD02FFC696899B1B5F908302A899B1303F02B
S214016FE002038DF80430C2F30E03ADF806304FF6F7
S214016FF0FF73ADF80830002301A80393884705B056
S214017000BDE8304021F07CBC0B4D0400D54C04009B
S2140170103D4D0400A4430020644300200948037842
S21401702073B91946084AD3720133042B11731170D0
S21401703051601181917202F11002F4D101230370A3
S214017040704700BF776400206443002008B5FFF74F
S214017050E5FF002305491A018A5C01EB03101AB10A
S2140170600133042BF7D1002008BD00BF6443002084
S21401707070B50D460646FFF7D1FF0023094800EB21
S2140170800514A17AB14205D1217819B12B4400EB40
S214017090031070BD0133042B04F11004F1D100205C
S2140170A0F7E700BF6443002010B50446FFF7B6FFBC
S2140170B00E4B9C4212D003F12002944210D003F1F1
S2140170C0400294420ED060339C420DD103230848FF
S2140170D000EB0310BDE81040FFF756BF0023F6E7AC
S2140170E00123F4E70223F2E70020F3E7A44300209C
S2140170F06443002070B50024064D074E28463246EC
S21401710000210134F8F71EF8042C05F12005F5D10D
S21401711070BD00BFA4430020A97001002DE9F34112
S21401712005460C4617469846FFF790FF064640B9B7
S2140171301C4A1D49FFF77CFB0224204602B0BDE82D
S214017140F0814FF6FB739D420AD94FF6FD739D42BF
S21401715004D00020134A1549FFF76AFB4FF6FD7568
S214017160434621463A46284621F063FC044600F091
S2140171702FFE804634B1234600200A4A0C49FFF709
S21401718057FBDAE73B462046064A0A49FFF750FB1B
S214017190062329463046089ACDF80080FFF7CAFE36
S2140171A0CBE700BFD54C04004A4D0400744D0400E3
S2140171B0A94D0400D24D0400F7B506460C46174605
S2140171C0FFF744FF054638B9104A1149FFF730FB6F
S2140171D00224204603B0F0BD21464FF48A523046C1
S2140171E021F0EFFD044600F0F3FD34B12346002004
S2140171F0064A0849FFF71CFBEBE7009004233A46D2
S21401720031462846FFF796FEE3E700BFD54C04005B
S2140172104A4D0400FA4D0400F7B506460F46FFF73F
S21401722015FF054638B9104A1049FFF701FB02243D
S214017230204603B0F0BD002240231146304621F01F
S2140172409FFF044621F09AFF34B123460020064AE8
S2140172500749FFF7EDFAEBE7009001233A4631467E
S2140172602846FFF767FEE3E7D54C04004A4D0400C5
S2140172702D4E040073B504460E46FFF7E7FE05469D
S21401728038B9104A1049FFF7D3FA0224204602B053
S21401729070BD00222046114621F074FF044621F0FD
S2140172A06DFF34B123460020064A0849FFF7C0FAAD
S2140172B0ECE70090234632464FF6FC712846FFF76E
S2140172C039FEE3E7D54C04004A4D04005B4E04004A
S2140172D02DE9F0418846107800219EB014461D46DF
S2140172E0FFF7C6FE0646002800F0FD800778002F4F
S2140172F07BD0B8F80010002940F0F5800389B8F873
S214017300022043F40040824240F0ED80617800297B
S2140173106BD1A2F50042062A00F2E580DFE812F002
S214017320A100A100E300E3000700B8006900E388BC
S2140173300D3DADF82430238915F00105ADF8263052
S21401734063798DF82830E37A03F1060214F81220E7
S2140173508DF814308DF81C2042D10BA98E4606916B
S21401736004F10C005FFA85FC9C4500F1020009D28D
S21401737010F8018C10F802CC01350CEB082C2EF815
S21401738002CBEFE701EB43011A440891D2B2590050
S21401739001F10D009A42C0B20BD025186D78205C21
S2140173A07831694400EB0520013321F84C0CDBB23F
S2140173B0EDE7B6F908203389002AACBF0122032283
S2140173C0C3F30E038DF808206288ADF80A3005ABCA
S2140173D0ADF80C20049302A9304621F015FB04E019
S2140173E0424A43490020FFF723FA38461EB0BDE85B
S2140173F0F081042D02D83D4A3E49F3E72379053D45
S214017400ADB29D42B4F8028002D0384A3A49E9E763
S2140174103A4A3B4B0020002D08BF13463949334AF0
S214017420CDF80080FFF704FA05348DF81450B6F94C
S2140174300830069485B1002BACBF012303238DF8D9
S2140174402C303389ADF83080C3F30E03ADF82E30FF
S21401745005AB0D930BA9BFE7002BACBF0623052395
S214017460EDE70B2DC7D9D4F80200D4F8061013F4B3
S214017470004F05AA03C20CBF042203228DF82C205C
S2140174806289C3F30E03ADF83020ADF82E30DFE786
S214017490042DB0D96388ADF8303023790533DBB2DB
S2140174A09D4206D00020114A17490095FFF7C0F902
S2140174B09BE70E4A00201549FFF7BAF9B6F90820EE
S2140174C03389002AACBF01220322C3F30E03ADF8B1
S2140174D02E3005AB0D93631D069323798DF82C2072
S2140174E08DF81430B6E700277FE700BFD54C0400BF
S2140174F0884E0400B04E0400C44E0400780904000F
S214017500E0490400EB4E0400084F0400494F040014
S214017510304BF0B5B0FBF3F24FF4616503FB12009C
S214017520B0FBF5F3DCB205FB13033C25B3FBF5F327
S214017530DBB2A0EB04104B71C3EB0313A0EB83008B
S2140175404FF4FA630B8040F201134B8001230C7158
S2140175501F4600246425204E8871944200D1F0BD58
S21401756091F802C013B1BCF1020F2BD006EB0C0050
S21401757010F801ECC87870450BBF012001300CF102
S214017580010CC0B208BF81F802C0C87088780D2807
S21401759016D10B888F7001339BB298070B8014D1DC
S2140175A0B3FBF5F005FB103080B280B94FF4C8701C
S2140175B0B3FBF0FC00FB1C339BB2B3FA83F35B090D
S2140175C00134CAE74FF01D0ED4E70023F8E7012384
S2140175D0F6E700BF80510100A2A1040010B50446E1
S2140175E088B006A9FFF794FF9DF81E300A4803935A
S2140175F09DF81D30049402939DF81C309DF81A20C6
S2140176000193BDF818300549009300889DF81B309A
S214017610FFF70EF908B010BD3C590020624F040078
S214017620026808B51188154B19805188598051791F
S2140176301971117959714FF48A51D980D28812F093
S214017640200F0CBF0A464FF48B528169DA800C4A30
S214017650137831B9C0880B4923F0020308801370F0
S21401766008BD43F002031370074B1522184601317B
S21401767003F0F6FC002200F8012CF1E73059002057
S214017680816400202E5900203F59002010B5184C67
S2140176902368587920F0DCFD0B2822D8154B03EB24
S2140176A00010027B237F9A421BD1236842881988E7
S2140176B08A4205D04FF6FF70814212D1120410D4CF
S2140176C02279023A012A06D9A37B63B9BDE81040A4
S2140176D00748FFF747B9198958791FF0EFFE0028C8
S2140176E0F2D1002010BD0248BDE81040FFF7CCB82B
S2140176F0284400209442002008B520F0A9FD0B285C
S21401770096BF024B0020185C08BD00BF86640020AF
S21401771008B5002021F0EFF8FF2020F0CCFD21F085
S214017720EFF820F094FFFEF771F9012102460648B2
S21401773003F044FC054BFF21054A0648FEF7C6FE4A
S214017740BDE80840FEF708BB8664002030590020DB
S2140177502C59002077630020F0B5002204464FF62E
S214017760FF750B4F90B237F830600346AE4201D139
S2140177702846F0BDA64209D1B4F57C4FF9D307EBF4
S214017780C3035B888B42F4D00029F2D00132E9E7CB
S214017790E0A1040010B50446FFF7DEFF094A0346E0
S2140177A010884FF6FF72934214BF074A2246BDE87F
S2140177B0104017BF02EBC30304495A680449FFF798
S2140177C051B800BF3C590020E0A10400854F0400D9
S2140177D0551A0400034B18780130C0B2187000F037
S2140177E07F007047166F0020044A137818B143F0E3
S2140177F001031370704703F0FE03FAE7816400206B
S214017800014B1870704700BF8464002038B1074BE5
S2140178101B78012B04D1038843F040030380704793
S214017820022BFCD1038823F04003F7E78464002091
S21401783068B1074A1378012B07D1064B1B781370E2
S214017840037843F01003037001E0022BF8D0704771
S21401785083640020826400207FB50121264B274ED9
S214017860197033780246D90744D42549096881B18D
S2140178700868C1888D0641BF224CE18841F020018D
S214017880E180C1884C0641BF1E48C18841F04001D5
S214017890C1801D4D1D492878097840074CBFE97005
S2140178A069701B4913F00204098809D0164A194861
S2140178B020F0A3FF337823F00203337004B070BDC9
S2140178C0154B18884FF6FB73984208D80B46CDE93E
S2140178D0005201460B4A204620F067F9EEE74FF6C4
S2140178E0FF73CDE9014200930A46074B054920F094
S2140178F038F9E3E70020E1E778640020816400209E
S214017900244400203059002077630020176F0020A0
S2140179102C5900203E5900202E59002070B50379BD
S2140179200446012B0D46164631D883681B78DB06C4
S21401793000D561B3A37B13B9E37C0B2B27D00022C0
S214017940144B1A80637DB3FA83F35B09D800E37B9B
S214017950ABB9FEF795FEA07CFEF792FE0B20FEF774
S2140179608FFEE07CFEF78CFE2846FEF789FE204659
S214017970FFF756FE3046BDE87040FFF76DBF40F09A
S2140179800400FEF77DFE208A20F062FFE3E7002078
S21401799070BD00BF2C590020024B0A4601461868EC
S2140179A0FFF7BCBF24440020F0B4054618460F4B31
S2140179B00C461B78BDF81010012B0D4E01D0377800
S2140179C027B1002333700020F0BC70470CB9002AA1
S2140179D0F9D143B14FF65743994204D02B4622467C
S2140179E0F0BC20F0F0BE0120EEE700BF186F0020CB
S2140179F0856400202DE9F04F684C4FF0000A2546BB
S214017A008446964698460F46654B664E83F800A018
S214017A100FCE0FC596E80F0085B085E80F00DDF89C
S214017A203C90BDF83830724600933946434660466E
S214017A30CDE9019400F0DCF8DFF89081064670B9D4
S214017A400025FEF7FFFD16220021574803F0B6FA7F
S214017A5000232846C8F8003005B0BDE8F08F534B28
S214017A60A27CC8F800401A70514B1B78002B36D008
S214017A7020F0F9FF4F4902465046FEF7F3FE226812
S214017A805046537952884C490092A289FEF7EAFE85
S214017A90504620F061FF20B12368218A5888FFF7FD
S214017AA079FEE37B23B10020228A4449FEF7DAFE01
S214017AB0A36800201A78E37C41490093A37CFEF773
S214017AC0D1FE207DA289A168121A0144012300205B
S214017AD092B2FEF711FE00203A49FEF7A9FE2F48A2
S214017AE0FFF79EFD2D4822F04AFA054630BBB9F154
S214017AF0000F25D12168E0880B8801904988BA1EBD
S214017B00032A00918CBF002201220121E07CFFF7AD
S214017B104BFF38B923685B79FF2B3AD0FFF7B6FDE8
S214017B2005468EE72368DB889A06F3D40121264CA6
S214017B301A48217020F0B0FF84F80090354680E79F
S214017B40B9F814309B07E5D47AE75846FEF718F8DB
S214017B5082465846FDF760FF88B123685046228A60
S214017B60598820F078FB50B13846FFF759FD236855
S214017B7089F804A083F805A0FFF788FD00B9284618
S214017B8005460136FDF742FF5FFA86FB5845DCD80D
S214017B9057E70026014FDFF83890F3E72844002026
S214017BA078640020C0A104003E590020176F002011
S214017BB0156F00209E4F0400A74F0400C84F040015
S214017BC0D44F0400C9020400856400202444002028
S214017BD0305900200023054AD15C814202D31A4461
S214017BE0507870470233DBB2F6E700BFAEA104005F
S214017BF073B515462E781A4616F0040F0CBF0326E9
S214017C0005269E42089C08D9224A23490096002050
S214017C10FEF70EFE002002B070BDBDF818302171CF
S214017C202060E380A560A2812B7803F00103A37393
S214017C302B7803F00403002B14BF01210021E1730C
S214017C402978C1F3C00161754FF00101217518D083
S214017C50284620F03AFE237D208202332375227DBA
S214017C60531CDBB22375A95C0232D2B2A174227511
S214017C70EB5CE374A3899A4205D900920749054A49
S214017C80C5E72382EBE7079B0120A3610023237747
S214017C90C1E700BF0C0A040017500400335004006B
S214017CA02DE9F7430024204FDFF89C80DFF89C90F5
S214017CB0E0B221F099F9FF2805460FD123460121AC
S214017CC002201A4AF7F728FD194B013418781EF0DE
S214017CD01BFC152CECD103B0BDE8F08346B238EAA4
S214017CE0260328BF4B4601210093022057F8243073
S214017CF0104AF7F711FD002EE6DA0923E340DB0709
S214017D000AD50D4A0D4B15F0010F18BF1A46012171
S214017D100220F7F701FDD7E70A2CD5D1084A094B0F
S214017D2015F0010FF1E700BFF8A104008C50040024
S214017D30196F0020B4500400655004004F50040031
S214017D40815004007750040078090400E0490400DB
S214017D5008B554220021024803F030F9002008BD7E
S214017D602C5A002008B55422FF21024803F026F9B8
S214017D70002008BDD8590020024B23F8101000201F
S214017D80704700BFD8590020002310B4074ADCB260
S214017D90A14203D85DF8044BFFF7DABF2A2BF9D0CE
S214017DA032F8024B20F813400133F0E72C5A00203A
S214017DB0002310B5054A994201DD2A2B00D110BDDA
S214017DC032F8024B20F813400133F4E72C5A002016
S214017DD0024B187800F07F00704700BF92640020C5
S214017DE0034B18780130C0B2187000F07F0070475E
S214017DF09264002030B51C4600238BB0ADF82220DB
S214017E00021D92B2012A0E9DADF82030ADF81E106B
S214017E10ADF81C3003D94FF6FF7290420FD1002205
S214017E20CDE90352CDE90124094B01461B784FF6F3
S214017E30FF70009307AB21F0F5F80BB030BD01469B
S214017E40CDE901531846009407AA21F007F9F4E793
S214017E501A6F002038B505464FF480500C4603F0E3
S214017E60B3FA4FF480532860236030B940F2A5116D
S214017E70BDE83840014827F0FCBA38BDA3510400DC
S214017E80004870470A5D0020014B1878704700BF14
S214017E90366F0020014B1888704700BFBA6E00206D
S214017EA0014B1878704700BF2F6F0020014B1878E0
S214017EB0704700BF266F0020014B1878704700BF3F
S214017EC0296F0020014B1878704700BF9764002087
S214017ED0014B1870704700BF97640020014B18785B
S214017EE0704700BF96640020014B1870704700BFB2
S214017EF096640020014B1878704700BF2A6F002057
S214017F00014B1888704700BFB86E00202DE9F74F67
S214017F10414B424A0193424BDFF844911B78DFF80C
S214017F204481DFF844E1DFF844C13E4F3E4E3F4D09
S214017F303F49404802EB431A019B524503F1200397
S214017F4009F1200908F120080EF1200E0CF1200C91
S214017F5007F1200706F1200605F1200501930FD150
S214017F6000221146344B324D1C78344E344B314F7F
S214017F70D0B2844203F1200346D803B0BDE8F08FA7
S214017F80304B314C5360002349E907432F4CDFF84F
S214017F90E0B048E907432E4CC2E902304EE90743F8
S214017FA02C4C11604CE907432B4C136147E90743FE
S214017FB02A4C49E9050348E905034EE905034CE95E
S214017FC0050347E9050349F8201C48F8201C4EF82C
S214017FD0201C4CF8201C47F8201C46F8201C46E9BB
S214017FE00743019C45E907B3DFF888B046E9050376
S214017FF045E9050344E907B344E9050345F8201CB0
S21401800044F8201C203297E743E9085643E906174F
S21401801043F8101C0132ABE770470020904800205F
S2140180203D6F0020D0470020B04700209047002039
S2140180300C570020E0490400346F002079C6020086
S21401804010480020D16F0200DBB603003184020025
S214018050590F030035C7030019A70200938F0300C9
S214018060704800205048002030480020F04700208B
S214018070893C0300D56C0200002208B5074B1A6044
S2140180805A6020F06DFF064B187020F069FF054B13
S2140180901870054B1A78054B1A7008BDAE560020AD
S2140180A0F2640020F1640020276F0020F0640020B5
S2140180B0002100B593B008466A460AF0FBF901466E
S2140180C0C8B90E4B0E4A09930E4B0D920A930E4AEF
S2140180D00E4B0E920B930E4A0E4BCDE90F230C93CB
S2140180E00D4B6A4611930AF09BFC003818BF01201D
S2140180F013B05DF804FB0120FAE700BFEFB10300FF
S214018100CD7D0200F3B30300FD460200D58F0300C8
S214018110CD94020053B403001D780200084B187872
S214018120112806D8012809D9064BC34003F00100DF
S2140181307047A0F1430358425841704700207047EA
S214018140F46400203400020008B5064B1B78013B9E
S214018150022B05D80020FFF7E1FF0138C0B208BDA9
S214018160FF20FCE7F5640020044B00F1100250F8F4
S214018170041B904243F8041BF9D17047F6640020B3
S214018180044B03F1100253F8041B934240F8041BFE
S214018190F9D17047F664002030B5002491B0114B38
S2140181A00546214614220BA8CDE9094302F006FF35
S2140181B0102209ABCDE900440693CDE90452CDE97E
S2140181C00252094B09490AA81DF09DFD04460AA85A
S2140181D021F07CFC1CB1A021054827F04AF911B01A
S2140181E030BD00BF0024800000444004F664002037
S2140181F02E52040070B5002490B0154B05460E466D
S214018200142221460BA8CDE9094302F0D7FE10221D
S21401821009ABCDE9004406933146CDE90452CDE9D8
S21401822002520C4B0AA81DF06EFD04460AA821F066
S2140182304DFC1CB1BA21084827F01BF9099B102BED
S21401824003D0BB21044827F014F910B070BD00BF5D
S21401825000248000004440042E52040030B50D4630
S21401826000218FB0124B0446142209A8CDE907134A
S21401827002F0A4FE102207ABCDE90242CDE900428E
S214018280049329460B4B08A81DF03FFD044608A899
S21401829021F01CFC1CB1D121074827F0EAF8079B06
S2140182A0102B03D0D221044827F0E3F80FB030BDDD
S2140182B000248000004440042E520400014B93F930
S2140182C05A007047445600200022034B1870034B97
S2140182D01970034B1A707047076500200865002067
S2140182E0066500202DE9F04FDFF89080064698F8E5
S2140182F000300D4685B0002B3AD04FF6FB739842FE
S21401830036D84FF0000B1C4FDFF874A03C7898F875
S21401831000305FFA8BF94B459AF8000011D94844B2
S21401832002AA0DF10601C0B216F028FA0822294663
S2140183300DEB020003F08EF90BF1010B0028E6D1DC
S2140183404C463B78A34208D198F80020631CDBB268
S2140183509A423B7004BF00233B70324629469AF886
S21401836000301C44E0B205B0BDE8F04F16F0F4BA98
S21401837005B0BDE8F08F00BF066500200865002047
S214018380076500202DE9F74F06460D4614461F46A1
S2140183904FF0010BDFF8789003F10C0A15B903B022
S2140183A0BDE8F08F102DA84628BF4FF010083A46BA
S2140183B0164B5FFA88F152F8040B524543F8040B4A
S2140183C0F9D101919AF8002011481A70002389F812
S2140183D00F4089F800B089F80E30FFF7DDFE32460F
S2140183E001340B480199E4B212F801CB10F8013BB5
S2140183F083EA0C0302F8013C931BDBB28B42F3D3F6
S214018400A5EB080816461FFA88F5C7E70A65002097
S214018410096500202DE9F04F9046914685B0009001
S214018420981A029383B20193009B0F46354903F1D4
S2140184300C0453F8045BA34241F8045BF9D11B78A2
S214018440314E0B7049233370019BF0731B0A304683
S214018450B373FFF7A1FE0221BB460D46737888EA87
S214018460030373704FF0000A1DE0C5F11004A9EB79
S2140184700A039BB2A4B29C4228BF1C4600231FFAE3
S21401848083FCE8186445C0B21FD82544EDB2A34466
S214018490102D54441FFA84FA05D100253046039165
S2140184A0FFF77AFE0399D145DFD807EB080B25B114
S2140184B015480391FFF770FE039901294FF0000557
S2140184C00DD00121DDF80490CCE71BF803C016F8A7
S2140184D000E001338CEA0E0C06F800C0CFE7029BE1
S2140184E009491F44094B38461C78224602F0F6FE1D
S2140184F02A4621463846009B05B0BDE8F04FFFF7F7
S21401850041BF00BF0A650020096500203E6F0020BC
S21401851030B540780C4601284FF0110387B001F1C1
S214018520100516D1144A01A90BF002F8234601AC36
S214018530224618685968083303C2AB421446F7D17D
S21401854011230D4A002001A90AF0F2FF002007B00E
S21401855030BD0120094A01A90AF0EAFF234601AC11
S214018560224618685968083303C2AB421446F7D14D
S2140185701123024AE6E700BF75E4010079EB01002A
S21401858030B50C46407887B001284FF011030DBF77
S2140185900B4A0C4A012001A918BF01A90AF0C8FF1D
S2140185A0234601AA05AD144603CCAC4218605960B7
S2140185B0224603F10803F6D1002007B030BD00BF04
S2140185C075E4010079EB010010B50C4688B01A235A
S2140185D00C4A01A901200AF0ABFF21460DF10E035A
S2140185E004F1100251F8040B914243F8040BF9D13F
S2140185F01A230020034A01A90AF09AFF002008B0B6
S21401860010BD00BF24E10100F0B58BB004460D4655
S21401861022F062FDA8B101A813F082FE88B1667B44
S214018620271D16F0020F05D00822384601A903F0CF
S21401863011F8D0B901AB46F0020603CB6060796051
S21401864066731A230A4A03A901200AF071FF294614
S2140186500DF116030DF1260253F8040B934241F86F
S214018660040BF9D100200BB0F0BD2D20FBE700BFB5
S21401867024E10100F0B50546071D00220C463846E8
S214018680082193B022F0BAFC6A7B0646D0070BD5C8
S214018690687808A921F04BF9DDF83D306B60DDF80C
S2140186A041307B6080B10BE0910709D5D2000121F2
S2140186B0384602F0800221F047F9FF28687002D19F
S2140186C02D2013B0F0BDD6B1687801A921F0C4F809
S2140186D09DF81C305B0604D54FF4C6710A4826F097
S2140186E0C8FE234603AD07AC2A4603CAA242186059
S2140186F05960154603F10803F6D10020E1E708A901
S21401870021F015F9CEE700BFAC5204002DE9F04187
S21401871006468AB01F480F4615460024FFF730FD6F
S214018720002C01A914BF4FF05C0C4FF0360C10233F
S2140187308846184A12F8010B013B8CEA000013F038
S214018740FF0301F8010BF5D105A823F0BDFA424657
S214018750102105A823F0BCFAC4B93946324605A84B
S21401876023F01EFB2A460DF1140C0DF1240E634670
S21401877003CB7345106051609C4602F10802F6D1A6
S21401878014B10AB0BDE8F0810124C9E72A461021D8
S214018790E5E700BF396500202DE9F04791460D4613
S2140187A0C0B09DF82041DDF828811E46DFF87CA088
S2140187B09DF8243107462246494640468AF800304D
S2140187C002F08CFD9DB12346324641463846FFF7FE
S2140187D021FEB44207D9A11B3B46012289B208EB10
S2140187E00600FFF7CFFD002040B0BDE8F087A11BD3
S2140187F03B46012289B208EB0600FFF7C3FD22467D
S2140188004146684602F06AFD3246694638462346C6
S214018810FFF700FE9AF800200DEB040109EB0400B7
S21401882002F018FF0028DED02C20DDE73E6F002086
S21401883038B50346104601F1100451F8045BA14215
S21401884042F8045BF9D104491BB1FFF7D3FC0020C1
S21401885038BDFFF703FDFAE73965002030B5054658
S21401886089B0694620F06DFE6B8804ACABB1224638
S2140188702946684620F005FE0E4A08AD234603CB7E
S214018880AB42106051601C4602F10802F6D109485D
S214018890FFF76AFC002009B030BD6B46054D1A464D
S2140188A003CAA24228606960134605F10805F6D19D
S2140188B0EDE700BF3965002050B10B4B0B4A03F1C1
S2140188C0100153F8040B8B4242F8040BF9D17047A0
S2140188D0064B054A03F1100153F8040B8B4242F88C
S2140188E0040BF9D1704700BF3965002019650020D7
S2140188F008B51022024802F0B3FB002008BD00BFF5
S2140189002965002008B508461022024902F0A8FB96
S214018910002008BD2965002010B5044686B001A9CF
S214018920114A112301200AF003FE9DF8143001A814
S214018930E37023F0BFFD80F001000C4A01A96070CE
S214018940112301200AF0F4FD9DF8143001A8A3704C
S21401895023F0B0FD80F00100207012F06DF8606029
S214018960002006B010BD00BF75E4010079EB0100E0
S21401897010B5044686B01123134A012001A90AF056
S214018980D7FDA3789DF814209A4207D08DF81430AD
S214018990002011230C4A01A90AF0CAFD11230B4A33
S2140189A0012001A90AF0C4FDE3789DF814209A423B
S2140189B007D08DF8143000201123044A01A90AF0CB
S2140189C0B7FD06B010BD00BF79EB010075E40100EC
S2140189D02DE9F04186B0064603A80C4614F0EEFCDD
S2140189E0054600284AD1BDF80C30980646D5102217
S2140189F02946204602F0E2FA01A813F091FCC0B124
S214018A00777B06F1040817F0020F06D008224046CD
S214018A1001A902F01FFE00282ED101AB47F0020784
S214018A2003CB7060C8F804107773238843F00803FB
S214018A302380238843F00203238013F041F860600B
S214018A4022F04AFB30B10E4B1B68A360238843F02B
S214018A50040323800B4B1A68D1035EBF238843F0BF
S214018A6010032380130203D5238843F40063238075
S214018A70284606B0BDE8F0812D25F9E72425F7E75D
S214018A80C0480020C448002010B5D0E9023253F88F
S214018A90223090B01C6840226946204620F0BAFF7A
S214018AA0034630B1224600200549FDF7C1FE10B04D
S214018AB010BD012269460820FDF764FEF7E700BFF6
S214018AC04253040070B500F0B1F800280CBF6E22C6
S214018AD0792200201349FDF7ABFE00F0A7F8F0B1AC
S214018AE020F0ACFF00280CBF6E22792200200E4930
S214018AF0FDF79EFE082200200C49FDF799FE002591
S214018B000B4C0C4E234654F8042C314600200335FA
S214018B10FDF78EFE182D04F10C04F3D170BD3F2233
S214018B20E4E700BF7A53040091530400A153040004
S214018B30E8490020C053040070B520F064FF0446E5
S214018B4021490020FDF774FE2CB92046BDE870408F
S214018B501E49FDF76DBE00F0BBF805461C4B626969
S214018B600020002A08BF1A461A492668FDF760FE4B
S214018B70A28800201849FDF75BFE1849E28800200C
S214018B80FDF756FEA388228913F010001ABF0020B5
S214018B9013491449FDF74CFEE26800201249FDF71F
S214018BA047FE226900201149FDF742FE104A114B8B
S214018BB00020B6F5817F38BF13460F492A46BDE827
S214018BC07040FDF735BE00BFF553040002540400A3
S214018BD0F2220400235404004154040062540400A9
S214018BE07F5404009C540400BA540400D854040072
S214018BF0ED530400E3530400F654040038B501466F
S214018C0000230C25084A05FB03F4A0181459013467
S214018C1004D10C2202F024FA002038BD0133082BBF
S214018C20F1D10120F9E700BFE4490020034B187891
S214018C30012894BF00200120704700BF4B6500202B
S214018C4038B50446044D2878A04203D0214620F0CA
S214018C50BAFE2C7038BD00BF4B65002000B58FB042
S214018C603422002101A802F0A9F901A8EEF75CFD63
S214018C700598D0B182680E4BB2F5803F34BF92B2F0
S214018C80C2F38F2241881A81028828BF41F0100161
S214018C901A6042689980DA80C268DA6002691A61ED
S214018CA042695A61027E18461A760FB05DF804FBD7
S214018CB068490020054B1B7820B1012B04D80220FF
S214018CC0FFF7BEBF012BFBD8704700BF4B650020E6
S214018CD010B5084C237853B920F095FE0123237074
S214018CE028B10368B3F5817F24BF037E2370207803
S214018CF010BD00BF4A65002070B5184B1B78012BCC
S214018D002BD820F063FE164D024616490020FDF7CB
S214018D108FFD0120FFF7CEFF2E78FF2E1DD1FFF726
S214018D209DFFC8B1848860223146C4F340040E48D2
S214018D302C7002F043F9602231460C4802F03EF9ED
S214018D405CB1FFF7C5FF042807D9BDE8704040F2C3
S214018D502B11074826F08DBB287070BD4B6500208F
S214018D603F6F002019550400E44900208449002083
S214018D702B5504002DE9F04FDFF884928DB003AB3C
S214018D8007468846144699E8070083E80700FFF778
S214018D90B3FFFFF79DFF944B06461D784B46012D0A
S214018DA040F07081012840F27281B7FBF0F200FBBF
S214018DB01272002A00F06B818C4900228B46D1F892
S214018DC000C0BCF1FF3F04D0087A6044874200F03F
S214018DD019810132082A01F10C01F0D193E807004C
S214018DE006AE0DF1240A86E807008AE80700FFF7B9
S214018DF06FFFB7FBF0FB00FB1B7BA0EB0B094A46A2
S214018E00414606460AA809978DF82C9002F066FAA4
S214018E1000224FF00C0E764902E00132082A0ED0ED
S214018E200EFB02F000EB010C08580130F5D19AE870
S214018E3007008CE807006F490A7801320A70A145DD
S214018E4004DD4FF4E2716C4826F013FBA41B5C446E
S214018E504F44A1B217FA84F4B4FBF6F206FB1242B1
S214018E60C8448E1A91B1A41A08EB060107A88DF81A
S214018E702020069402F032FA06A8FFF7BFFEFF286C
S214018E8004D140F2D9115C4826F0F3FAB6B2B6B175
S214018E900320FFF7D5FE802E0AD8324641465748B2
S214018EA002F01CFA32463846544920F097FD054632
S214018EB00220FFF7C5FE28460DB0BDE8F08F00255D
S214018EC0F9E74FF40E714C4826F0D3FA464B1B785F
S214018ED0012B00F0E380002C36D00320FFF7B0FE14
S214018EE0802C2FD822464146444802F0F7F9224604
S214018EF03846424920F072FD05460220FFF7A0FEE3
S214018F00DFF8F09099F8003093B1039CFFF7E0FE8C
S214018F10374B002798461A68511C04D0197A411A13
S214018F20521A944224D00137082F03F10C03F2D1D0
S214018F30002DC0D1039B0133C1D003A8FFF75EFE0D
S214018F400546B8E70125D8E72546D9E740F26D2161
S214018F50294826F08EFA012524E0012D30D0802EF6
S214018F602FD832462549039820F038FD054628E0DB
S214018F70002DA0D10C247C4308EB04039DF814A01B
S214018F8093F808B00AEB0B03802BDFDC1B4B524631
S214018F9004A9184602F0A2F9211D5A46414450443C
S214018FA002F09CF90C2303FB07839DF814201B7A1F
S214018FB013449E42D1D040F273210F4826F059FA4D
S214018FC001250220FFF73CFE99F8003013B1013B62
S214018FD089F800304FF0FF3308EB040248F80430FC
S214018FE0C2E9013367E700BF3F6F0020E449002074
S214018FF084490020496500202B550400E8480020DC
S2140190005CA204004FF00C0A0AFB02B3187AA6EB26
S21401901000095FFA89F9A14501D35FFA84F90AFBD1
S21401902002FA0AF1040528444A464146584402F029
S21401903055F90BEB0A031A7AA4EB09044A44D2B297
S214019040B242A4B21A7219D103200193FFF7F8FDB8
S21401905032460BEB05015BF80A0020F0BFFC054623
S2140190600220FFF7EDFD4FF0FF32019B4BF80A207F
S214019070C3E90122002D7FF41EAFC844002C3FF443
S2140190801EAF4F44104B1B78012B7FF424AFB7FB68
S214019090F6F306FB1373002B7FF413AFE319B3FB50
S2140190A0F6F506FB1535002D3FF415AF641B5B1B6B
S2140190B008EB04012A4604A80393A4B202F00EF9B1
S2140190C08DF8145007E700BF3F6F002070B5134BB3
S2140190D01B78012B0CD1FFF70FFE0026104D55F81B
S2140190E0043C013306D10336182E05F10C05F6D1E2
S2140190F0002411E00320FFF7A3FD55F8044CFFF709
S214019100E7FD29460246204620F068FC0446022078
S214019110FFF796FD002CE6D0204670BD3F6F00207D
S214019120E849002070B505460C46FFF7E5FD052029
S214019130FFF786FD2146284620F05EFC0646022003
S214019140FFF77EFD00220A4B2C441968481C08D004
S214019150A94206D3A1423EBF4FF0FF31C3E9001139
S21401916099600332182A03F10C03EED1304670BD24
S214019170E4490020D0E9023253F8223010B51C68C9
S214019180204600F095FA28B12146BDE81040024875
S21401919000F002BE10BD00BFA955040008B5D0E915
S2140191A0023253F82230186800F06CF920B1BDE89D
S2140191B00840024800F0F0BD08BD00BFCB550400D2
S2140191C02DE9F041D0E9023253F8221003EB820375
S2140191D05B680F681D789AB0642D04D96421114824
S2140191E000F0DAFD64252A46384601A900F002F9A6
S2140191F0044698B90C4800F0CFFDDFF8348001AE84
S214019200013DA54202DC1AB0BDE8F081391940469D
S21401921016F8012B00F0C0FD0134F2E7034800F018
S214019220BBFDF0E7EE5504000E5604003856040068
S214019230255604002DE9F04700252D4FDFF8E08084
S214019240DFF8E0908CB0284603A900F0EFF810B1E3
S2140192500CB0BDE8F087049B2946039A0093384674
S21401926000F09AFD404600F097FD059910290CD8AC
S21401927010290CD8DFE801F00F14320B340B0B0B5E
S214019280360B0B0B0B0B0B0B3A0020292CD0194875
S21401929000F082FD07E0184800F07EFD0135D2E7B8
S2140192A0164800F079FD0699484600F075FD0799C5
S2140192B0134800F071FD134800F06EFD1024DFF82E
S2140192C068A00DF11F06504616F8011F013C00F07C
S2140192D063FD14F0FF04F6D10B48DDE70B48E0E729
S2140192E00B48DEE70B48DCE70B48DAE70B48D8E724
S2140192F053560400F8560400A8560400B856040055
S2140193001E57040036570400F2FB0300C056040043
S214019310C8560400D1560400DC560400F356040077
S21401932097560400075704004757040010B50B4C26
S2140193308EB023785BB9EEF771F9014650B9012377
S21401934001A82370EEF7F0F9054B049A1A6020780D
S2140193500EB010BD034800F01FFDF8E74C65002075
S214019360284D00204D57040000B58FB0FFF7DEFFF3
S214019370002829D001A8EEF7D7F9059B14481988CB
S21401938000F00AFD059B13485969134B002908BFD5
S214019390194600F001FD059B1048598800F0FCFCB9
S2140193A0059B0F48196900F0F7FC059B0D48D96825
S2140193B000F0F2FC059B0C48197E00F0EDFC0B4B0F
S2140193C00B48196800F0E8FC0FB05DF804FB00BF1D
S2140193D08A5704009C570400F2220400AE5704008A
S2140193E0C2570400D6570400EA570400284D00204F
S2140193F0FE57040070B5064615460C4679B172B1A3
S214019400FFF794FF68B121462A463046EEF796FAF2
S214019410014618B1044800F0BFFC012070BD2120B0
S214019420FCE71120FAE700BF1058040037B50546DF
S2140194300C46FFF77BFFE0B1114B1B68AB421AD914
S214019440CCB100212422204601F0B8FD2146284651
S2140194501BF015FC88B9284601AA04F10801EEF7AD
S2140194601FFA20B140F20643C01A18BF012003B00C
S21401947030BD1120FBE72120F9E70120F7E700BF07
S214019480284D0020F0B593B00546FFF74FFF0028A2
S21401949045D0254B1A68AA4207D829462348013ADF
S2140194A000F07AFC212013B0F0BD05A8EEF73CF9D8
S2140194B0284603A91BF0E3FB98BB049A22F4FF5746
S2140194C0C2F30C0327F01F072BB14FF400532946B4
S2140194D0174800F061FC039E7FB125F0D7FF3046A8
S2140194E04FF40051EEF7B6FA3346044606F5005639
S2140194F050B9039BF31ABB42EFD32A4639460D48AF
S21401950000F04AFC002406E000902A464FF4005181
S214019510094800F041FC201E18BF0120C3E71120B6
S214019520C1E70120BFE700BF284D00203E580400D8
S214019530EC580400AB5904005A59040010B504460F
S21401954038B1FFF7F3FE30B10020044B1B682360EF
S21401955010BD2120FCE71120FAE700BF284D0020AE
S21401956010B50446FFF7E2FEB0B10C4B1A68A242F2
S21401957006D821460A48013A00F00EFC212010BD0B
S21401958025F084FF40F2C12220460649EEF748F94D
S214019590003818BF0120F2E71120F0E7284D00201F
S2140195A03E580400644A002010B50446FFF7BEFE8C
S2140195B070B121460848EEF753F940F2032398426A
S2140195C008D040F2012398420CBF0520012010BDAF
S2140195D01120FCE70020FAE7644A00202DE9F0415B
S2140195E02D4D04462F68FFF7A1FE002851D02968AB
S2140195F0A14207D84A1E2948214600F0CDFB21206A
S214019600BDE8F0812648EEF7EBF8DFF894800246D5
S214019610B0B943462E68964222D1BE4214BF3A469E
S21401962006F1FF3212BB31461D48C8F80040EEF77E
S214019630B7F8014600B31B4800F0AEFB0120DFE798
S2140196402046EEF78DF8044638B10146164800F07C
S214019650A3FB201E18BF0120D2E7EDF7DDFEF8E7D9
S21401966053F8041B8C42DDD00132D4E70C4992003A
S214019670081D01F0F5FCD6E729680948EEF7B0F8B1
S214019680044610B101460948D6E7EDF7C5FE204667
S214019690B6E71120B4E700BF284D00203E5804006D
S2140196A0444A0020F1590400C7590400245A040012
S2140196B0F8B50446FFF73AFE002845D0234B1A6852
S2140196C0A24207D821462248013A00F065FB212430
S2140196D02046F8BD1F4800F05FFB25F0D7FE40F29C
S2140196E0C1221D492046EEF79BF840F203270546A6
S2140196F025F0CCFE184E65B140F203239D421AD0E8
S2140197002946164800F048FB0124154800F044FBA2
S214019710DEE725F0BBFE29463046EEF7A1F8B84253
S21401972009D040F20123984203D10E4800F034FBE1
S214019730E1E70546DFE721460B4800F02DFB204612
S214019740FFF74CFF0446E0E71124C1E7284D00204F
S2140197503E5804005B5A0400644A00207B5A040009
S214019760F2FB0300FE2E0400935A040010B50A46CD
S214019770044619B1024B00211B68984710BD00BF73
S21401978068A2040010B5114C2378580744BF23F093
S214019790040323702378990705D500F05DF8237834
S2140197A023F00203237063781BB10023084A636029
S2140197B053600023082106486370FFF7D7FF23781C
S2140197C0DA0744BF23F00103237010BD2C4D00209F
S2140197D0304D002038B51A4C62782378022A01D120
S2140197E0072B11D0DD0712D52378980707D400F090
S2140197F02BF82378054643F00203237080B962787C
S214019800237882B15A0716D50025284638BD1CF0A4
S214019810F8F92378054643F0010323700028E3D0C6
S214019820FFF7B0FFF1E7D907ECD5064962604A6059
S21401983002226270E6E743F004032370E4E700BF08
S2140198402C4D0020304D00200122024B002083F8D1
S214019850F0207047384D00202DE9F0410A4C0025D4
S21401986026464FF0010803272046C4F81C802776B9
S214019870013520F00EF9062D04F12804F4D1002359
S21401988086F8F030BDE8F081384D00202DE9F04F24
S214019890984691B00B1E0A93B44B914614BF83466B
S2140198A09B4600251A9E98F8000070B94D4538BFB2
S2140198B02A464B464FF000000A9928BF09F1FF32AD
S2140198C0D847284611B0BDE8F08F252808F10108D1
S2140198D006D02A464B460A996C1CD8472546E2E72D
S2140198E00023414611F8012B2B2A16D00AD8202A2C
S2140198F016D0232A17D0A2F13000092834D8002721
S2140199000A2418E02D2A05D0302AF4D143F00103A9
S2140199108846E6E743F00203FAE743F00403F7E775
S21401992043F00803F4E743F01003F1E7884604FB2D
S2140199300722A2F13007414611F8012BA2F13000AF
S2140199400928F3D998F800202E2A52D198F8011048
S21401995008F10102A1F13000092843F480633ED8E2
S21401996000244FF00A0E11E02A2A08D156F8047B8B
S2140199708846002FBCBF43F002037F42E2E7002780
S214019980E0E702460EFB0411A1F13004104610F880
S214019990011BA1F1300CBCF1090FF2D990464246E9
S2140199A012F8011B6C292DD025D8682933D06A29D5
S2140199B03BD04246904618F8010B672860D85728D6
S2140199C036D8452808D084D9462800F0188147287B
S2140199D07FF47FAF43F4006343F0200327E12A2995
S2140199E006D156F8044B08F1020824EAE474D6E7D7
S2140199F090460024D3E7742901D07A29D9D143F4BB
S214019A008073D7E798F801106C29F8D143F44073B6
S214019A1008F10202CEE798F80110682902D043F057
S214019A208003C7E743F0C003F2E743F40073C1E7DE
S214019A30A0F158020F2A3FF64CAF01A151F822F0CF
S214019A40E19A0100D3980100D3980100D398010050
S214019A50D3980100D3980100D3980100D398010050
S214019A60D3980100D3980100E19A01004D9C0100B2
S214019A70E19A0100239C0100039C0100239C010044
S214019A80A0F16901C9B20F293FF623AF012249F2BD
S214019A90410C8A4012EA0C0218D10A2900F01581FD
S214019AA007297FF416AF43F0210305930823CDE978
S214019AB003431023CDE9012356F8043B2A460093BD
S214019AC058464B460A9920F0D4F8A8E06F2800F0D3
S214019AD05E8110D9782808D1102223F00C0310E0FB
S214019AE0582839D0622800F054810A2223F0100346
S214019AF0642806D0F1E769284FF00A0223F0100324
S214019B00F6D1590548BF23F00103692803F4007113
S214019B1001D0642840D111B3073626F00706B246B5
S214019B2070685AF8081BCDE9077300230593C30F25
S214019B300028029306940B46049202DA4B4260EB2D
S214019B404000CDE900304B462A4658460A9920F097
S214019B50D2F805465646A6E643F02003BCE7D905EB
S214019B6006F1040A04D5316805E000BFD59A030062
S214019B7058060CD53178CDE90224CDE904730029C5
S214019B804FEAD1730193B8BF4942009120E019060C
S214019B90E9D5B6F90010EEE779B1CDE907730023F0
S214019BA0CDE9042306F1070A2AF0070A0694029370
S214019BB0FAE80223CDE90023C5E7D80506F1040A31
S214019BC00DD5CDE90473CDE90224019133680093E4
S214019BD04B462A4658460A9920F04BF8B9E75906EB
S214019BE007D53178CDE904730023CDE9022401932A
S214019BF0CBE7316813F0800F18BF89B2F2E743F064
S214019C002003CDE90173073626F007060094B6EC6B
S214019C10020B4B462A4658460A99EAF7B9FD05460D
S214019C2041E600F0DF00472801D143F40063CDE9A7
S214019C300173073626F007060094B6EC020B4B4676
S214019C402A4658460A99EAF7E7FBE8E713F00204C2
S214019C5026D04FF0010A6B1C0B932A464B460A99F5
S214019C6016F8040BD84774B354460B9A21E04B46BA
S214019C7020200A99D8470AEB05020AF1010A57453E
S214019C80F5D83A1E18BF0122002A07F1FF3308BF94
S214019C90002307F1010A1D4408BF4FF0020ADAE764
S214019CA0A246E8E7551C4B4620200A99D8472A4683
S214019CB00134BC42F6D3A7EB0A03574538BF00234D
S214019CC00B9A1A440B920B9DEDE53246002C52F886
S214019CD0046B14BF21464FF0FF310B9232463144DC
S214019CE0107808B1914211D1A2EB060A13F48062F2
S214019CF00C9202D0A24528BFA24613F002030D9390
S214019D001BD1AAEB05032A460F9308E00132E7E7C9
S214019D10531C0E9320204B460A99D8470E9A0F9B48
S214019D20D318BB42F4D3A7EB0A03574538BF002329
S214019D300AF101021D4403EB020AAB1B0E9304E079
S214019D401C464B462A460A99D8470E9BF51816F824
S214019D50010B28B10C9B002BF3D0631E002CEFD116
S214019D600D9B93B12A46AAEB050405E0561C4B460B
S214019D7020200A99D84732461319BB42F6D3A7EBDF
S214019D800A03574538BF00231D440B9E8BE5082266
S214019D90A3E60222A1E600BF0FB41FB506AA52F839
S214019DA0043B02A90392009204484FF0FF32FFF7EA
S214019DB06DFD05B05DF804EB04B07047979D030098
S214019DC01FB5034600914FF0FF3203A90248FFF783
S214019DD05DFD05B05DF804FB979D03001FB5CDE959
S214019DE00201009302A9134603484FF0FF32FFF722
S214019DF04DFD05B05DF804FB9F9D03001FB5094BA3
S214019E00094A1868094B01A91860094B1360094AE9
S214019E100192094A1268CDE902231BF099FF05B0A9
S214019E205DF804FB606B0020003E0020043E00202D
S214019E30546B0020FC900400E8500020014B186889
S214019E401BF09ABF606B002038B5F2F767F804463E
S214019E50064D2B68D3F8B002F2F754F828681BF0C9
S214019E609EFF2046BDE83840F2F74CB8606B0020F4
S214019E7010B51F4CF0F728F9236F012023F00703D4
S214019E8043F002032367F0F72DF9D4F820310020C0
S214019E9023F0070343F00103C4F82031D4F840311E
S214019EA023F0030343F00103C4F84031D4F86031D2
S214019EB023F0030343F00103C4F86031D4F84032C1
S214019EC023F0030343F00103C4F84032D4F8003210
S214019ED023F0070343F00103C4F80032D4F8083234
S214019EE023F0070343F00103C4F8083210BD00BF96
S214019EF000800050064B1B681A7A022A01D81AB94C
S214019F007047032A00D070471B68024A13607047E7
S214019F10646B0020E85000200022024B5A60DA6091
S214019F201A607047EC50002008B501F037FF002298
S214019F30014B1A7008BD00BF4D6500200A46014955
S214019F401FF097BF89BA04000A4601491FF091BF66
S214019F5084BA04000A4601491FF08BBF7DBA04008B
S214019F600A4601491FF085BF7ABA04000A4601492C
S214019F701FF07FBF77BA04000A4601491FF079BF78
S214019F8072BA04000A4601491FF073BF6DBA040095
S214019F900A4601491FF06DBF68BA04000A46014926
S214019FA01FF067BF61BA040081F0004102E000BF04
S214019FB083F0004330B54FEA41044FEA430594EA83
S214019FC0050F08BF90EA020F1FBF54EA000C55EABE
S214019FD0020C7FEA645C7FEA655C00F0E2804FEA8F
S214019FE05454D4EB5555B8BF6D420CDD2C4480EA71
S214019FF0020281EA030382EA000083EA010180EAA1
S21401A000020281EA0303362D88BF30BD11F0004FEE
S21401A0104FEA01314FF4801C4CEA113102D0404224
S21401A02061EB410113F0004F4FEA03334CEA13335F
S21401A03002D0524263EB430394EA050F00F0A78077
S21401A040A4F10104D5F1200E0DDB02FA0EFC22FA72
S21401A05005F2801841F1000103FA0EF2801843FA66
S21401A06005F359410EE0A5F120050EF1200E012A57
S21401A07003FA0EFC28BF4CF0020C43FA05F3C01895
S21401A08051EBE37101F0004507D54FF0000EDCF10E
S21401A090000C7EEB00006EEB0101B1F5801F1BD3B7
S21401A0A0B1F5001F0CD349085FEA30004FEA3C0CBB
S21401A0B004F101044FEA445212F5800F80F09A80B1
S21401A0C0BCF1004F08BF5FEA500C50F1000041EBB5
S21401A0D0045141EA050130BD5FEA4C0C404141EBB9
S21401A0E00101013C28BFB1F5801FE9D291F0000FB4
S21401A0F004BF01460020B1FA81F308BF2033A3F163
S21401A1000B03B3F120020CDA0C3208DD02F1140C59
S21401A110C2F10C0201FA0CF021FA02F10CE002F194
S21401A1201402D8BFC2F1200C01FA02F120FA0CFC8D
S21401A130DCBF41EA0C019040E41AA2BF01EB0451D6
S21401A140294330BD6FEA04041F3C1CDA0C340EDCD4
S21401A15004F11404C4F1200220FA04F001FA02F317
S21401A16040EA030021FA04F345EA030130BDC4F1D5
S21401A1700C04C4F1200220FA02F001FA04F340EACA
S21401A1800300294630BD21FA04F0294630BD94F07B
S21401A190000F83F4801306BF81F480110134013D62
S21401A1A04EE77FEA645C18BF7FEA655C29D094EAD3
S21401A1B0050F08BF90EA020F05D054EA000C04BF51
S21401A1C01946104630BD91EA030F1EBF002100203C
S21401A1D030BD5FEA545C05D14000494128BF41F0DB
S21401A1E0004130BD14F580043CBF01F5801130BD3F
S21401A1F001F0004545F0FE4141F470014FF00000CA
S21401A20030BD7FEA645C1ABF194610467FEA655C7A
S21401A2101CBF0B46024650EA013406BF52EA03351C
S21401A22091EA030F41F4002130BD00BF90F0000F0A
S21401A23004BF0021704730B54FF4806404F1320446
S21401A2404FF000054FF0000150E700BF90F0000FFF
S21401A25004BF0021704730B54FF4806404F1320426
S21401A26010F0004548BF40424FF000013EE700BFF6
S21401A27042004FEAE2014FEA31014FEA02701FBF86
S21401A28012F07F4393F07F4F81F06051704732F0B8
S21401A2907F4208BF704793F07F4F04BF41F400210F
S21401A2A0704730B54FF4607401F0004521F000416D
S21401A2B01CE700BF50EA010208BF704730B54FF0F7
S21401A2C000050AE050EA010208BF704730B511F0F8
S21401A2D0004502D5404261EB41014FF4806404F130
S21401A2E032045FEA915C3FF4D8AE4FF003025FEAB6
S21401A2F0DC0C18BF03325FEADC0C18BF033202EB3A
S21401A300DC02C2F1200300FA03FC20FA02F001FA93
S21401A31003FE40EA0E0021FA02F11444BDE600BF36
S21401A32070B54FF0FF0C4CF4E06C1CEA11541DBFE5
S21401A3301CEA135594EA0C0F95EA0C0F00F0DEF8B0
S21401A3402C4481EA030621EA4C5123EA4C5350EA95
S21401A350013518BF52EA033541F4801143F48013E6
S21401A36038D0A0FB02CE4FF00005E1FB02E506F077
S21401A3700042E0FB03E54FF00006E1FB03569CF0CC
S21401A380000F18BF4EF0010EA4F1FF04B6F5007FD2
S21401A39064F5407404D25FEA4E0E6D4146EB060644
S21401A3A042EAC62141EA55514FEAC52040EA5E50CD
S21401A3B04FEACE2EB4F1FD0C88BFBCF5E06F1ED877
S21401A3C0BEF1004F08BF5FEA500E50F1000041EBAE
S21401A3D0045170BD06F0004646EA010140EA02005B
S21401A3E081EA0301B4EB5C04C2BFD4EB0C0541EA7D
S21401A3F0045170BD41F480114FF0000E013C00F392
S21401A400AB8014F1360FDEBF002001F0004170BDB5
S21401A410C4F10004203C35DA0C341BDC04F11404CE
S21401A420C4F1200500FA05F320FA04F001FA05F25A
S21401A43040EA020001F0004221F0004110EBD37027
S21401A44021FA04F642EB06015EEA430E08BF20EA53
S21401A450D37070BDC4F10C04C4F1200500FA04F3F6
S21401A46020FA05F001FA04F240EA020001F0004188
S21401A47010EBD37041F100015EEA430E08BF20EAFB
S21401A480D37070BDC4F1200500FA05F24EEA020E43
S21401A49020FA04F301FA05F243EA020321FA04F072
S21401A4A001F0004121FA04F220EA020000EBD37029
S21401A4B05EEA430E08BF20EAD37070BD94F0000F29
S21401A4C00FD101F00046400041EB010111F4801F5D
S21401A4D008BF013CF7D041EA060195F0000F18BF0E
S21401A4E0704703F00046520043EB030313F4801F4A
S21401A4F008BF013DF7D043EA0603704794EA0C0F04
S21401A5000CEA135518BF95EA0C0F0CD050EA410619
S21401A51018BF52EA4306D1D181EA030101F0004196
S21401A5204FF0000070BD50EA410606BF10461946BE
S21401A53052EA430619D094EA0C0F02D150EA0136CA
S21401A54013D195EA0C0F05D152EA03361CBF10460B
S21401A55019460AD181EA030101F0004141F0FE41AA
S21401A56041F470014FF0000070BD41F0FE4141F42E
S21401A570780170BD70B54FF0FF0C4CF4E06C1CEA2E
S21401A58011541DBF1CEA135594EA0C0F95EA0C0FE3
S21401A59000F0A7F8A4EB050481EA030E52EA03359E
S21401A5A04FEA013100F088804FEA03334FF08055BF
S21401A5B045EA131343EA12634FEA022245EA1115EC
S21401A5C045EA10654FEA00260EF000419D4208BF9D
S21401A5D0964244F1FD0404F5407402D25B084FEA4A
S21401A5E03202B61A65EB03055B084FEA32024FF4F6
S21401A5F080104FF4002CB6EB020E75EB030E22BF53
S21401A600B61A754640EA0C005B084FEA3202B6EB12
S21401A610020E75EB030E22BFB61A754640EA5C00C1
S21401A6205B084FEA3202B6EB020E75EB030E22BF51
S21401A630B61A754640EA9C005B084FEA3202B6EB52
S21401A640020E75EB030E22BFB61A754640EADC0011
S21401A65055EA060E18D04FEA051545EA16754FEA73
S21401A66006164FEAC30343EA52734FEAC2025FEA91
S21401A6701C1CC0D111F4801F0BD141EA00014FF020
S21401A68000004FF0004CB6E711F4801F04BF0143F1
S21401A6900020B4F1FD0C88BFBCF5E06F3FF6AFAE0D
S21401A6A0B5EB030C04BFB6EB020C5FEA500C50F19D
S21401A6B0000041EB045170BD0EF0004E4EEA113120
S21401A6C014EB5C04C2BFD4EB0C0541EA045170BD27
S21401A6D041F480114FF0000E013C90E645EA060E6B
S21401A6E08DE60CEA135594EA0C0F08BF95EA0C0F99
S21401A6F03FF43BAF94EA0C0F0AD150EA01347FF4E1
S21401A70034AF95EA0C0F7FF425AF104619462CE7B7
S21401A71095EA0C0F06D152EA03353FF4FDAE10461A
S21401A720194622E750EA410618BF52EA43067FF46B
S21401A730C5AE50EA41047FF40DAF52EA43057FF4FB
S21401A740EBAE12E74FF0FF3C06E000BF4FF0010C06
S21401A75002E000BF4FF0010C4DF804CD4FEA410C6A
S21401A7607FEA6C5C4FEA430C18BF7FEA6C5C1BD037
S21401A77001B050EA410C0CBF52EA430C91EA030FB8
S21401A78002BF90EA020F0020704710F1000F91EA15
S21401A790030F58BF994208BF90422CBFD8176FEAE3
S21401A7A0E37040F0010070474FEA410C7FEA6C5CB1
S21401A7B002D150EA013C07D14FEA430C7FEA6C5CB8
S21401A7C0D6D152EA033CD3D05DF8040B704700BFE4
S21401A7D08446104662468C461946634600E000BF32
S21401A7E001B5FFF7B7FF002848BF10F1000F01BD04
S21401A7F04DF808EDFFF7F4FF0CBF012000205DF8CF
S21401A80008FB00BF4DF808EDFFF7EAFF34BF012053
S21401A81000205DF808FB00BF4DF808EDFFF7E0FFEC
S21401A82094BF012000205DF808FB00BF4DF808ED3D
S21401A830FFF7CEFF94BF012000205DF808FB00BFA4
S21401A8404DF808EDFFF7C4FF34BF012000205DF886
S21401A85008FB00BF4FEA410212F5001215D211D5CE
S21401A8606FF47873B3EB625212D94FEAC12343F007
S21401A870004343EA505311F0004F23FA02F018BF89
S21401A880404270474FF00000704750EA013005D152
S21401A89011F0004008BF6FF0004070474FF0000015
S21401A8A0704700BF4A0011D212F5001211D20DD521
S21401A8B06FF47873B3EB62520ED44FEAC12343F0C0
S21401A8C0004343EA505323FA02F070474FF000006A
S21401A8D0704750EA013002D14FF0FF3070474FF019
S21401A8E00000704753B94AB9002908BF00281CBFA9
S21401A8F04FF0FF314FF0FF3000F08CB9ADF1080C8E
S21401A9006DE904CE00F006F8DDF804E0DDE9022387
S21401A91004B070472DE9F04F099D0E4604460F46D8
S21401A920002B47D18A429446B2FA82F35AD943B1F0
S21401A93002FA03FCC3F120029F409C4020FA02F277
S21401A94017434FEA1C461FFA8CFE220CB7FBF6F1A2
S21401A95006FB117701FB0EF042EA0742904208D946
S21401A9601CEB020201F1FF3702D2904200F23C8159
S21401A9703946121AA4B2B2FBF6F006FB102200FB0F
S21401A9800EFE44EA0244A64508D91CEB040400F175
S21401A990FF3202D2A64500F22A81104640EA014063
S21401A9A0A4EB0E0400211DB1DC400023C5E90043E1
S21401A9B0BDE8F08F8B4205D90DB1C5E90001002134
S21401A9C00846F5E7B3FA83F100294FD1B342C0F048
S21401A9D00281824240F2FF800846002DE8D0C5E998
S21401A9E00047E5E7002B40F0AF808A1A4FEA1C4E7D
S21401A9F01FFA8CF70121B2FBFEF60EFB1620220C85
S21401AA0042EA004207FB06F090420FD91CEB020215
S21401AA1006F1FF382CBF4FF001094FF000099042B4
S21401AA2003D9B9F1000F00F0DC804646121AA4B231
S21401AA30B2FBFEF00EFB102200FB07F744EA0244CD
S21401AA40A7420FD91CEB040400F1FF322CBF4FF0D4
S21401AA50010E4FF0000EA74203D9BEF1000F00F021
S21401AA60C9801046E41B40EA06409CE7C1F1200479
S21401AA708B4006FA01FC00FA01FE22FA04F7E640D2
S21401AA808A401F4320FA04F34FEA174843EA0C03AF
S21401AA901FFA87FC4FEA1349B6FBF8F008FB10666D
S21401AAA049EA064600FB0CF9B1450ED9BE1900F17C
S21401AAB0FF3A2CBF4FF0010B4FF0000BB14503D905
S21401AAC0BBF1000F00F0A2805046A6EB09061FFA64
S21401AAD083F9B6FBF8F308FB136603FB0CFC49EAA3
S21401AAE00646B4450ED9BE1903F1FF382CBF4FF008
S21401AAF001094FF00009B44503D9B9F1000F00F080
S21401AB008280434643EA0040A6EB0C06A0FB028C7B
S21401AB1066454346E14602D307D1C64505D2B8EBA2
S21401AB2002036CEB070C0138E1465DB1BEEB030294
S21401AB3066EB090606FA04F422FA01F3CE401C433A
S21401AB40C5E90046002133E702FA03FCC3F12002FF
S21401AB5099409C40D6404FEA1C4E20FA02F21FFA5A
S21401AB608CF7B6FBFEF00A430EFB1066110C41EAA9
S21401AB70064100FB07F68E420ED91CEB010100F1DF
S21401AB80FF382CBF4FF001094FF000098E4202D961
S21401AB90B9F1000F34D04046891B92B2B1FBFEF6E4
S21401ABA00EFB161142EA014206FB07F191420ED94D
S21401ABB01CEB020206F1FF382CBF4FF001094FF0E3
S21401ABC00009914202D9B9F1000F16D04646521A31
S21401ABD046EA00410FE7841A66EB03020120174696
S21401ABE0FBE6023E624421E702396244C1E6644460
S21401ABF00238D3E66444023834E7023E6244E6E7AC
S21401AC0002386144C8E7023B3E447BE702383E44D3
S21401AC105BE700BF704700BF2DE9F04F924685B055
S21401AC2089461E460D46554A0390294615F8014B9E
S21401AC30135D13F00803F8D12D2C7CD02B2C4ED0AD
S21401AC404FF0FF3102936FF00043CDE9001336F069
S21401AC50100851D037464FEAE6783A464346DDE9D2
S21401AC600001FFF73FFE002383468E46184619462D
S21401AC70A44613E0ACF13704A6421FDD002B09DB26
S21401AC8083457EEB010305D38E4508BF83453BD143
S21401AC90A24239DA4FF0FF3315F801CBACF130049C
S21401ACA0092CE9D9ACF14104192CE3D9ACF16104C2
S21401ACB0192C03D8ACF15704A642DFDC5A1C2FD05E
S21401ACC0029A12B1404261EB4101BAF1000F03D082
S21401ACD0002B48D1CAF8009005B0BDE8F08F4FF0C0
S21401ACE0FF30029336F010086FF000432C7801F124
S21401ACF00205CDE90003ADD1302C25D0002E3AD186
S21401AD000A27B0463E46A8E700FB08F307FB0133D7
S21401AD10A0FB07010B44201843EBE4710123BBE7BA
S21401AD202223039A1360BAF1000F17D005F1FF39F9
S21401AD30DDE90001CEE74FF00047009301232C78B0
S21401AD408D1CCDE9017382E72B7803F0DF03582BC6
S21401AD500CD086B90827B0463E467EE7DDE90001FD
S21401AD6005B0BDE8F08FCDE90001DFE710276C786C
S21401AD7002353E4671E710273E466EE791BA04005B
S21401AD804AE700BF10B4044C13460A460146206841
S21401AD905DF8044B40E700BF946B002010B4044CF0
S21401ADA013460A46014620685DF8044B34E700BFA7
S21401ADB0946B002020F0030110F00300C0F10000A6
S21401ADC051F8043B00F1040C4FEACC0C6FF0000282
S21401ADD01CBF22FA0CF213434FF0010C4CEA0C2C68
S21401ADE04CEA0C4CA3EB0C0222EA030212EACC1248
S21401ADF004BF51F8043B0430F4D0C2F1000102EA6A
S21401AE000102B2FA82F2C2F11F0200EBD2007047D1
S21401AE102DE9F04780460C464548264614F801EBD6
S21401AE2010F80EC01CF0080CF7D1BEF12D0F5BD048
S21401AE30BEF12B0F3AD0654633F010003ED04FF0EE
S21401AE40FF379A46B7FBF3F703FB07F96FEA0909E1
S21401AE50002630460EE0AEF1370C63451DDD002EB0
S21401AE6004DBB84202D833D1CC4531DD4FF0FF3692
S21401AE7014F801EBAEF1300CBCF1090FEDD9AEF1CF
S21401AE80410CBCF1190FE6D9AEF1610CBCF1190FFA
S21401AE9003D8AEF1570C6345E1DC731C1CD005B139
S21401AEA040420AB1F6B91160BDE8F08733F01000F0
S21401AEB094F800E0654606F10204C0D1BEF1300FF9
S21401AEC017D06BBB0A234FF005091A4F9A46BFE706
S21401AED000FB0AC00126CBE722233046C8F8003023
S21401AEE0002AE1D0611EDEE794F800E00125B41CDB
S21401AEF0A2E7207800F0DF00582807D083B908239E
S21401AF004FF007096FF060479A46A1E7102394F8BF
S21401AF1001E04FF00F0902346FF070479A4697E749
S21401AF2010234FF00F096FF070479A4690E700BF65
S21401AF3091BA0400999999196AE700BF10B4044CB4
S21401AF4013460A46014620685DF8044B60E700BFD9
S21401AF50946B002010B4044C13460A460146206840
S21401AF605DF8044B54E700BF946B00200F4B70B59F
S21401AF700F4DAB42A3EB050607D0B61000240134F3
S21401AF8055F8043B9847A642F9D80A4D24F078FCB8
S21401AF90094B5E1BAB424FEAA60606D000240134DD
S21401AFA055F8043B9847A642F9D870BD746F002047
S21401AFB0746F0020746F0020786F002070B58607CC
S21401AFC047D0541E002A3ED0CAB2034601E0013CD7
S21401AFD039D303F8012B9D07F9D1032C2CD9CDB217
S21401AFE00F2C05EB052505EB054535D9A4F1100C0D
S21401AFF003F1100E1A462CF00F064FEA1C1CB6443D
S21401B000C2E90055C2E9025510327245F8D10CF179
S21401B010010214F00C0F04F00F0C03EB021213D014
S21401B020ACF1040323F003030433134442F8045B36
S21401B0309342FBD10CF003042CB1C9B21C4403F8B3
S21401B040011BA342FBD170BD64461346002CF4D10C
S21401B050F9E703461446C0E71A46A446E0E700BFF0
S21401B06088420ED98B1883420BD900EB020C002ABA
S21401B0706ED0624613F801CD994202F801CDF9D19E
S21401B08070470F2A0FD8034602F1FF3C002A5FD013
S21401B0900CF1010C013B8C4411F8012B614503F8BE
S21401B0A0012FF9D1704740EA01039B0751D1A2F164
S21401B0B0100301F1200C70B523F00F0501F1100EFD
S21401B0C000F110041B09AC445EF8105C0EF1100E82
S21401B0D0103444F8205C5EF81C5C44F81C5C5EF896
S21401B0E0185C44F8185C5EF8145CE64544F8145C99
S21401B0F0EAD1013312F00C0F02F00F0C01EB031131
S21401B10000EB031329D0ACF1040C1C1F8E462CF067
S21401B11003064FEA9C0C1E445EF8045B44F8045F89
S21401B120B442F9D10CF1010402F0030203EB8403EB
S21401B13001EB840102F1FF3C4AB10CF1010C013B29
S21401B1408C4411F8012B614503F8012FF9D170BD2C
S21401B150704702F1FF3C03469AE76246EAE700BF02
S21401B1602DE9F04F82468E463F4875461EF801BBD4
S21401B17010F80B4014F00804F7D1BBF12D0F5BD08B
S21401B180BBF12B0F6FF0004904BF9EF800B005F12C
S21401B190020E33F0100010D1BBF1300F04D0002B9B
S21401B1A05ED10A231F4609E09EF8000000F0DF008A
S21401B1B058284ED0002B53D108231F460025B9FB33
S21401B1C0F7F6284607FB16980EE0ABF1370C6345F9
S21401B1D01DDD002D04DB864202D321D1E0451FDAB6
S21401B1E04FF0FF351EF801BBABF1300CBCF1090F77
S21401B1F0EDD9ABF1410CBCF1190FE6D9ABF1610CFD
S21401B200BCF1190F03D8ABF1570C6345E1DC6B1C9D
S21401B2100AD004B140420AB1CDB91160BDE8F08F41
S21401B22007FB00C00125DDE72223CAF800305AB12A
S21401B2300EF1FF314846F0E79EF800B04FF00049A6
S21401B24005F1020E0124A4E74846BDE8F08F8146C9
S21401B250EEE710239EF801B00EF1020E1F46ADE791
S21401B26010231F46AAE700BF91BA0400242B02D878
S21401B270012B00D074E710B500F02EFA16230360F8
S21401B280002010BD10B5242A084C1346246807D8A0
S21401B290012A05D00A4601462046BDE810405FE770
S21401B2A000F01AFA16230360002010BD946B0020EC
S21401B2B010B5242A084C1346246807D8012A05D05D
S21401B2C00A4601462046BDE8104049E700F004FA68
S21401B2D016230360002010BD946B0020844641EACB
S21401B2E0000313F0030349D1403A23D30B680360EC
S21401B2F04B6843608B688360CB68C3600B690361EE
S21401B3004B6943618B698361CB69C3610B6A0362D5
S21401B3104B6A43628B6A8362CB6AC3620B6B0363BD
S21401B3204B6B43638B6B8363CB6BC36340304031A2
S21401B330403ADBD230320BD30B6803604B68436074
S21401B3408B688360CB68C36010301031103AF3D23B
S21401B3500C3205D351F8043B40F8043B043AF9D2C9
S21401B360043208D0D2071CBF11F8013B00F8013B9C
S21401B37001D30B8803806046704700BF082A13D3A9
S21401B3808B07B1D010F00303AED0C3F10403D21A79
S21401B390DB071CBF11F8013B00F8013BA4D331F8D1
S21401B3A0023B20F8023B9FE7043AD9D3013A11F851
S21401B3B0013B00F8013BF9D20B7803704B784370E0
S21401B3C08B78837060467047024B014618681BF005
S21401B3D0A5BA00BF946B0020024B014618681BF00B
S21401B3E0A0BA00BF946B0020CAB384460B4630B5A2
S21401B3F004460843800719D09CF800000C78A04248
S21401B40012D150B3012A28D0E64603E01CEB030F05
S21401B41023D010B31EF8010F11F8014FA2EB0E0353
S21401B420A04203F1FF33F1D0001B30BD032A07D839
S21401B430E2E7043A11D01EF0803F0ED1032A10D95C
S21401B4402068194653F8045BA446A0F1013E043473
S21401B450A8422EEA000EECD0CEE7002030BD104602
S21401B4607047A4461946C7E780EA010C1CF0030F93
S21401B47037D110F0030C20F0030021F0030150F83F
S21401B480042B08BF51F8043B0ED08CF0030C6FF070
S21401B4907F434FEACC0C23FA0CFC51F8043B42EAFA
S21401B4A00C0243EA0C0300BFA2F1013C9A4201BF21
S21401B4B02CEA020C1CF0803F50F8042B51F8043B98
S21401B4C0F2D04FEA02604FEA1222012828BFB0EB01
S21401B4D0036F08BF1B0AF4D003F0FF03000EC01A67
S21401B4E0704710F0030F0AD010F8012B11F8013B3A
S21401B4F0012A28BF9A42F4D0A2EB030070474DF808
S21401B500045D50F8042B01F0030521F0030151F806
S21401B510043B022D26D04DD822F07F45B5EB132FE4
S21401B520A2F1013C2CEA020C0DD11CF0803C08BFB4
S21401B53051F8043B0AD185EA0205B5EB036F0CD13D
S21401B54050F8042BE8E74FEA13235BE03CF07F4C0E
S21401B55054D10B784FEA126554E04FEA126503F0B6
S21401B560FF034FE04FEA0245A2F1013C4FEA1545C1
S21401B5702CEA020CB5EB134F18D11CF0803C08BF27
S21401B58051F8043B07D185EA0205B5EB034F09D113
S21401B59050F8042BE6E75FEA0C4C2FD10B884FEAF4
S21401B5A012452FE04FEA03434FEA12454FEA134391
S21401B5B028E000BF02F0FF05B5EB136FA2F1013CD6
S21401B5C02CEA020C0DD11CF0803C08BF51F8043B5C
S21401B5D00AD185EA0205B5EB032F0AD150F8042BF0
S21401B5E0E8E74FEA13630DE012F0FF0F06D051F8BB
S21401B5F0043B4FEA122523F07F4303E04FF000009F
S21401B60020BC704705F0FF0203F0FF00012828BFA9
S21401B610904204BF2D0A1B0AF4D0A2EB000020BC06
S21401B620704700BF08B5064B044613B1002100F071
S21401B630AFF8044B1B6803B19847204619F0A7FBE7
S21401B64091B7010034520020002301461A461846DD
S21401B65000F048B8032A30B415D941EA00048446FC
S21401B6600B46A40704D0541E0FE0043A032A08D957
S21401B6701946604653F8044B5CF8045BA542F4D0C7
S21401B680F1E760461946541E7AB1431E0139021984
S21401B69001E09A4209D013F8010F11F801CF604575
S21401B6A0F7D0A0EB0C0030BC7047002030BC7047D0
S21401B6B038B5074D074C2C1BA41005D0013C55F896
S21401B6C0043D9847002CF9D1BDE8384024F0DEB897
S21401B6D07C6F0020786F0020014B1868704700BF10
S21401B6E0946B0020F0B5264C83B006460F462568BD
S21401B6F005B36C681F2C3FDCA6B1D5F8880048B3AB
S21401B700D0F800114FF0010C40F82420022E00EB77
S21401B71084020CFA04FC4CEA0101C0F80011C2F8DC
S21401B720803010D0631C002002346B6045F8247012
S21401B73003B0F0BD13491448216010B10068C1F888
S21401B7408800104DD5E7D0F8043143EA0C03C0F861
S21401B7500431E7E70D49CDE9002369B14FF4847060
S21401B760FFF732FE40B100216C68C0E94011DDE907
S21401B7700023C5F88800C5E74FF0FF30D8E700BFC3
S21401B780C45200203852002000000000C9B3010056
S21401B7902DE9F04FDFF8B49083B0D9F8006096B386
S21401B7A0884601907568D6F888706C1E2BD40135D2
S21401B7B007F1800B06EB8505B8F1000F26D17368FB
S21401B7C02A68013BA3423BD000232B60BAB1D6F8CE
S21401B7D004A05FB30123D7F80011A3400B4225D084
S21401B7E0D7F8040157F8241003422BD1019890474B
S21401B7F07368D9F8002053451ED1B2421CD1013CD2
S21401B800043D631CD8D103B0BDE8F08F4FB15BF89F
S21401B81024304345D3D0013C043D621CF3D0002FB5
S21401B820F5D1013CEFD3013CFBD2ECE790477368BE
S21401B830D9F800205345E0D0002AE4D01646B1E7F7
S21401B8407460C3E708469047D2E700BFC4520020A1
S21401B850431E033306D8044B984228BF1846642873
S21401B86038BF6420704700BF40420F0038B5194BFF
S21401B87005461B680C4603B1984744B1236833B1AB
S21401B8801B68013303D0E3680BB1A3684BB91EF004
S21401B890ACFF00204FF4C172412100F0FFF92120D6
S21401B8A038BD204602F04AFC00230B4A85F83C319D
S21401B8B0C5E93743C2E9003363694BB1074A422100
S21401B8C010684FF4D272C31A5842584100F0E6F994
S21401B8D00020E5E734550020106800209855002028
S21401B8E0F8B5044623F0C3FC002607460E4B1B683A
S21401B8F093B19E68AEB196F82420D20711D435468E
S21401B9000FCC0FC50FCC0FC523682B6096F82430DB
S21401B91043F0010386F82430384623F0A3FC304672
S21401B920F8BD1B68E4E700BFE86B002010B50446CD
S21401B93018B9054B054A136010BD00F0D9FCD4F8C0
S21401B940E830002BF6D1F4E7959F0300E46B002066
S21401B950014B1868704700BF1068002008B5024602
S21401B9600868FFF775FF08604868FFF771FF4860D1
S21401B9708868FFF76DFF8860C868FFF769FF0B6985
S21401B980C860581C03D00B48834228BF03460B618E
S21401B9904B69581C03D00748834228BF0346886971
S21401B9A04B61FFF755FFBDE808408861104601F07E
S21401B9B07BBC00BF40420F00D0F8E0302DE9F041DB
S21401B9C005460C4613B1C38D8B424CD0D5F8DC30FE
S21401B9D0002B4BD09E68002E48D0D868002845D052
S21401B9E0013800B200281ADB002106E0128A591C31
S21401B9F0A24217D209B2884211DB0B1803EBD373AC
S21401BA005B1003EBC30206EB8202B2F80EC003F131
S21401BA10FF3EA445EAD90FFA8EF08842EDDA2120DE
S21401BA20BDE8F0814FF6FF7299B29142F7D09BB212
S21401BA3003EBC30306EB83062846B6F9122095F8F6
S21401BA403011D5F8F080EFF755F80746B8F1000F3A
S21401BA5004D00023324628461946C047EC85C5F86F
S21401BA60E06085F839710020BDE8F0810E20BDE860
S21401BA70F08100BF2DE9F04782B004460F46164616
S21401BA8001F086FE002863D14F4D2B68D4F8DCA068
S21401BA90D4F8E0800BB1534576D04FF00009AF6083
S21401BAA001F09EFE0128074665D120461EF0DCFD0A
S21401BAB0002851D12B68DAF80010D8F8002013B10D
S21401BAC0186888426BD020461EF080FDC5E900A8A4
S21401BAD0D4F8F0508DF80760002D67D0002220467C
S21401BAE011460DF10703A847204600F0EDFF054675
S21401BAF0B9F1000F0FD076B9D4F88C300BBB012FFB
S21401BB0005D025B1314B002103205B6898472846B4
S21401BB1002B0BDE8F087B5FA85F040F2075233214E
S21401BB20400900F0BBF83146204601F00BFA284BDD
S21401BB3005461B68414620469847D4F88C30002BB2
S21401BB40DDD000224FF40073204600F0E1FBD6E77B
S21401BB5000231D4D6B6098E794F82530DA07A9D5C8
S21401BB60D4F894305B05A5D51A4B01220021204656
S21401BB701B6898479EE70021012000F001FC01F0B8
S21401BB802FFE0128FBD190E76B68002B85D043453B
S21401BB9083D1AB689F4215D04FF001097FE76968F2
S21401BBA011B10968914291D059688CE794F82A102E
S21401BBB094F839313246994228BF1946204600F09A
S21401BBC0D1FE91E70025A2E710680020F06B002067
S21401BBD0E46B002038550020F8B50F46054623F0E3
S21401BBE046FB394606462846FFF7E6FE044620B1E0
S21401BBF0304623F037FB2046F8BD01F0A7FD22466C
S21401BC0039462846FFF736FF04460028F0D1284675
S21401BC101EF02AFD0028EBD095F8253013F001031D
S21401BC200DD0D5F8942052050DD5B5F82A21BA4283
S21401BC3005D0B5F82C31DB1BB3FA83F35B09034A55
S21401BC4082F8C430D4E72346F9E700BF001E00B0EF
S21401BC5013B5044669461EF0CBFA20461EF00FFCCB
S21401BC60FF28024606D020469DF80010EEF7C0FFDA
S21401BC7002B010BD0048FBE70080FFFF38B5044D59
S21401BC80044C054B286021601A6022F045FF38BD40
S21401BC90C8540020EC6B0020CC54002010B550B9DD
S21401BCA00548064B0160064802601868054B186097
S21401BCB01868FFF7E3FF10BDEC6B00202456002048
S21401BCC0CC540020C85400202DE9F0418AB001ACC4
S21401BCD005460B462746194A02F1200C26461068EF
S21401BCE05168083203C662453446F7D1002B08BFB7
S21401BCF03B46002710681C463060384603F10C06A8
S21401BD0090B95FFA87F84246284621881EF0AFFCB4
S21401BD1050B942462846E1881EF0BAFC20B9424690
S21401BD20314628461EF0C6FC0137032F06F10806E9
S21401BD3004F10204E4D10AB0BDE8F081B4BB04000A
S21401BD40F0B589B005460E461EF0C3FC044600BB9E
S21401BD5001AC06F10C070FCF0FC497E8070084E883
S21401BD60070001A92846FFF7F9FD2846311D1EF0F8
S21401BD708AFE044648B92846074901F057FA0446A0
S21401BD8018B9284601F0C6FD044628463168FFF773
S21401BD909BFF204609B0F0BDACBB040001491EF074
S21401BDA07ABA00BFE5D8010070B5164E03280446DE
S21401BDB00D4633781ED023FA04F202F00102AA429D
S21401BDC01DD053B10122A240A54023EA02032B4312
S21401BDD0DBB233704BB1012070BD2DB10A4B01208F
S21401BDE01B6898473378EDE73570074B00201B68D2
S21401BDF09847F0E79A07DED003F0FC03E9E7002056
S21401BE0070BD00BF4E6500200C55002038B50446B5
S21401BE100D4605F077FD60B101F0C6FC48B9012D6D
S21401BE2007D801201EF000FC0D4B1B6823B15B6890
S21401BE3098470C4B1C7038BD23F073FB0A4B1A68ED
S21401BE40801A186021F0E2FF4FF47A72074B1B68E4
S21401BE5002FB00301EF01DFA012001F0ADFCE8E700
S21401BE6030550020416F0020045500200855002061
S21401BE70F8B505460C4623F0FAF9104F06463B780E
S21401BE8033B1012D04D01CB90D4821F011FF3C70CF
S21401BE9021462846FFF788FF0A4B04461B783BB924
S21401BEA03B782BB91EF0B4FB10B1074B1B689847C3
S21401BEB0304623F0D7F92046F8BD00BF4F65002075
S21401BEC0E05400204E650020F06B0020054A0B462A
S21401BED0117831B100211170034A01215268187896
S21401BEE0104770474F650020F06B0020124B023957
S21401BEF0012910B518701ED805F004FDD8B101F05F
S21401BF0053FCC0B101F034FAA8B90C4B1C6834B12B
S21401BF1023689847BDE8104000201EF085BB1EF040
S21401BF20B6F9074B186023F0FCFA064B186020465A
S21401BF3001F042FCEEE710BD416F002030550020B5
S21401BF40085500200455002038B5044680B123F07A
S21401BF508EF901210446084621F04EFB01210B4AC9
S21401BF6008461AF0AFFD2046BDE8384023F07AB9FE
S21401BF7023F07DF905462146012021F03DFB0120F5
S21401BF802146024A1AF09EFD2846EDE7E09104009C
S21401BF90F0B585B023F06BF9344D04462B7823B108
S21401BFA0334821F085FE002852D121F00BFF02AA6A
S21401BFB003A91EF017FB0346002838D01EF026FB07
S21401BFC0029B98421CD100202A4B03991B682A4EDB
S21401BFD09942307020D90027C91A012324482B70B2
S21401BFE0264A3346CDE9007723F077FA002837D181
S21401BFF0234A1378D90701D53178F9B1204611E0E3
S21401C0001EF002FB029B984228D0002318461949CD
S21401C010194A0968137003910121FFF7C5FE002331
S21401C02020462B7023F01EF9002005B0F0BD2046F7
S21401C0302B7023F017F9212005B0F0BD03F0FE03A5
S21401C0401370002BDAD10F4B1B6898472046E9E79F
S21401C050204623F007F90E2005B0F0BD0220B3E715
S21401C060032320462F703370F3E700BF4F6500208F
S21401C070E054002000550020406F0020CDBE010096
S21401C0804E6500200C55002038B523F0F0F80F4D12
S21401C09004462B789BB90E4A0E4913700E4B0F4A75
S21401C0A00F481A600F4A5A60F0F7CEF90E490F484A
S21401C0B0F0F7CAF90E4B0F4A1A6001232B70F0F7FE
S21401C0C0CDFA204623F0CEF8002038BD506500207A
S21401C0D04F650020D8BB0400F06B002091BF010023
S21401C0E0D054002071BE0100E0BB0400D8540020EB
S21401C0F00C55002049BF01002DE9F0438F7880469A
S21401C1000F2F0C4685B003D9212005B0BDE8F0837A
S21401C11027B90123374A00201370F6E70D784E78C9
S21401C120EDB9002EF0D194F90310E08803F00AF877
S21401C1302128E9D055EA0603A088DFF8C89013D075
S21401C14003F064F84FF60403B9F8002001469A425A
S21401C1504BD1AE42334638BF2B4600262DE0082D84
S21401C160D2D8082ED0D8DEE703F050F84FF60405F3
S21401C17001464FF60500204A136E9BB2AB4208BF3C
S21401C1800346B1F5803FA9F800300FD902230825F0
S21401C190136680230126C2F880302B4649084FF6E5
S21401C1A0FF720139914228BF114608E0802301261B
S21401C1B008251666C2F880302B460029EFD10022EA
S21401C1C002920122013FFFB2009201972A4608F12E
S21401C1D0F80002F0B7FE1EB14FF48012074B5A6505
S21401C1E0074BA2681A60022394E703480266A9F87F
S21401C1F00030AEE75165002000C001B800D001B89C
S21401C20018550020C26E002010B50446D0F818213B
S21401C2100B4B4FF40061C3F8A82090F82420D201FC
S21401C22002F4006205F0D2FA94F8243013F0100FED
S21401C2304FF4007314BF034A034A136710BD00BFCF
S21401C240001E00B0001002B8002002B8431C07D040
S21401C2506FF0FF02034B10401A62A3F58053186279
S21401C260704700BF00E000B8F8B504460F46164612
S21401C27022F0FDFF0546A047044620B1284622F0DD
S21401C280F1FF2046F8BD04F07FFC04220549D1F8F1
S21401C290D83E23EA07033343C1F8D83E024B1A6758
S21401C2A0ECE700BF001000B0002002B800F0180351
S21401C2B0182B0AD003070AD440F2011310F010001D
S21401C2C018BF1846034B186570470020FAE701208F
S21401C2D0F8E700BF001F00B0044B1868830654BF80
S21401C2E0C0F30F204FF6FF70704700BF00560020C6
S21401C2F038B10368044A002B08BF1346034A13608B
S21401C3007047014BFAE700BFDDA20300FC6B00207B
S21401C31010B4D0E9544122400B4052EA030104D044
S21401C32003495DF8044B096808475DF8044B7047FC
S21401C330FC6B00200F2938B505460C460ED801F0D7
S21401C3404FFA01280CD1074A2846D36B23F00F0376
S21401C3502343D3631EF0CCF9002038BD2120FCE72F
S21401C3600220FAE7001F00B0014B186C704700BFAF
S21401C370001F00B0014B002019647047001F00B079
S21401C38003282DE9F347884655D82C4B13F800901F
S21401C3902B4B1E5C2B4B13F800A022F068FF0746C0
S21401C3A004F03EFB054640B100230022CDE90033F0
S21401C3B001200023002104F079F904F039FB48B18B
S21401C3C000230022CDE90033002000234FF4004172
S21401C3D004F06CF96EB31C4BDC6C04F008041B4BC8
S21401C3E03146DC64484604F02DFC52463146484648
S21401C3F004F092FC164BDC646DB1164B1868D0F84D
S21401C4009410F83003F06EFA13490868FFF71EFF20
S21401C4104FF0FF330B60B8F1000F04D00F4B002133
S21401C42003205B689847384602B0BDE8F04722F023
S21401C43019BF3446D3E702B0BDE8F087F0BB04006D
S21401C440ECBB0400E8BB0400004000B8006000B884
S21401C450005000B824560020F86B0020F06B002036
S21401C4600F4A136F13F0A00F15D1506F10F0040090
S21401C47013D10C4BD3F8D83E23F07F4323F0FF03B0
S21401C4805BB1D368C3F30362092A07D0B2F10C008B
S21401C49018BF01207047002070470120704700BF79
S21401C4A0000002B8001000B070B50D46064620B96F
S21401C4B01A4B1B68A3B10E2011E001F091F9012877
S21401C4C029D1174B93F90040C4F11C04641BC4F135
S21401C4D01C03002BB8BF5B42232B0CDD212070BD53
S21401C4E081EAE173A3EBE173DBB2232BF6D80C4BA5
S21401C4F019700020F3E786F8285022F0B8FE094AA2
S21401C500E402D36904F4FF2423F4FF231C43D4611B
S21401C51022F0A8FEEDE70220E1E700BF2456002046
S21401C5205265002000C000B818B9034B93F900000B
S21401C530704790F9280070475265002010B50446F0
S21401C5401EF092F810B1012001F0D4F92046FFF751
S21401C5505BFE22F08CFE0A4A0121D2F8A030044686
S21401C56023F02003C2F8A0300222064B08469A6048
S21401C570054B5B689847204622F074FE002010BDEC
S21401C580001E00B0001002B8F06B0020064B5A6A7D
S21401C590920207D4D3F8803013F4706F14BF0120D1
S21401C5A00020704701207047004001B8F8B50E46DC
S21401C5B0D0F8943002EA010423EA01032343C0F8C9
S21401C5C09430464A01F00B0323EA0401D164234068
S21401C5D0A2F58052D3647207054610D50121FFF7F4
S21401C5E0D5FF60B104F0D0FA4FF4007314F0040FD5
S21401C5F014BF3B4A3B4A536204223B4B1A67F3067D
S21401C60006D514F0100F14BF00221B22374B5A65B3
S21401C61037061DD5200616D54FF40012304B1A6288
S21401C620012203F58053C3F8002122F020FE0E21DB
S21401C6300746032003F09EF840F201222B4B3846B2
S21401C640DA6222F00FFE214605F1F80003F04AF9FE
S21401C650F10503D5E2052AD503F05CF8B30503D549
S21401C660A70527D503F062F816F48C6F1DD014F4D5
S21401C670806224D095F82530DC070CD5EA8DB5F814
S21401C6802A31934219D0B5F82C31981A43424341C6
S21401C690174A82F8C430D5F8E41028461DF01FFE6C
S21401C6A08022144BD864144B1A610020F8BD03F0A5
S21401C6B02BF8D3E703F034F8D6E70123E8E7710552
S21401C6C0E9D595F82530DB07E5D5094B114683F802
S21401C6D0C4200A4B28461B689847DCE7006000B870
S21401C6E0005001B8006001B8002002B8004000B850
S21401C6F0001E00B0001F00B0000002B83855002030
S21401C700014B1868704700BF2455002037B522F04A
S21401C710AEFD002401230022CDE9003400230546A6
S21401C7201946104603F0C2FF022002F0E7FA064B54
S21401C73021461C60054B02205B689847284622F07C
S21401C74091FD204603B030BD2C550020F06B002033
S21401C7502DE9FF4102290D4616469846039004D15D
S21401C760FFF7D4FF04B0BDE8F08122F080FD1E4F34
S21401C77004463B683BB1B34205D022F073FD00236B
S21401C78021203B60EEE7194B0022C3F800803E6093
S21401C790002301264FF0000810461946CDE9006631
S21401C7A003F084FF124B022083F8008002F0A6FA01
S21401C7B043462A46022003A902F0BEFA0D4B039A0D
S21401C7C01A6008B92046D8E70B4D2B6898472128F0
S21401C7D004D0204622F046FD0020C3E731466B68B0
S21401C7E002209847F5E700BF2C5500202855002069
S21401C7F05465002024550020F06B0020044B5B6E2E
S21401C8005B054EBF0120034B187800F0010070470E
S21401C81000C001B8546500200A78022A11D0101F02
S21401C8204242424152004B781201022B0BD0191F93
S21401C8304B424B415B000549054842EA8312FFF72C
S21401C84013BD0122EFE70123F5E700BFF0FFFF006C
S21401C85029D801000B78022B10D0181F4342434100
S21401C8605B004A78022A0BD0111F4A424A41520005
S21401C8700F21044843EA8202FFF7F6BC0123F0E7E2
S21401C8800122F5E755D801002DE9F8430E78044654
S21401C890042E0D4690F830810BD100275FFA87F9F8
S21401C8A0484601F07DFD08B14E4602E00137042FEF
S21401C8B0F4D1304601F074FD002849D094F83031A7
S21401C8C0B34209D1AA88D4F8A8309A4204D16A881A
S21401C8D0B4F832319A4238D084F83061AB883046A9
S21401C8E0A4F834316B88A4F83231AB8804F5987516
S21401C8F0C4F8A830FF2384F82B301DF0AAFF84F873
S21401C9002A00284601F078FC18BB284601F03EFDB7
S21401C910F8B9D4F8E03053B194F83011414506D057
S21401C9202046B3F91220EEF7E5F884F839012046DF
S21401C93001F09AFE0949A4F834010123084AD1F806
S21401C940FC1004F1F80003F0AFFC0020BDE8F8830A
S21401C95021200C2384F83031F8E700BF001F00B017
S21401C960581F00B0F8B5054690F830010C460C2863
S21401C970164623D0FF2923D01AB14FF0FF32114BB0
S21401C9801A601DF066FF074695F8300101F068FD54
S21401C990844228BF0446E4B2BC4238BF3C46E0B2FB
S21401C9A085F82B0001F002FEFF280CBF212400248D
S21401C9B016B9284601F068FD2046F8BD0224FBE7BB
S21401C9C02124F9E7006C002010B590F830310446B8
S21401C9D00C2B43D0D0F8E03080F82A10D3B3D0F82F
S21401C9E0F020CAB990F839318B421BD30022204679
S21401C9F0FFF7B8FF40BB1A4B1B78022B23D8204603
S21401CA0001F032FE17490123174AD1F8FC1004F150
S21401CA10F80003F049FC16E0B0F94220B3F91230F1
S21401CA209A42E3DD0022204694F83911FFF79AFF77
S21401CA3050B9C4F8E00020461DF054FB4FF6FF73D2
S21401CA409842014601D1002010BD2046BDE81040A5
S21401CA50FFF7C2B8FF2380F82B30F4E70220F3E794
S21401CA60C66E0020001F00B0581F00B0F0B51D466E
S21401CA70144B04461B780F46164685B05BB1D0F8BA
S21401CA80E030E3B102AAB3F912300092002218F0A6
S21401CA907BFF05B0F0BD02A91DF0AAFB9DF80810AA
S21401CAA03A462046EEF726F8014626B92A4620469B
S21401CAB0FFF758FFEDE72046FFF786FFE9E7184640
S21401CAC0E7E700BFB2930400D0F89C30012B01D1F8
S21401CAD00020704770B5044665498CB01DF0EEFE27
S21401CAE0D4F8E0600146E58DC4F8E40026B1336869
S21401CAF013B15B68002B71D122F0B9FB22F0B2FBB7
S21401CB000123D4F8E4108DF80630B389D6E9012064
S21401CB10EB1A9BB200FB03225648ADF804300368BB
S21401CB2000928B4207D020461DF0D9FB8022524945
S21401CB30524BC8641A61514D00F052FE0128FBD1D8
S21401CB40AB689E06F8D420469DF80620009906ABF1
S21401CB5003F0E6F800283ED100F042FE0128FBD1A2
S21401CB60464A136FD801FCD493689906F9D46846EF
S21401CB7006A903F08DFA054668BBE28D404B5A6460
S21401CB8094F8243060F3410384F8243000F0EEFF7B
S21401CB90D4F8E0305969431E0E68DBB2FD2B0296CD
S21401CBA022D9F31C34D84B68FF2803935ED10126A3
S21401CBB0DA1C25D8024602A920461DF0A8FDE6B9D2
S21401CBC0D4F8543199053FD494F8243043F0020345
S21401CBD084F8243011E002200CB070BD1A68032AD4
S21401CBE08AD99B6A5B0E8EE74B6801280393DED0D9
S21401CBF00246204602A91DF08AFD00200CB070BD39
S21401CC000133204B5B6816D0DA1C23D80393D1E797
S21401CC101C4B01361B6818BF0126DD1C06D8029383
S21401CC204B68FF280393C3D00020C3E7FF284B6857
S21401CC3019D00393C3E7DD1C0FD80246204602A98C
S21401CC4003931DF064FDBBE720464FF480311DF0D1
S21401CC50E6FED2E7FF28B2D1E6E7FF28B0D10022F0
S21401CC60204602A9EDE701200393A1E72A46C0E783
S21401CC70FC1F00B014550020001F00B0000002B8D1
S21401CC80008001B8086C002010B50C4619B11DF0E3
S21401CC90EBFC00B10434204602F0B8FA024B4042E5
S21401CCA0C3F8C80E002010BD001000B0838E70B50A
S21401CCB093420C4615461CD3836C8B4208BF002456
S21401CCC022F0D5FA4FF49C530B490646CA68C2F3C4
S21401CCD00362D340DA0702D50B6F9B0304D401220B
S21401CCE02946204601F016F8304622F0BBFA00200D
S21401CCF070BD2120FCE700BF000002B82DE9F84F07
S21401CD00064615460B4611B92120BDE8F88F002AC4
S21401CD10FAD0032905D8002201F05EF9034600285F
S21401CD20F2D01C889978B4F5804F01F0070080F0A6
S21401CD30C580A0F1070C1A7993F805A0DF88DCF10D
S21401CD40000343EB0C0305282B7394BF0023C1F3A8
S21401CD500013C1F3801C6B738B0985F810C003F0B8
S21401CD600203C1F3C00C43EA0C03C1F340116B7418
S21401CD70A974AF82002A40F0828096F81E31013BEA
S21401CD80DBB2EB74D6F89430DF0600F18380063808
S21401CD9001287FD8B6F81280F76908F1FF38484BAA
S21401CDA0083C04EA08045B6D3B5D0134802B0EBF32
S21401CDB06FF07F03323B5BB2AB730023AB6096F838
S21401CDC0279004EA0804B9F1000F61D1631D03EA54
S21401CDD008035A1C02EA0802BA5CFB5C43EA022317
S21401CDE0D9040FFA83FB4CD5D6F8E43013B11B688F
S21401CDF0022B05D841F24D724C210020FEF74EFF62
S21401CE00D6F8E420CBF30B0392F82420DB000AB11A
S21401CE10B3FBF2F39A4508D83BB1CAEB0A2ABAFB30
S21401CE20F3FA6FEA0A0A5FFA8AF9D6F8EC3023B108
S21401CE30484695F90E1098478146631C85F80F9071
S21401CE4003EA0803F95C013303EA0803FA5C0133D9
S21401CE5003EA080341EA0221FA5C013303EA080304
S21401CE60F85C41EA0241002341EA00616A7C3046EF
S21401CE7003F0D8FA06232860AB71002045E7531E5D
S21401CE807EE717F804904FEA49095FFA89F9CCE77B
S21401CE909946D2E700230020EB730A4B5A69C2F386
S21401CEA00723120448BF63F0FF035AB212F1800F42
S21401CEB01CBF323B5AB2AA730346DCE7022024E7C2
S21401CEC0004000B800C000B838B5148811F003055A
S21401CED04FEAC40422D13F2C20D9B4FA84F4C4F119
S21401CEE01903DBB2052B01D8192C15D0052B28BF49
S21401CEF0052301240633DBB29C40C4F3CF03138021
S21401CF0003828161448700F02DFF054A631E234397
S21401CF10C2F8A430284638BD2B46EAE72125F9E7B2
S21401CF20001E00B011F5004F1FBF01F30E01044BA8
S21401CF30C1F30E01002014BF99642120704700BF81
S21401CF40008001B8F8B504460E4619B990F82430A9
S21401CF505A063FD44FF6FF73618ED4F8E4709942B7
S21401CF6004D0314B1B680BB1204698472F4D2B68D8
S21401CF70BB424DD02E4B1B683BB11FB13A68002A0D
S21401CF8048D0BF683946204698470727204601F013
S21401CF906BFB002E32D006270126264B94F928205B
S21401CFA093F900302449C3F11C039B1ACA69DB02BA
S21401CFB022F4FF2203F4FF231343CB61D4F8E430B9
S21401CFC01E4A2B601E4B976720461E701DF090FB75
S21401CFD00020F8BD4FF6FF71144DD0F8E4702A68B2
S21401CFE066F386139742418680F8243017D0104B9B
S21401CFF01B68002BC1D101F037FB072711493B46BF
S21401D000114AD1F8FC1004F1F80003F04DF9C2E71B
S21401D0100127BBE71746204639469847B5E701F092
S21401D02023FB0127EAE700BF205500201455002006
S21401D0301C5500205265002000C000B8006000B8F2
S21401D04053650020001F00B0581F00B0054A126843
S21401D0501AB190F81E1119B91047084602F0AABB7A
S21401D060014870471055002000FEFFFF344B2DE9A4
S21401D070F7431C6801F4007900F00103174653EAF0
S21401D080090206460D4635D04FF000083BB3002393
S21401D090002200210120CDE9008803F007FB0420CF
S21401D0A001F02CFE41462046FFF7D0FF0122414603
S21401D0B0208610461CF0C8FFD4F8941004F1F8003E
S21401D0C002F010FC1F490868FFF7C0F84FF0FF3365
S21401D0D00B6094F8243043F0040384F82430B9F14B
S21401D0E0000F07D0012120461DF099FC25F400759C
S21401D0F006430D432B4632462046FFF709F9FB0748
S21401D1000FD51149114A08680021136811600121E1
S21401D1100F4A117003B198470E4B002102205B683D
S21401D120984717F00E0F08D04FF409723B210020E4
S21401D13003B0BDE8F043FEF7B1BD03B0BDE8F08330
S21401D14024560020F86B0020285500202C5500207E
S21401D15054650020F06B002008B5482200210248E3
S21401D160FDF72CFF002008BDDC1E00B073B578214A
S21401D1706422A0F8141182210C23C0E94112C0E9EF
S21401D1804322C0F8002107224FF0FF35002680F821
S21401D19030314FF6FF730446C28700F14C028264B9
S21401D1A01E4AC385A0F8403080F82C30438642637F
S21401D1B0038780F82860C0F8A850458580F8265077
S21401D1C003F03EFC2046FFF7C7FF94F928102046DF
S21401D1D0FFF76AF9602340F6FF71114A2046D364CF
S21401D1E002F11C42D162D1650E4A2946D36440221F
S21401D1F00D4B1A67D4F89420FFF7D8F90E230022B6
S21401D200CDE9003340F202231046194603F04EFAE8
S21401D21001F0E2F8304602B070BD00BF4000FFFFEB
S21401D220004000B8005000B8002002B810B50C4607
S21401D230FFF792FFBCB1A378082B16D8E278082A2C
S21401D24013D843EA021313F0FF030CBF19466168B3
S21401D250074AC2F8DC10217882F82011617882F83A
S21401D260233182F82111002010BD2120FCE700BFE8
S21401D270001E00B0012A10B512D8032B10D803EBFC
S21401D28082020123074C934094F82201DBB221B1BC
S21401D2900343002084F8223110BD20EA0303F8E797
S21401D2A02120F9E7001E00B0034670B50C68B0F8FF
S21401D2B03421013408BFD3F800418D6808BF0C60E3
S21401D2C04C68F830013404BFD3F80C414C606E1C36
S21401D2D03CD1D3F80841CE688C60751C3CD1D3F89C
S21401D2E004510E69CD60013604BFD3F8F8600E61B3
S21401D2F04E69013604BFD3F8FC604E618E69013673
S21401D30004BFD3F810618E618E695EB35A32B242A1
S21401D31038BF32460E688A6116B15A2E38BF5A2671
S21401D320C3F808414C68C3E94065C3E943420A694A
S21401D330C3F8F8204A690C49C3F8FC20D1F8FC1060
S21401D34007230A4A02F0B0FF002070BD02F15A041A
S21401D350AC4238BF2C46BEE702F17805B54238BF6D
S21401D3603546BEE76422D5E7001F00B0581F00B05F
S21401D37070B521F07CFF04460B4E00F031FA01280F
S21401D38005D0204621F06EFF0225284670BDF368C1
S21401D39013F0706FC3F30365EFD1B36ADB06ECD508
S21401D3A0204621F05FFFF0E7000002B838B521F013
S21401D3B05EFF4FF6FF710A4A13888B4203D121F0B4
S21401D3C051FF0E2038BD074C074D1B046566A4F5BA
S21401D3D080546366118021F045FF0020F2E700BF0C
S21401D3E0C46E0020006001B80000FFFF2DE9F7437E
S21401D3F004460F4615461E46FFF732F830B3A38A99
S21401D40023B320461CF036FF78B9002E40F0F28098
S21401D410794BD3F8D83E03F03002102A00F0EA80A8
S21401D42003F0C003402B00F0E580DFF80082D8F857
S21401D4301430D90740F1DE8021F019FF064603209B
S21401D44001F058FD30B1304621F00CFF022003B048
S21401D450BDE8F083D8F8142012F00608F3D1304660
S21401D46021F000FF644B4FF400612046D3F8D89EAC
S21401D470D3F8AC6E04F0BEF940B14FF4007201214E
S21401D4805E4B08461A6742461CF0DEFD94F82530CE
S21401D490DA0707D5D4F894305B0542BF4FF4002273
S21401D4A0574B1A6739462046FEF796FB524BC3F890
S21401D4B0D89EC3F8AC6E0028C9D194F824309806DB
S21401D4C001D4002D57D0C5F3400003F023FB0223FF
S21401D4D015F4807F1BBF0021494A484A136717BFCE
S21401D4E0484A13675161136303F04EFB4FF48063A0
S21401D4F015F0040F14BF444A444A15F0400F536216
S21401D5004FF004023D4B28461A674FF0400314BF04
S21401D5103F4A404AC2F88830FEF7C8FE20461CF053
S21401D520D3FF38B14FF4807315F0010F14BF344A9E
S21401D530324A1367A90647D54FF6FF72B4F8403052
S21401D54093420FD0344A3549526E100CC2F3011281
S21401D5500132B3FBF2F308802B4A2C4930481B04F6
S21401D56048665366003D18BF012594F8243065F3DC
S21401D570451384F8243020461DF076F8F0B1204695
S21401D5801CF0A2FFD0B14FF40031204604F032F96E
S21401D590431C03229BB2234801A91DF01DF99DF8E7
S21401D5A0042002F00703052B9DF8053015D112075C
S21401D5B00DD443F480731C4AC2F8B830002003B07F
S21401D5C0BDE8F0431DF015B9FFF7F0FECAE713F00A
S21401D5D0040F09D19DF80630EBE703F03002202A4C
S21401D5E005D113F0010FF4E74FF48073E3E79DF8DC
S21401D5F00630E0E70E202AE7001000B0002002B84F
S21401D600001002B800400054005001B8006001B894
S21401D61000D000B800E000B8004001B8C46E002099
S21401D6200000FFFF08400054001E00B000C001B813
S21401D6302DE9F3410646884615461F4621F017FE9A
S21401D6400446032001F056FC38B1204621F00AFEBC
S21401D6500E24204602B0BDE8F081042001F04AFC09
S21401D6600028F2D1204621F0FDFD01232A4641463D
S21401D6703046FFF7BBFE04460028EAD1DFF8C88033
S21401D6805FB388F8000039463046FEF735FD0028BE
S21401D6904CD198F80030012B1CD02022244B1A675D
S21401D6A0244BDB6CB3F5817F1FD201201DF0E2F81D
S21401D6B021F0DDFD204B06461B680193CBB901F036
S21401D6C093FC15F0800526D101F0E0FC284603F016
S21401D6D0F5F925E003F008FABBE798F80030012BCE
S21401D6E0F8D0002BD9D12124B3E78022134B1A613D
S21401D6F0DBE7042001F002FB00230122042001A93C
S21401D70001F01AFB0028DAD103F056FA212430463C
S21401D71021F0A8FD9DE70022094B9A6701F0B6FCAF
S21401D720084B01215B6800209847F0E7044690E724
S21401D730001002B8001F00B018550020000002B803
S21401D74000C001B8F06B00205165002008B50C4BF5
S21401D750D3F84C114B1C12D011F080410FD1094B5C
S21401D7601B6813B10320FEF70BFE4FF080624FF4E7
S21401D7700071054BDA67054AD16201225A6108BD7C
S21401D7800080E00F24560020001002B8004000B8C8
S21401D7904FF40022034B186F03F500531A67C0F3CA
S21401D7A0C0407047000002B8024B586900F0010003
S21401D7B0704700BF00C001B8084B5A69D10707D5AA
S21401D7C008B901F077BA5B69DA0706D401F064BAE2
S21401D7D05B69DB0701D40028F8D1704700C001B8A7
S21401D7E00F4BDB68C3F30363013B0B2B0FD8DFE85A
S21401D7F003F006060C06060606080A0808080220B4
S21401D8007047042070470520704703207047054B7A
S21401D8105B6913F0060F0CBF01200420704700BFA0
S21401D820000002B800C001B8094AD368C3F3036315
S21401D8300B2B08D06FF49050184100F0010080F0D7
S21401D840010040007047106F10F48030EDD1704732
S21401D850000002B80C4AD368C3F30363062B07D84B
S21401D860042BD8B20BD8C31E58425841400070470B
S21401D870072B06D1D2F830010028ECD170470220E0
S21401D88070470020704700BF000002B8094BDB68F4
S21401D890C3F303639A1E012A8CBF00220122012BC7
S21401D8A002701EBF4FF4026222FA03F303F0010373
S21401D8B00B707047000002B8094AD368C3F30363CC
S21401D8C0032B01D0072B08D1536FDB0605D4906FCD
S21401D8D080F00800C0F3C00070470020704700BF0A
S21401D8E0000002B8024B002219681CF09EBE00BF61
S21401D8F054BC0400024B1B6803B11847704700BFB5
S21401D90044550020024B1B6803B11847704700BFFF
S21401D9104055002010B5FF224FF6FF7104461CF05B
S21401D920A6FE68B9FF224FF6FF7120461CF0B0FE36
S21401D93030B92046BDE81040FF2202491CF0BABEAD
S21401D94010BD00BFF8BB04002DE9F0411C46184B82
S21401D95005461E680F46904646B1306801F01CFE2B
S21401D960F3681BB1B368186801F016FE114B1B680B
S21401D9702BB1DA681AB19B68186801F00DFE9DF8A4
S21401D9801830640744EA08425B0503F0BC6342EAC8
S21401D990C7621A432846084942F4C87203F016FFC4
S21401D9A0002228461146FFF781F90020BDE8F081E4
S21401D9B050BC040054BC04009007E12D08B5FFF7E5
S21401D9C07BFF88B1094BDA6912030DD5186F10F485
S21401D9D0003009D19B6F13F0100F4FF010030CBFEE
S21401D9E0034A044A936708BD0220FCE7000002B818
S21401D9F0001002B8002002B838B50446F8B1124A41
S21401DA00D3691B031DD5556F104BC5F38115032D27
S21401DA10B3F8B4300DD10822083B9BB221460C481E
S21401DA201CF0DAFE0020084B25729B6F1B0A6372FE
S21401DA3038BD022D05D1023B2A469BB2EEE72120D6
S21401DA40F6E70220F4E700BF000002B8001E00B0AF
S21401DA5038400054431EDBB2FD2B14D9FF280B6857
S21401DA6001D14A68134313F0802F1EBF42F2010210
S21401DA70074BC3F8282251F82020054BC3F8502243
S21401DA80C3F8542270470128F5D10023E9E700BF07
S21401DA90004001B8F0B585B06D460E460F4B0746FF
S21401DAA014460FCB85E80F000D4BD3F848020090C3
S21401DAB0D3F84C2201923EB1631EDBB2FD2B0AD98C
S21401DAC03060FF2C00D172602246294638461CF091
S21401DAD01EFE05B0F0BD012CF4E700BF00BC04003B
S21401DAE00080E00FF0B585B06E460D4B07460D463B
S21401DAF00FCB86E80F0000F039F83146044602469F
S21401DB0038461CF07DFF4DB140B9FF2C1BBF04AB5E
S21401DB1003EB8404009B54F8103C2B6005B0F0BD69
S21401DB2000BC040030B50C4B0546187085B00823C0
S21401DB3080B90A4AC2F8FC3351B96C46084B0FCB80
S21401DB4084E80F00074B2A4621461868FFF7A2FF14
S21401DB5005B030BD044AEDE7426F0020001002B860
S21401DB6010BC040024560020002002B8014B18788F
S21401DB70704700BF426F0020124BD3F8E020D2035B
S21401DB801ED54FF480321049C1F8E020A1F580512E
S21401DB90C1F8EC201A6CD1B2C2F30722C3F8801088
S21401DBA0C3F880200422C3F880200022C3F8802016
S21401DBB0C3F88020C3F88020C3F88020C3F88020F3
S21401DBC0704700BF0040005400600054F0220A4B2A
S21401DBD001219A64A022A3F580539A64074B826CB4
S21401DBE0C3F8C010FC21C3F89810C3F89C204FF46A
S21401DBF00052C3F8BC207047006000B800400054D3
S21401DC00F8B50D461746064621F031FB01230421DF
S21401DC10084C094A2363A760E6602561C2F8E01054
S21401DC20064AC2F8843121F01DFB0DB1022323639D
S21401DC30F8BD00BF004000540060005400E100E061
S21401DC400222024B58611A63704700BF004000541D
S21401DC500122044B1A6640F6FF729963D863DA65AF
S21401DC60704700BF004000542DE9F04F042A0546D6
S21401DC700B4683B039D901260978141F81615A7879
S21401DC8003F1040982619A788261DB788361036813
S21401DC90D0F808B003F0070306339E4006F1FF3ABA
S21401DCA00AEA0B084768A6EB0802944247F00057B9
S21401DCB00ED84946224607EB0800FDF70FFB46EA59
S21401DCC00A0604EB0B023240AA6003B0BDE8F08FEF
S21401DCD0494607EB08000192FDF700FB019A38461A
S21401DCE009EB0201A21B4244E7E7013A032AECD8FA
S21401DCF0DFE802F00B08050213F8012B826113F826
S21401DD00012BAA6113F8012BAA611B78AB6103B042
S21401DD10BDE8F08F38B50C46154601460F4B60B18D
S21401DD2001220F48C3F8C0202246FFF79DFF1DB110
S21401DD3004220A4BC3F8C02038BD64B1D3F8A4202E
S21401DD40A24284BF0122C3F8C0200222C3F8A04029
S21401DD50C3F8C020EBE70122FAE700BF00400054F9
S21401DD609840005438B5044621F081FA01211A4A38
S21401DD70638F054611663BB3B3FA83F3C3F1190308
S21401DD80DBB2A069C2F8901093660723D066C2F88A
S21401DD908C304FF4A02302F50052C2F8E030A2F511
S21401DDA08052C2F8EC3000220C4B1A600C4B1B6FF1
S21401DDB05B0209D54FF480020A4B04F1F8001A679A
S21401DDC0D4F8941001F08EFD4FF4E0232846E36367
S21401DDD0BDE8384021F046BA0040005448550020BE
S21401DDE0000002B8002002B82DE9F84305460C46AB
S21401DDF0B1B1D0F81880478F21F039FAB5F83CC098
S21401DE00791E01EA0C0323F00702032C0646DFF80D
S21401DE10F8E042445CD1DEF8004024B921F022FA51
S21401DE200E20BDE8F88324F00104DEF8000020F09F
S21401DE300100A04251D10023CEF80030238894423D
S21401DE406FEA43436FEA534323803CD1EB8F08EBE1
S21401DE5007091846083880B202F108044C4528BF65
S21401DE604446082804D9B4F800E0BEF5804F3ED2F7
S21401DE7063440F431B1A3B409BB2AB87E88711886C
S21401DE8094781C4AC1F30C0151645367C2F88C00A4
S21401DE904FF48022184B04F00704C3F8E020012257
S21401DEA0164BC3F88421FFF767FE042C0BD14FF401
S21401DEB08002134B05F1F8001B6F124B1A67D5F859
S21401DEC0941001F00FFD304621F0CCF90020A8E7B0
S21401DED0601E012898BF1446A7E7E88F4344E31A5B
S21401DEE048BFDB1908389842A8DC304696E7224638
S21401DEF0B0E700BF004000540060005400E100E0BD
S21401DF00000002B8002002B848550020144B10B596
S21401DF101968CA8F8B8F488F13440138073B8C6969
S21401DF20034023F007031C4402F108030D4A9BB289
S21401DF30CB87C2F88C304FF480220B4BC3F8E0201D
S21401DF4001220A4BC3F88421A07800F007000428B8
S21401DF5003D1074AD3681B03FCD4064B1C6010BDD3
S21401DF6024560020004000540060005400E100E008
S21401DF70000002B84855002010B5064C216839B19A
S21401DF80CB0703D4044B1868FFF72EFF002323604A
S21401DF9010BD00BF48550020245600204FF48032A3
S21401DFA00B4B0C49C3F8EC20A3F50053C1F8E02055
S21401DFB0D3F888109A6E012302F0070206329340C6
S21401DFC0C1F30C01083B994201D8FFF7D5BD704754
S21401DFD000600054005000542DE9F04780460C467E
S21401DFE016468769458F21F042F9B8F83C2005F1BD
S21401DFF0FF3C02EA0C0323F00701032C8246394456
S21401E000B8F83E0019D1494C24689CB90244073A35
S21401E01002EA0C0222F00702BC183B44E31A48BF8E
S21401E0205B19834210DB504621F01CF90024204680
S21401E030BDE8F08724F00104EFE7012C02D0022CA2
S21401E040EBD108380C46E8E7002E3DD08C423FD194
S21401E050374AD2F844903649B8F81270D1F8882079
S21401E060C2F30C02934247DA2588B5F5804FDAD21F
S21401E070A378C5F30C0503F007037A1EA5EB090583
S21401E0803A43052B337005EA02052DD82DB2E84335
S21401E09040F241420421C00FFDF700FE7580E3788F
S21401E0A03374D8F81C207B1E03EA0903D118B1602B
S21401E0B0A9B213FA85F5AF422FBF0023FF1AB78026
S21401E0C0F26024BFB180F360504621F0CBF8AEE792
S21401E0D0A4F10802974284BFED0802EBC502B2F82C
S21401E0E00090C9F30C09B6E7124B5B6D003B18BFF5
S21401E0F00123A5EBC305C9E70B6C7A1EA3EB090345
S21401E1003A431A400C4915B2002DCB680BDCC3F319
S21401E1100363D81E43424341DB0033708B6F72802A
S21401E1201B0A3374BDE70823F7E700BF48550020F4
S21401E13000400054004000B8000002B8054BA82279
S21401E140D3F84C013121431C0CBF0120C0F3807071
S21401E150FDF7A4BD0080E00F38B5094D04462868D8
S21401E16040F69702003818BF01202B21FDF796FDD7
S21401E170FA235C432B680A20B4FBF3F4604338BDF2
S21401E1807C550020174B30B51A68431C164B22D01D
S21401E190B2F1407F1FD3154D00F03F04D5F80021A2
S21401E1A022F03F021443C3F8C84001F03F04224363
S21401E1B0C3F8D020D5F804310D4A1A400D4B03EAB6
S21401E1C0500003EA510110431143074BC3F8CC003A
S21401E1D0C3F8D41030BD00200146C3F8C800C3F808
S21401E1E0D000F2E70080E00F001F00B0000002B888
S21401E1F01FF087E1E0FFFF7F73B5574E0446317885
S21401E20019B91C225548FCF7D9FE2378544A61886F
S21401E210137051804FF0FC62524CFF21C4F8FC2071
S21401E2204FF47F02C4F808214F4A022B4F4D11705C
S21401E23033D1042307224E49C4F8FC23C5F8FC3326
S21401E240C4F800114FF4C071C5F80011C4F8FC23DE
S21401E2504FF48052C5F8FC33C5F870214FF40052D4
S21401E260C4F87021C4F808314FF4FF13C4F8FC3029
S21401E2704FF4BB13C5F8FC308023C4F8703148F264
S21401E280C8023C4BC3F8D8203B4B3C4A0020C3F89D
S21401E290C02F0123337002B070BD394A012BC4F878
S21401E2A00021384B27D14FF4C072C5F80021D3F8AE
S21401E2B03802D3F83C12FFF765FF0723C4F8FC3396
S21401E2C00223C5F8FC334FF48053C5F870314FF480
S21401E2D00053C4F870310423C4F808310DEB030071
S21401E2E0ECF740FB9DF80530023B012B9CBF8023D9
S21401E2F0C5F87031C3E7244AC5F80021D3F83002C7
S21401E300D3F83412FFF73EFF0723C4F8FC3301238A
S21401E310C5F8FC338023C4F870314FF4805301A84C
S21401E320C4F87031ECF71EFB9DF80530012B05D1C2
S21401E3309DF8043053B948F25D1309E0FBD9023B5E
S21401E340012B9CBF4FF40053C5F8703148F25813A7
S21401E350084AC2F8D83097E755650020C41F00B0B8
S21401E360C66E0020002002B8466F0020001002B8DA
S21401E370C0F10F00001F00B0001000B05055002083
S21401E380C0F70F000080E00FC0F60F00034B1A68BD
S21401E39002609B8883800020704700BFC66E002005
S21401E3A010B5044601F026F80A4BD3F8F83724B91D
S21401E3B083F40023C3F3C04010BD012C05D113F430
S21401E3C0C02F0CBF01200020F6E7A31E584258417B
S21401E3D0F2E700BF000002B86FF07F42154BD3F89A
S21401E3E0FC37934208D0144A03F03F031370F1231D
S21401E3F0124A1370124A13701249134B09781A689D
S21401E400A9B1B2F1A06F12D3D3F850120F4A104B34
S21401E410B1F1FF3F18BF13460E4A136041F66A0278
S21401E4200D4B1B68B3FBF2F30C4A13607047084BA5
S21401E430F2E700BF000002B8476F0020486F0020D7
S21401E440496F0020456F00200080E00F5082E00FEA
S21401E45034BC04004C550020985500207C55002003
S21401E460012807D0022802D030B100207047034BA4
S21401E47018787047024BFBE7024BF9E7476F00201D
S21401E480486F0020496F00200023F0B590F8304116
S21401E49085B002462046CDE90133CDF80B30FFF7B3
S21401E4A0DFFF92F82B30411EC9B28B4228BF0B46C4
S21401E4B0002C3CD0012C38D1042418464FF00F0C08
S21401E4C0384E0DEB0405B0FBFCF7F75D013CC01BB5
S21401E4D0C0B2814238BF00206055002CF3D105241C
S21401E4E00F278DF80830B3FBF7F0305C0344DBB23E
S21401E4F08B4228BF0B462B5501340B2CF3D10F262C
S21401E50002F1A800D43215F8013BB3FBF6F14C1C1E
S21401E510C1EB01115B1A0133DBB2E4B21B0443EA1F
S21401E520045340F8043F8242EDD105B0F0BD042407
S21401E53018464FF00F0C1C4F0DEB0406B0FBFCF514
S21401E540EDB27D5D013C401BC0B2814238BF002068
S21401E550A055002CF2D105240F258DF80830B3FB09
S21401E560F5F0385C0344DBB28B4228BF0B463355CB
S21401E57001340B2CF3D10F2502F1A804D43216F87E
S21401E580013BB3FBF5F1481CC1EB01115B1A0133EA
S21401E590DBB2C0B21B0443EA005344F8043FA24274
S21401E5A0EDD1C2E72DBC040020BC040038B5284BD1
S21401E5B005461A7827490C2A02D1FF20087038BD73
S21401E5C010461CF046F904461046FFF749FFA842DC
S21401E5D028BF2846C0B2A04238BF20460B78C0B23A
S21401E5E08342ECD0087088B1431EDBB2022A1A4976
S21401E5F00ED14FF0FC62C1F8FC20A1F50051D1F814
S21401E600FC2042EA4353C1F8FC30D8E70346EDE765
S21401E610124A134C1268AC32C4F8C02F4FF47F0272
S21401E620C1F808210F49CA6FD202C8D40F22B3FB22
S21401E630F2F2551CC2EB02129B1A0133D1F80841C3
S21401E6401B0443EA05532343C1F80831B7E700BF6B
S21401E650C66E0020466F0020002002B82456002017
S21401E660001000B0000002B82DE9F04F90F83051CC
S21401E6700646D0F8A82087B035BB1F2A38BF1F2210
S21401E680093A4C24844B85481B6A96F82B10C3F331
S21401E6908213DC400368DFF82CA29342DFF828825D
S21401E6A07F4B04F0010414D11F78A74211D19AF8C8
S21401E6B00070AF420DD17B4F3F788F4209D1B8F839
S21401E6C0040007B0BDE8F08F032A38BF0322023AE0
S21401E6D0D7E7026098F800001C70FFF7C1FEFF291B
S21401E6E024D128461CF0B5F807466F493CB3D6F846
S21401E6F0E4702FB13B68082B40F2CB8097F8387056
S21401E7001DBB0B6840F27121B3FBF1F35343192291
S21401E710B3FBF2F339462A4605A805931CF06FF8B9
S21401E72002023C04059842F0110988E0471E8F4218
S21401E73028BF0F46012F38BF0127FFB2D5E7012DAD
S21401E74029D0022D01D0B5B327460B6840F27121BE
S21401E750B3FBF1F353431922B3FBF2F3394601221B
S21401E76007EB072405A8059307EB04241CF047F8DC
S21401E7707F00032F38BF0327020242EA001242EA53
S21401E7800009033F00F01F0007FA00F0FFF7E4FC62
S21401E79000F5FA6758E00F23B7FBF3F3581CC3EBF9
S21401E7A00313FB1A0133DBB2C0B21B0443EA005366
S21401E7B0C3F30747C9E70C6840F27121B4FBF1F4D3
S21401E7C00F2354431922B7FBF3F3B4FBF2F4374893
S21401E7D0374A0068A2FB0412013350FA83F313F898
S21401E7E0013C0392A3F140012A4603A801931CF0C1
S21401E7F006F8039F2F4AE41BA2FB04120090302167
S21401E800049204A82A461BF0FAFFDDF810B08146F0
S21401E810A4EB0B0401220594102144F2100405A870
S21401E8201BF0EDFF009B1A02019B42EA091244EA23
S21401E8300344059B42EA000907EB0B001844FFF767
S21401E8408BFC00F50C57283740F6FF711A4B3846FB
S21401E850C3F8C010A3F58053C3F8C090A3F5805346
S21401E860C3F8C440154C276001F0B0FC4FF47A722F
S21401E870134B4042986523680A49B3FBF2F3A8F8A4
S21401E880043096F82B30B7FBF2F08AF800500B7084
S21401E89017E7002734E700BF004001B8006C0020EE
S21401E8A056650020436F0020985500204C550020E7
S21401E8B069C2F568911E856B006001B8805500201D
S21401E8C0001F00B0446F0020C66E0020014B187078
S21401E8D0704700BF456F002010B5044603F012F8DC
S21401E8E078B1174B1B786BB964B1164B1B784BB1DB
S21401E8F0154B1B78013B012B04D84FF40042134BF8
S21401E900DA6710BD124BDB6F1B04FAD420F0AFFCA4
S21401E9104FF400420F4B0446DA67A3F5A0435B6849
S21401E9202BB1FEF741FF10B102201BF0A3FF02221C
S21401E930094B2046BDE81040C3F8842420F092BC61
S21401E940576500205865002084550020002002B835
S21401E950000002B8001002B800D003500122024B9A
S21401E96000201A70FFF7B8BF576500200022024B3F
S21401E97001201A70FFF7B0BF57650020F7B50646AD
S21401E980504C00F037FD504B2578504F1E7085BB1C
S21401E9902846FFF7A1FF2378013B012B19D8E37B1B
S21401E9A001A88DF80430237C8DF80530E9F7FAF9D3
S21401E9B0C7F884544FF6FF72454BC3F88420F822FB
S21401E9C0A3F58053C3F884200022404BC3F8842467
S21401E9D00DE04FF6FF723E4BC7F88454C3F884200F
S21401E9E0F822A3F58053C3F88420C7F88454394B22
S21401E9F05BE00020FFF770FF2378013B012B08D86E
S21401EA00E37B01A88DF80430237C8DF80530E9F707
S21401EA10C9F90023C7F88434002ECBD062685AB3F4
S21401EA202D4B1B6803EB5203B3FBF2F3013B1B02B6
S21401EA3043F0F80326782649022E284A1ED0032ED4
S21401EA404FF6FF75214826D0012E34D143F002033C
S21401EA50C1F88450C2F884300723C0F88434E37BBD
S21401EA6001A88DF80430237C8DF80530E9F76EF99E
S21401EA700120FFF731FF17E0F823DBE74FF6FF70C1
S21401EA8043F00103C1F88400C2F8843006220F4B1C
S21401EA90C3F88424E3E743F00503C1F88450C2F8C1
S21401EAA084300423C0F884340D4B4FF0804200209C
S21401EAB0DA6703B0F0BDC1F88450C2F88430002391
S21401EAC0F0E700BF845500205865002000C00350C1
S21401EAD0006000B8002002B898550020005000B829
S21401EAE0001002B8F0B5294F06463D4604460FCE43
S21401EAF00FC5336885B02B6000F07CFC0022244BE8
S21401EB00C3F88424A17A627A42EA0142C3F89024C7
S21401EB10217CE27B42EA0142C3F88C24217B627BA2
S21401EB2041EA0240C3F888043B78032B2AD8DFE881
S21401EB3003F022020C178DF8041004218DF805202D
S21401EB400DEB01000022E9F7CDF8E37B00228DF8FA
S21401EB500830237C042102A88DF80930E9F7C2F8B1
S21401EB60637A01228DF80C30A37A042103A88DF86C
S21401EB700D30E9F7B7F8074B187805B0BDE8F04057
S21401EB80FFF7FCBE212005B0F0BD00BF8455002074
S21401EB9000C0035058650020034BDB6F002BBCBF41
S21401EBA0024BC3F888007047000002B8004000B866
S21401EBB02DE9F0471BF0C2FE4FF47A762D4BB0FBE1
S21401EBC0F6F618604FF4FA73734307462A48190E8F
S21401EBD01B021818294A4FF0000341F10001FBF708
S21401EBE081FE274BA0F5807205461A6320B948229C
S21401EBF02B21FDF753F801254FF47A724FF0000AE6
S21401EC006A43534650083102FBF76CFE1C4B1D4A03
S21401EC10B7F57A7F9A601C4B4FEA056819601B4B63
S21401EC208946044618604FEA152505D29B222B21FA
S21401EC305046FDF733F801264FF47A73A8FB03011B
S21401EC4003FB05117308C01841F100010023324689
S21401EC50FBF748FE0E4B023419600E4B49F10009D2
S21401EC60A408186044EA8974054B013C9C63BDE81E
S21401EC70F08700BF9855002020A1070040420F00F2
S21401EC8000C001B802110100A8550020A4550020BB
S21401EC90A05500209C5500201022044BC3F8842167
S21401ECA05A600122024BDA60704700BF00E100E0C3
S21401ECB000C001B81022064BC3F88421C3F8842093
S21401ECC0BFF34F8FBFF36F8F0422024BDA6070479A
S21401ECD000E100E000C001B810B50446A242A2EB74
S21401ECE00000A3EB010104D2034B01399B6B0133F6
S21401ECF0184401F0030110BD00C001B838B5012564
S21401ED000A4B02019D504FF480730446084A834023
S21401ED10536620F0ACFA074AA540137823EA0503A8
S21401ED201370BDE8384020F09DBA00BF00E101B87D
S21401ED3000E001B8616500202DE9F84F164605464A
S21401ED408A461F4620F093FA022E00F090808046F5
S21401ED5020F09AFA594B5A4AD3F82090147D5A6EED
S21401ED60E4B2520744BFD3F82090013404F0030400
S21401ED7020F085FA4846214600F036FA8446DAF84D
S21401ED800000012E04BF01306044ACEB000C08BF4C
S21401ED90CAF80000BCF1804F7DD300F037FA8145F8
S21401EDA0A1EB040188BF454BDFF834C188BF01F1F0
S21401EDB0FF3101F0030188BF9B6BA0EB090E0CF835
S21401EDC00510A1B1F90742BF41F61F723D4B5A67C4
S21401EDD0BA0742BF3B4B3C4A5A677B0742BF0022F9
S21401EDE0364B9A673C0742BF0022344B9A65112482
S21401EDF04FF0010A314B05F11002120103EB051B1E
S21401EE00CBF80C0131499C501A6A0AFA05F4586E7F
S21401EE100B78A2EB0902E4B2234372450B7025D3AB
S21401EE204FF48073AB40034220D11CF80520002A22
S21401EE3040D10EB3264AF807536607D541F61F712F
S21401EE4040F201101F4B596750675967B90706D53D
S21401EE501C4B1D4A1E491F485A6748675A677A075E
S21401EE6042BF01221C4B1A613B071AD4404620F0D0
S21401EE70F9F90120BDE8F88F184A2D0142F805A0DE
S21401EE8042F89C3C20F0F3F910490B7823EA04037E
S21401EE900B7020F0E7F9404620F0E4F90020BDE8C9
S21401EEA0F88F2120FFF778FE4FF48032034B40465F
S21401EEB0DA60DCE7064A40465366D8E700C001B888
S21401EEC00856002000E001B800001F1F6165002001
S21401EED000D001B800000101000002B800E101B84D
S21401EEE059650020024B1878003818BF012070477A
S21401EEF061650020034B10300001185800F0010036
S21401EF00704700BF00C001B870B50646FEF74CFC5E
S21401EF10044608B1FFF7CEFE0023084D3046AB612C
S21401EF20EB612B6200F072F9054BC9B219752862C4
S21401EF300CB1FFF7B1FE002070BD00BF00C001B8E4
S21401EF40085600202DE9F0419DF818800D46B8F1CD
S21401EF50000F08BF0022214EB5F5803FB168074675
S21401EF6021F4700141F4A001B1609DF820409DF8A4
S21401EF701C104FEA042444EA016444EA031444EAF8
S21401EF80084444EA02044FF0180140F2E9222CBF7B
S21401EF90002001207465FCF781FE3564B8F1000F8E
S21401EFA01AD00F4BBC68D3F888305A2C38BF5A2475
S21401EFB05B0606D500F0F0FB18B10A4BB3FBF0F385
S21401EFC01C44204600F022F90130854238BF002259
S21401EFD0024B34BF5A645864BDE8F08100C001B8E2
S21401EFE000C000B800093D00214B10B51A6E1A6624
S21401EFF0596C59B11F49C96800292EDB596D4FF06C
S21401F000FF3301F00F018B409A4326D110242020B4
S21401F010FFF7C2FD184B9C6002F088FB2022174BBD
S21401F020C3F8842101F0F4FC48B100220020082135
S21401F030FEF71CF8124B5C66A3F580531C670D4A5D
S21401F040D36803F07063B3F1807FF9D9084B0D4A9A
S21401F0505A6741F201429A6710BD01F0D9FC0028B7
S21401F060F4D0094B064A5366A2F580521367EDE7C2
S21401F07000C001B8000002B8001002B800E100E0CC
S21401F08000E001B8011B01181000002008B521207E
S21401F090FFF782FD4FF48032014BDA6008BD00BFF6
S21401F0A000C001B8F8B5184D04462B6A1B0426D5D6
S21401F0B000F0E6FB2B6AA0FB044613F0787F4FEACC
S21401F0C09367C3F34450C3F3044505D140F25A4253
S21401F0D02B21FCF7E3FD0120AD01B5FBF0F010EBB1
S21401F0E0871005D140F25F422B21FCF7D7FD0120A6
S21401F0F00246002320463146FBF7F4FBF8BD00F03C
S21401F1004BFBA0FB0401F9E700C000B80246012052
S21401F11030B50B4CA0F12003C0F1200524FA05F50B
S21401F12004FA03F32B4304FA00F595428B4100D30E
S21401F13030BD0F2801D00130ECE7FF20F8E700BF13
S21401F14040420F0010B50C46FFF7ACFFC30943EA77
S21401F1504163C01A61EBD111FFF7D8FFFF2814D025
S21401F1600F220C4B40F01000C3F88820A3F5805303
S21401F170C3F88800A3F580531B6ADBB2802B06D048
S21401F1802046BDE8104000F067BB212010BD0220DC
S21401F190FCE700BF00E000B838B520F075F8084B72
S21401F1A0084A1D6A147D5A6EE4B2520744BF1D6AAE
S21401F1B0013420F064F8284604F0030138BD00BF8E
S21401F1C000C001B8085600200346064A103302EB79
S21401F1D000111B01D1F80C01D158C1F340011BF0FD
S21401F1E054BB00BF00C001B8064B1B68434303EB8A
S21401F1F08171054B1B68A3FB003013F1004341EB03
S21401F20000007047A05500209C5500200C4A20F0B5
S21401F2104043014610B5002014684FF00042E4FB5D
S21401F2200320084A890F126802FB0300064B9B6BFA
S21401F230984204D901330131C01A01F0030110BD0F
S21401F240A4550020A855002000C001B8044B01F0C9
S21401F250F071103041F0030100011950704700BFF2
S21401F26000C001B808B52220FFF796FC4FF48022B3
S21401F270014BDA6008BD00BF00C001B808B5064BF7
S21401F2804FF030401A6805499200FCF727F8BDE8B0
S21401F290084001F0E3B800BF70BC040074BC040071
S21401F2A070B50C68651C15D0C4F302669E42C4F3A3
S21401F2B0074530D1A4B294422DD804EB8506B2425C
S21401F2C029D2141BA50824F003040E59340F04D0C8
S21401F2D0012C08D00022212402E06B1C51F82320C7
S21401F2E0C0E9002470BD0E4C34F8133042EA0343E3
S21401F2F01A686B1C51F8234001EB83014B682240CE
S21401F3005E4036F0704404D11B0F032B04BF8B689C
S21401F3101A430024E4E7013501EB8501C1E700BF8C
S21401F32048BC040007B501A8EBF71CFB4822164BA6
S21401F3305A65164AD2F8D43023F4FC33C2F8D430D6
S21401F340134B1B689DF80530023B012B19D8402250
S21401F350104BC3F8FC23104BD3F85C32DBB2FF2B07
S21401F36000D10623094A1B03D2F8FC139BB20B43B8
S21401F370C2F8FC33D2F83021084B1A6003B05DF8AE
S21401F38004FB00F0E7FEECE7008001B8000002B8DD
S21401F390002000B0001002B80080E00F3C550020AD
S21401F3A000224FF400710F4B10B51A675A679A671F
S21401F3B00D4AD162012102F5E8325161DA6812F094
S21401F3C0706FFBD14FF0304201245A6602F5FC52B1
S21401F3D008329C66DA64054B1B689847044B5C61EF
S21401F3E010BD00BF000002B8004000B8046C002049
S21401F3F0002002B801230F4A0F49C2F880328A6AF8
S21401F40022F002028A620D4A53600D4A53600D4A89
S21401F4105360A2F580425360A2F54042536002F564
S21401F420C032536002F580425360A2F50042536039
S21401F430704700BF0080005000C0005000D000B8E8
S21401F44000500054005001B808B5FFF7D3FF0E4B2B
S21401F4500E4ADA6700F076FEFFF764FF03220C4BD4
S21401F460C3F8E020012203F54043DA674FF46072E7
S21401F4705A614FF40072DA67FEF778FBBDE8084080
S21401F4800021FEF74FBB00BF000002B80048F000A5
S21401F490005001B82DE9F04F054687B002900F469F
S21401F4A057F8044B631C06D1029B2C60E81A8010A7
S21401F4B007B0BDE8F08F5FEA147B18BF0123344A1A
S21401F4C0C4F3016108BFC4F3074332F81120A4B2A4
S21401F4D04FEAC30A2F4844EA02440AF104022A44C6
S21401F4E082421BD20722CA4002F0010201929A0010
S21401F4F004EB830303930123B94603FA0BF808F0E0
S21401F500940305F1080604920593039B09F1040987
S21401F510A34208D1049955443944C0E71D4A95428F
S21401F520E0D80020C4E7059B53B918F0420F19D163
S21401F53018F0280F0BD146F8084C59F8042C21E096
S21401F5404FF4206232210020FCF7A8FBF3E740F6D7
S21401F550042232210198FCF7A1FB04F5805246F8FB
S21401F560082CEAE740F60D2232210198FCF796FBBB
S21401F57004F50052BBF1010F46F8082CDDD159F80D
S21401F580042CD24346F8042C04340836BDE700BFE9
S21401F59048BC0400003000B0F8B50546F0B10026BE
S21401F5A0154B34461F46154953F8042BBAB9A0002B
S21401F5B000F13040294600F50150FFF76BFF30B9E6
S21401F5C040F6AE323621BDE8F840FCF767BB0C4B7F
S21401F5D00134044447F8265023F81640F8BDAA42E1
S21401F5E0FCD001360C2E02D031F81640DCE740F68E
S21401F5F0C83236210020E6E7AC550020FE5D00202B
S21401F600005E002070B50446A8B1C1B1384A52F870
S21401F610043B984215D1002336498A689206FCD4E9
S21401F6209B00354A03F1304303F50153C2F8B0306D
S21401F6302022324B9A6070BD01330C2B02D1304D23
S21401F64012E0012352F8041BA142F5D12D4A32F8EB
S21401F6501330E1E704D16268C3E90012083403E01D
S21401F660012A01D1043419602268531CE3D0C2F385
S21401F670016335F81300110C93B211F0FE0F43EA43
S21401F680004360680DD00434CAB2022A2168E1D969
S21401F690D4E90160033AC3E9001698600C340C33D0
S21401F6A0F3E7120F072AD9D8DFE802F00704090D9D
S21401F6B01013181DC04303F500531860CEE71A68EF
S21401F6C042401A60CAE703F58053F6E71BF0D2F80A
S21401F6D0C4E7012203F580538240F2E7012203F5D5
S21401F6E000538240EDE71A6830EA0202FBD1B5E723
S21401F6F0AC550020000002B8001E00B0001002B891
S21401F70048BC0400FE5D00200122014BDA67704709
S21401F710001002B80122014BDA677047002002B8D8
S21401F7204022014BDA677047002002B84022014BA5
S21401F730DA677047001002B80B4B1B68D3F8E43049
S21401F74023B11A68022A01D9186A7047074B9A6DC5
S21401F75090B238B1064BC2F307421B68DB0853432D
S21401F760B3FBF0F0704700BF24560020004001B8FC
S21401F77098550020064BDB68C3F30363984206D115
S21401F780044AD36B23F0F00343EA0111D1637047B7
S21401F790000002B8001F00B0054B1B68D3F8E43028
S21401F7A013B11A680A2A01D8FFF7C6BF186C70474A
S21401F7B0245600202DE9F74306461BF054F8002492
S21401F7C08046DFF890901FF052FD0DF107010546C7
S21401F7D00DF10600FEF75AF89DF806308BB9721C3B
S21401F7E029D01BF040F8A0EB080428461FF03AFD8C
S21401F7F09DF8063013B99DF807303BB3A642E2D810
S21401F80024E0D9F80C3013F4603FE8D0D9F81000A2
S21401F8101BF096F8731C074603D01BF024F8A0EBE8
S21401F820080428461FF01EFD17F5007FE0D0384675
S21401F83003B0BDE8F08328461FF014FD9DF806309E
S21401F840002BC0D19DF80730002BBCD1004FEEE74E
S21401F85000FEFFFF00C000B810F1800F04D04D2855
S21401F860CEBF7F20323040B2FF22044BC0B21A62B4
S21401F870A3F5805318620020704700BF00E000B86F
S21401F8800B4A10B5136E0B4C116E03F00703E35CC5
S21401F890C1F3CD0101FB0333126E0748C2F34542A3
S21401F8A002FB033300688001B0FBF3F010BD00BF1C
S21401F8B0004001B840BC040098550020084910B526
S21401F8C0D1F89C3040B11C46CA68D1F89C309C42A5
S21401F8D0F9D1C2F30362027003F00F0010BD00BF3E
S21401F8E0000002B8094B01F080011B6F03F480038E
S21401F8F00B4309D14FF40012054B1A62837F1BB1EB
S21401F9000122044BC3F80021704700BF000002B873
S21401F910006001B8005001B82DE9F04F404F804615
S21401F92085B038680C461AF0A5FC20B9002420469C
S21401F93005B0BDE8F08F224600214046FBF73EFBAE
S21401F940384B5D6915F00105F0D1FCF701F8064664
S21401F9500028EBD03F6838461AF0C4FB4FF6FF7319
S21401F960984234D04FF060512F4E304B304AD3F886
S21401F9702090D6F88C3011624FF00061A2F58052CB
S21401F980116224220421C6F88C202A4A4FF4804BA7
S21401F99091604FF480520027DFF8A4A0CAF868B03F
S21401F9A0F262A7421ED30421234A9160A2F5F032E7
S21401F9B0C2F88C304FF060521D4B1A6209EA0203FE
S21401F9C01E4A13624FF480421D4B9A66AFE73146DA
S21401F9D038461AF02BFB01463846FCF7FDF800289E
S21401F9E0C0D0A3E7B26E5104FCD5B268D205F9D5F2
S21401F9F0CAF868B0D6F890200135012D0392D0D907
S21401FA00E21B042AA8BF042208EB070003A90193FE
S21401FA100092FBF763FC009A019B3A4497B2C0E759
S21401FA2024560020000002B8004000B8004001B88B
S21401FA30006001B8001002B8002002B8005001B8FA
S21401FA40006000B84FF604014FF60502044B012092
S21401FA501B6C9BB28B4208BF1346024A1366704763
S21401FA600080E00F00C001B82DE9F74F81460F4630
S21401FA704FF0FF35FFF790FB002601908A462C4693
S21401FA803046DFF8D8B006F110031B015BF80330EF
S21401FA9003F00308B8F1010F15D13046FFF794FBC8
S21401FAA002460B4601985146FFF716F9DBF864301B
S21401FAB006F10802D340DB0739D5002F40D00025D8
S21401FAC02C463E6040460136082EDCD160B3234A00
S21401FAD00027D2F808C0916B0CF440330131A4FB27
S21401FAE00141641941F10001B3F5003F30D1536B78
S21401FAF00CF4405C013347F10006BCF5805F22D16F
S21401FB00156B15F5807505FB06F647F1000203FB3C
S21401FB100266A5FB03323244594304FB0212A3FBDF
S21401FB2004341444C9E9003403B0BDE8F08FA84298
S21401FB3071EB0403C6D207B13E6005460C46C1E729
S21401FB403D463C46BEE7320242EA13621B02E3E749
S21401FB50136B13F5807347F10002DDE700C001B8AF
S21401FB6008B51AF001FF044B5A7C01230232934078
S21401FB70024A536108BD00BF085600200020005805
S21401FB802DE9F34105460F4668461146FFF76CFF1F
S21401FB900646B0B1AFB1DDE900321B0A43EA0263A3
S21401FBA0A5FB0384094B120A05FB02441A6812B925
S21401FBB01AF0C4FE0246002340462146FAF792FE9A
S21401FBC03860304602B0BDE8F08100BF985500208D
S21401FBD037B50446FFF70EFCE17822791B4841EA67
S21401FBE00243C0F8CC34E579A37943EA0543C0F86B
S21401FBF0D03423784BB18DF8041004218DF80520FC
S21401FC000DEB01000022E8F76DF863785BB1042183
S21401FC10A37900228DF80430E3790DEB01008DF80D
S21401FC200530E8F75FF8227801235AB1084AC2F88E
S21401FC30C834627802233AB1054A0020C2F8C834B3
S21401FC4003B030BD034AF2E7024AF6E700C00350AC
S21401FC5000D0035000E0035070B52C4B0C461A78C8
S21401FC6012B92B4A926D1A702A4AD26F52054AD59A
S21401FC701D78294B05F00F06B0FBF3F040434FEA21
S21401FC80151505D140F27C622B21FCF707F80120FF
S21401FC90224A0A217243B2FBF0F34843B3FBF1F662
S21401FCA002EB5002B2FBF0F201FB1633042BD2B288
S21401FCB007D8C3EB8310C3EB80035BB283B96DB285
S21401FCC017E0C3F10B0303EB8303DBB2B3FBF1F3E2
S21401FCD02B44DDB20F2DF2D9013AD2B2053DEEE743
S21401FCE0053B5BB293FBF1F31D44EBB26DB2002D05
S21401FCF004DB002042EA0512226070BD01320533A2
S21401FD00D2B25DB2F5E70220F7E700BF62650020D8
S21401FD10008001B8000002B8403B2500809698009C
S21401FD204FF0000C2DE9F84FA2FB017BC84EDFF81F
S21401FD305CE3BE1999466BF10003B6457CEB030301
S21401FD4008D240F23E220E216046FBF7A7FF0220B2
S21401FD50BDE8F88FD0F8E4A00C461546BAF1000FBE
S21401FD6004D0DAF80030032B00F21B81B94BBA4AF3
S21401FD709B6BD2F8FCA0C3F31408B84BD3F8EC3055
S21401FD805E00B64B48BF48F400181B6E48EA45684B
S21401FD9058074EBF4FF440039B0503F0E07348EA53
S21401FDA003081DF03DFB012D0646D0D10028CED01C
S21401FDB0AB4B984200F0048103F5122303F5F86378
S21401FDC0984200F00381A74B984200F02F8100254E
S21401FDD002462B4600204FF00071FAF783FD2B46B2
S21401FDE0013007FB03F3C8F3130100FB0B33A1FB40
S21401FDF00662A7FB007001FB0522034420339B0922
S21401FE00C9F80030F60C984B46EA423618F4801FC3
S21401FE101C6008BF7642954B954DC9F81440344492
S21401FE201E602C60BAF1000F00F0B98000239149E2
S21401FE30C8F381528A5C194618F0807F18BF64089F
S21401FE40002EB8BF764292066008C2FB0601224623
S21401FE50FAF748FDDAF800300E2B08D97F4B7D4AB9
S21401FE60926BD969D3F80C31C90600F1D68018F423
S21401FE70001814BFC42240F207127F49C0F31300D2
S21401FE80A1FB04614FEA511102FB01F1C9F804001C
S21401FE90DAF818004FF4FA73B1FBF0F118BF4FF01F
S21401FEA0000801FB03F3A4FB0262FA33A3FB003054
S21401FEB004FB0822B342904138BF0131C9B241F474
S21401FEC0006CC9F808C000297ED0DAF81C00A1FB36
S21401FED0003624B1B4FA84F20E2A40F38880E20395
S21401FEE0002E77D1B2FBF3F2530003FB0113A3FB01
S21401FEF000764FEA044EBE454FEA144474EB0606FC
S21401FF0009D34E003344A0FB0371BE4574EB0101D7
S21401FF1002F10102F6D2C2F30E024CEA023C4CF0A8
S21401FF200063C9F808301DF07BFA2B68002B00F03F
S21401FF308880B3FA83F4D4F102044CBF1C4623FA3A
S21401FF4004F44E4B9C4288BF6408002846D0B4FB9C
S21401FF50F0F3642100FB134201FB02F2904244D805
S21401FF605A1E52085B08013B120242EA0313C9F803
S21401FF700C301DF021FA00285CD0B4FBF0F26421AD
S21401FF8000FB124401FB04F4A0425ED8531E5B083A
S21401FF905208013A1B0243EA0213C9F81030002046
S21401FFA0D6E6042BDAF828807FF4FBAE18F0807FC3
S21401FFB00CBF08F0E0734FF4400328F0E078EEE65B
S21401FFC000232F481D460CE72120C1E600232D48BB
S21401FFD01D4606E70B46002289E7044640F2C24268
S21401FFE02B210020FBF75AFE2346013BB8E7C2F15E
S21401FFF00F0702F1110E06FA0EFEFB4043EA0E034E
S214020000A7F1200E26FA0EFE43EA0E03FE40013347
S21402001004FA02F246F1000662E702F4801203F4E2
S21402002000131A4308BFC0F5801020E700231648C5
S2140200301D46D6E640F2E5422B21FBF72FFE621E56
S214020040A4E70028C9D01C46CFE71446F7E700BF4E
S214020050006CCA88008001B8001F00B0004001B8DA
S21402006000F04902005A6202E4550020E0550020E2
S214020070DC55002058BC0400D34D62103FBE40251C
S2140200800A3BB2DF313641DCD694BFD6807C814A49
S21402009010B50B46044686B039B982790168214804
S2140200A06B460068FFF73CFE6B461F4A19685163B1
S2140200B01E4AD2F8FC2062B35A6842B11C4A1D4955
S2140200C0C2F80C115968A2F58052C2F80C119A684F
S2140200D042B1174A1849C2F8EC109968A2F5805244
S2140200E0C2F8EC101549D868D1F8642122F4EE6201
S2140200F00243C1F86421D1F85C21186922F4EE6249
S2140201000243C1F85C21A1F5FF4158692839FFF77F
S214020110A3FD0020A2880A4B9A6203F5A033186456
S21402012006B010BD24560020008001B8001F00B0A3
S214020130006001B8FFFF0F00FFF8FF0F000002B8D3
S214020140004000B84FF48062014BDA67704700BF88
S214020150001002B84FF48062034BDA67034B1B7839
S2140201600BB1034A93657047002002B8626500200F
S214020170008001B840B10368012B05D90069034B22
S214020180002808BF184670470048704760BC040045
S21402019010B590B10468012C0FD902696AB11168D2
S2140201A0094B102C196051685960916888BFD26853
S2140201B0996094BFD960DA6010BD1022002102480F
S2140201C0FAF7FCFEF8E700BFEC550020084BC11713
S2140201D01A68A2FB000302FB013310F1807043F1A0
S2140201E00003400E40EAC310803820EAE0707047F1
S2140201F0FC5500200722164B70B5DA66154B164AD8
S2140202001D68164BEC08E005C0184FEA153141F19F
S21402021000010023FAF766FB114B124E18604EF6E9
S2140202206020FFF7D3FF4042C6F884000E48FEF770
S214020230EDFF024658B1E301500818184FEA15714F
S2140202404FF0000341F10001FAF74CFBF06570BD78
S214020250000002B89855002065CD1D00B2E60E00DB
S214020260FC550020001F00B040420F0010B50446A7
S21402027098B10B4BD3F8FC00FFF78AFF4FF47A7362
S21402028003FB04F0074BA0F6AC50DA689B681044F8
S214020290C01ABDE81040FFF799BF4EF66020F8E797
S2140202A0001F00B0EC5500202DE9F843054608462D
S2140202B014461E46FFF76CFF0DB306F0020716F053
S2140202C004061ED1DFB14FF47A706B685843002BD8
S2140202D040F08C80FFF77AFF60626B69002B00F0BB
S2140202E08C804B4AD0684FF47A7202FB0300A0F56A
S2140202F003501038FFF76AFF2062002E57D1BDE880
S214020300F8832869002868D04FF47A735843404B24
S214020310A0F6AC509B68C01AFFF758FFE061A88BA6
S21402032000285DD04FF47A735843394BA0F6AC5090
S2140203309B68C01AFFF74AFF2061364BE968D3F87C
S214020340008000294FD04FF47A735943304BA1F600
S214020350AC519A685B68891AC91A2F4BC8171A6873
S214020360DFF8BC90A2FB011302FB003311F180718F
S21402037043F10003490E41EAC3118039274B6161FC
S214020380DB6EA361D9F8003053B140461AF06CF91F
S21402039030B12246D9F800301D49D8F8D80098471F
S2140203A00021A869FFF762FFA062002F8BD1A86820
S2140203B030BB47F23050FFF709FFA0604FF47A7067
S2140203C02B6858432BB1124B1B6803F51C53103392
S2140203D01844FFF7FBFEE06091E74EF660209BE7CD
S2140203E04EF66020A6E74EF66021B6E7084B1B687D
S2140203F003F51C53103318446CE747F2305079E784
S2140204004FF47A735843A0F503501038D3E700BF71
S214020410EC55002024560020FC550020001F00B09A
S214020420E855002038B5054608461C461AF03EFA3E
S2140204300246D5F8E400FFF79DFE4368A018002B9D
S214020440044AA8BF4FF4FA721A44034B92FBF3F223
S214020450104438BD0CFEFFFF18FCFFFF70B5124CAF
S21402046088B001AD0FCC0FC594E8070085E80700F9
S2140204708C2200210D48FAF7A1FDD42200210C4857
S214020480FAF79CFD0B4B0C4A5A6301F04DFA0B4BE4
S2140204901B783BB1044E01AD0FCD0FC695E80700A1
S2140204A084E8070008B070BDC41F00B0A01E00B0EC
S2140204B02C1F00B0001F00B010111111556500204E
S2140204C008B51EF0D4FE0E4B1A78A2B90D4A126871
S2140204D012F4843F0FD10C4A1021D1671B7863B9FE
S2140204E0084B1B68DB0508D4074B2022DA67BDE8F9
S2140204F008401EF0B7BE054AEEE7044BF5E700BF1C
S2140205006865002048160020002002B8001002B8D5
S2140205100A4B197801F0FF0229B100211970084927
S2140205209202C1F8B420597801F0FF0229B10021E5
S21402053059709302024AC2F8B830704763650020C9
S214020540005000B8064BD3F8D80E064B5B6F1A0164
S21402055003D4054B9B6E1B0401D500F580707047D3
S214020560001000B0000002B8004000B810B51EF03F
S2140205707EFE0E2104460320FFF7FCF840F201221D
S214020580034B2046BDE81040DA621EF06BBE00BF89
S214020590004000B808B51EF06AFE4FF00042224B3B
S2140205A0C3F88020BFF34F8FBFF36F8F0122C3F8CB
S2140205B08420BFF34F8FBFF36F8F0222C3F88420CD
S2140205C0BFF34F8FBFF36F8F0422C3F88420BFF3AD
S2140205D04F8FBFF36F8F0822C3F88420BFF34F8F6D
S2140205E0BFF36F8F1022C3F88420BFF34F8FBFF381
S2140205F06F8F2022C3F88420BFF34F8FBFF36F8F15
S2140206004022C3F88420BFF34F8FBFF36F8F4FF49F
S2140206108072C3F88420BFF34F8FBFF36F8FBDE89D
S21402062008401EF01FBE00BF00E100E008B51EF045
S2140206301EFE4FF00042094B1A6001225A60042245
S2140206405A6008225A6010225A6020225A604022BB
S2140206505A60BDE808401EF005BE00BF00E100E09B
S214020660012370B5074C2370074B1E68074B3240B8
S214020670D3E9005319402840FCF7F8FC0023237006
S21402068070BD00BF66650020045600204816002094
S2140206900022044B1A70044B197811B11A70FFF736
S2140206A00FBF704767650020686500202DE9F04798
S2140206B0DDF820A003EA0108099B06460C4602EA7A
S2140206C0000703EA0A09BAF1000F40F04E81031F41
S2140206D00B4300F00E81052871F1000380F0E480E0
S2140206E050EA010300F06081431E0B4300F02481B0
S2140206F0FFF750FFAD4AD2E9005323EA040325EA86
S21402070006053D4343EA0807A94BC2E900571E689F
S214020710DFF8F48226EA0A0646EA09061E60FFF7B2
S214020720CFFE15F02A4F14BF48F202034FF40043DF
S214020730A04AB007D26EA04848BF43F4005383EAEB
S214020740020122EA0302C2669C4A0B408166D36615
S214020750C5F380421203290348BF42F48072EB06B7
S21402076048BF42F40052964BAC0648BF42F40072B1
S2140207706806D3F80C3248BF42F48062290648BFA6
S21402078042F400628F4882EA030123EA0203C0F8B9
S2140207900C328D4B0A40C7F34024A404C0F808125A
S2140207A0C3F80C22EA0448BF44F48034AB0348BFC3
S2140207B044F48014A80748BF44F4800415F4001FCC
S2140207C006D0D8F800001AF0A5F908B944F40024B7
S2140207D0E90248BF44F40034FA0648BF44F4000471
S2140207E073077A4B48BF44F004041A6A44F40014B0
S2140207F084EA020323F0010375491A400A621C4088
S214020800CB61744B16F0010F1C62734B734A18BF10
S2140208101A46734B7C071B6F48BF42F00062714852
S21402082082EA030123EA020303676F4B0A4041662A
S2140208301A676E4A05F00103516CA0F5803081EA12
S214020840030221EA0301416482631A40684B2802CC
S2140208505A64D8F8002048BF664B92F8F62058BF74
S214020860654B690748BF43F4806322B115F4C06F35
S21402087018BF43F480733207604A48BF43F0004310
S214020880D2F8EC105E4883EA010222F4A02211405C
S214020890C0F8EC101340C0F8E0205A4ABDE8F04712
S2140208A0C2F8EC30FFF7C2BEA0F580630B4306D059
S2140208B020F48063A3F500730B437FF419AF1EF098
S2140208C0D6FC3A49D1E9003223EA060322EA0402B8
S2140208D042EA08023B43C1E900324B4A126892F8E8
S2140208E0F610474A09B313F4C06F1ED04FF4807354
S2140208F011E01EF0BCFC2D4AD2E9003123F00403BD
S2140209003B4341EA080157EA0807C2E900314FF4BF
S21402091080633B4A0BD0C2F8E030A2F58052C2F8A0
S214020920EC30BDE8F0471EF09DBC4FF48073C2F871
S214020930EC30C2F8E030F4E71EF099FC1B4AD2E92C
S214020940003123F001033B4341EA0801C2E90031CA
S21402095001232E4A57EA08071BBF9363A2F580526B
S2140209605364536408BF9363DBE750EA01037FF4E2
S214020970BFAEBAF1010F7FF4BBAE1EF078FC0C4A94
S214020980136823F0010343EA090313604FF48063FC
S214020990144AB9F1000F04D05366A2F580521367C9
S2140209A0BFE713675366BCE7BDE8F087481600202A
S2140209B004560020004000B8006000B8005000B89E
S2140209C0004001B8006001B8005001B8000002B84B
S2140209D0002002B8001002B8041C0003041800032A
S2140209E000C001B800E001B800D001B800C000B8ED
S2140209F000D000B80D0A0A09090A0A090040005484
S214020A0000600054005000542456002000E000B855
S214020A10024B5868C0F3C000704700BF481600205B
S214020A20024B186800F00100704700BF481600200D
S214020A30024B5868C0F3C030704700BF481600200B
S214020A4010B50446FEF700FDFFF7A4FD2046FDF7AD
S214020A50BDF8FEF7A5FCFEF7ABF8FEF71DF9FFF7AB
S214020A60C9FB13490723134AD1F8FC1004F1F80016
S214020A70FFF71AFC4FF080710020FEF7E7FB4FF0FD
S214020A8000720D4B4FF400110120C3F80021FEF74F
S214020A90DDFBFEF7D7FF20B940F292321421FBF7B6
S214020AA0FDF819F06AFFBDE810400120FDF766BFA9
S214020AB0001F00B0581F00B000D001B88023074ABC
S214020AC01367082340B11367054AD2F8A03023F013
S214020AD02003C2F8A0307047024AF4E7001002B8BA
S214020AE0001E00B0002002B810B51EF0C0FB0121A7
S214020AF004460020FFF7E2FF044B1961044B5B68D3
S214020B0098472046BDE810401EF0ACBB000002B875
S214020B10F06B0020F8B5194C0546207840F2E44206
S214020B20B0FA80F03E214009FBF7B8F855B9607874
S214020B3040F2E442BDE8F840B0FA80F03E214009B7
S214020B40FBF7ACB84FF440660D4F0E4DD7F8B430F5
S214020B5040F2E442C3F381232370C5F8B4606078A0
S214020B603E21B0FA80F04009FBF798F8D7F8B83083
S214020B70C3F381236370C5F8B860F8BD63650020CF
S214020B80004000B8006000B8F8B5084C084D236F66
S214020B900423084F2B67236F5B0300D4F8BD04269B
S214020BA002203E6719F066FE2E67F4E7000002B8E0
S214020BB0001002B8002002B8A82238B51A4B1D6FE2
S214020BC003F500531A6710229A60A3F5804302F1D8
S214020BD000521A675A66FFF79BFC144B1B7813B930
S214020BE00320FEF78BF80024114B9C67FFF7CCFF1F
S214020BF0104A114BD2F8D81E0B40C2F8D83E042237
S214020C000E4B1A670E4BAA06C3F8AC4008D503F57E
S214020C108073DB6CB3F5817F22BF8022024B1A61A0
S214020C20BDE83840FCF7C2BB000002B8656500208C
S214020C3000C001B8001000B0DF0000FF002002B8BC
S214020C40001E00B010B549B930B3164AD3681B0E61
S214020C5013F00E0F20D193689A061DD4FFF786FC78
S214020C60104C0020FEF72AFE032801D0092805D1E1
S214020C70636FDB03F5D4E36D0C2BF2D9FFF784FF29
S214020C804FF40072084BDA62012203F5E8335A6128
S214020C90042203F580531A674FF4C062034BDA62EC
S214020CA010BD00BF000002B8004000B8006001B8E6
S214020CB008B503210920FEF75DFD2022014B1A61CB
S214020CC008BD00BF000002B838B505461EF0CFFAD0
S214020CD00E4B04461868FDF745F835B1FFF7D8FC09
S214020CE02046BDE838401EF0BDBA094B1B78002BE3
S214020CF0F6D0084B1D78002DF2D1FFF7C9FC2A4624
S214020D004FF480400021FFF7ABFCE9E724560020B1
S214020D1067650020666500202DE9F84F5C4B0646A5
S214020D200D4614461B6F002A40F0AE8013F0A00F4B
S214020D3014BF4FF001094FF00009FCF737FBA02360
S214020D404FF0000ADFF868810320C8F87030FDF71C
S214020D50D5FF0420FDF7D2FF4E4FFFF799FC4E4B0E
S214020D604FF0040B7B67C7F878A0FFF70DFF4B4BDD
S214020D704FF48071D3F8A020494842F02002C3F80D
S214020D80A020FF22C8F80820414A1161D0F8D82EC8
S214020D9044491140C0F8D81EC8F870B0C3F8ACA0D9
S214020DA07B6913F0060F04D0FEF75CFA5846FDF78F
S214020DB0A5FFB9F1000F08D04FF400623A4B1A674C
S214020DC04FF40042A3F5E0339A6666B1374BDB6C0C
S214020DD0180701D4FFF7CAFBFFF76AFF0420FDF7E6
S214020DE08DFFFFF795FB2A4B5A69D10747D5DA687C
S214020DF012F0706FFBD12E4B2E4A1A672E4AD36B17
S214020E0023F0F003D36315B12046FFF75DFF2B4BAB
S214020E10D3F84C315A1C01D05B0002D50122244B78
S214020E205A6164B3214BDA6E03F500539A6603F5F2
S214020E30D0331B6A1E4A23F00103D361204BD3F83A
S214020E400C1203F50053C3F8081203F50053D3F847
S214020E50841003F5005399671A4BD3F8EC1003F588
S214020E600053C3F8E010184B596C03F5005399630E
S214020E70164903F5803359664FF608431367002078
S214020E80BDE8F84FFCF736BD4FF0000955E700BF46
S214020E90000002B800C001B800000101001E00B048
S214020EA0001000B0DF0000FF001002B8004000B8DB
S214020EB0002002B810003000001F00B00080E00FD3
S214020EC0004001B80040005400C000B85000002F97
S214020ED09B4B2DE9F04F9F6EDB6E85B01F40994B02
S214020EE09F66994BD3F8E050D3F8EC301D40974BF1
S214020EF0C3F8E050964BD3F80822D3F80C3202EA35
S214020F000309944BC3F8089203F52043DA691B6A77
S214020F1002EA0308904B08F47702DA618F4BD3F8A3
S214020F200422D20605D4D3F80431C3F30016DB0636
S214020F3051D51EF09CF98A4B5A695E6E1B6F12F0F1
S214020F40060F06EA0306874A26F0007314BF4FF020
S214020F50010A4FF0000A23F400637407536604D5AF
S214020F60814A137D0133DBB213751EF07BF9002F25
S214020F7000F0E28017F4004300F0D3801EF077F909
S214020F800146FFF7DFFA0446784BD3F800B0DBF8E9
S214020F900020DBF800309A42FBD0DBF800209A42B1
S214020FA0FBD0FFF7CFFAA04217D108461EF05AF937
S214020FB06F4B1C606F4BD3F870B01BF4E0520ED12F
S214020FC024F07F4424F0DF040CB9FFF7F5FD4FF060
S214020FD0807B002414E0B246C9E70446D7E70192B4
S214020FE0FFF7EAFD5C4B019A1BF480541A6740F047
S214020FF09A801BF4806F0CBF4FF0805B4FF0806BC3
S214021000B80715D55B4A5448126F02F4604101676F
S214021010002900F08B80110400F18B8012F4005F2F
S2140210200CBF4FF000524FF0006200244BEA020B56
S214021030C7F340377F00504A2A40002A4AD015F4A8
S214021040206F0AD040F6A31206210020FAF726FEE9
S2140210500020FFF739FE25F48025EB0506D5FF2193
S2140210603D4A4BF4C06B9160FFF780FA15F0090F0A
S2140210700AD040F6B81208210020FAF70FFEFFF752
S21402108017FE0121304A116315F0106F0CD040F69E
S214021090C11209210020FAF701FEFFF709FE00221D
S2140210A011461046FCF736FE15F4202F0AD040F6FD
S2140210B0C91207210020FAF7F1FD0020FFF704FE0F
S2140210C025F48025E80301D5FCF768FF002DB8BF9C
S2140210D047F0080769070DD51B4AD26A12F4005F6B
S2140210E04FF4005217BF19492449CA624BF4000B49
S2140210F008BFCA626A0548BF4BF0040B15F480238A
S214021100019300F0A480FCF701FF0138062837D8C7
S214021110DFE810F028012B0128012E0131013401ED
S21402112034019B4655E74FF0804B52E74FF0007272
S2140211307BE74FF0004278E7BB463C467BE700BFC2
S214021140004000B8006000B8004000540060005440
S214021150004001B8006001B8002002B800E100E0DB
S21402116000C001B800E001B808560020F4BB040035
S21402117000560020000002B8090B0B8900500054EC
S21402118040F6FA1203210020FAF788FD012185486D
S214021190826ED0F8883002F00702063201FA02F2B6
S2140211A0C3F30C0CA2EB0C0292B2072A12D97E4AA7
S2140211B0126F53020ED47D4B826B806D5B6D5BB1FA
S2140211C002F0070206329140C0F30C00091A89B2F7
S2140211D0072901D84BF4007B754A1278002A36D0CC
S2140211E0704AD2F8E02012F4A02F30D1714A724928
S2140211F012789AB9F20411D40A787AB14FEADB026D
S2140212006E4842EA447282F00102D0F8D80E02F02A
S2140212100102520020FA02F2930718D10420FDF7C9
S2140212206DFD674A67485067FFF732FA62490A78E7
S2140212304AB9654A127832B1644A654912680BEABD
S21402124002020A4201D14BF4804B26F48056B9F1D1
S214021250000F1DD019F4805F18BF4BF4802B19F4D1
S214021260807F18BF4BF4002B19F4005F18BF4BF0B9
S214021270100B19F4007F18BF4BF0200B19F4806F87
S21402128018BF4BF0400B19F4006F18BF4BF0800BE1
S214021290B8F1000F48D018F4001F0AD04D4A136860
S2140212A03BB1414A4C48116F00680022C1F3C0614D
S2140212B0984718F4802F18BF44F4007418F4803F3F
S2140212C018BF4BF4805B18F4801F18BF4BF4003B2A
S2140212D018F4800F18BF4BF0020B18F4003F18BF2B
S2140212E04BF4801B18F4000F18BF44F0100418F4D7
S2140212F0002F19D0394AD2F8A02012F0C00F13D00E
S2140213002949CA68C2F30362032A01D0072A05D113
S2140213104A6FD00602D48A6F120732D54FF40021E4
S2140213202F4A28F40028D161002E00F01B813305D5
S21402133040F18F802B48DFF88890C2782A49002A2D
S21402134058D04FF40063013AD2B24B66C27032B93B
S214021350264A1278C2B140F60141254A5167002258
S214021360002173E04BF4803B10E74BF4006B0DE773
S2140213704BF4806B0AE74BF4807B07E74BF0080BD5
S21402138004E74BF4001BCFE7D9F8782012F4A05FED
S21402139015BF4FF4807240F60142C9F85820C9F8CA
S2140213A07820DCE700400054000002B8004000B895
S2140213B068650020676500206A650020001000B09E
S2140213C000C001B80000010169650020481600202F
S2140213D0088D01003855002024560020001E00B05B
S2140213E0002002B85965002000E001B865650020BB
S2140213F000D001B80320FDF781FCD9F81420A84BD1
S21402140012F0060F04BF41F61F72A649A64808BF8F
S2140214104A674FF40061A34A5166D9F8142012F0C5
S214021420060208BFC9F878205A8A12F4006162D010
S21402143022F400625A82027802F0FF09002A5ED184
S214021440FDF710FFFFF7B8FB4A4620214BEA020BD6
S2140214500C43B00009D52E20FDF79EFB4FF000513D
S214021460904A44F0080411675166F10606D52B200F
S214021470FDF792FB10218B4A1167516616F0306F0A
S21402148005D1F20463D5BAF1000F00F0C080330133
S21402149017D52920FDF780FB844A526C12B1102121
S2140214A0834A9160FFF7B4FA48B1824A82487D497E
S2140214B04A66026700F54050C068400422D444F0F1
S2140214C0040416F0007A28D00420FDF717FC272023
S2140214D0FDF762FBFFF770FB4FF00071714A516631
S2140214E0764AD2F8D82E520679D40221704A9160F2
S2140214F044F0020428E002784FF40052A6E74FF4C4
S21402150000422DE70A6720204A66FDF745FB2D209C
S21402151044F00C04FDF740FBD3E716F0807FDFF8BB
S2140215208C9147D00420FDF7E9FB2820FDF734FB19
S214021530D9F87820002A3AD1FFF73EFB594A5D498E
S21402154044F00104116751660021584A91657205FC
S21402155008D55B498A78002A00F0D880013A8A705A
S21402156000221743574AD2F8A020130603D558463E
S2140215702146FCF7C7F93A4658462146FFF770F867
S214021580019B0BB1FCF7F8FC01224F4B05F004352A
S214021590C3F8E0504D4B18F4002FC3F884211EBF49
S2140215A04FF40022424BDA6105B0BDE8F08FC9F86D
S2140215B078A0C3E7F104C7D50420FDF79FFB444A91
S2140215C0C9F87420FDF74EFED9F8642012F0407F69
S2140215D0BAD12A20FDF7E0FAFFF7EEFA80E7394A99
S2140215E0D2F8A0108B0683D402203A4988603A4982
S2140215F0096891F82510C8077FF57AAF92F8C420DB
S214021600002A3FF475AF8021344A116170E7344AEC
S2140216101268013202D04BF0010B98E728490A798A
S21402162052B1013AD2B20A7112B9234A2D49516710
S21402163000224BEA020B8AE70420FDF75FFB032039
S214021640FDF75CFB194A224951671DF010FE8146E0
S2140216500DF10F00FEF732F9234A824612780AB1DC
S214021660FEF784FFBAF1030F0ED1DFF870A0002058
S214021670FEF724F9032807D1DAF87420D103F6D44A
S214021680DAF85C200C2AF2D99DF80F20032A2FD113
S2140216900121164A484611701DF0E4FDC8E700BF56
S2140216A00856002000E001B86565002000C001B8B9
S2140216B0002002B81000002000D001B8001000B0D0
S2140216C059650020001E00B00060005400E100E0F2
S2140216D000000101001002B824560020000002B8E3
S2140216E0F86B00200000010D6B6500206765002086
S2140216F0094AD2F8E02012F4A02FC9D1FEF7C8FF9B
S21402170048461DF0AFFD4FF4804292E70220FDF7F7
S214021710F5FA012225E700BF004000540122024BE1
S2140217201A62DA61704700BF002002B80D4B10B58E
S214021730DC691A6A14400C4A24F47F01D161E2077C
S21402174006D5D9684FF0FF30C1F3036119F01FF9CF
S214021750630706D5BDE81040042200200021FEF7EC
S2140217607FBF10BD000002B8002002B80C4A08B5C0
S214021770936B526C13400B4A9363DB070FD50A4BED
S21402178040F663421878122100F00100FAF786FA52
S214021790BDE80840002201200021FEF761BF08BD17
S2140217A000C000B800E000B848160020054AD2F88B
S2140217B08430DB07FBD4936FD2F884201340024AAE
S2140217C093677047008001B800A001B870B5144650
S2140217D00D461DF04CFD064BD3F8A06074402C401D
S2140217E07440C3F8A0401DF03DFD06EA050070BD3A
S2140217F0001E00B0034BD3F8A03099430CBF012063
S21402180000207047001E00B02DE9F04117460A433B
S214021810012A1D469DF818409DF81C60DDF82080C0
S21402182029D8B44227D2082E25D8032B23D8B8F1BC
S214021830000F20D00A460021FBF71CFDFF21EB001B
S2140218409940C943DFF834C008F1FF38FF00E2B21E
S214021850964202D80020BDE8F0813D190CEB8505C2
S214021860D5F8E02018F8010F0A4098401043C5F852
S214021870E0000134EBE72120EDE700BF001E00B0D8
S214021880034B1868034B002808BF1846704700BF72
S2140218902056002044DD04002DE9F843DFF860906E
S2140218A00646D9F8008008461746B8F1000F03D05E
S2140218B00E242046BDE8F88306B3336801331DD1F3
S2140218C0E1B1FAF70DF805460028F1D0C9F8000094
S2140218D0FAF72CF8284618F06EFB044640B140464C
S2140218E0C9F80080FAF722F8284618F05FFBE0E70E
S2140218F03560002FDDD02846B847DAE72124D8E73E
S21402190024560020024B1868003818BF0120704782
S21402191024560020002108B5024B08465B6898470B
S214021920002008BDF06B00200523064AA2F84A30C4
S21402193092F8493003F0010363F0730382F84930EA
S214021940704700BF001F00B00023F0B585B0CDE998
S21402195001330393124B134D1B78134E8DF804304C
S2140219601DF092FC2A78337804469A420F4F0CD028
S2140219703178386801AA297019F03EF850B140F65D
S21402198008210B481DF075FD04E0386819F014F8BC
S2140219900128EDD020461DF072FC05B0F0BD00BF58
S2140219A01B6F0020526F0020536F0020405600200D
S2140219B0E5910400F8B52B4B1B7823B140F6FC31B9
S2140219C029481DF056FD1DF05FFC284B07461C8873
S2140219D014F0060409D001214FF480701CF008FCB4
S2140219E03846BDE8F8401DF04ABC21464FF48070E8
S2140219F01CF0FEFB204600F0ABFF022808D1802236
S214021A001B4B8021186818F0A0FBFFF79DFFE7E745
S214021A10204600F09DFF054638B1012807D040F663
S214021A20314111481DF025FDDAE70246E8E7FF22BC
S214021A300F4E104B30681A70FFF76CFF306818F0C4
S214021A40BBFF0128CCD02A462946306818F0B6FFDC
S214021A5021462C201CF0F8FB21460A201CF0F4FB41
S214021A60BEE700BF71650020E59104001A5E002003
S214021A7040560020526F0020002101481DF0FEB99A
S214021A80706C00207F2837B5044610D14FF6FF73DE
S214021A90022217480DF10601ADF80630EBF722F9DF
S214021AA0BDF80640E2054CBF6FF04A0464B21DF072
S214021AB0EBFB104B05461C700F4B1B88DB0710D543
S214021AC00E4B1B78002B0E4B0CBF21466FF07F018E
S214021AD0186818F05FFB20B140F6786109481DF0DF
S214021AE0C8FC284603B0BDE830401DF0C8BB00BFA6
S214021AF0641002C04A6F00201A5E00207265002041
S214021B0040560020E591040010B513F039FF60B18D
S214021B1013F038FF0B4A80B141F20D03BDE81040C6
S214021B2041F20D0107481CF0B5BC074B1A781B7929
S214021B309A4204D100220023F0E70D23EEE7034A7F
S214021B40F9E700BF400D03001B6F0020488D01001F
S214021B50F8B5164E0D46337802F0010423B140F272
S214021B60C53113481DF085FC124B134F1D60134DF3
S214021B70A4B1134B997801B1012120201CF038FB47
S214021B802B783B700F4B1C780F4B00211C700423E4
S214021B9033700E48BDE8F8401DF070B9214620208B
S214021BA01CF026FB2B783B70EEE700BF7165002029
S214021BB0E5910400305600206E650020546F002028
S214021BC0345600206F65002070650020706C00207F
S214021BD02DE9F8431DF058FBDFF8A0810546B8F85A
S214021BE00030614C13F4807F03D0237873BBFFF779
S214021BF0E1FE002108461CF027FB5C4B1A78FF2A00
S214021C0013D01A7802F0FF0632BBFF221A7023782E
S214021C10052B0AD10023284623701DF030FB3046E0
S214021C2018F07AFF1DF030FB05462378504E062B3F
S214021C3009D13378FF2B06D03378022B15D1002139
S214021C404C481DF01BF9FF2333702BE000214FF4A4
S214021C5080701CF0CDFACCE71A78012A4FF0FF020A
S214021C6014BF33264C261A70D4E7337813B1337870
S214021C70012B22D11CF05CFB07463E4896F80090EA
S214021C8001F0DCFBFF235FFA89F9337077B1B9F113
S214021C90010F44D16421374884F800901DF0EEF815
S214021CA0FFF752FE28461DF0EAFA06E0284627709D
S214021CB01DF0E5FA384618F02FFFB8F800301B067C
S214021CC005D5002180201CF093FA17F019FA01F0CE
S214021CD0F1FA294E308000B32778012F42D11CF04A
S214021CE0E1FF054610B301301DF0A1FC00F4406090
S214021CF0B0F5006F1AD10422394628461CF012FFAE
S214021D0028441DF094FC4FF6FF7398420ED1002033
S214021D10318800F0FFFC00233380BDE8F8830023FF
S214021D20284623701DF0ABFA3F20C4E7114801F0A5
S214021D3085FB002108462170012500F09DFC2378D2
S214021D400BB9FFF737FE0020318800F0E3FC0023D2
S214021D503380002DE1D020780028DED1BDE8F8439C
S214021D6019F025B80025EAE771650020516F0020BA
S214021D70506F0020706C0020185E00201A5E002053
S214021D8008B513460A461946064B186818F08FFA25
S214021D9030B1BDE8084040F2F44103481DF069BB8B
S214021DA008BD00BF40560020E591040008B5134662
S214021DB00A461946064B186818F073FA30B1BDE8A1
S214021DC0084040F2FB4103481DF053BB08BD00BF6C
S214021DD040560020E5910400024B1878431E5842F4
S214021DE0584170477165002008B5064B1B7823B131
S214021DF040F2255104481DF03CFBFFF7DBFD0020B6
S214021E0008BD00BF71650020E591040008B5054BCA
S214021E1001EB81011868490018F0BEF9002818BFC6
S214021E20212008BD4056002008B5044B1868F9F773
S214021E300FFF0A2390FBF3F040B208BD4056002085
S214021E40014B1878704700BF536F002008B5044B4B
S214021E50186818F00CF9B0FA80F0400908BD00BF07
S214021E604056002038B5124D0C462B78012B04D96B
S214021E7040F246510F481DF0FCFA21460020FFF7BB
S214021E80E5FF90B10C4B1C702B785BB9FFF792FD07
S214021E900A4B93F900100A4BC901186818F050F95A
S214021EA0002038BDFFF750FDF2E72120F9E700BF1A
S214021EB071650020E5910400536F002073650020D1
S214021EC04056002008B5074B186818F0CEF830B117
S214021ED0054BB3FBF0F083B20BB1184608BD0120E8
S214021EE0FCE700BF4056002040420F002DE9F347B2
S214021EF05C4E01201DF0BAFA3388990704D440F6E6
S214021F003F4159481DF0B5FADFF8808198F8003055
S214021F10053B012B04D940F6414153481DF0A9FA6E
S214021F20524F3B6823B940F644414F481DF0A1FA90
S214021F30348814F0200478D0012122201CF084F981
S214021F404FF47A74FFF7BEFF3B681B7809334343AE
S214021F5004EBC30498F80030A5B2062B0BD11CF094
S214021F60AFFD0446FFF7AEFF602358430C2303FB86
S214021F700400284485B2D7F800903D4B99F80080BB
S214021F801C7808F1FF381FFA88F8002C52D13388E3
S214021F905A0505D409F101001DF049FBC0F34014AF
S214021FA03449354A887812784B7812FB00F2334F60
S214021FB093423B70A4BF9B1A3B703B78CA78BD60C5
S214021FC0934238BF13463B7013F0E2FC002833D02E
S214021FD013F0DCFC012814BF102508252543002336
S214021FE0DFF8ACA00093802243464946DAF80000A8
S214021FF018F004F920B14FF43B611B481DF039FA82
S2140220001F4BDAF8000019781E4B197033889B06AE
S21402201014D52A461C4B009718F0ECFCC0B90020D9
S21402202002B0BDE8F0471DF021BA214622201CF07E
S2140220300BF987E70024B3E72546D0E72A460F4B7D
S21402204018F0D6FC014618B925201CF0FDF8E6E784
S214022050214626201CF0F8F840F6F43102481DF01E
S21402206008FADCE71A5E0020E591040030560020EC
S214022070746500201B6F00206E650020206C002017
S214022080536F0020526F00203456002071650020E6
S21402209040560020184B10B51B889B0704D440F608
S2140220A0A66116481DF0E5F9154B1B78053B012B7A
S2140220B004D940F6A76111481DF0DBF9114B1B68E5
S2140220C023B940F6A9610D481DF0D3F900240E4B42
S2140220D00E4921201C701CF0B7F8014618B9BDE85D
S2140220E01040FFF703BF022804D12046BDE8104087
S2140220F01CF040B910BD00BF1A5E0020E591040036
S21402210071650020305600206C650020AD2202006A
S214022110F8B55A4C23889A0704D54FF43E715848AE
S2140221201DF0A7F9574801F089F91DF0ADF823888C
S21402213005465B070DD54FF0FF3018F0A6F8524B58
S2140221401B68C01AB0F5717F03D9002104201CF069
S2140221504FF828464D4D1DF092F82B78042B32D1BD
S2140221601DF092F8238806465F0708D545480021E9
S2140221701CF084FE3046BDE8F8401DF080B81DF025
S2140221807EF81DF081F8424B06461B78414F13B984
S214022190238859050FD50523012102202B701CF038
S2140221A027F8FFF777FF30461DF069F83B68DA78C4
S2140221B0394B1A70F8BD386801301DF038FA8206BD
S2140221C0E9D50623E8E7062B4DD1344B1B78FF2BC7
S2140221D0F0D1334E13F0DEFB3378002B3DD01DF0EA
S2140221E053F8238805465B0705D5264800211CF0D0
S2140221F045FE2846BFE71DF042F83378013B3370B0
S2140222001DF042F80446012102201BF0F1FFFFF701
S21402221041FF20461F4C1DF032F8206801301DF0A9
S21402222006FA00F44060B0F5006F13D1246801216D
S214022230042220461CF076FC20441DF0F8F90146E4
S214022240184B04201A783378D21AD2B2BDE8F84076
S2140222501DF0B6B94FF6FF71F2E740202B70BDE8CD
S214022260F84018F059BC012BA4D100232B700E4B5A
S2140222701868FFF74FFB3F20F1E700BF1A5E002009
S214022280E5910400706C00202C5600207165002039
S21402229074650020305600206D650020506F0020C7
S2140222A06E650020546F00204056002008B50A4B89
S2140222B01A7882B9012210281A7004D040F69D615D
S2140222C006481DF0D6F8002120201BF091FFBDE83D
S2140222D00840FFF70BBE08BD6C650020E5910400C0
S2140222E008B5094B1B88DB0604D440F2C3510748E5
S2140222F01DF0BFF8102000211BF07AFF044B18686F
S214022300BDE8084018F06DBB1A5E0020E591040097
S21402231040560020012208B5074B1146186818F0EF
S2140223204DFB00212C201BF08FFFBDE8084000214A
S2140223300A201BF089BF00BF40560020014B400810
S214022340185C70474C6F002008B513460A461946BB
S214022350064B186817F0B1FF30B1BDE8084040F6EA
S214022360E94103481DF085B808BD00BF405600206D
S214022370E591040008B5044B186818F01DFB0138F7
S21402238018BF012008BD00BF40560020054B10B5FF
S2140223904C0022460146186817F0ECFE031B584212
S2140223A0584110BD4056002070B505461CF06CFF23
S2140223B00E4B0F4E1B880446DA07357008D50D4BB8
S2140223C00D4D1B78012B08D90121286818F09EFBB9
S2140223D02046BDE870401CF052BF1BB113F0CEFA87
S2140223E0C305F1D4317881F00101EEE71A5E0020D0
S2140223F04B6F002072650020405600200C4B10B533
S2140224001B880446DB0711D5FFF77EFB094B84F0D9
S214022410010208211868D20017F097FE30B1BDE815
S214022420104040F6367104481DF023B810BD00BFB8
S2140224301A5E002040560020E591040008B5044BC1
S2140224400146186817F044FF003818BF012008BD7F
S2140224504056002010B50A4C23787BB1FFF75AFF8E
S214022460002104201BF0C4FE002102201BF0C0FE47
S21402247000232370BDE81040FFF79CBA10BD00BFD2
S2140224807165002038B5094800F0E8FC0024084DC4
S21402249095F84430E0B2834200D838BD05EBC00060
S2140224A0043000F0DBFC0134F2E700BFE456002003
S2140224B04456002008B5104602494822F8F70EFF97
S2140224C0002008BD9C56002008B505481DF041F9BD
S2140224D0014620B9BDE8084001481CF0CFBC08BD43
S2140224E0906C0020002238B51C4B15461C461A700C
S2140224F00132082A5D609D8043F8085FF8D14822C1
S21402250000211748F8F75AFD4FF6FE73A4F8683014
S2140225106FF48033E365134B00211A88124B186858
S214022520F8F74CFD114BC4E91255C4E9283584F876
S214022530445084F85050656584F8A850E9F73CFF8B
S214022540FF220B4B012118700A4B00201A70E2F78B
S2140225509BFA0020FFF7B8FF002038BD4456002043
S2140225609C560020BC6E0020506B00200000FFFF2F
S21402257075650020CA65002010B5AC24084B04FB24
S2140225800030836C53B990F850403CB931B1C0E981
S21402259012122046FFF798FF204610BD2120FCE7C6
S2140225A044560020AC2370B503FB00F5094E7319A0
S2140225B093F850405CB9204610F0AAFC735D2046A2
S2140225C043F002037355FFF77FFF204670BD0120DC
S2140225D0FCE700BF44560020AC235843024A135C73
S2140225E023F00303135470474456002070B5164672
S2140225F01F4A04461278C2BBAC211E4D01FB005195
S2140226008A6C92BB91F850203AB1022B2DD191F8E8
S2140226104410072907D91C2026E091F84410072900
S214022620F9D8012B08D0AC2000FB0450CA00011DCB
S2140226300C30F8F715FD0021AC2303FB04F0002450
S2140226409DF8143000EBC1012944CB71049B8E80A7
S2140226508B602B1893F84420204601328C7183F845
S2140226604420FFF731FF204670BD0120FCE700BF83
S2140226707465002044560020F8B5234B04461B78A8
S2140226800F46002B3ED1AC23204D03FB0053B3F87C
S214022690A03023B940F245311D481CF0EAFEAC22B8
S2140226A002FB0452D2F8A46036B192F8A33039463F
S2140226B00020B2F8A020B047AC2300216343EA18FA
S2140226C0A2F8A010C2F8A410482192F8A82001FB94
S2140226D002322A44D2F89820964213D0EB5C9B072B
S2140226E00CD5AC226243AB5C204623F0020343F0D7
S2140226F00103AB54BDE8F840FFF7E6BE10F02AFC33
S2140227000028EED1F8BD00BF7465002044560020B4
S2140227103C9204002DE9F04F89B0059008460D461C
S2140227201CF0C0FA044618B9212009B0BDE8F08FA3
S21402273028461CF0D3FAC0B20838215C221892F858
S21402274002A00491D1785268277803920022B4F846
S2140227500130ADF81E20434A029192F800B0BBF158
S214022760000F08D0404B1B681BB120464FFA8AF276
S21402277098470020D9E703F00703022B70D00134F4
S2140227800922594620461CF0CDF9023F3F1A3B0665
S21402279006465FFA87F8C7D4344FD7F89090B9F157
S2140227A0000F27D100210DF11E0B43462246084694
S2140227B0CDF800B010F0E4FAC3B20546002B4BD1B8
S2140227C0BDF81E0018F0ECF9E0B9BDF81E0018F0CE
S2140227D0E3FA8146BDF81E0018F0E2F9F0B906EBFE
S2140227E0080201232146584692B200F07BFDD0B182
S2140227F019209AE75B465A4601212846C847002810
S214022800D0D191E7D7F89430BDF81E00002BDCD06B
S214022810A11998470028D8D1022086E742464846A2
S214022820A119F8F75BFDBDF81E001CF03BFA029BEF
S214022830059A0372049B80F809A08372039B1BBA55
S214022840C360AC2303FB027393F85020BDF81E004E
S21402285022B1DB6C03B19847E8B266E7BB6FF9E7D3
S214022860012062E7746500202856002044560020A6
S2140228702DE9F84308460F46164602F1010918F0FC
S21402288090FA8046384618F084F9042856D138461D
S21402289018F0A3F948F661054FF6FF7248F64103B1
S2140228A0294C904208BF1D46B4F85C10301D1CF03F
S2140228B0C0FE384618F091F90146B01D1CF0B9FE6C
S2140228C0B4F85E1006F108001CF0B3FE06F10A0426
S2140228D038460DF067FF10B145F01005ADB2294637
S2140228E048461CF0A6FE384618F056FA42460146FE
S2140228F02046F8F7F3FC384601211CF00BFA444454
S214022900074660B11CF0EAF9054638461CF0CAF9DB
S214022910EDB201462A462046F8F7E0FC2C440B4A64
S214022920A41B13780134591C1170F37034703046AE
S214022930BDE8F843092201211CF0F4B848461CF011
S21402294076FE4C460546C3E74456002075650020D1
S214022950AC2210B548245043094B1A1892F8A81016
S21402296004FB0100034493F87700022806D092F88D
S21402297050301BB9032818BF012010BD0020FCE709
S2140229804456002070B508B1012070BD234C94F85F
S214022990A850002DF8D12946B4F85C20FFF706FAB5
S2140229A029462846B4F85E20FFF7EAF92946284663
S2140229B004F16002FFF7C8FC94F87730002BE3D0EE
S2140229C0284694F85860FFF73BFA864215D1002055
S2140229D094F95A50FFF728FA854216D10020FFF7DD
S2140229E0B7FF044600201CF053F80028CDD021463D
S2140229F0BDE870400020FFF7F7B9284694F8581053
S214022A00FFF730FA0028E2D0BFE7002094F95A1008
S214022A10FFF7FCF90028E1D0B7E700BF44560020D4
S214022A200346AC2010B51446164A00FB032292F861
S214022A30770002280CD1E07F022809D141B1124961
S214022A400978012913D992F85810227891420ED1AA
S214022A5018462178FFF7FAF990B1482221460B482A
S214022A60F8F73CFC00201CF013F808B9002010BD53
S214022A70044B93F8A8000028F8D1FFF783FFF5E788
S214022A802120F4E744560020216F00209C560020A7
S214022A9038B5AC230D4C054603FB004300205A6DA7
S214022AA0D86483F8500012B15865FFF719FCF5F7A1
S214022AB04BFBFF281EBFAC2303FB054484F8A8008B
S214022AC00020FFF75FFF002038BD00BF44560020FD
S214022AD07FB51D4C94F8A83023B1002084F8A800D6
S214022AE0FFF750FF94F85A30B4F8A0608DF80F3014
S214022AF026B940F2FD2115481CF0BBFC144B3146AA
S214022B001D6800202A46FFF7B3FEE46F02469CB11A
S214022B100DF10F0301930023294630460093A04788
S214022B2002462C7854B920462146FFF7A5FD2046DA
S214022B30FFF7CAFC04B070BD0122F2E72946002066
S214022B40FFF706F8F6E700BF445600203C92040062
S214022B50506B002038B5494B1C78002C58D1484899
S214022B6000F06CFC20461BF093FF002850D0454C2A
S214022B702378D90733D594F850201AB123F00303EB
S214022B80237045E023F00103237010F0CBF923787D
S214022B9005469A0701D510F0BBF9294600200FF02A
S214022BA053FF40B92378284643F001032370BDE85B
S214022BB0384010F0ADB90023482284F8A33094F8C8
S214022BC0A83084F8A25002FB0343D3F89830A4F846
S214022BD0A000C4F8A430BDE83840FFF779BF94F8E7
S214022BE04400B0B104F1A003251D95E8030083E874
S214022BF00300FFF76DFF94F844202846D20004F144
S214022C000C01F8F72DFA94F84430013B84F844306E
S214022C1038BDA26C62B99B0711D52378002023F039
S214022C20020343F001032370BDE83840FFF74CBCB3
S214022C300123A06484F85030904723789EE710F072
S214022C4089F90028E9D194F8A83073B1F5F77CFA2F
S214022C5094F85030002BDBD1FF2818BF84F8A80068
S214022C60BDE838400020FFF78DBED4F88C30002B2C
S214022C70ECD098470028CBD1E8E700BF7465002067
S214022C80906C00204456002070B5044600201BF0CD
S214022C90FFFEAC235C430B4E351995F850300BB152
S214022CA0002070BD0028FBD007481CF052FD00280B
S214022CB0F6D1335D002BF3D195F84400B0FA80F0DC
S214022CC04009EEE744560020906C002010B5084AF2
S214022CD0034618F074F814684FF6FF7203EB4003CD
S214022CE09C42184603D9018802339142F8D010BD9F
S214022CF0005700202DE9F047204F05463B88A3B336
S214022D00B0F90230002B30DBDFF87C801C49D8F8A3
S214022D100000F8F7A9FB20B94FF4EA7119481CF035
S214022D20A8FB0026DFF85CA0DFF860903A88B3B212
S214022D309A4204D84FF4EB7150461CF09AFBD9F82D
S214022D400030B2B253F83200D8F8001003EBC204D7
S214022D5068B943F83210A38828460133A38018F0D6
S214022D602EF8E38803EB4003E380BDE8F087F8F72C
S214022D707BFB01360028D9D1EDE700BF1C5E0020A0
S214022D800992040013920400B06C0020F45600204E
S214022D9038B5094C094D22682B689A4204D94FF47B
S214022DA0877107481CF065FB28682368C01A20F064
S214022DB0010080B238BD00BF00570020085700202F
S214022DC01392040038B5124C124D21462846F5F7E8
S214022DD041F823680BB12B681BB9DE210E481CF0A4
S214022DE048FB2A680D4B0E491A60236823F001033C
S214022DF013440B600B4B1A602AB9BDE83840F82121
S214022E0005481CF036BBFFF7C3FF6428F5D938BD6A
S214022E10F8560020FC5600201392040004570020A7
S214022E20085700200057002038B5094C094D226883
S214022E302B689A4204D34FF48A7107481CF019FB98
S214022E4028682368C01A20F0010080B238BD00BF8F
S214022E500457002008570020139204002DE9F04181
S214022E601D4B04461B78012B24D100881BF0FCFE68
S214022E700546D8B10426DFF864802C461CF004FA16
S214022E8007462046FFF736FF638843EA0803638057
S214022E90A05B1BF0E9FE044638461CF0F0F91CB1B4
S214022EA0B4F90230002BE9DA062E01D1BDE8F08132
S214022EB00626E2E7022BF9D11CF0E6F90246208844
S214022EC01BF0D2FE18B10388C3F30E03238010460C
S214022ED0BDE8F0411CF0D3B9766500200080FFFF04
S214022EE02DE9F04F0024BA4B97B006461C801CF022
S214022EF0CBF90123DFF8EC82B64F3B70B8F800300E
S214022F00A8F80040ADF81630B34B1B6801931CF0CE
S214022F10B6F9B24B21461A88B14BD2001868F8F7B8
S214022F204DF80DF11600FFF799FF002E3CD1DFF8A1
S214022F30B8924FF0000B0125D9F80040019B9C4245
S214022F4039D3BBF1000F39D1002DF2D0D9F80040A9
S214022F50DFF898A225462246019B9A4273D30223A3
S214022F600DF116003B70FFF779FF002E40F08F80C0
S214022F70D9F800603246AA4280F0A28090881BF000
S214022F8073FE18B10388C3F30E039380D0881BF038
S214022F906BFE18B10388C3F30E03D3801046FFF707
S214022FA095FE0246E7E79847E3B256F82330013427
S214022FB0002BF8D1BBE7BBF1000F3ED00BF1FF337D
S214022FC05FFA83FB16AB03EB8B0252F8402CB2F986
S214022FD0020051880028B1DA4B04AFD4924641F47D
S214022FE08040931D2AF8020F02933AF8020F1BF054
S214022FF03BFEF0B1B0F902E0B0F802C0BEF1000F3D
S21402300017DB6FEA4C4C6FEA5C4CA0F802C00390E8
S214023010FFF770FEBBF10F0F8FBF002516AB039AAA
S21402302003EB8B009EBF0BF1010340F8402C5FFAC6
S21402303083FB029B9A45D8D180E72046FFF746FEDF
S21402304022460446C3E7104617F0B9FE8346B2F995
S2140230500200118800280AEA010108DA20461BF05D
S214023060F9FD084381B204EB4B0402EB4B05104614
S2140230701180FFF72BFE02466EE798475FFA8AF347
S21402308056F823300AF1010A002BF6D170E74FF00A
S214023090000AF3E73046FFF719FE82467EB1B6F91C
S2140230A002307188002B0ADA3088C0F30E001BF05B
S2140230B0DBFD864203462DD1C1F30D0171805646D3
S2140230C0AE42E7D3DFF81CA11CF0DEF8002106466C
S2140230D0504617F0D7FE1BF0C7FD0546002800F045
S2140230E0878030461CF0CBF8284617F068FE064666
S2140230F020461BF0AFFD8146760032462946204622
S214023100F7F7AEFF002249460DF116001CF0F9FA59
S2140231103444D9E71BD9304617F051FEC1F30D01EE
S214023120420071801846314692B2F7F799FFC6E719
S2140231305046FFF7CBFDD146854203D9B0F902309F
S214023140002B01DA824603E0FFF7C0FDF4E7B14642
S214023150554507D9BAF80000C0F30E001BF084FDEF
S2140231608245E5D3B9F1000F30D0B9F80000C0F3BC
S2140231700E001BF079FD034638B93346CB46994517
S21402318013D8B1459BD0D946ECE7484617F017FE50
S214023190B9F802204946C2F30D02A9F802204200FD
S2140231A092B21846F7F75CFFE7E718460193FFF777
S2140231B08DFD019B9B46854203D9B0F90230002B58
S2140231C001DA0346DBE7FFF781FDF4E7CB46DAE7F1
S2140231D01E5E002076650020005700201C5E002040
S2140231E0F4560020205E0020045700200080FFFFD7
S2140231F0BDF816303870A8F80030044B30461C6014
S2140232001CF03DF817B0BDE8F08F00BF0057002055
S2140232102DE9F04105461BF027FD0F460446D8B1BE
S2140232201CF059FA20B940F2FB4120481CF021F963
S21402323028461BF053FD05462046FFF747FDBD42D4
S214023240064609D004D840F2035118481CF011F97A
S2140232502588ED0B02D02781BDE8F08167802046E5
S21402326017F0ADFD074604EB40081CF00DF8104BB6
S2140232701A68B2420AD1C3F800801CF000F82A4647
S2140232804046BDE8F041FF21F7F798BEA6EB0806D8
S214023290B5B21BF0F4FF072DF1D90023083D44F820
S2140232A01730C8F80430A8F80250D5E71392040085
S2140232B00057002038B51BF0E7FF002105460448FA
S2140232C017F0E0FD044628461BF0D9FF204638BD1D
S2140232D0205E0020024B1888B0FA80F04009704742
S2140232E0205E00202DE9F74F044600881F461BF09B
S2140232F0BBFC8846154606461CF0EDF920B940F29E
S214023300FE613F481CF0B5F83388DB0B009306D00D
S21402331033892B443381002003B0BDE8F08F208828
S2140233201BF0DCFC82463046FFF7D0FC01901BF017
S214023330ABFFDFF8D0B0019BDBF8002081469A4253
S2140233401DD1FFF725FDA84204D248461BF097FF81
S2140233501A20E1E70AEB050373803FB120881BF0D1
S214023360A1FC2A4641465044F7F7B8FF3046FFF71D
S214023370ADFCCBF8000048461BF081FFCBE71BF004
S2140233807EFF20881BF0AAFC2844009980B21BF01E
S214023390FDFC06460028DBD01BF084FC8146208814
S2140233A01BF080FC824620881BF098FC51460246A1
S2140233B04846F7F793FF3046AFB11BF073FC07465B
S2140233C020881BF08BFC2A4641463844F7F786FFD6
S2140233D0012120881BF09EFC0121024630461BF08C
S2140233E0ADFC268097E71BF05DFC804620881BF02C
S2140233F075FC2A4639464044F7F7E0FDE8E700BF89
S2140234001392040000570020342101481CF031B802
S21402341027920400036910B55BB18268064B9A4294
S21402342001D1002010BD44691CF01CF8201AF9D501
S214023430F7E74FF0FF30F5E70934020082681C4BCD
S21402344070B59A420446056819D11BF01DFF236920
S21402345023B1A34206D100222A601A61BDE8704059
S2140234601BF00DBF1A4611461269A242FBD12A680A
S214023470A24208BF29600B6100232361EEE70369BD
S21402348093B198426E6803D19D210A481BF0F1FF62
S2140234902B46B44209D122699D4218BF1A614FF0E9
S2140234A0000308BF6A60236170BD33463669F0E7E1
S2140234B009340200279204002DE9F047074600254A
S2140234C04FF0010A154EDFF858808AB0347914B9E5
S2140234D00AB0BDE8F087D6F8009087B900972A466A
S2140234E0B8F80010234603A81CF0A2F92246484664
S2140234F003A9E9F723FC2544EDB20836E6E722469F
S21402350003A94846E9F7EEFBCDF800A023462A4673
S214023510B8F8001003A81CF08BF9ECE770DD040085
S214023520225E00200148FFF799BC00BF225E002001
S2140235309C46174BF7B5054608461988164611B13C
S214023540144B1C78CCB1014662463046BDB103B07E
S214023550BDE8F040E9F7C6BB1C44E4B208373B7945
S214023560002BF0D03A689642F6D185F00105224645
S21402357000951CF05DF903B0F0BD074FEFE7E9F7E1
S214023580DDFBB0B203B0BDE8F04015F0BDBD00BF34
S214023590225E0020556F002070DD040010B5074C37
S2140235A0238843B10020FFF787FF0020FF22044B49
S2140235B020801A7010BD0220FCE700BF225E0020A9
S2140235C0556F0020142810B518D8082805D115F014
S2140235D014FEC401E4B2204610BD0E2802D115F036
S2140235E00FFEF6E7064B53F82040002CF3D00A28CD
S2140235F02478F0D107F0C2FB0443EBE7FF24EAE7A6
S214023600C0DD0400014BB3F8680070474456002042
S21402361000487047AE560020014B1878704700BF2E
S214023620ED640020014B1878704700BFF06400205C
S214023630014B1870704700BFF0640020204B022830
S21402364010B5204C187002D00438012822D82378EE
S214023650042B0BD000211C481BF010FC2378033BE4
S214023660012B03D9002119481BF008FC184B1B68D4
S2140236709A0022D513F0805F40F6114418BF4FF42B
S2140236804164204616F06EF9C8B92046BDE81040DF
S21402369015F038BD0C48FFF7D1FE0C48FFF7CEFEFA
S2140236A017F069FE2378033B012B03D816F054F972
S2140236B01624E6E70DF0BAFFFAE71524E1E710BD97
S2140236C0F4640020F5640020D46C0020304800200A
S2140236D0C4480020024B187800F00F00704700BF65
S2140236E0F4640020034B187800F00F00831E584243
S2140236F058417047F464002008B517F027FEC0B1A1
S21402370017F03DFEA8B10FF01BFD90B90A4817F05E
S21402371070FB70B1094817F06CFB50B115F075FDDF
S21402372038B116F021F920B9BDE80840044817F070
S21402373023BC002008BD00BF245E0020585E002087
S2140237400C57002030B505460C4693B081B910B927
S214023750002013B030BD1023214A69460120FFF72E
S214023760E7FE9DF805305A1E052A28D91720F0E7ED
S214023770182200212046F7F721FC002DEBD1FFF797
S214023780B1FF30B315F0E9FB6A4601460020FEF7AA
S21402379091FEBDF80430204623819DF80230A372C4
S2140237A09DF80030E37217F0AFFF002304F1140116
S2140237B0237304F1100004F0F7FDE081C8E7094A1C
S2140237C09DF8041012789142D0D12B70002CD6D1DD
S2140237D0BEE7054B1B78033B022BD3D9C6E700BFD7
S2140237E064EE0100286F0020F464002030B593B028
S2140237F005460C46FFF776FF20B90C4B1B78033BB9
S214023800022B10D815F0A9FB6A4601462846FEF799
S21402381051FE00209DF80230607023709DF8003043
S214023820A37013B030BD1720FBE700BFF46400207E
S214023830054B1878012805D000F0FD00A0F13103F1
S21402384058425841704700BFF46400202DE9F34106
S2140238500E46002105461BF04EFF0023124FADF820
S21402386006002B800DF1060017F0C3FA044610B1CD
S21402387002B0BDE8F08121460DF1060017F002FB0A
S21402388080461BF00FFA438AB34207D99B1B43823A
S2140238902246414628461BF034FFE3E743895B078E
S2140238A0E0D53B88F3E700BFBE6E002008B50A48A5
S2140238B0FFF7C4FD09484FF47A71FFF7C7FF0748C0
S2140238C017F097FA30B9BDE808404FF47A7102480B
S2140238D01BF0D4BA08BD00BFB46C0020CC6E00202A
S2140238E01FB50146002201A81BF098FB064801A955
S2140238F01BF064FF20B11BF0D5F94089C0F34000ED
S21402390005B05DF804FB00BFCC6E002030B585B074
S2140239100D460022014601A81BF080FB084801A9BB
S2140239201BF04CFF50B11BF0BDF9044601460822BD
S2140239302846F7F795FB6089C0F3400005B030BD16
S214023940CC6E002010B5044C204617F089FA638826
S214023950181A80B210BD00BFCC6E0020F8B505461E
S214023960F8B100210F481BF0C6FE0446A8B10D4F61
S21402397020461BF097F906461BF03CFB830705D44E
S214023980082229463046F7F765FE38B12146384602
S2140239901BF0D5FE04460028EAD10024201E18BFDC
S2140239A00120F8BDCC6E002010B50C460146064834
S2140239B01BF004FF30B11BF075F943891C4214BF9B
S2140239C00120002010BD00BFCC6E00201FB514469B
S2140239D0024601A81BF022FB074801A91BF0EEFED7
S2140239E040B134B11BF05EF9142201462046F7F7C7
S2140239F037FB012004B010BDCC6E00201FB5014677
S214023A00002201A81BF00AFB094801A91BF0D6FEFA
S214023A1058B11BF047F94389024613F0020004D05E
S214023A20507B80F00800C0F3C00005B05DF804FBD0
S214023A30CC6E00200146014817F038BBCC6E002041
S214023A40F8B504460E46142000211BF09FF90546E1
S214023A50204617F005FA6388834225D925B33146F6
S214023A60204617F023FB08BB28461BF01BF9074627
S214023A700A223146F7F7F4FA082206F10A0107F19C
S214023A800A00F7F7EDFA0A4B1B887B82238823B9D4
S214023A904FF47A7107481BF0F1F9204600222946B6
S214023AA01BF02FFE0020F8BD1C20FCE72E20FAE7B4
S214023AB0BE6E0020B46C002010B5044686B0B0B1CD
S214023AC01BF098FA10F0020011D1CDF80E006168D2
S214023AD0CDF81200ADF81600206801AB03C32289A8
S214023AE0044801A91A80FFF7ABFF06B010BD2120DB
S214023AF0FBE700BFCC6E0020F8B50D4616461F4603
S214023B00044648B31BF076FA30BB2046FFF792FF16
S214023B10E0B1214611481BF051FE1BF0C3F8438961
S214023B2005734673877343F0020321894381204657
S214023B3001F0F2F9FF28044606D001F0F3F818B1B6
S214023B400022074B43F82420002004E02046FFF71B
S214023B50B3FF0028DDD0F8BD2120FCE7CC6E0020A4
S214023B6000460020F7B59DF824400D4601949DF8C6
S214023B702040064600941F460DF076FC4FF6FF7175
S214023B808842044610D0BB0711D4284600F0CCFF6A
S214023B9020461BF0A7FAFF281FBF084A32F810304B
S214023BA023F4804322F81030204603B0F0BD0246CC
S214023BB02946304617F081FAEAE700BFE85D0020A2
S214023BC073B50E46014614481BF0F8FD0546D8B1FB
S214023BD01BF068F843890446334012D09B0736B27E
S214023BE00BD5002E09DAA17B437B0289007B01916B
S214023BF0012100912146FFF7B5FF638923EA0603F8
S214023C006381628912B1012002B070BD2946024862
S214023C1017F057F9F7E700BFCC6E00200148FFF710
S214023C201DB900BFCC6E00201FB50C460B4A0146DC
S214023C3001A81BF0F3F901A8FFF7FCFE60B101A989
S214023C4007481BF0BBFD1BF02DF803682360436892
S214023C500020636004B010BD2D20FBE72EDE0400BA
S214023C60CC6E002013B53E4C12F04CFCD4F8FC315E
S214023C701020C3F307430193FFF7A4FC000650D5B8
S214023C800020FFF79FFC01064BD5019B802B3ED1FF
S214023C90236A9A0704D440F61544204602B010BDA3
S214023CA0E3699B07F7D52F4816F07EF9012016F038
S214023CB04EFF12F03AFC04460028EED100F086F9D8
S214023CC0294817F033F900F0F1F9E8F775F912F020
S214023CD018FC0AF0F1FC0AF043FDF4F717F9F4F7C2
S214023CE0CBF9F4F7E5F904F003FD15F088FA15F0C0
S214023CF089FA15F03CFE1D480CF00CFC07F092FE0B
S214023D0015F0F4FD0028C8D015F0F2FDC5E7019BBA
S214023D10812BC0D1D4F80C315B00BCD5D4F80C3161
S214023D20BFE71020FFF74EFC0006BCD40020FFF7CA
S214023D3049FC0106B7D5019B802B05D1084B1A6AB0
S214023D40D207A8D5DB69ACE7019B812BA3D1044B34
S214023D50D3F80C21002A9EDAD3F80C31A1E700BF73
S214023D600080E00F690345EC0C570020E1380200A2
S214023D7010B517F0FDFA70B301F0B8FB80F001043D
S214023D80E4B20020FEF7F6FA44EA800424B217F002
S214023D90DDFA10BB0220044316481BF0DAFC44EAA4
S214023DA0401415481BF0D5FC24B244EA001413480C
S214023DB01BF0CFFC24B244EA801411481BF0C9FC65
S214023DC024B244EA40240F481BF0C3FC24B244EA5F
S214023DD0C02080B210BD0124D3E70B4817F009F8C3
S214023DE00028D7D0094817F004F880F00100C0B2C6
S214023DF04000D0E7146D0020F86D0020C84800206F
S214023E00786D0020D86D0020245E0020585E0020C9
S214023E1008B501F047F90EF0DFF8FDF7D9FE1548B0
S214023E2016F0E7FF08B906F065F9134816F0E1FF49
S214023E3008B907F0E1FD03F059FC0CF01DFD0F4830
S214023E4017F0A6F80E4B1B78043B022B09D80D4838
S214023E501BF07FFC28B1FFF78BFF102801D109F079
S214023E607DF915F0D4F917F036F9BDE80840064892
S214023E70FFF736B8245E0020585E00200C5700205C
S214023E80F5640020F86D002038DE0400014B186847
S214023E90704700BF40560020F8B54FF6FF77104B2C
S214023EA006461B780C46033B012B0F8009D830468A
S214023EB00AF0BAFC4FF6FF73984220800ED000201C
S214023EC00DE00CF023FEB84205462080F7D13046BE
S214023ED000F002FDA8422080F1D1E8E72D20F8BDCF
S214023EE0F56400204FF6F77370B5984204460D4607
S214023EF086B05AD817F0F0F8A04207D108222C490B
S214023F002846F7F7ADF8002006B070BD294EB6F881
S214023F106830A3420AD10022082106F16A0017F08F
S214023F206DF818B9082206F16A01E9E7ACB1224B2E
S214023F301B78033B012B1AD8002301221946204680
S214023F4000930AF01BFBFF2823D1294620460AF0DD
S214023F50BFFC80F00100C0B2D6E7184B1B689B0777
S214023F60E5D4284608F0DCF90028E0D0CBE7204666
S214023F7000F06AFFFF2806D129462046FFF754FEC6
S214023F800028D9D1BFE7294600F080FF0028F3D0E9
S214023F90B9E702A918F0CEFA0028D6D1DDF80D301E
S214023FA02B60DDF811306B60ADE70120ACE700BF97
S214023FB07765002044560020F5640020C44800209F
S214023FC0014B1870704700BF286F002010B5054CD3
S214023FD0082221460448E8F785FE204617F0B6F880
S214023FE010BD00BF7765002034B608C00048704791
S214023FF077650020082208B50349F7F72BFBB0FACD
S21402400080F0400908BD00BF77650020014B18709C
S214024010704700BFE8640020074B44F6FF701A782A
S21402402040F6FF73012A18BF1846044B1B780BB1E3
S21402403040F40040704700BFF5640020E8640020AA
S214024040F7B50D46044616461F460021284601F0DF
S214024050F1FF0B4B002183F859402A46334620468F
S21402406000970EF0AFFC014630B10222204603B0A4
S214024070BDE8F04000F006B8012003B0F0BD00BF76
S2140240804456002013B513460C461AB1022A0CBF3A
S214024090134601230021044A019100922246FEF7AC
S2140240A0A5FA02B010BD00BF53B4030000B500204D
S2140240B093B0FEF717FA1E4B18880CF031FA1D4B18
S2140240C01D491A7800200EF0A1FD34220021684610
S2140240D0F6F774FF0B238DF800306FF480330193EC
S2140240E04FF6FE73ADF8103003238DF81D30134BD8
S2140240F0134A0893134B10680993134B51680D9398
S214024100124B6A460E93124B0F93124B1093124B9E
S214024110119302AB03C300210846FEF781FC6A46F0
S21402412001210020FEF77CFC13B05DF804FB00BF03
S214024130B66E00203B6F00204CA2040055450200DC
S21402414077650020EFB10300CD7D0200FD46020038
S214024150CD94020053B403001D780200014B187878
S214024160704700BF7F650020014B1888704700BF6C
S214024170D06E00202DE9F74F814610460E46904637
S2140241801BF055FADFF840B105469BF8003033B90C
S2140241904A4B1B681BB94A4B1B68002B7FD015F491
S2140241A0406A05F040071BD19FBBB5F5804F61D230
S2140241B04FF48074B9F1400F73D0B9F1800F63D019
S2140241C0B9F1100F6BD100239BF800003D4AD9B21B
S2140241D0884264D932F8021B0133A142F7D166E065
S2140241E008F103001BF023FA4FF6FF73984214BF40
S2140241F00124022487B1052705F44043B3F5004F96
S21402420044F0080425D0B5F5804F24D244F48074D7
S21402421021E054460327EFE7B5F5804F4FF0050738
S214024220F4D3BAF5406F14BF022008203844404445
S2140242301BF0FDF9019016F06CFF019B05F440455A
S21402424098420CBF44F0080444F00404B5F5004F4D
S21402425001D144F08004BAF5006F0FD108EB0700D5
S2140242601BF0E5F9054616F037FFA842A2D144F046
S21402427010049FE7544603270220D7E7BAF5406F9B
S21402428008BF44F0200495E70C4B1B683BB10022A4
S214024290D1B233F8110033F91110002903DA0020E5
S2140242A008E0074BF1E7A04202F10102F0D106B1A5
S2140242B03480012003B0BDE8F08F00BF1C570020F9
S2140242C020570020825E0020C7650020034B1A7824
S2140242D0022A04BF09221A70704700BF80650020B8
S2140242E00C22034B1A211A700320002202F024B873
S2140242F0806500200C2208B5054B1A211A70002290
S214024300104602F019F80022024B1A6008BD00BFE0
S21402431080650020285700200C2270B50D4B0546FC
S2140243201E781A7030B93046BDE8704000221A2155
S21402433002F002B8084B1C78E1B21A29F3D825FA23
S21402434004F3DB0703D54422304601F0F5FF0134BF
S214024350F2E700BF80650020576F00200C22024B58
S2140243601A7015F0FABA00BF80650020F0B50C8806
S21402437005460E468BB0E4B94FF6FF77ADF82470CB
S21402438015F0FEFA10B902200BB0F0BDCDE90340DD
S214024390CDE90544134A0294B2F85C3060320193C8
S2140243A000923B464CF60101FF2009AA18F00BFCCE
S2140243B03080284617F026F80B4C70B1237863B18C
S2140243C0013BDBB22846237017F01CF838B1207880
S2140243D0B0FA80F04009C0B2D6E70523F2E7012022
S2140243E0F9E700BF44560020566F0020034B1146E3
S2140243F01B6803B1184714F043BE00BF28570020BD
S2140244000C22024B1A700AF0F1BC00BF8065002035
S2140244100148FEF723BD00BF265E00207FB5054695
S2140244200C4616461AF00EFF00286BD1062D03D84E
S2140244305223EB40DB071AD4B4F1006F05D3E30E28
S2140244401C3B032B18D94F202EE000222F4B1A605C
S2140244502F4B1D7016F0FBFD03460A2D54D8DFE8DD
S21402446005F02D183E49182518535341360002F020
S2140244703BFCB4F1006FE2D20022244B042D1A60FA
S214024480234B1D70E6D1022001F02EFC16F0DFFD54
S2140244900346012202921F4A01921F4A00921F4AB5
S2140244A0314620460EF088FE04B070BD31462046E6
S2140244B01B4A04B0BDE870400EF066BE3146204688
S2140244C0184B194A04B0BDE870400EF041BE0022F7
S2140244D00292164A0192104A0092154AE0E7022218
S2140244E00B4B1A7000221046124904B0BDE8704009
S2140244F0FEF742B8002202920F4A0192064A009242
S2140245000E4ACDE74D20CFE70120CDE72857002001
S2140245108065002019430200554502003FB403009F
S21402452001440200F5420200ED4302005D43020030
S2140245306D430200CD420200E142020001B40300D4
S21402454008B50EF069FE0C22014B00201A7008BD59
S21402455080650020F0B585B0ADF8060018B9762162
S21402456064481AF086FFBDF8060016F012FB0446F1
S214024570BDF8060016F00DFB082846D00C2CBDF838
S214024580060042D116F008FC07461BF050F80DF163
S2140245900F010646BDF8060014F01AFE002879D070
S2140245A00922002138461AF0BDFA9DF80F30103362
S2140245B0C518BDF806001AF091FBEDB2854269D225
S2140245C02946BDF806000EF035FF06F44C4416F4F4
S2140245D04066054614D0F81C1BF029F84FF6FF7308
S2140245E0984208BF44F04004B6F5006F08D1781D23
S2140245F01BF01DF84FF6FF73984208BF44F01004F4
S2140246009DF80F305BB3072D44D1BDF8060016F0B7
S214024610B6FA0446BDF8060016F0BBFA082817D00C
S214024620A30615D524F0200189B2BDF8060016F0BF
S21402463091FABDF8060016F0AFFB002109221AF027
S21402464071FA00F1100189B20DF1060018F0E4FBD0
S2140246500022BDF8061028481BF053F81AE0082D71
S21402466016D8BDB1013D072D14D801A353F825F085
S214024670CD460200D946020095460200994602003F
S21402468095460200E54602000B460200EB46020093
S2140246907C2D24D005B0F0BD24F48844A4B2B4F531
S2140246A0084FF7D1BDF8060016F06EFABDF80610F0
S2140246B00BF0D0FF0028A8D0BDF8060016F0CFFAFF
S2140246C00022014602201AF07BFFE3E724F480640E
S2140246D0A4B2B4F5484F97E7B4F54C4F94E7B4F557
S2140246E04C4F92D04CF6500301E04CF640439C42AD
S2140246F08AE700BF35920400245E00202DE9F743C6
S2140247000F469046994606461AF0CCFA04463046BC
S2140247101AF0E4FAC5B2083D2C44E178094BA278B7
S2140247201970094B31461A70002043463A46CDF8B6
S214024730009012F09CFB003818BF012003B0BDE8C1
S214024740F08300BFA4650020A36500202DE9F04F8A
S214024750DFF84081DFF8409198F8002099F80030A1
S21402476006469A4285B004D340F2191142481AF01E
S21402477080FE30460DF10F011AF068FC20B14FF4AE
S2140247808E713D481AF075FE98F800709DF80F403D
S2140247903D1B15F0FF0530D04FF0FF3C374B012193
S2140247A01B78A140184699F800304FF6FF790CFAAC
S2140247B003FC0023324A01F1FF3E0193C1F1000AD5
S2140247C09DF80430984243D8122004FB00002D4B7B
S2140247D0A0F1120105EBC5025200194404F10109C9
S2140247E01844F6F73DFC4FEA89092748A9F1040167
S2140247F00144AA004844F6F733FC224904EBC402FB
S21402480001EB420321F81260204A013712784FF674
S214024810FF71DA731A745A7412025A801C4A0D20F7
S21402482012781A7110225A7100229A73C3F806205F
S214024830C3F80A20144B43F8242088F800701AF0B4
S214024840BFFE0EB908F05CFF204605B0BDE8F08F4B
S21402485013884B450AD053680AEA030B03EA0E0391
S2140248600B4403EB4B0343EA0C035360019B0832F1
S21402487001330193A4E700BF48920400356F00207D
S2140248805C460020D85B002000460020A46500207D
S21402489081650020EE640020336F00202DE9F04190
S2140248A0074600250A4B0B4E93F80080ECB2A04553
S2140248B003D8FF242046BDE8F08108223846B11D01
S2140248C0F6F7C8FE01350028F4D01236EEE700BF30
S2140248D0EE640020D85B002008B5FFF7DFFFFF2854
S2140248E01DBF00B2044B00EBC0004FF6FF7018BFAE
S2140248F033F8100008BD00BFD85B002007B50DF1E5
S21402490007011AF0A3FB30B19DF80730034803EB0A
S214024910C30300EB430003B05DF804FBD85B002042
S2140249202DE9F843294E044633785D1E2D1A83423C
S214024930EDB204D84FF4A17125481AF09AFD01236E
S214024940A3404FF0FF305F1E3B4400214FF6FF7E30
S2140249506FEA03081F4A92F800C01F4A1278904076
S2140249601E4ACBB29C4523D8BDB127B204EBC40481
S2140249701B48640005EBC50204F112010144520013
S2140249802044F6F76DFBBF001648AA00391D014405
S21402499002F0FC023844F6F763FB33780022013B50
S2140249A033704FF6FF71BDE8F8430E201AF008BECA
S2140249B01388734507D0536808EA03093B4003EBA4
S2140249C059030343536008320131CAE7EE640020FC
S2140249D048920400356F0020336F00205C460020AA
S2140249E0D85B00200046002010B50A4C207858B943
S2140249F0094B1B781A2B03D9992108481AF039FD5E
S214024A000322074B1A7010BD0138C0B2FFF788FFA9
S214024A10ECE700BFEE640020336F002048920400EB
S214024A20EA6400202DE9F04705461AF0DDFEFF286D
S214024A30044624D1DFF884901E4B99F800201B7898
S214024A409A422BD22846BDE8F047FFF77FBE388849
S214024A503B79504518D86F2B4FEA131214D85B07D0
S214024A6010D0123708F1010899F800105FFA88F69C
S214024A70B142ECD80023104ADEB28E4214D320464E
S214024A80BDE8F087022AECD90DF0E2F90028E8D159
S214024A9029463046BDE8F04716F0F5BC4FF0000850
S214024AA04FF6F77A044FDFE7107901338F28EFD8F5
S214024AB01232E1E7336F0020D85B0020EE6400205C
S214024AC04FF6F773984210B514D8FFF7ABFFFF28DE
S214024AD010D0134C00B200EBC00004EB400412F0FE
S214024AE01FFC104938B962880B7802EB0313A3EB5C
S214024AF01213638010BD227C637C09789A42E273AB
S214024B002374617407D98B4203D213468B4228BFA3
S214024B100B461B02EDE78A42F8D31346F9E700BFBD
S214024B20D85B0020A46500202DE9F04106460F461A
S214024B3000240E4DDFF8388098F80030A34201D8E2
S214024B40BDE8F081082229463046F6F783FD40B9D3
S214024B5035F8063CBB4204D02046FFF7E1FE013C96
S214024B60E4B20134E4B21235E6E700BFDE5B0020B1
S214024B70EE640020F8B5054608460E46FFF78EFEA0
S214024B80FF2830D01D4B294653F820703046FFF7D9
S214024B90CBFF2846FFF746FFFF28044625D10CF038
S214024BA083F8FF280AD1164C207838B114F0D8F9C9
S214024BB02378B0FBF3F202FB1300C0B2294616F0CC
S214024BC062FC044623B20F4D03EBC30305EB430519
S214024BD008223146A81DF6F743FA2B79204603F041
S214024BE00F032B71F8BD0027D3E7074B1B78002B6A
S214024BF018BF0027014B43F82070E3E70046002069
S214024C00336F0020D85B0020586F002038B50B4B5E
S214024C1004461B780D46834204D840F25A210848BF
S214024C201AF027FC074804EBC40400EB44002946AC
S214024C30BDE8384008220630F6F712BA336F002075
S214024C4048920400D85B002070B5044608460E461B
S214024C501AF0CAFDFF28054610D02046FFF71EFEB2
S214024C60FF2807D0084B1B7823B9084B53F820209F
S214024C7043F8252021462846FFF7C8FF314620463E
S214024C80BDE87040FFF750BF586F00200046002076
S214024C902DE9F8430024804601272646114DDFF809
S214024CA04C9099F80030A34210D83E430134E4B247
S214024CB01A2C4FEA470705F11205F2D14FF0FF30E2
S214024CC0094B1B7898403043BDE8F8832B88434550
S214024CD0EBD0284616F02FFC0328E6D82B796F2B4C
S214024CE0E3D8E3E7D85B0020336F0020EE640020B1
S214024CF010B5084C00EBC00004EB400423795B07B8
S214024D0007D1204616F017FC237923F00703184331
S214024D10207110BDD85B0020014B1878704700BF89
S214024D20596F0020014B1878704700BF586F00205B
S214024D3070B51A48FEF782FB194B1B78033B012B12
S214024D4028D805F0A3FB03F057FBBDE870404FF4EC
S214024D507A5112481AF092B823798F2B4FEA131120
S214024D6011D80131204616F016FC062901D803296F
S214024D7009D12379002223F007034FF6FF710F2093
S214024D8023711AF01DFC123401353278EBB29A42C6
S214024D90E2D8D6E70025034C034EF6E7D46C002093
S214024DA0F5640020D85B0020EE6400200022084B49
S214024DB01878084BD1B2884203F1120300D8704724
S214024DC013F80D1C013221F0100103F80D1CF1E757
S214024DD0EE640020D85B00202DE9F0470226122759
S214024DE0DFF85C90DFF85C8099F8004000250CE064
S214024DF007FB05F338F803A00021504616F0B0FB77
S214024E0010B15CB1013CE4B2013599F80030EAB267
S214024E109342EDD8A34204D14FF6FF7A5046BDE83E
S214024E20F08714F09DF899F80030012EA3EB0403E6
S214024E3090FBF3F202FB1300C4B2EDD00126D5E7D5
S214024E40EE640020D85B002010B504461AF0CCFCB5
S214024E50FF2808D120461AF045F9FF281FBF024B4B
S214024E601B78C018C0B210BD336F0020044B00215F
S214024E701A78044B04481B781A449200F6F79EB838
S214024E80336F00203A6F00200046002010B5134B07
S214024E900C461B7886B0834212D9114900EBC0003B
S214024EA001EB4001082220460631F6F7D9F8002227
S214024EB00821204616F0A2F880F00100C0B206E0F3
S214024EC0C01A01A9C0B20CF02BFA10B1002006B02D
S214024ED010BD01AB03CB20606160E8E7336F0020B2
S214024EE0D85B002008B5074B024653F820308B42A9
S214024EF006D915204FF6FF711AF062FB002008BD96
S214024F000120FCE700460020024B013143F8201046
S214024F10704700BF004600202DE9F34781460C4645
S214024F2000272A4EDFF8ACA09AF80030FDB2AB425A
S214024F3010D86946204617F032FCC0B308226946EC
S214024F404846F6F787FB90B34946204616F0C9FD59
S214024F50FE2537E006F10608082241464846F6F7DF
S214024F6079FB90B94FF6FF739C422BD03388A3424D
S214024F7028D020461AF0B6F8FF2814D14946204613
S214024F8002B0BDE8F047FFF7F5BD14B91236013797
S214024F90CAE73388A342F9D100220821404616F018
S214024FA02DF80028F2D12846FFF7BAFCCCE749468E
S214024FB000201AF067F8FF28054603D0044B1B783A
S214024FC00344DDB2284602B0BDE8F087D85B002075
S214024FD0336F0020EE64002008B5FFF7E7FE054BAE
S214024FE01B78013B012B03D8BDE808400CF084B9BE
S214024FF008BD00BFF56400200F4B1B7883420CD817
S214025000C01A0E4AC0B232F81030D90411D443F492
S214025010805322F8103001207047094B00EBC00085
S21402502003EB40035A79D10603D442F010025A71B8
S214025030F1E70020704700BF336F0020E85D0020D4
S214025040D85B0020F0B5134B06461B78FBB1002553
S2140250501148DFF84CC090F800E0104807781F446B
S214025060E8B2864501D80020F0BD7C1B94FBF3F025
S21402507003FB10440CEBC4003CF83440B44204D1A9
S214025080002AF1D184788C42EED00135E8E7184642
S214025090EAE700BF356F0020B0480020EC6400202D
S2140250A05C46002070B511F01EFA14250F49104E0A
S2140250B00B78328830809B1A03449BB2B3FBF5F41C
S2140250C005FB14330B700B49E2B20B78934292BF86
S2140250D000239B1ADBB2032A0B7088BF0023064903
S2140250E09EBFD2000B68D3400B6070BD8465002063
S2140250F0285E0020EB640020B0480020084B1868A9
S214025100084BC2B21B789A4208D2074BC0F307205C
S2140251101B78984234BF0020012070470120704758
S214025120B0480020356F002083650020F8B505469C
S2140251301746FFF7E3FF064610B9184B1A783AB936
S214025140212001224FF6FF711AF03AFA0020F8BD2C
S2140251501348DFF854C003780133B3FBF2F402FBC2
S214025160143303700F48DCF8002000EBC30420F869
S214025170335002F10132A1703846CCF80020FFF716
S21402518087FDE670606015F0A7FFA84201D10120F6
S214025190DDE7E3780133E370F9E700BF356F0020FF
S2140251A0EC6400205C460020B048002010B50B4C92
S2140251B00B4A2378063B137011F095F90022094B2F
S2140251C0FF211880084B09481A602278D200F5F7AA
S2140251D0F5FE0422064B1A7010BD00BF356F002084
S2140251E083650020285E0020B04800205C46002030
S2140251F0EB64002048B139B1044B1B780B70044BAA
S2140252001B780370012070470846704782650020AD
S2140252105A6F00202DE9F84307461AF023F905468F
S2140252201A481AF096FA1A4B48B31C683C1B2C44D0
S214025230A4B20022174BDFF864901B78164D99F83B
S214025240006005EB03155FFA82F8464509D9AB887C
S21402525005F11000A34215D9B21A29461201F5F734
S214025260FFFE013689F80060AC80B8F1000F03D16A
S2140252703946064819F002FE2846BDE8F8833C4641
S2140252801D60D6E705460132DDE700BFF46C00205C
S2140252902C570020866500200045002087650020E8
S2140252A02DE9F74F1AF0DEF84FF0000E284D294F81
S2140252B02978294C97F800A004EB011303EB0A1295
S2140252C00092F3465246DFF898801FFA80FC0646A4
S2140252D0B8F80000ACEB0009A0EB0C001FFA89F945
S2140252E001900098984217D1BEF1000F00D02970A5
S2140252F0524503D200203A70FDF7E6F83B7823B316
S2140253002B78164804EB0314A188C8F8006003B093
S214025310BDE8F04F19F0B2BDB3F804C0CC450FD8C3
S2140253204FF0010E93F802C001310CF1FF3C013A36
S214025330A3F804B083F802C0C9B2D2B21033D0E7E1
S21402534001988444A3F804C0F8E703B0BDE8F08FE0
S214025350866500208765002000450020F46C00204A
S2140253602C5700207FB56C461E4B1F4D1E78013E03
S214025370F6B21E7095E80F0084E80F001B4B284615
S2140253801A7805F1100132441201F5F769FE9DF80C
S214025390026016F00F0511D1BDF808000EF0C4F930
S2140253A0360918BF29464FF00002BDF8000008BFB4
S2140253B0039904B0BDE8704003F0F4BCBDF80400E5
S2140253C0FFF728FF0346828804ADADF80420224684
S2140253D003CAAA4218605960144603F10803F6D1BC
S2140253E004B070BD86650020004500208765002059
S2140253F0F8B50024084D094F094E3B783178E2B2E1
S2140254000B449A4204F1010400DBF8BD2846FDF77E
S21402541025FD1035F1E700BF004500208765002016
S2140254208665002070B5134B06460D461046124997
S2140254301A78124B09781B780B44934206DB1F201E
S2140254404FF6FF711AF0BCF8002070BDFFF7E2FEBF
S214025450013506808570044619F0FFFFE0800EF0E5
S21402546069F940F602432081E3600020FDF72CF83C
S2140254700120EAE7326F002087650020866500205B
S2140254802DE9F84386460023144FDFF85C803E7809
S21402549098F8005012497219DCB294421CDA4FEAAC
S2140254A0041C31F80C900133F14501EB0410F3D1E2
S2140254B0631CD21A0CF1100C12016144F5F7D0FDF0
S2140254C0A5428BBF05F1FF3506F1FF3688F800507E
S2140254D03E700CB9034B1C70BDE8F883876500204C
S2140254E0004500208565002086650020044B054A9D
S2140254F01B781278D3420CBF01200020704700BFF1
S2140255008665002087650020024B1878003818BF91
S2140255100120704786650020002108B5084B09481F
S2140255201970094B1970094B1970094B1A78120138
S214025530F5F744FDBDE808400648FDF77FBF00BF0B
S21402554087650020004500208665002085650020CE
S214025550326F0020F46C002010B50B4C23784BB150
S2140255600A4803F0ABFD58B1084B0121188815F024
S214025570F5FE08B9002010BD0122054B1A70FAE7A5
S214025580FFF7F0FEEAE700BF866500200045002030
S2140255908565002010B50E4B1B78BBB10D4C2388D9
S2140255A083424FF0000311D10B4AE160137049B9F0
S2140255B0A3781033A37016F0C7F918B9A37823F0AE
S2140255C00F03A370FFF7CEFE012010BD1846FCE7BE
S2140255D086650020004500208565002070B592B0E3
S2140255E00C46064613F0B9FCE17A05460020FCF7A5
S2140255F02DFC28B394F90A0015F00EFD10BB134BD0
S214025600E27A294683F85820A27A83F85A206A4614
S214025610FCF750FF4FF6FE739E420CBF4FF6FF7329
S21402562023896A4629460020ADF80660ADF80430A4
S214025630FDF7F6F940B92289054B5A8012B070BDC3
S2140256405520FBE75620F9E72120F7E744560020CD
S2140256503057002010B50446014608220948F5F7DF
S214025660FFFC237B022B0AD8002B14BF3122012217
S21402567005490B7017234B61044B1A7010BD0023AB
S2140256800122F5E73457002030570020F46400204A
S214025690014610230120014AFDF74ABF64EE0100CD
S2140256A0014B5861704700BF30570020014B1878F5
S2140256B0704700BF3057002010B5054C2378112BD9
S2140256C003D0E221034819F0D4FE4123237010BD13
S2140256D0F464002053920400064B01461B78042B08
S2140256E004D1054A137E053313767047034819F032
S2140256F0C5BB00BFF564002030570020146D0020A3
S21402570008B50648FDF7AAFB0548FDF7A7FB13F008
S2140257106BFDBDE8084001F003BB00BF245E00201D
S214025720585E0020064B1878332806D000F0EF00AB
S214025730A0F143035842584170470120704700BF0A
S214025740F4640020002208B5074B4FF6FE701A706C
S21402575015F0CEFC4FF6FF7015F0E7FC034B5869C8
S214025760BDE8084013F0CEBCF46400203057002099
S21402577008B5064B187838B10548FDF74BFE4FF4CE
S2140257807A73B0FBF3F0C0B208BD00BFE964002034
S214025790704800202DE9F0438BB007461546984620
S2140257A00E469DF8489049B9104605AC19F09AFC89
S2140257B021460BF0B5FD172818BF2646B9F1000F93
S2140257C00AD1124B1B781BB9284617F00DF8D0B930
S2140257D02846FEF713F902E0284617F005F880F08F
S2140257E00104E4B29DF850302A4602939DF84C30EC
S2140257F03146CDE9009338464346039415F00CFF34
S2140258000BB0BDE8F0834C46ECE700BFF064002026
S2140258102DE9F04F97B099469DF88830BDF880B0D4
S214025820219D08939DF88C300E4658460FA9049287
S214025830079317F053FC05B3002800F0208195F873
S21402584001A00FACCAF3400A8E4B19F0800F1B78EA
S21402585014BF4F4649F08007022B17D04FF6FF7849
S214025860002D40F087810225584615F08DF92B460B
S2140258704246214615F0A9FCBCE0584615F005FA4A
S2140258800446002800F0FB80AA46DDE71EB97E4BE0
S2140258901B78002BE2D00DF13A012046FEF7FCFA07
S2140258A0584615F005FA012838BF0120C3B2059301
S2140258B095B3281D19F0BBFE804609F00203204668
S2140258C0069315F0E4FB214609908146002019F064
S2140258D0D9FB069A099B12BBFF2820D1F2F7E6FAFB
S2140258E06A4A1278824200F032814FF6FF72099BB2
S2140258F0934214D1FEF726F8002800F028814FF6CE
S214025900F773984523D916F0BCF811A98146FEF71D
S214025910E9FA0028F7D02EE0BDF83A80CDE74FF638
S214025920F772904520D8934211D898450FD0194661
S21402593022460AA819F072FB0A980B9913AB03C306
S214025940BDF83020022113A81A80FEF739F9404626
S21402595011A9FEF7C7FA024628B9082111A815F0C0
S2140259604DFB002866D0C1464FF6F67209F1FF33AA
S2140259709BB29342C7D8BAF1000F03D1444B1B78AF
S214025980002B60D1584615F0FFF8059B4A46019356
S2140259900123214600933B46FEF7E4F84FF6FF73D9
S2140259A09842804600F0D380014600220AA819F0E9
S2140259B035FB0A980B9913AB03C3BDF830200221BE
S2140259C013A81A80FEF7FCF8002D3FF44DAF002E08
S2140259D040F0D28045460123C7F3C0074246CDE9D0
S2140259E0016321462B4604980397CDF800A015F0D4
S2140259F013FEA846BAF1000F0FD04FF6FF73984574
S214025A000BD0404619F06EFBFF281FBF214A32F822
S214025A10103023F4804322F81030089B7BB315F035
S214025A205BFB249B014600934246234607980CF0F4
S214025A30EDFC24E00822204611A9F5F70BFE00280B
S214025A407FF461AF8FE7002D64D0134B1B68980775
S214025A5027D5049B0F2B21D0281D19F0E8FD022321
S214025A600121CDE901310023C7F3C00702460093A6
S214025A7021464FF6FF730498039715F0CDFD17B035
S214025A80BDE8F08FF4640020E9640020ED64002095
S214025A90F0640020E85D0020C4480020079B012B2C
S214025AA0DAD1281D19F0C3FD804619F01BFB0990B8
S214025AB0404619F099FE4FF6FF71BDF83A208A4229
S214025AC056D04245099B53D1FF2B4AD0184616F0B2
S214025AD0A1FE784010F0EF0F14BF01230023BDF89B
S214025AE03A00099319F0FEFA0690BDF83A0019F04A
S214025AF07BFE099B66B14FF6FF7CBDF83A10614506
S214025B0006D0414504D0069A0240D2B2FF2AA3D15B
S214025B10002BA1D1224649460AA819F07FFA0A9814
S214025B200B9913AB03C3BDF8302058461A8015F004
S214025B302BF83A460146059B13A8FDF7DDFF30B960
S214025B404FF6FF73BDF8548098457FF43DAF4FF68D
S214025B50FF789DB10126281D19F069FD454680464D
S214025B6039E7FF2804D0069BB3FA83F35B09B6E74E
S214025B700023B4E70226EEE70026ECE7012573E6EB
S214025B800022014B1A7670473057002008B50B4B9F
S214025B901B78022B10D10A4B1B78033B012B0BD927
S214025BA0084B187800F00100FEF730FA0023064A88
S214025BB0C2E90133538008BD0020F3E7F4640020F5
S214025BC0F5640020E96400203057002038B5174DF0
S214025BD02B78033B012B1CD8154BB3F868204FF6E5
S214025BE0FF739A4215D10320FDF728FD02F0CEFB83
S214025BF0FFF7CCFF2B78033B012B01D909F0FCF809
S214025C00002018F045FF78B1BDE83840002015F0B6
S214025C10D1B8FDF7FDFC0446FDF7F4FC014620462C
S214025C2008F05EFB0220DFE738BD00BFF564002007
S214025C304456002008B5114A114B58611378032BBD
S214025C401BD0D3B1332B01D0432B10D10D4B1B7875
S214025C50033B012B05D803231370BDE8084013F05D
S214025C6051BA13F04FFABDE80840FFF7AFBF212341
S214025C701370BDE8084002F09DB908BDF464002028
S214025C8030570020F564002038B504461348FDF767
S214025C90D5FB134B1B78013B012B1DD8114D5CB96C
S214025CA02B7823B140F619402C7013F02BFA0024FF
S214025CB0FFF76CFF204638BDFF2C05D04FF47A71F3
S214025CC00648614319F0DAF82B78002BEFD101234E
S214025CD040F618402B70E8E70224E9E770480020F7
S214025CE0F5640020E964002038B5114D04462B788F
S214025CF0834218BF287013F03BFE80B124B92046B9
S214025D0013F038FE02220DE0012013F033FE2B784A
S214025D101A1F012A05D9062BF4D1032202E0002C11
S214025D20F5D10122BDE838400021084615F09ABB9D
S214025D30F564002030B5044685B068460D46FFF788
S214025D40A7FC94B100212846144A02F043FB144BE8
S214025D5020681B7861688DF80430124B1B788DF82A
S214025D60053002AB03C306F0B1FA0F4B93F8582086
S214025D7093F85A308DF803208DF8023015F0C9F9E1
S214025D80ADF8000015F0A8F91023ADF80600694634
S214025D900020064AFDF7CCFB05B030BD00F8FF0731
S214025DA0286F0020F56400204456002064EE0100AF
S214025DB010B5144B04461A78134B002083F858206B
S214025DC018F066FE10B1002014F0F4FF0021084619
S214025DD0FFF7B0FF0D4B1B78033B012B0ED813F0D9
S214025DE0BBFD2046FCF754FE40F6174013F08AF936
S214025DF00023074A1380074A138010BD0BF016FCD7
S214025E00EFE700BF8865002044560020F5640020B6
S214025E10FE5D0020FC5D00201FB504466846FFF7C5
S214025E2037FC54B100238DF8053010236946002054
S214025E30064AFDF77DFB04B010BD15F04DF9ADF82E
S214025E40060015F066F9ADF80000EEE764EE010014
S214025E5010B5014604460020FBF7F8FF90B10C4B44
S214025E601B78023B032B0FD80A4B1C7019F0EAF979
S214025E7060B9094A0949FCF77FFB003818BF0120C0
S214025E80800010BD5520FCE70220FAE74D20F8E717
S214025E90F46400208865002075950200B15D02005A
S214025EA0F8B5064619F0CEF9044668B918F0F0FDC2
S214025EB050B1064D204695F8587085F8586014F093
S214025EC079FF10B185F858704D20F8BD4456002071
S214025ED02DE9F04180461846033B012B0E46174635
S214025EE002D918B121243CE0FFF7FEFE294B1B78AD
S214025EF0012B4CD0284B1D78022D08D0032D46D1FD
S214025F00B8F1000F03D1254B1B689B073FD4332003
S214025F10FDF794FB01F0E8FCB6F1006F34BF204BAE
S214025F20052231464FF0060038BF1A78FEF776FA99
S214025F30044628BB1B4D2873012000F029FF15F0EC
S214025F40E8F868802846B8F1000F0DD0022300F862
S214025F50043B15F0D9FB6C732F613946304613F0BB
S214025F600BF82046BDE8F081012300F8043B15F04B
S214025F70CBFB6C732F613946304612F0FCFFF0E71C
S214025F802846FDF75BFBB8F1000FF4D0E5E70224E4
S214025F90E7E700BFF5640020F4640020C448002050
S214025FA05B6F002030570020034B187818B9034B5C
S214025FB0034A1B78D05C7047F3640020F564002027
S214025FC02BDF040038B5174B04461B78033B012B26
S214025FD006D8437BDB0703D590F9090013F0BBFC18
S214025FE00025114B83F859502079FFF759FFFFF728
S214025FF0DBFF61882488034622462846FEF720F8FF
S214026000044620B11720FFF715FE204638BD172399
S214026010064DC82106486B6118F030FF03232B7625
S214026020F3E700BFF56400204456002030570020F6
S214026030146D0020F0B51A4D06460C4693B0A5F82E
S214026040680005F16A0729BBC5F86A10796012F084
S21402605084FF6A4601460020FCF72CFAD5F86A301F
S214026060ADF81060CDF812307B68CDF8163012F01D
S21402607074FF6A4601460020FCF7D2FC4FF6FF7317
S214026080B5F86800984203D014B1064912F077FFBB
S21402609013B0F0BD08223846F4F7E2FFD7E700BF98
S2140260A044560020AE5600202DE9F041DFF8B880B5
S2140260B01F4698F8003005460C4616461BB10225C8
S2140260C02846BDE8F081531E052BF8D819F0BAF819
S2140260D00028F4D13B7B032B14D14FF6FE739C426F
S2140260E012D1012E09D0022EE9D114F0F5FF4FF697
S2140260F0FB73984203D814F0EFFF044604E015F051
S214026100C0FCFAE7012EDAD0EDB939462046FFF791
S21402611065FA05460028D3D198F80030332B03D011
S214026120532B1CBF0E4B18613046FFF7DDFD0021D6
S2140261304FF6FF70FFF77EFF0A4B1B78002BBFD08F
S2140261400BF048FABCE7397B721ECB1E5942594106
S2140261505042504107F054F905460028D5D0AFE723
S214026160305700205C6F0020F46400202DE9F843CD
S21402617005468846914614F0AFFF3F4E04463378F4
S214026180033B012B06D86B7BDB0703D595F9090089
S21402619013F0E1FB14F0A0FF384B394F188014F0CF
S2140261A0B8FF384B1880FDF72DFA374B1880FDF7ED
S2140261B02FFA082201463548F4F752FF14F055FF2D
S2140261C0334B18702879FFF76BFE00216888FFF7BB
S2140261D031FFFDF72DFB60B14FF6F672631E9BB2E0
S2140261E0934206D915F04DFCB7F868300446834250
S2140261F0F8D0204614F07CFF288814F096FF494613
S214026200B7F86800C047044628B91920FFF712FD00
S2140262101920BDE8F883B7F8681014F0F4FC0023E0
S2140262201C4D87F859302B7803F0FB03022B02D063
S214026230204615F0E1F9002220461146FFF7F2F853
S2140262400446A8B117236B613378042B09D1C82101
S214026250114818F013FE03232B7684F00100C0B217
S214026260D7E74FF416710C4818F008FE0023F3E740
S2140262701720FFF7DFFCF0E7F56400202E5E002013
S214026280445600202C5E00202A5E002089650020ED
S2140262909165002030570020146D0020F0B50C46A2
S2140262A01E460B462049074689B004F1140053F8EF
S2140262B0045B834241F8045BF9D11B8802AD0B8074
S2140262C0D4F80E00D4F81210238803C5ADF81030A7
S2140262D023798DF812208DF8133000233A468DF874
S2140262E014304FF6FE71012002ABFFF7DDFEC8B98F
S2140262F002A8FFF7AFF9237B4BB10C4D0C4B01AA5A
S21402630029460120019313F002FB2A781AB9204687
S214026310FFF758FE03E020460199FFF727FF08B96A
S214026320044B1E7009B0F0BD305E002030570020CE
S2140263301FB703009265002001232DE9F341304E7A
S21402634005460F4600202F491446737300F0EEFCF4
S21402635013F003FBDFF8AC8038B9012D01D9042D08
S2140263600FD12146384612F091FE102000210AF085
S2140263707FFC00283CD0002002B0BDE8F041FCF7CC
S214026380A3B8002CF1D1204B1B78212B03D0062B6F
S21402639001D0532B02D101F00DFEE6E7FDF748FAD5
S2140263A00028E2D000F0EEFC28B9307BC0F11800DD
S2140263B0FFF740FCD9E7154B41462046019300F013
S2140263C0B5FC20B140F61901114819F052F801AA9D
S2140263D00B4998F80C0013F09AFA32781AB9094861
S2140263E0FFF7F0FDC1E701990648FFF7BFFEBCE7DD
S2140263F0FFF78AF80028BED102B0BDE8F08100BFE0
S21402640030570020305E0020F46400201FB70300DF
S214026410539204001FB5144B04461B88DB0707D4AF
S2140264204FF6FF700021FFF705FE002004B010BDF6
S2140264300A230E4A012001A9FDF77AF84FF6FF73E8
S214026440BDF80C209A42EBD00822FF2101A814F0D6
S214026450D5FD0028E4D10CB90120E7E7BDF80C0011
S21402646001A9FFF7E7FDF7E7485E002026E10100F5
S21402647038B50C46154614F03BFE03F0AFFE29462F
S2140264802046FFF7D7FD00F07DFC48B1074BDB79CD
S2140264900E2B28BF0E230133DBB2054A137038BD1C
S2140264A0044B1B78013B18BF0123F6E7305E002041
S2140264B0A8650020F564002038B5002208210446AD
S2140264C014F09CFD0546C8B914F006FE2A464FF69F
S2140264D0FF71FFF7CDFF2046217CFFF72BFC626998
S2140264E0E189207C01F076FF054B1B78012B01D158
S2140264F007F0F6F8FFF76AFB002038BD0120FCE73C
S214026500F564002038B51D46FFF7CEFD0446C8B92F
S2140265102B7B2846032B03D1BDE83840FFF7CCBFC0
S214026520FFF798F8084B25469C8114F09EFD012142
S214026530064B81401A780620FDF770FF044608B124
S214026540034B1D70204638BD305700205B6F00207D
S214026550F464002030B5012087B0FFF75BFF6B467E
S2140265600446144A1068516803C384B905F0BCFE99
S21402657002A8FFF78DF84FF6FF752246BDF80E000B
S2140265802946FFF775FF12F000FD07B030BD6B46D7
S214026590094AD2F86A00D2F86E10B2F8685003C3FD
S2140265A005F0A2FE02A8FFF773F86A46BDF80E00D1
S2140265B0E6E700BFBB1B04004456002073B53A4B07
S2140265C004461B781BB10224204602B070BD18F0A8
S2140265D039FE0028F7D100F0E5FB14B12288334BD0
S2140265E01A8000210DF10700FDF7ACF8002856D1FD
S2140265F015F07BF804460028E6D12D4D9DF80700DD
S214026600FFF772FB2B785A1E012A1FD8FFF7A2FF4C
S2140266102B78033B012B01D801F014F9FFF7D6FAC9
S214026620012014F0E9FC034600283AD12A78033AFE
S214026630012AC9D81D4A108810F0020521D0052269
S21402664001201C49FFF744FC0446BDE7033B012B2F
S21402665004D82046FFF7DEFE0028D7D12B78053B6C
S214026660012BB1D8FFF776FFFFF7B0FA2B78052B90
S2140266700CBF04200520FCF7E1FF012014F0BCFC4F
S214026680E2E70D4E0223314601200C4AFCF750FF8A
S21402669033885B0798D5284601F0E8F894E7172474
S2140266A092E7044690E700BFF4640020485E0020AC
S2140266B0F564002000F8FF07FA5D002027E10100DC
S2140266C07FB50024184E194D3278E3B29A4201D8AB
S2140266D004B070BD4FF6FF73B5F868209A421AD020
S2140266E0134B1B88DB0714D5124AB5F868301068BE
S2140266F05168ADF80C3001AB03C30F4A0A230020E1
S21402670001A9FCF715FF022300200C4A0C49FCF7EE
S2140267100FFF0134D8E700220821064814F06EFC69
S2140267200028F6D1DCE700BF346F00204456002074
S214026730485E0020AE56002026E1010027E1010057
S214026740FA5D002010B501F0CFF802F013F8D8B1C8
S2140267500E48FCF773FE0E480E4C017A0E30FFF719
S214026760E9FA23781BB100F0BFFA00232370002257
S214026770094B1A73FFF72AFA08F056FD01F044F99E
S214026780BDE81040FFF79CBF10BD00BF146D00208F
S214026790305E0020926500203057002010B5254854
S2140267A0FCF74CFE01F0E6FF30B1234B1B781BB919
S2140267B0BDE81040FFF7C6BF01F0DCFF78B11F4C02
S2140267C0237E83B1C8211B4818F058FB0021237E84
S2140267D00846013B2376BDE81040FBF7E3BEFDF713
S2140267E027F80028EBD1FDF723F8154B1B7858B98C
S2140267F0112B03D003F0FD03412B19D1BDE8104045
S2140268000E4B5869FFF716BA332BF7D10D4B188883
S21402681014F06EFC0C4B188814F087FC0B4B0C49DA
S2140268201888FFF707FC0B4B1878FFF739FBE5E7EC
S21402683010BD00BF146D0020F06400203057002009
S214026840F46400202E5E00202C5E00202A5E0020CB
S21402685089650020916500202DE9F04F0F4685B02E
S21402686002AD044629463846914616F037FC4FF0EC
S214026870000B82463846CDF804B014F08DFA4678FE
S214026880022C804606F0020609D85CB1FCF7D0FF5F
S2140268900446002848D1754B01241B7865E0043C69
S2140268A0022C3AD9FCF7C4FF384614F0EEF900245D
S2140268B00546A046DFF8D8A1384614F06DFA50F81F
S2140268C009300DF10500019318F0B1FE9DF807B0EE
S2140268D00746B8F1000F4DD1BBF1000F5BD0DFF8D1
S2140268E08C9199F800300BB1002E63D0002C61D049
S2140268F05F4B1B78022B5DD1BBF1000F53D138469C
S21402690014F0F6FB58465946FFF714FA08F08CFCCA
S21402691040F6074012F0F6FB34E014F0B5FEFCF742
S21402692087FF0446F8B15C464EB1524B1B78012BEA
S21402693002D0043B012B0BD805B0BDE8F08F4B4BC1
S2140269401B782BB14B4B1B7803F0FB03022BF3D0C7
S214026950BAF1000F404608BF002516F0B2FB4FF012
S21402696001088246A8E7414B1B78002BF0D0002E88
S214026970EED1E1E7BAF1000FAED05046FDF73AFB92
S2140269800028A9D1002018F083F80028D4D00020CF
S21402699014F010FAD0E74FF6F7739F429FD91720EC
S2140269A0FFF748F9EEE7FCF743FF48B13248FCF739
S2140269B045FDF4E7FCF73CFF10B1BBF1000FF5D143
S2140269C0FCF736FF0028DDD02846FDF767FFFF28D4
S2140269D0DFF89CA0294C03D09AF80030012B04D192
S2140269E02946B4F86800FEF7C5F8FEF781F92A468C
S2140269F03846B4F86810FFF73BFD214B214A93F95D
S214026A0006301B0213809AF80030012B19D0312B66
S214026A1014BF432311238AF800301B4B164819680B
S214026A2018F02CFA00F00EFF0023124C99F8001012
S214026A30237641B9104818F021FA40F61B436361E9
S214026A40A0E71123E7E7B8F1000F03D016B1FFF76E
S214026A5079FEF2E70D4B1B78042BEED10521064892
S214026A6018F00CFA09232376E7E700BFF06400204B
S214026A70F464002030570020146D00204456002095
S214026A80305E0020465E0020346D0020F564002053
S214026A90776500202DE9F043084693B00E4614F0C1
S214026AA07BF909220021804618F03CF8044630465D
S214026AB014F0EBF8052207460DF1090330460AA941
S214026AC012F07AFB022881461DD09DF80930314625
S214026AD01C440023E4B204F1100218F8045001200A
S214026AE00093D2B210F0C3F968B1072D09D855B198
S214026AF0013D062D07D8DFE805F00918068A0625A7
S214026B0041007C2D45D013B0BDE8F0835B4B1B786B
S214026B10013B012BF7D8304614F036F800233246F4
S214026B201946009414F0B4FDEDE7554B1B78012B83
S214026B30E9D1544B18780028E5D122463146FFF7B2
S214026B408BFEE0E74D4B1B78013B012BDBD838462A
S214026B5009F0DCFF4FF6FF739842044606D0304633
S214026B6014F012F82246394614F01EFB444B1B78EA
S214026B70022BC8D1384612F087FAC4E73F4B1B787F
S214026B80013B012BBFD8494630460AAA00F01EF93F
S214026B90B9E73A4B1B78013B012BB4D8A04498F8CE
S214026BA0012098F80230652AADD16D2BABD1304664
S214026BB018F094F81334E4B28442A4D20822394678
S214026BC003A8F4F74DFA214630460DF10A0216F0F4
S214026BD0C8F9002897D1BDF80A30002B93D005A833
S214026BE009F0B0FA0123284DBDF80A002B7018F000
S214026BF075F80446BDF80A0018F054F8E2B20346E7
S214026C0005A903A812F0DAF900232B707BE71B4BC9
S214026C101B78013B012B3FF676AF06220021404649
S214026C2017F080FF404418F002FD0746FCF758FEB6
S214026C30044600287FF467AF304613F0A0FFC30473
S214026C407FF561AF46F204030121ADF814303846F1
S214026C500223CDE9004405AA16F0D2F9054600281B
S214026C603FF451AF394613F0CEFF304613F08CFF97
S214026C7022462946FDF706FA45E700BFF5640020DE
S214026C80F464002030570020C365002008B5084B86
S214026C90187050B1074B1B883BB14FF47A71064807
S214026CA0594318F0EBF8002008BD0120FCE700BFAE
S214026CB0E7640020D26E002070470020014B18784F
S214026CC0704700BFE7640020014B18800020704721
S214026CD0D26E002008B5FCF7B1FB0022014B1A70F9
S214026CE008BD00BFE764002010B50024044B054829
S214026CF01C80054B1C70FCF7A1FB204610BD00BF94
S214026D004A5E0020386D00209C65002008B50348C6
S214026D10FCF794FBBDE80840FFF7E6BF386D00209D
S214026D200148FCF79BB800BF4A5E0020F7B5134B3C
S214026D3004461B780E46EBB183421DD9002110484B
S214026D4018F0D9FC002501460D4F09B9012009E0CB
S214026D50AC4209D10024162322463046009418F08D
S214026D6067FD204603B0F0BD384618F0E8FC013552
S214026D700146EAE71820F5E72720F3E79C6500209E
S214026D804A5E0020014B1878704700BF9C650020C1
S214026D9025289DBF024B187000202120704700BF97
S214026DA05E6F0020012307B51846064A0DF107015B
S214026DB0FCF7BEFB9DF80720034B1A7003B05DF884
S214026DC004FB00BF29E10100D46E0020F8B5074697
S214026DD00E46144613F059FF1A4B05461B78022B33
S214026DE02FD1194818F0B5FC58BB284612F001FA04
S214026DF038B322463146384612F0F7F908B312F095
S214026E00AFF80446384613F0BFFE104B012E1A7830
S214026E104FF00F0303FA02F39BB2B4FBF3F203FB49
S214026E20124404F10104A1B206D1094B094A1E70AC
S214026E302B6813606B6853600348BDE8F84018F08F
S214026E401DB8F8BDF4640020904800205D6F002055
S214026E509B6500209365002084B010B502AC84E8E0
S214026E600F00082227480DF11601089CF4F7F2FBE2
S214026E7008BB9DF815309A0705D4234B1B7803F000
S214026E80FD03312B1DD121496378097803F00F02E7
S214026E908A4203D0012922D1022A12D1227882B94B
S214026EA01B09022B0DD11A4BA0781B78022B1AD184
S214026EB0C0F3800006E000220821124814F09EF873
S214026EC020B90020BDE8104004B07047114BBDF851
S214026ED008205B889A42CCD0002BCAD0F1E7022960
S214026EE0EFD1012AD9E7030609D40B4BB3F8682081
S214026EF0BDF80A309A42E4D1FEF714FCE2E701201C
S214026F00E0E700BF34570020F4640020286F00201A
S214026F10F56400203057002044560020284BF0B578
S214026F205D88002387B08DF80830264B0DF10B00E4
S214026F301B7805F0010743F020038DF8093014F0A2
S214026F40E3FB6FF07F43ADF813308DF8153014F085
S214026F5059FC1D4B8DF816001B7805F01006DB0059
S214026F60DCB2F0F7A3FF194B1B7883422CBF44F028
S214026F70040344F084032FB1A9061ED426B143F0BD
S214026F80020301E0AA07F9D4002108468DF80A3068
S214026F9017F0FCFEADF8060058B101230F2202A935
S214026FA00DF10600FCF79EF918B90DF1060012F075
S214026FB0ABFCBDF8060007B0F0BD43F00103DDE709
S214026FC0D46E0020286F0020A8650020ED64002003
S214026FD010B5FCF733FA0A4B1B78022B0CD1094B7F
S214026FE01B78033B012B07D9074C207828B10020D9
S214026FF012F002F90023237010BD14F0A8F8F9E786
S214027000F4640020F56400209B65002084B02DE91E
S214027010F0478EB016AC84E80F00DFF878C1594B03
S214027020BCF802009DF85DA010F001049DF96220F4
S214027030BDF870E09DF875909DF976709DF87850D1
S2140270409DF97A109DF95E809DF860601B7835D0B8
S2140270509DF87D00C0F34004C0F38000002B4AD0A8
S214027060494B1B78022B09D18A4244DB24D1A81B48
S214027070C0B280288CBF0020012016E0434B1B784C
S214027080012B01D1002C7AD078B19CF800301E3347
S2140270905BB29F42D4BF002701279845D4BF002386
S2140270A00123BB4206D18A42E0DA0EB0BDE8F047C1
S2140270B004B070473846F8E70020F6E710F0020FF3
S2140270C018D0C3B1490814BF01200020520814BFCB
S2140270D0012300238342E8D1AB1BDBB2802B0AD903
S2140270E0AE42E9D1B84506DB49D1CA452CBF0020DD
S2140270F00120DAE70BB90120D7E7AE4216D002AC80
S2140271001CAF0FCF0FC497E8030044F8040B21808E
S214027110DDE91A0116AB0090ADF804100FCB12F0A1
S214027120EDFB0028E7D1AE42A1D1BEE7BDF858304C
S21402713073451ED008AC0DF1700CBCE80F000FC4EE
S2140271409CE8030044F8040B2180114C63887345C5
S2140271500FD10822211D0DF12E00F4F77BFA02460C
S21402716038B90821201D13F049FF10B96388002B97
S214027170C1D1B845BFDBC2D1CA45BCD3BFE72046A2
S21402718093E700BF9C650020F5640020F4640020AD
S21402719030570020D46E002084B02DE9F04F8FB017
S2140271A06A4E18AC08AD84E80F0016220021284665
S2140271B0F3F704FF33783BB90024654B32781B782B
S2140271C09A4239D2002726E00021624818F093FA44
S2140271D000270446B846DFF87C91002C45D13FB123
S2140271E0224639465B4813F06CFE3378013B337017
S2140271F03378002BE0D0002156484FF0000918F0F3
S2140272007AFA4F468046CA46DFF848B1B8F1000F10
S2140272106CD1002FD1D01621002218A813F0D7FD6A
S214027220014648B1002F00F08B802246494813F0F1
S214027230EEFD337801333370454B32781B789A4231
S21402724007D944480022018813F03BFE3378013BFD
S21402725033703378012B03D13F49404817F00EFEB6
S2140272600FB0BDE8F04F04B0704700222146162347
S2140272702846CDF8008018F0DBFA1622294618A810
S214027280F4F7E8F90028EBD09DF864209DF8243046
S2140272909A4225D1BDF86020BDF820309A421FD10F
S2140272A008220DF12E010DF16E00F4F7D3F9B8B9EC
S2140272B002AF0DF1600CBCE80F000FC79CE803009C
S2140272C047F8040B39800EAB13E903000090ADF8C3
S2140272D0041095E80F00FFF799FE0028C0D0274655
S2140272E02146484618F02BFA044676E71623002273
S2140272F041462846CDF800A018F09AFA02AF0DF1E2
S214027300600CBCE80F000FC79CE8030047F8040BAC
S21402731039800EAB13E903000090ADF8041095E82F
S2140273200F00FFF773FE074620B1B9F1000F04BF46
S214027330444681464146584618F001FA804665E7BB
S2140273403A46044818F0DDF973E700BF9C65002052
S2140273505E6F00204A5E002020BF0200386D0020CB
S2140273602DE9F04F002104469FB00DF14008162289
S21402737040460E91CDE90C11CDF83B10F3F71EFEF8
S214027380052220460DF11F0316A911F015FF02284B
S214027390074600F0F880204613F0FEFC064618F07A
S2140273A046F98146F01C18F042F9ADF84000701D0F
S2140273B018F03DF9012FADF84200204640F0E68075
S2140273C013F0EAFC0546204617F06CFC0D35022346
S2140273D02D1A0093214643460820EAB20FF047FDD5
S2140273E0002800F0D080204613F0DBFC012F8346F5
S2140273F09DF84D3040F0E38000252F4643F0010310
S2140274008DF84D3016AE3388022B4DD1F1782046DA
S21402741002310CF00FF81B2846D1F17820460331D2
S2140274200CF008F819283FD1F178204604310CF008
S21402743001F84A2838D14FF0050AF1782046013182
S21402744051440BF0F7FFF1780590514420460BF0BB
S214027450F1FF059B00EB032083B200F03F02932B63
S214027460059240F09B800023F77821460237574466
S214027470FFB23A4600930CA80F2318F0D9F907F189
S2140274800F01204615F003FD07F1110105462046BF
S21402749015F0FDFCADF84200059B023353445FFA3B
S2140274A083FA33795345C8D806360DF17603B342CC
S2140274B0A9D19DF84D20C5F3C03363F3410220469F
S2140274C08DF84D2013F0FFFB8DF84400204613F094
S2140274D0EFFB8DF84500204613F0EFFB9DF83230A7
S2140274E0BBF1190FC3F3C3028DF84720DDF8332032
S2140274F08DF84600CDF84E20DDF83720CDF8522024
S21402750094BF00229DF83E208DF8482003F0030227
S2140275108DF84A206E4A1278022A9DF84D200CBF3A
S214027520C3F38003DB0963F382026A4B8DF84D20B6
S2140275301B78022B57D1BDF8406013F0EAFD864255
S21402754051D108A814F0E0F8BBF1190F48D9082267
S2140275500DF14E0108A8F4F77DF800283DD1B9F5E3
S214027560004F02D0B9F5624F0DD140F6FF7325F4F5
S21402757040459D4207D1002208210DF14E0013F02E
S2140275803DFD00283FD01FB0BDE8F08F13F004FC8D
S2140275900546204617F086FB073518E7412B7FF491
S2140275A07BAFF1782046023151440BF043FF4A4B41
S2140275B01B78C3F1B30318448DF849006CE76FF3E8
S2140275C00003F01D8DF84D3018F031F80CA9054671
S2140275D0204614F0CDF80B276BE700F0B3FFBEE7AA
S2140275E000F0B0FFCFE7B9F5004F02D0B9F5624F11
S2140275F0C9D140F6FF7325F440459D42C3D1BBF185
S214027600190FC0D9B7E7BBF11A0F06D007F11F0151
S21402761042462046C9B212F079F9304C304D637BAF
S214027620DBB12B78012B1DD1012323730CAB029304
S21402763014AC94E803000090ADF8041098E80F002C
S214027640FFF70AFC90B194E803000090ADF804102E
S21402765098E80F00FFF7A0FD08E0FCF7E9F800281D
S214027660DFD0E1E703F0FD03042BDDD02B78012BFE
S21402767001D0042B87D11B4BDDF84E001B78DDF8BA
S21402768052108DF82230BDF84030ADF820309DF80B
S2140276904D30C3F340038DF823309DF8313003F0AC
S2140276A00F038DF82C309DF848308DF82D3009AB3D
S2140276B003C30D4B1B681BB1414608A8984762E7F7
S2140276C09DF946209DF8451008A811F0DBFC5AE704
S2140276D0F5640020F4640020A365002030570020E3
S2140276E080650020A2650020245700202DE9F04383
S2140276F0424B434C1B7885B0033B012B22D817F034
S214027700B1FE2378022B31D13E4A1468A0422DD016
S2140277103D4910600A68121B10443C4A0860127801
S21402772072B1013A93403C2253434FF47A72534368
S21402773098421BD9032005B0BDE8F043FBF77EBF95
S2140277400A23F2E717F08EFE2378022B0ED12D4A7B
S2140277501568A8420AD00027DFF8BC802C4E1060BD
S214027760451B98F80030FCB2A34202D805B0BDE82B
S214027770F08356F8243020462B4446F8243017F07F
S21402778009FDC3074FF0000910D5204609F0FEF99F
S21402779070B156F82430242B08D910220023204634
S2140277A0CDF8009009F00CFA46F824900137D8E795
S2140277B0184B1B5D13F00F031FBF03F1FF320223AA
S2140277C093403C220CBF0A2353434FF47A7253432E
S2140277D056F824209A42E9D9204609F067F902A908
S2140277E014F0DDFF28B1204609F060F902A911F075
S2140277F0C7FB204615F069F8D8E700BFF5640020FD
S214027800F4640020BC480020B8480020236F002003
S214027810D4460020996400203A6F0020064B1B884D
S214027820DB0708D50022054B43F82020044A135CE8
S21402783063F00F03135470474C5E0020D4460020BA
S2140278409964002008B517F00DFE0022024B18605E
S214027850024B1A6008BD00BFBC480020B848002092
S214027860014B1868704700BFB848002008B50C489E
S214027870FBF7E4FDFBF736FF80B10A4B0322B3F8B1
S2140278806810012012F064F84FF47A71064B04482F
S2140278901B885943BDE8084017F0F0BA08BD00BF80
S2140278A0586D002044560020B46E0020014B18800C
S2140278B000207047D86E0020044A054B18701388C3
S2140278C023F0030318431080002070474C5E00200C
S2140278D0246F0020034B1888C0F30E00003818BF30
S2140278E001207047FA5D002008B5FFF7F3FF30B1BC
S2140278F0002004490223044A0880FBF719FE0020F0
S21402790008BD00BFFA5D002027E10100024B18887F
S214027910C0F30E00704700BFFA5D00200023084A3D
S21402792001201370074A08491370084B084A1B784F
S21402793043F0040313800223064AFBF7F9BD00BF97
S2140279409F6500209E650020FA5D0020246F0020BF
S2140279504C5E002027E1010013B514468DF807108F
S214027960DAB9CAB20E2A18D80E4B1B881341DB07A7
S21402797013D517F0B7FBFF2811D09DF807200A4B46
S2140279800DF107011A5400F58330012200F58070CC
S214027990E5F7D4F9204602B010BD0124FAE7022426
S2140279A0F8E700BFD86E00209964002030B50121A8
S2140279B000240B2385B0104D019400918DF80C30F5
S2140279C08DF80D000323B5F8680003AA8DF80E4063
S2140279D015F016FB68B1B5F8681013F0B2FF40B1A7
S2140279E00522064B64211A70054B06481C7017F0D8
S2140279F045FA05B030BD00BF445600209E65002003
S214027A009F650020786D0020064B1B78033B012BF8
S214027A1006D8054B1B781BB9044B1878FFF7C6BF70
S214027A20704700BFF56400209D650020236F00208C
S214027A3010B51548FBF702FD144B1978F9B9144A2C
S214027A4013787BB1013B1370124B1B78042B02D1C7
S214027A500846FAF7A7FDBDE810404FF496710A48AB
S214027A6017F00CBA0C4A128802F00302022A0AD154
S214027A70BDE81040032201200849FEF729BABDE8F6
S214027A801040FFF7C1BF10BD786D00209F65002033
S214027A909E650020F5640020FA5D002000F8FF07CE
S214027AA01FB50C238DF80C300B4B0C461B8801219E
S214027AB023F004038DF80E3000238DF80D00CDE977
S214027AC000132046032303AA15F09AFA10B12146A2
S214027AD013F037FF04B010BD4C5E0020F8B5064622
S214027AE013F0BDF80546304615F0AEFA411C0446C2
S214027AF089B230460BF09EFC02340746A1B23046ED
S214027B000BF098FC394602462846FFF725FF022866
S214027B1016D02946FFF7C4FF0A4B1B8803F003035F
S214027B20022B0DD1284617F0DDFAFF2808D00022D6
S214027B30054B43F82020054A135C63F00F031354E9
S214027B40F8BD00BF4C5E0020D44600209964002099
S214027B50084B1A785AB10223013A93404EF6602235
S214027B60534303210448B3FBF1F117F087B942F2FD
S214027B701073F6E7236F0020786D002070B5054677
S214027B801748FBF75BFC0122164B28461A7015F0C5
S214027B905BFA411C044689B228460BF04BFCA11C3A
S214027BA0064689B228460BF045FC0F4C022320807D
S214027BB0214600200D4AFBF7BBFC86B9238803F05A
S214027BC00303022B03D1FFF73DFEFFF7C1FF238815
S214027BD05B0704D5BDE870400548FFF747BE70BD99
S214027BE0786D00209F650020FA5D002027E10100E5
S214027BF0586D00202DE9F0431F4C0546238889B0B6
S214027C00002B33D01D4E00214FF4807009F09CFAF1
S214027C103378DB0728D50121208817F07BF8074642
S214027C20208813F0B9F8023017F001FD05A9804646
S214027C30208815F00FFB3378384613F0020F104BEE
S214027C4018BF0025B3F8009017F048F806463846E5
S214027C5017F028F8F6B20290424606212846CDE9E9
S214027C60009605AB11F0CCF900232380054809B035
S214027C70BDE8F043FBF7E2BB545E0020A06500209F
S214027C80505E0020986D00202DE9F047304F804668
S214027C903D880E4614469946ADB3104612F08AFF4A
S214027CA0B0F5006F2FD1204612F097FF824617F0EC
S214027CB019FAFF2827D02EB1264A32F810302B4365
S214027CC022F81030B5F5007F36D0B5F5806F33D088
S214027CD0B5F5807F17D1204B1B88A3421CD14FF6E7
S214027CE0FF718A450FD0204612F08DFF284609F014
S214027CF059FA50B93046FFF77DFF0023174A138022
S214027D00174A3B801370BDE8F0870220002108F076
S214027D10AFFF0028EED1F0E7104D2B88A342F2D138
S214027D204FF6FF718A45EED024B1204612F06BFF63
S214027D3000232B800023E3E70023094A3B801370CD
S214027D4031464B4622464046BDE8F04713F081BB1B
S214027D504E5E0020E85D0020545E0020525E002049
S214027D608565002010B5044640F62140FFF742FF25
S214027D7001214FF4807009F0E7F978B10022084B30
S214027D801C80084B1A700BF0D5FCBDE81040064B61
S214027D901880064B0648198817F070B810BD00BF49
S214027DA0545E0020A0650020505E0020B66E0020C3
S214027DB0986D0020044A137818B943F00103137033
S214027DC0704743F00303FAE7A06500202DE9F04F61
S214027DD0DFF84C9187B099F80060002E40F08C8056
S214027DE0DFF840B1DFF840A19BF80030F4B2A342BE
S214027DF007D80022424B1A8007B0BDE8F04FFDF7C5
S214027E00ABBB20463AF8145008F0C0FE8046002865
S214027E1060D0204608F04AFE15F40071074645D0A9
S214027E2001464FF6FF720E2013F0AEFE05460028FE
S214027E3050D0394612F0E7FE4FF400730027304E5A
S214027E40204633803AF8142022EA03032AF8143034
S214027E5010220023009708F0B3FE2A4B1B88DB078C
S214027E6007D5294B294A43F82470135D63F00F03A4
S214027E701355182000216043254B264C0093019190
S214027E8001232A46205CFAF7B1FB002814BF01231F
S214027E90002389F8003005D13388B3F5807F01D1FD
S214027EA01D4B1880404607B0BDE8F08F680513D515
S214027EB0059113F0E6FD012205990346009207207C
S214027EC03A46CDE90111FDF765FC4FF4806305469D
S214027ED0002DB3D1013687E7104B18880028F9D059
S214027EE0EA05F7D5394612F08EFE0C4B1D880A4B72
S214027EF01D804FF48073EBE74FF00008D2E700BF17
S214027F004E5E00204C5E0020D4460020996400207D
S214027F10897C020080130020525E0020545E0020FE
S214027F20856500203A6F0020E85D0020042230B507
S214027F3001F0400387B0002B054614BF012400243D
S214027F408DF80C208DF80D1004D004A914F027FC2F
S214027F5038B304ABCDE9004301210223284603AA25
S214027F6015F04EF80446F0B1104B1B78033B012B7C
S214027F7004D80F4BB3F8681012F045FE4FF6F773AD
S214027F809D4209D9322202212046FDF74BFA80F0A3
S214027F900100C0B207B030BD2946204613F0D1FC1E
S214027FA0F5E70120F6E71920F4E700BFF5640020A4
S214027FB04456002010B5FFF797FC04F0DBFF13F0E1
S214027FC019FB002014F0E6FB17F03CF908B1FCF7A9
S214027FD0B7FA204C2378532B12D1032323700023A5
S214027FE0FF2219460120FDF773FF002016F050FD10
S214027FF010B1002012F0DEFEBDE8104011F0ACBC5D
S214028000062B01D0212BF0D10120FDF705FF4FF6FC
S214028010FE7013F06DF84FF6FF7013F086F800202E
S214028020FDF732FE0020FDF75FFEFDF7AFFD00F024
S21402803087FB11F094FC2378212B02D1FDF782FBFB
S214028040D3E70020FBF7FAFA00214FF4004014F0C1
S214028050A3F9CAE7F464002010B50A4C0A48FBF7F5
S214028060EDF92378062B02D10120FDF7D5FE237801
S214028070062B01D0532B03D1BDE81040FFF79ABF61
S21402808010BD00BFF4640020B86D00202DE9F84F43
S214028090DFF8CC8004460E461746FFF725FC98F814
S2140280A0005015B90220BDE8F88F212DFAD0DFF86E
S2140280B0B49099F80030012B01D1A306F2D42748D8
S2140280C017F047FB0028EDD114F02004394630465D
S2140280D0DFF894B0DFF894A005F00F051BD010F07F
S2140280E04DFF012D8BF80070AAF8006033D12123D2
S2140280F088F80030FFF75EFF0020D4E7212388F8D7
S2140281000030FFF757FF00214FF6FE70FDF792FF93
S214028110FEF7D6FAF0E710F030FF012D8BF800706C
S214028120AAF80060EAD0062321464FF6FD7088F8CA
S2140281300030FFF7FBFE40F6020240F2262199F8D5
S21402814000300648033B012B88BF114616F096FE08
S214028150002CD1D1D7E75323E6E700BFB86D002045
S214028160F4640020F5640020A1650020DA6E002089
S2140281702DE9FF410F460546511C38460BF05AF9C9
S2140281800446384612F008FE0646023017F04FFA4A
S214028190424B80461B7804F04002022B02D0043B7E
S2140281A0012B06D83E4B1B68580205D5A10603D400
S2140281B052B304B0BDE8F08132B33A4A1278D11E07
S2140281C0012917D8384BB3F86830AB42F1D173782F
S2140281D0180714D5304614F074FFFBF70BFF00287F
S2140281E0E7D00122294604F0200004B0BDE8F041A1
S2140281F0FFF74CBF022ADCD1DF01DAD4E7E712F040
S2140282006BFF4045D5D1ECE7264B1B78013B012B93
S214028210CFD87378D906CCD502A9384614F05EFFBB
S214028220002002A916F02EFFFF2806460BD0A20653
S21402823001D413F0CCFA304608F038FC04F0BAFE4B
S214028240304614F042FB284617F0CEFAFF280DD02F
S214028250FCF766FB14F0200608D112F03DFF28B1A9
S21402826033460222284602A905F0E0FF12F034FF48
S21402827000289ED1A3069CD402A94FF6FF730222C1
S21402828028460EF0B5FD4FF6FF72034600922846CA
S214028290022202A910F064FF8BE700BFF4640020FC
S2140282A0C4480020F56400204456002038B5044631
S2140282B00D4616F017FFFF28034615D00B4A127814
S2140282C042B10B4A32F81020520403D514F0FDFADC
S2140282D0002038BD184613F07AFA204645F04001D1
S2140282E0BDE83840FFF722BE0120F2E7F064002026
S2140282F0E85D002038B5054612F04EFD04462846D5
S21402830014F0A2FE411C89B228460BF093F84206EE
S2140283100DD563781B070FD5204614F0D2FE014612
S214028320002016F0AFFEBDE8384014F0CEBA03487F
S214028330BDE83840FFF790BE38BD00BFB86D0020DC
S21402834038B54FF6FF75A842044617D012F0E1FE84
S214028350A04213D04FF6FD72094B198891420DD9EF
S214028360084A1288AA4201D0A24207D11C804FF4C2
S2140283707A71BDE83840044816F080BD38BD00BFAB
S214028380C06E0020DC6E00205048002008B504486D
S214028390FBF754F84FF6FF72024B1A8008BD00BF77
S2140283A050480020C06E002037B505460C4608230C
S2140283B069460120064AFBF7BBF815B19DF8063060
S2140283C02B700CB1009B2360BDF8040003B030BDD7
S2140283D025E1010007B508238DF80600ADF8041064
S2140283E0009269460020034AFBF7A2F803B05DF844
S2140283F004FB00BF25E10100024A13780BB1013BE2
S21402840013707047E364002008B512F08EFE002158
S2140284104FF6FF72054B08461A80FDF78BFCBDE847
S214028420084040F6164010F06DBE00BFC06E002039
S21402843008B5FBF703F80A4B1B78023B032B08D858
S2140284404FF6FE73074A108898424FF6FF7301D123
S214028450138008BD9842FCD0BDE80840FFF7D4BFA1
S214028460F4640020C06E002010B5084B1B78042B65
S2140284700AD012F031FE002104460846FFF794FFA8
S214028480231A5842584110BD0020FCE7F56400202C
S214028490F0B5002689B00546CDE90566ADF81C6044
S2140284A014F0D2FD0A23024604462946009605A881
S2140284B017F0BEF99DF815309DF814701F2B27D8BB
S2140284C003A813F021F908220DF1160103A8F3F709
S2140284D0C1F80646E0B9092F1CD1FFF7C5FFB8B1AF
S2140284E0144B1B78A3B1144B1A884FF6FD739A42AD
S2140284F00ED9124C124A23780433DBB22370127858
S214028500013AB3EB820F03DD58B20EF0C6FE2670B8
S21402851009B0F0BD0A34E4B2214628460AF08AFFC2
S21402852013F07BF9611C284614F0B1FCFFF708FF34
S214028530EEE700BF3C6F0020C06E0020E364002020
S214028540226F002038B5134B1B78033B012B20D932
S214028550114B4FF6FF711B78ABB1104D2B888B4237
S21402856017D112F0D6FD4EF6602104460C4816F0DE
S21402857085FC4FF6FE7322462B800021BDE838406C
S214028580092013F058B9074A13888B421CBF0133DF
S214028590138038BDF56400203C6F0020C06E0020BA
S2140285A050480020F65D002010B5044661B1FF2158
S2140285B012F093FB0021204612F095FB12F0C3FA4C
S2140285C00146204612F095FB2146BDE810400022E7
S2140285D0014817F096B800BF585E00202DE9F0411A
S2140285E00D461746044612F0D7FB06782846FBF7D8
S2140285F077F929468046204612F005FB12F06CFDFC
S214028600A84206D120460121FFF7CEFF0120BDE891
S214028610F0812846B8F1000F0AD0FBF7EFF950B9FF
S214028620144B3A462046BDE8F0411978FCF7FABEEC
S21402863014F0DAF8F3E706F00306012E08D012F07B
S2140286404BFD00232246294602F030FF0028D9D1EE
S214028650204612F094FA430505D52046BDE8F041BF
S214028660002112F07BBE204614F091F8B0FA80F09A
S2140286704009CCE7206F002010B586B0044614F0FF
S214028680E3FC104B0246186819790290D3F80500ED
S2140286905B7A01328DF8143000238DF80C100490AA
S2140286A02146009392B2052304A817F0C1F80522CA
S2140286B004A902A8F2F7CEFFB0FA80F0400906B08D
S2140286C010BD00BF94DE040008B50748FAF7B6FEF0
S2140286D0064B1B78033B012B05D8BDE8084000215A
S2140286E00846F9F75FBF08BDD86D0020F564002084
S2140286F008B5114812F01FFC104B1B78012B06D848
S214028700FF2009F0FDFBFCF751FD08F09DFCFCF78D
S2140287106BF902F06BF9FFF701F914F02CFE0BF07F
S2140287205BFBFCF7F9FE0BF085F810F02BFCBDE8BE
S214028730084003F0B1B900BF0C570020216F00209B
S21402874008B5EFF701FDFF2803D0094B1B78012B74
S21402875006D9002009F0D4FBFCF728FD08F074FCCB
S214028760FCF742F902F042F9BDE8084003F094B97A
S214028770216F0020064B1878112806D000F0FD0065
S214028780A0F141035842584170470120704700BF8C
S214028790F46400202DE9F0410446FCF7AFFC18B162
S2140287A000263046BDE8F0811D4B1B78033B012BAB
S2140287B009D81C4BB3F868104FF6FF739942EFD0F6
S2140287C0204612F020FA184B022120461A88FCF79F
S2140287D029FE06460028E3D0204612F0DDFA90F87D
S2140287E007800546043016F022FF074612F074FC96
S2140287F0414602463846FCF799FCA81C16F017FFBD
S2140288004FF6FF73984202D12046FFF7ABFA2B7859
S2140288109B07C6D101212046FFF7C6FEC1E700BF6F
S214028820F564002044560020565E00202DE9F04FE5
S214028830002585B00746039512F0AEFA06460430C8
S21402884016F0F5FE8046B01C16F0F1FE33780446AC
S2140288504046009316F046FC82464046FBF740F838
S2140288603378BAF1FF0F0CBF83464FF0010B9A071D
S2140288700AD112F031FC404514BFD9464FF0010927
S214028880B3791BB90320B9E0A946F9E712F024FC34
S214028890A04205D112F020FC0446994B1B7836E024
S2140288A0984B1B78052BF8D0033B012B03D8964B2D
S2140288B0B3F86840F1E7204616F0B3FF737840B38A
S2140288C013F00402DFF838820BD198F800301A440D
S2140288D021463846D2B2FFF781FE0028D2D00020C9
S2140288E08CE0384614F072FB0146054638460AF01C
S2140288F0A1FD421C52002946384602F0FE0212F042
S214028900E0FF737823F00403737098F800300022B7
S214028910DDE75B0726D5384614F058FB01460646C7
S21402892038460AF087FD824606F101091FFA89F9E0
S214028930494638460AF07EFDDFF8C481BAF1000FD8
S21402894001D0FF2805D10022494638460AF086FDA6
S214028950DBE7B11C01EB4001C9B2384614F097FAC6
S2140289600446D2E7204603AA02A914F08DF805466B
S214028970B9F1000F4AD0009B03F0C003802B0ED142
S214028980FF2320468DF809300BF03EFAFF281BD055
S2140289900DF109020DF10A010BF02AFC14E0402B3E
S2140289A034D19DF808308BB3FF2320468DF809306A
S2140289B00BF02AFAFF2807D00DF109020DF10A0181
S2140289C00BF016FC2D281CD13378404603F03F03EB
S2140289D0337016F026FF10B912F07EFB8046002395
S2140289E042461946204608F04FFE00283FF44AAF9A
S2140289F0C822072138460AF055FF012005B0BDE817
S214028A00F08F9DF80930FF2BDED12546039838B942
S214028A109DF80820002A62D1394B2C461B7856E76F
S214028A2009F032FA039AFF280346127908D1CDE9F3
S214028A3000204FF4E171354816F01BFDDDE90023F6
S214028A40B9F1000FE4D002F03002102A0AD0202A30
S214028A50DED1BBF1000F24D05146184609F016FCB1
S214028A600028D5D1DFF8A89099F80030012B45D020
S214028A70204610F04DFF28B92A4621464046F37993
S214028A8013F085FFA54212D1039A137923F00C0343
S214028A9013719DF80830ABB92C46194B1B7830225F
S214028AA015E7039B1B7913F00C0FDBD1B0E799F89F
S214028AB00030022BE8D0039A137923F00C0343F01C
S214028AC00403E5E70121204612F04AFD20B92046BC
S214028AD00BF09AF9FF280FD0094B1B78DFE701212C
S214028AE0204612F03DFD00287FF4D7AE20460BF05C
S214028AF08BF9FF287FF4D1AE02207FE7A542D9E7A3
S214028B00565E0020F564002044560020C9920400F8
S214028B10A565002038B50E4B04461B780D46033B70
S214028B20012B10D900F108039BB2012B0DD812F0CD
S214028B30D3FA002302462946204608F0A5FD80F017
S214028B400100C0B238BD0120FCE70220FAE700BFF0
S214028B50F56400202DE9F041064610460D4614F055
S214028B6073FAA0F11004E7B256FA84F42146EA1B1F
S214028B7004F10E00F2F774FA2823DFF84480F35566
S214028B8098F80030637301F045FF611C024601202D
S214028B9010F0F8FE08220949601DF2F761FA98F80B
S214028BA0000013F067FC05F10E0130463B4600223A
S214028BB0C9B201F0E1FF1220BDE8F081776500201E
S214028BC0EF6400202DE9F04F89B0044612F0E4F875
S214028BD00546204612F043F80746281D16F027FDE4
S214028BE08146A81C16F023FD0390384695F807A088
S214028BF016F017FE2B780490990761D121460420BF
S214028C0002F0C2F800285BD0204614F01DFA014696
S214028C1020460AF00FFC820752D1204614F014FABE
S214028C20014620460AF006FC10F00303059347D1DE
S214028C302046FFF721FD002842D0204614F0F9FA1C
S214028C40461C204616F04AF8F6B206F10A0B834591
S214028C5080F29F80504A06AB1068516803C3711CAD
S214028C6020460AF0E7FB3146804620460AF0E2FB41
S214028C70594600EB082820460AF0DCFB8346059B93
S214028C802146B21C009306A8082316F0D1FD1FFA4F
S214028C9088F8204611F0E3FF5A46414610F066FE79
S214028CA00122404606A901F09BFB002871D1022052
S214028CB00BF036F8013003D1404606A9EFF712FB57
S214028CC012F00AFA48453A46514608D112F076FCA6
S214028CD000285ED109B0BDE8F04F01F077BB4846E8
S214028CE012F06CFC002854D12C4B1B781BB9394669
S214028CF0484612F000FE3A4651464846FCF716FA37
S214028D00002846D0297811F0030102D12046FFF749
S214028D104BFCAB79002B3CD0214B1B78DA1E012A88
S214028D2037D9062B35D06B78DB070DD503982E7A0C
S214028D3013F03FFC10B3F30803F01C0326F01F06E3
S214028D40334343F001032B724FF6FF71204611F0B6
S214028D505AFF049BDBB910F003F900F03F02022130
S214028D602046FCF75FFB4FF6FF73039A9A4210D138
S214028D70204609B0BDE8F04FFEF7F4BF06F01C032C
S214028D801C2BE1D0042B04D9043E2E72DCE7002211
S214028D90E5E709B0BDE8F08FBB1B0400EB640020DA
S214028DA0F56400202DE9F04385B004460E461746CA
S214028DB011F0EFFE0C2820467BD111F0EDFF0922C0
S214028DC0002115F0AFFE00F11005EDB2294620464F
S214028DD00AF030FB042853D006D8012815D0022802
S214028DE022D005B0BDE8F0837C28FAD1204615F0E3
S214028DF075FF0546204615F055FF02463046E9B295
S214028E0005B0BDE8F04310F0D7B846B913212046A6
S214028E1014F03DF805B0BDE8F04312F086B905B08F
S214028E20BDE8F043FCF7ACBE9D4B1B78013B012B23
S214028E30D7D82046E91C0AF0FDFA074686B978B963
S214028E40691C204614F023F80546214613F000FB61
S214028E503A462946102005B0BDE8F04316F0B0BBEE
S214028E60002508232146152200950DEB030016F077
S214028E70DFFC284602A916F005F913F026FDB0E736
S214028E80884B1B78022BACD146B9FEF73FFDC207D2
S214028E900AD5FEF7D7FC002F08BF3F26304605B09E
S214028EA0BDE8F04310F094B8FEF714FD0028F0D0A9
S214028EB0F1E711F071FF8046043016F0B8FB074662
S214028EC008F1020016F0B3FB4FF6F7739842054618
S214028ED00CD8754A138801339BB213800BB9734AB8
S214028EE013801EB1714A13880133138098F80090DC
S214028EF009F00309B9F1010F40F08380204614F00F
S214028F00A3F8014620460AF095FA043809283FF6E7
S214028F1068AF01A353F820F0418F0200E38D0200F0
S214028F20E38D0200658F0200E38D0200E38D0200EE
S214028F30E38D02004D8F0200E38D02004D8F02008A
S214028F40204605B0BDE8F043FFF7D4B9544B1B7872
S214028F50042B7FF446AF0021084605B0BDE8F04377
S214028F60F9F720BB4E4B1B78013B012B3FF639AF7E
S214028F70404614F0A6F800274D4B01465B898DF853
S214028F800A70ADF8083000283FF42BAF384616F0CA
S214028F9079F80546204614F057F8421C032321466A
S214028FA0009792B202A816F043FC9DF80A30E6B982
S214028FB03C4A1278022A18D1BBB9FF2DBDF80840E8
S214028FC00AD03C4A214632F81530284623F48063FC
S214028FD022F8153013F058FC204613F036FD002216
S214028FE02146102016F0ECFAFBE6022B3FF4F9AE0F
S214028FF02BB9304B33F815305B053FF5F2AE2846F9
S2140290003BE7B9F1000F7FF4ECAE3146204604F0A0
S214029010BBF8002E3FF4E5AE4FF6F7739D423FF6DF
S214029020E0AE98F80160284616F0040620D113F048
S21402903059FD044628467CB113F0D6FB0346F0B928
S2140290400C2200902946384612F0B3FD0C2200236B
S21402905039462846009308E013F0C6FB0346B8B923
S214029060154A009012782946384612F0A2FDB8E654
S21402907013F0BAFB034678B90B220090F3E70622F8
S214029080334629463846009612F093FD0622DEE75E
S214029090234600940622E6E74B46CDF80090F9E711
S2140290A0F5640020F4640020FE5D0020FC5D0020D4
S2140290B094DE0400E85D0020606F00202DE9F04F8A
S2140290C005888BB00446284611F066FE80460430BA
S2140290D016F0ADFA074608F1020016F0A8FA05A93E
S2140290E00190284613F0FAFF284613F0ADFF01461A
S2140290F0064628460AF09EF998F80030029003F0D9
S2140291000303012B0CBF82464FF0FF0A16F0A5F9A7
S214029110B4F806B0814611F0DFFF98F807300090E9
S2140291203846039301F08AF8002838D1019801F0F6
S21402913085F8002849D1FCF7B9FAA9EB0B0B1FFA00
S2140291408BFB8146FAF774FB002844D1FFF712FB2B
S214029150002840D1A14B1B78033B012B42D8BAF121
S214029160060F00F0BE80BAF1040F00F0BA80FFF7D7
S21402917001FB20B1029B03F00303012B32D0FAF766
S214029180B1FA28B9964B1B7803F00F03062B6FD162
S214029190944B2846B3F8681011F035FD22E02846B5
S2140291A011F0FAFD023016F042FA4FF6F7739842C3
S2140291B006D9039B23B92846FFF75EFA0028B5D1E5
S2140291C0A37823F00F03A37054E0019816F029FB4E
S2140291D00028B0D1F4E7A9F104095FFA89F9B9F1D8
S2140291E0020FB7D8BAF1010F40F0A280284611F05C
S2140291F0F4FC4FF6FF7398426AD1002331462846A4
S21402920007AA13F085FB80460028D9D042799DF83C
S2140292102530934209D9711D284689B20AF01EF9F3
S214029220A37823F00F030233A3700FF099FE7E2378
S214029230B0FBF3F202FB130303F58073A3809DF8E1
S214029240263013F0180F0BD0A378190708D1009B0D
S214029250BB4205D0384698F8052005A90FF0C8FE8F
S2140292609DF82700003818BF01200BB0BDE8F08F2C
S2140292702823A3800020F8E7584B1B78033B012BDA
S2140292805FD940F6B8339B459AD80FF069FEFF23A4
S2140292908DF81330002300F03F00C0F5FA70A0806E
S2140292A007A90DF113008DF81C30FBF7A3FF054646
S2140292B098F80710384612F075F9002D80D09DF800
S2140292C01C20013A032A7BD8DFE802F0807A697D07
S2140292D04FF6F773019A9A4224D898F80130DA07C3
S2140292E020D4284611F079FC16F038FA012808BF77
S2140292F03D4BA27809BF1B78FA2303EB830303EBEB
S214029300830302BF9B00FA339BB212097FF458AF65
S2140293105B45FFF455AF0FF023FE00F01F00103040
S214029320A08053E02D4B1B78033B012BA9D8D8E72E
S2140293304FF6F773019A9A429ED898F80130DB07E7
S2140293409AD4BAF1020F53D10123314607AA28460E
S21402935013F0DEFA074611F0BFFEBDF8223098423F
S21402936036D1002F3FF42CAF01227B8831462846A7
S21402937008F00EFB1D4A13780133DBB288F807307B
S21402938013707B88BDF81E209A421FBFA37823F075
S2140293900F030233A3704FF4C873A38016E0009B3A
S2140293A0BB4213D000283FF40BAF426801323FF4B1
S2140293B007AFC2789DF813309A42BFF401AF05E0BA
S2140293C0009BBB4202D0A2781209EBD101204CE7E7
S2140293D0184616F026FA0028C3D182E7F564002064
S2140293E0F464002044560020326F0020F26400200D
S2140293F0BAF1030F7FF475AF009BBB427FF471AFE7
S214029400711C284689B20AF015F80C287FF469AF59
S214029410FBF7E2FC4FF6FF73984201463FF461AF5A
S214029420284611F0F0FB5CE72DE9F341044600887C
S21402943011F0B2FC0546043016F0F9F80646A81CF0
S21402944016F0F5F8074616F008F805463046B4F862
S214029450068000F0F3FE064648B9384600F0EEFEF7
S21402946058B9194AA3781278033A012A0BD8A37876
S214029470002623F00F03A37021E0384616F0D1F938
S2140294800028EED1F3E71B09F1D1A5EB0805ADB232
S214029490B5F5C86FEBD80DF10301384601AA019362
S2140294A013F0F2FA9DF80350014645B94FF6FF73E2
S2140294B0984204D00126208811F0A5FBA5803046EC
S2140294C002B0BDE8F08100BFF56400202DE9F0414E
S2140294D005460C4611F05DFB082802D10120BDE8C6
S2140294E0F081201D16F0A3F80646284694F8078059
S2140294F011F0B5FB0746284611F041FB010612D5CE
S214029500184B1B78042B0ED1174B1B78022B0AD153
S214029510164BB3F868204FF6FF739A4203D0002129
S2140295200846F9F73FF8124B1B78002BD6D1A01C41
S21402953016F07DF84FF6F773984202D86378DA078A
S2140295400DD523789B070AD13A464146304612F09B
S21402955035F880F00100C0B200F00100BFE701203C
S214029560FAE700BFF5640020F464002044560020A9
S214029570A76500202DE9F04F9DB0044611F009FBC7
S2140295800546204611F005FB08285AD14FF4004341
S214029590102200212046ADF8503012F092F92046F3
S2140295A015F080FB0DF09EFE002321461A460C2085
S2140295B000930DF05CFC98B3204615F073FB14A9DB
S2140295C002461020FAF7D6FD0501204615F06AFB82
S2140295D014A902464020EDB2FAF7CCFD10B120469F
S2140295E00FF0D2FC204615F05DFB14A9024680203F
S2140295F0FAF7C0FDB8B99DB1102517A806F0A2FD6E
S2140296002046BDF8507015F069FB0646204615F058
S21402961049FB29460090F3B2384617AA0FF052FDCE
S2140296201DB0BDE8F08FBDF8503017A8ADF85E400B
S214029630ADF85C3010F094F90028DCD145F08005D6
S214029640DBE7204611F0F8FAB0F5006F40F005812E
S214029650204611F004FB0646042D40F00181204608
S21402966011F08DFA80F40060C0F3C020002231466B
S214029670400015F0A5FF954B1A78022A0DD0FFF789
S21402968079F850B902F0FD03312B06D0043A012ACC
S21402969003D98F4B1B78002BC2D02146022001F043
S2140296A073FB05900028BBD02046ADF8464011F06B
S2140296B073FB0446BDF8460011F0D1FA0546201D9C
S2140296C015F0B5FFA31C83461846039315F0AFFFAB
S2140296D012A90746BDF8460013F000FD637806900F
S2140296E0BDF8460094F80080099313F0ADFC637849
S2140296F0064608F0030828460C93FAF7F1F8B8F184
S214029700010F0CBF032302230E93724B08BF4FF0C8
S2140297100B091D80237818BF4FF00A0903F03C039B
S214029720082B0D907FF47CAFBDF8460015F0D6FAF4
S214029730B0427FF675AFB8F1010F03D023789807D1
S2140297407FF46EAF644BB3F86830AB420DD1634A18
S214029750634BB2F9001093F90030002900F0A5809F
S21402976001EB0313A3EB211313804FF0010AA6F1BA
S2140297701003DBB207938DF8453010224846BDF839
S2140297804610CDF800A00DF145030DF070FB002841
S2140297903FF446AF099B13F002030A9300F00A81D6
S2140297A0504B1B78002B3FF43BAFBDF84690484623
S2140297B013F04AFC002308904846CDE91733199364
S2140297C0ADF8683011F04BFA089B039003F10E01D6
S2140297D0484689B213F00BFC002870D00023494695
S2140297E0089A009317A80E2316F022F850460DF199
S2140297F05D0110F0D5F89DF869300B9004939DF842
S2140298005C30282B5BD10DF16100FAF7F3FB0F9069
S214029810002854D1049812F02DFE0F9B002867D121
S214029820314B049A1B78D31A190648D404F04CFD1F
S21402983050453CD115F016FE2C4E0546346824B130
S21402984004F048FD2C1B844239D30023FF2219461C
S2140298501846FCF73DFB356031E04FF6FD76FBE639
S2140298604FF6FF70301A18BF012000223146400022
S21402987015F0A6FE0C2D0DD12146012001F084FA2A
S21402988000283FF4CDAE214600201DB0BDE8F04FC3
S214029890FDF700B92DB920461DB0BDE8F04FFDF723
S2140298A05FBD042D7FF4BCAEE5E61B025CE704F068
S2140298B00BFD022803D104F0E9FC0028BAD00022EE
S2140298C01920039915F07CFEAAE600BFF464002076
S2140298D0A7650020745E002044560020465E0020E5
S2140298E0A3650020F0640020EF6400205457002097
S2140298F010214846089ACDF800A012F0F9FB00287D
S214029900DDD0A64B049A1B78934240F0AA800399B6
S2140299100DF1610214A815F081FB012114A8FAF7D3
S21402992043F8824648F2030114A8FAF749F9BAF155
S214029930000F03D0082114A80FF0CDFF484613F0FD
S214029940A1FB03990DF16100FBF7E6FAFE288246B9
S214029950B5D0FF280AD1039815F046FFFF288246A5
S21402996000F087800DF16101FBF750F98B4B049AEA
S2140299701B78934200F0A38050460B99FBF7B2FA8D
S21402998000283FF44DAE50460B99FBF7BDFA2378FC
S2140299909A070FD1484613F057FB0146484609F08E
S2140299A049FD00F00300012804D103980DF161017E
S2140299B0EEF798FCBDF8460011F0E1F8030440F11A
S2140299C08580204615F033FE40F4007189B22046A9
S2140299D015F02FFE00224FF40041BDF8460011F0AC
S2140299E0BFF8DDF81490012310220093BDF846104C
S2140299F00E980DF145030DF03AFA00283FF410AE2A
S214029A00032866D1204615F012FE40F4007189B292
S214029A10204615F00EFE284615F003FF002840F0FB
S214029A20B780DDF81490B8F1010F40F0C180032032
S214029A30BDF8461001F0A8F9002840F0B98031467A
S214029A40BDF8460009F0F6FC0F2801467FF6E8ADA1
S214029A504FF6F7739F423FF6E3AD284611F095FFA7
S214029A60DEE55046049903F049FD00287FF44FAF27
S214029A7025E7237803F00303012B08D1484613F0A9
S214029A80E3FA0146484609F0D5FC082892D0444B32
S214029A901A78444B1B789A4209D20DF16101039859
S214029AA0FBF768F8039815F09FFE82465EE7A01C57
S214029AB015F0BDFD4FF6F7739842EED9FFE6504615
S214029AC0FBF79AFA00283FF457AF5CE74FF000091D
S214029AD089E7284615F0A5FE0028A4D00A9B002B8D
S214029AE058D1B9F1000F53D1B8F1010FBDF84600B5
S214029AF09DD0314609F09EFC8246DFF8B09099F878
S214029B000030002B5FD011F0E7FA87427FF488AD71
S214029B10B8F1010F40F08280BAF1070F78D8BAF197
S214029B20050F7FF67DAD204B1B78022B02D0043B3F
S214029B30012B03D899F80030002B4BD00C9B9806CB
S214029B4040F1BB800D9B002B40F0B380284615F0F9
S214029B50C9FAFF2840F0AD805D457FF461AD069BF3
S214029B60002B00F0A48012AB46F204020124ADF8EA
S214029B705C200193214602232846009417AA13F07C
S214029B803FFA00283FF44CAD214611F0E7FB47E5CB
S214029B90DDF81490284607F053FD44E7EF640020F2
S214029BA0EE640020336F0020F4640020F06400208E
S214029BB03146BDF8460009F03DFC0A9B824613B9C1
S214029BC0B9F1000F99D0A84B1B78022B02D0043BA8
S214029BD0012BB3D8284600F031FB814600287FF4DB
S214029BE01FAD11F079FA854222D1A04B1B78033BB8
S214029BF0012B19D89E4BB3F8684011F06DFA4B460C
S214029C0001460D222046CDF8009011F0D2FF07E55E
S214029C10AAF10E03DBB2012B85D901E50AF0030394
S214029C20012B7FF4FDAC7EE7012000F0A5FBF7E4F4
S214029C30284615F0F6FD58B911F06BFA4FF6FF7389
S214029C40984205D015F0FEFA10B92846FAF738FF02
S214029C50284615F0E6FD88B111F05BFA4FF6FF7361
S214029C6098420BD015F0EEFA40B9B8F1010F02D1C6
S214029C70BAF1060F02D0284607F04CFA069BA3B9A3
S214029C8019460122584600F0ABFB814600287FF4B5
S214029C90C7AC204613F015FA4A460146384600F08D
S214029CA09FFB00283FF44AAFBAE412A9E9E7069BF5
S214029CB05AE7637823F0200363704FF6FC739F42E3
S214029CC075D16A4B1B78033B012B7FF6A9ACA379AF
S214029CD00BB1013BA3716378590727D50023584679
S214029CE017AA14A9179312F0CFFE1798F0B108F02E
S214029CF0CBF88146384615F0F5F9179A01461379DE
S214029D0003F03000102806D003F00C0008281CBF11
S214029D1023F00C031371137903F03303202B05D1C0
S214029D20FF2903D00122484608F078FA284615F0A3
S214029D30D9F9FF281EBF00224E4B43F82020099B6C
S214029D4003F001094FF6F7739F4200F21381B9F14F
S214029D50000F40F01C812946584611F0CCFD11F048
S214029D60BBF9874200F0DF80384615F05AFD00281E
S214029D704AD0B8F1010F30D1BAF1010F20D14A46CC
S214029D803146BDF8460007F05FFE384615F049FD3D
S214029D90394B1B78002B78D1584615F042FD002827
S214029DA070D1384615F03DFD00286BD138E44FF6E9
S214029DB0FD739F428BD12D4B1B78042B87D12FE44A
S214029DC0384615F02EFD50B3BAF1030F27D13146AF
S214029DD0BDF8460011F025FF22E4384615F021FDB5
S214029DE0384612F001FD002848D00023394658466E
S214029DF0BDF8462001F05AFB00283FD00021BDF8EE
S214029E004600FEF7D1FB0BE4384615F00AFD18B102
S214029E10B8F1010FD8D0E3E7B8F1010FE0D1164B45
S214029E201B78002BB8D0BAF1050F2ED111F054F9D9
S214029E308DF85C0011F050F9000A8DF85D000123E0
S214029E40022217A90DF14600F9F74CFA00287FF412
S214029E50E7AB711CBDF8460089B209F0D9FA03785F
S214029E600133037011E000BFF4640020F5640020A3
S214029E7044560020D4460020396F00209A4B1B78A7
S214029E80002B89D0B8F1010FCDD063785A070CD5D4
S214029E90BDF84640204613F099F8411C89B2204688
S214029EA009F0B6FA0378013B0370904B1B78033B2C
S214029EB0012B30D8B8F1010F06D1BAF1050F1FD128
S214029EC011F00AF9834522D1BDF84600FEF7AEFC32
S214029ED002281CD10021584617AA08F021F930B1F1
S214029EE00379458003F03C0343F0400303710023EB
S214029EF07F4A009339465846127811F05AFE06E019
S214029F00BDF84600FEF792FCBAF1030FE0D100223C
S214029F1039461C20D6E4BDF84600FEF787FCB8F1A9
S214029F20010FD5D1F0E7B8F1010F7FF467AF0AF160
S214029F30FF330C2B00F2AA8001A252F823F000BFD6
S214029F40A39F0200A39F0200CF9D0200B99F0200BA
S214029F50C99F0200ED9F02000FA002003BA0020074
S214029F6051A0020051A002005DA0020075A00200EE
S214029F7081A00200B8F1010F00F09480B9F1000F41
S214029F8008D1BDF84600FEF71DFEFFF749BBB8F143
S214029F90010FCCD0237A03F00303012B7FF440ABEE
S214029FA0EFE7AAF102035A423146BDF846005A418B
S214029FB007F04AFDFFF734BB32465846BDF8461056
S214029FC0FEF7D6F8FFF72CBB711CBDF8460089B227
S214029FD009F030FA0236F6B20246BDF84630584666
S214029FE0009612A90AF054F8FFF71ABB3F4B1B78EB
S214029FF0013B012B3FF614AB079B01210093002087
S21402A0002346BDF8462011F043FBFFF709BB374B4A
S21402A0101B785A1E012A07D90120079ABDF8461056
S21402A020FCF71AFCFFF7FCBA022B7FF4F9AAF9F741
S21402A030FFFB0028F0D1FFF7F3BABDF8460006F0A2
S21402A04069FEFFF7EDBABDF84600FEF721FA98E77B
S21402A050BDF84600FEF71CFAFFF7E2BA234B1B7860
S21402A060013B012B3FF6DCAABDF84600FDF736FDA4
S21402A070FFF7D6BABDF84600FDF780FDFFF7D0BA67
S21402A080BDF846000FF066FCFFF7CABA3346224612
S21402A0905046BDF846100FF02FFC00287FF4C0AAE9
S21402A0A05146DAE40AF1FF330C2B3FF6B9AA01A2B5
S21402A0B052F823F0A39F0200A39F0200CF9D020046
S21402A0C0B99F0200C99F0200ED9F02000FA0020086
S21402A0D03BA0020047A0020047A002005DA00200CB
S21402A0E075A0020081A00200396F0020F5640020EE
S21402A0F0606F002010B50021114810F0C3FE044620
S21402A100E8B110F0D5FD0F4B1870204610F0D5FDC3
S21402A1100D4B1870204610F0D6FD0C4B18702046DA
S21402A12010F0D6FD0A4B1860012015F09FF9204664
S21402A130FFF720FABDE81040002015F097B910BDD1
S21402A140245E0020A4650020A3650020A2650020EE
S21402A1504C57002070B5164E044633680D46E3B1E0
S21402A16010F017FD0C2818D1204610F015FE092213
S21402A1700021044614F0D6FC235C042B0DD10D4BB3
S21402A1801B78033B012B08D80B4C25B10B4B2278CE
S21402A1901B789A4203D300232370002070BD084820
S21402A1A0316814F06BFE2378012001332370F5E743
S21402A1B050570020F5640020A66500205F6F00203F
S21402A1C0D86D0020014B93F901007047465E0020CF
S21402A1D0014BB3F8680070474456002070B500245F
S21402A1E0124D2C70EDF762FEE6B2B04212D8104B5A
S21402A1F01B78013B012B04D800214FF6FF70FBF7BA
S21402A20019FF00220B4B1A700B4B198801B11A80EA
S21402A210012070BD304614F0BDFFC30748BF2B783F
S21402A22004F1010444BF01332B70DBE7ED64002028
S21402A230F5640020E4640020F85D002038B50B4B7E
S21402A24005461B7873B101335C08094B188814F075
S21402A25029FD002330F81320AA4205D00133DAB2D2
S21402A260A242F7D3002038BD0120FCE7E4640020B8
S21402A270F85D002030B5054685B008460C4615F058
S21402A280CCFAFF280CD011F0FCFB01220021034679
S21402A290CDE90112009221462A460720FBF77AFAF8
S21402A2A0284614F01FFFFF2804460FD014F072FF52
S21402A2B0C2070DD5204614F06DFF830708D40B4A5B
S21402A2C032F8143043F4806322F8143005B030BDFF
S21402A2D011F0D7FB012200210346CDE901120092BC
S21402A2E007202A46FBF756FAF0E700BFE85D002093
S21402A2F04FF6FA72431E9BB2934270B504462AD8B2
S21402A300FFF79CFF38BB194B1B78042B23D0204643
S21402A31015F06AFAFF2801D0FAF702FB204612F07F
S21402A3208CFB08B107F0C6FD2046114E04F046FA33
S21402A33020460EF05BFE31780E4D69B1288814F087
S21402A340B1FC054601461E220230F0F789FE2C803B
S21402A35033781E2B07D970BD202014F017FD2880F5
S21402A3600028EBD1F7E702333370F4E7F5640020F8
S21402A370E4640020F85D002037B5134B05461B78D1
S21402A380022B1FD110F0A8FE044610F0A5FEFFF720
S21402A390AFFF11F076FB10F0ABFE0020FBF73CFDA2
S21402A3A040F607400EF0AEFE3DB100230D222146D8
S21402A3B04FF6FD70009311F0FCFB03B0BDE8304091
S21402A3C004F032BF03B030BDF5640020034B1B78A7
S21402A3D013B90120FFF7D0BF704700BFEB6400201F
S21402A3E0F7B504460D46174610F076FE0646002DD3
S21402A3F047D04FF6FB739C4243D82046FFF71EFF1A
S21402A40030B1A64204D1204B1B78033B012B38D92E
S21402A4102046FFF713FF10B1012003B0F0BD20461F
S21402A4200EF0B4FDC0B1A642F6D00CB36946204683
S21402A430F9F758FD0246D8B90821684610F0DEFD45
S21402A440B0B9082269462846F1F704F980B12946D0
S21402A450204611F046FBDFE7A642E6D12846F9F78A
S21402A460C9FD28B90120FFF787FF06F0DFFDD3E715
S21402A4703FB121462846FAF7E7FB2146284604F074
S21402A480B9F90020C9E700BFF5640020044A137832
S21402A4902BB1013BDBB213700BB9024A1380704733
S21402A4A0E4640020F85D00200148F8F7D7BC00BF3E
S21402A4B0F85D00202DE9F047804617460D468CB021
S21402A4C061B903AE00211B4815F015F94FF00009DB
S21402A4D00446DFF860A01CB920461DE00E46F1E7F0
S21402A4E00022214624233046CDF8009015F0A0F92C
S21402A4F0082241463046F1F7ADF8A8B9337C9BB93D
S21402A5006FB945B92A4621460A4810F0DAFC0A4ACB
S21402A5101388013B138001200CB0BDE8F0873B880E
S21402A520B28953405B06ECD52146504615F007F932
S21402A5300446D0E75C5E00205A5E0020024B188874
S21402A540003818BF012070475A5E002040232DE9CC
S21402A550F04397B0074611A88946ADF80E300EF0C4
S21402A5605BFE02238DF84430002304AE31463846A3
S21402A57004937360F9F7B6FC0546002840F0958010
S21402A58038460FF0C5F9804610F0A6FD04460028AE
S21402A59040F0BB8099F80130042B40F0B980EDF70B
S21402A5A091FC022840F08480EDF78CFC022840F0F3
S21402A5B08B8096E8030003238DF8443012AB83E8C1
S21402A5C003009DF85130002143F00603102209A82B
S21402A5D08DF85130F0F7F2FC09A911A80EF0B1FF80
S21402A5E040B111A80EF018FE30460DAB09AA11A90B
S21402A5F00FF0ACF8BDF846300DA943F0040311A8DD
S21402A600ADF846300EF0F6FF102209F10A010DA849
S21402A610F1F720F80546002872D1EDF753FC022820
S21402A62006D13146FF2009AA0EF0B2FF00286AD1F1
S21402A63034240025EDF746FC022808D19DF8513057
S21402A6401B0704D430460DF10E0111F06AFC2146B8
S21402A650304611F08FFC10238DF8183004238DF845
S21402A6601A303346002203CBCDF81B00CDF81F105C
S21402A67006A80B218DF8195010F0A9FB024638B136
S21402A680002D14BF012303233146384603F078F821
S21402A690B8F1000F09D0342C07D106A83246394645
S21402A6A014F0BCFC06A80FF019F917B0BDE8F08349
S21402A6B0234621463046009411AA01F05FFE002888
S21402A6C03FF472AFAD25C6E7EDF7FCFB012891D14A
S21402A6D0104B1B6803F08403842B8BD196E803008F
S21402A6E002238DF844301023ADF8463012AB83E8CF
S21402A6F003009DF8513043F002038DF8513079E79C
S21402A7003324AD2596E7052494E72C46A325A2E735
S21402A710AA25A0E7C44800202DE9F04336488DB0AC
S21402A720F8F78CFE14F09EFE344D2B68C41A4FF4D4
S21402A7307A73B4FBF3F4A4B214B114F093FE286057
S21402A7402F4F4FF6FF763B88DFF8B880ADF80A3019
S21402A75000233B8000210DF10A0010F093FB054612
S21402A76058B9284B1B882BB14FF47A712248714393
S21402A77014F084FB0DB0BDE8F0834FF000092423EB
S21402A7804A462946CDF8009003A815F051F8BDF8C0
S21402A7901A30A34294BFDB1A1B1B9BB2ADF81A30C9
S21402A7A0CBB910F099FCBDF8183003F040031843FB
S21402A7B080B218B9322103A80EF08AFCBDF8183010
S21402A7C01B0602D508980EF090FEB8F80030013B42
S21402A7D0A8F80030BEE79E4228BF1E4601234A461E
S21402A7E02946009303A8242315F022F84A46294650
S21402A7F0384614F086FFADE7D047002058570020B1
S21402A8005C5E00205A5E0020F0B50446304A8DB0E9
S21402A8101068516801AB03C3A378012B54D11622EA
S21402A82000210DF11A00F0F7C9FBD4F82110D4F874
S21402A8301D0003AB03C32388190644BF626808924F
S21402A840DA050BD5221D08AE04F11407354610684A
S21402A8505168083203C5BA422E46F7D1ADF8183011
S21402A86013F0040318BFA3690593EDF749FB002311
S21402A870ADF81A008DF81C3010F02EFCE0B906A9CF
S21402A88003A811F04EFB0022242103A810F09FFA21
S21402A8900446D8B10020FFF73FFF002221460D48AC
S21402A8A014F02FFF0C4A0020138801331380FFF7A1
S21402A8B033FF00200DB0F0BD082201A903A8F0F76F
S21402A8C0C9FE0028DFD0DAE70220F3E71920F1E715
S21402A8D0BB1B04005C5E00205A5E0020F7B50446EF
S21402A8E000200E46FFF718FF104B1B88A34202D823
S21402A8F0212003B0F0BD00210D4814F0FCFE002517
S21402A90001460B4F0029F3D0A54208D10024242388
S21402A91022463046009414F08BFF2046E9E738467C
S21402A92014F00DFF01350146ECE700BF5A5E002029
S21402A9305C5E00200148F8F791BA00BF5C5E00201A
S21402A940014B1888704700BF5A5E002030B5154A82
S21402A9508DB051680546106801AB03C307A80EF018
S21402A9605BFCDDE90101032308AC84E803008DF8F3
S21402A9701C309DF8293003A943F0020307A88DF87E
S21402A98029300EF0DEFD10B12D200DB030BD23466D
S21402A9902868696803C303A907A80EF0B7FD002854
S21402A9A0F3D0F1E7BB1B040070B50C4611460E4A05
S21402A9B023781278064613F0200542EA0302227034
S21402A9C018BF611D0822F0F74BFB002D0CBF0520B7
S21402A9D00D20D4F80130B3602378337303F01803E4
S21402A9E0082B08BF013070BDF0640020042307B5B1
S21402A9F001200DEB0301054AF8F79AFD019B044A74
S21402AA001B03136003B05DF804FB00BF63E511008F
S21402AA10B448002010B5064C2368C3F30B0313B9E1
S21402AA200448E2F74FF92068431C236010BD00BFBC
S21402AA30B448002063E51100014B1868704700BF58
S21402AA40B448002007B50020054B064A18600423C8
S21402AA500DEB03010190F8F76BFD03B05DF804FB04
S21402AA60B448002063E511007FB511230A4A01208D
S21402AA7001A9F8F75DFD094B9DF814201A70084BE2
S21402AA801B780BB1052B05D10EF069FA012007B031
S21402AA905DF804FB0020FAE779EB0100EF64002082
S21402AAA0F06400202DE9F04F0646CBB088460088B9
S21402AAB00121174614F02EF92E4B3A463188ADF88E
S21402AAC0160006A811F0E9FA0DF1280B5A4641467F
S21402AAD0C419308811F06BFAE4B208EB0003A34203
S21402AAE008BF044605464FF004091CBFA4EB080441
S21402AAF0E4B223465A460121CDE900090BEB050ACA
S21402AB00CDF808B02D1B06A8EDF746FEEDB20BEB0E
S21402AB1004030093019523465A464146308811F0B5
S21402AB2074FA34883946204608F084FC394600F028
S21402AB30F802204608F092FC0121308814F0EAF868
S21402AB4001234A46514680B10DF11600F8F7CAFBBA
S21402AB5001210446BDF81620308814F0EFF8B4FA46
S21402AB6084F040094BB0BDE8F08F3046F8F7BAFBE8
S21402AB700446F4E7776500202DE9F04FC9B0044695
S21402AB8088469246C118224A04A81F46FFF70CFFC1
S21402AB904FF00409C519EDB208AB0293A5EB0A0BF8
S21402ABA0A8EB0A035FFA8BFBA8EB0506DBB2F6B24C
S21402ABB004EB0A02009301215B46CDF8049004A838
S21402ABC0EDF7EAFD06F590730DEB03025A44A2F583
S21402ABD08072136808A844F80830E35D324623F012
S21402ABE00703E3552C442146F0F778FB08ABCDE982
S21402ABF0019308AA00230121009604A8EDF7CCFDD4
S21402AC003246204608A9F0F769FB49B0BDE8F08F46
S21402AC1077650020F8B5064612F00BFB811C054648
S21402AC2089B2304612F0E3F9F0B1EDB1294630466A
S21402AC3008F000FC1228074616D80C4B691C1C5C50
S21402AC4089B2304608F0F6FB2C44052FE4B205D153
S21402AC50052809D8064B1B5C1C44E4B22146304644
S21402AC60BDE8F84012F0C3B90020F8BDDADE0400F1
S21402AC70D4DE0400F8B5054612F0E6F90446284686
S21402AC8010F08AF8A11C074689B2284612F0AFF9DE
S21402AC9000283ED0002C3CD02146284608F0CAFBAD
S21402ACA00646611C284689B208F0C4FB0F2E30D82F
S21402ACB0194B9B5DE118731E89B2092B0ED8DFE88B
S21402ACC003F009050D0D120D0D181E1EC40644BF15
S21402ACD0083189B2820601D5083189B22846BDE814
S21402ACE0F84012F084B97B78DB0612D501EB4001FE
S21402ACF0F3E700F01F0000EB40000144EDE71F28D9
S21402AD0005D8092E0ABF4000022080B2F5E7C828FF
S21402AD10E4D00020F8BD00BFEDDE0400F8B506461C
S21402AD2010F03AF809220021054613F0FBFE00F166
S21402AD301004284614F07BFCE4B20746214630464F
S21402AD4008F078FB0546304613F0C8FFBA05A0EBBC
S21402AD500403DBB20AD47C2D0AD0082D0AD8064A90
S21402AD60505D98428CBF00200120F8BD1220F8E703
S21402AD700320F6E7FF20F4E7FEDE0400014B187816
S21402AD80704700BF616F002038B5114B04461B7830
S21402AD9008469BB9012038BDA24205F101050FD134
S21402ADA003EBC1035B6898470028F3D11E202246B6
S21402ADB04FF6FF7114F004FC0020ECE70025054B6B
S21402ADC0E9B213F83120002AE6D11446EEE700BFB6
S21402ADD0616F0020A4DE04004FF6FF7307B502225F
S21402ADE00DF106010348ADF80630E1F7A7FF03B000
S21402ADF05DF804FB603202E0002307B5ADF80430CC
S21402AE00134B984221D10B88DA0703D5232003B0CF
S21402AE105DF804FB9B0748BF4FF47F434FF00202E6
S21402AE200C480DF1060148BFADF80430E1F75AFFB1
S21402AE304FF6FF73BDF806209A42E7D10222054874
S21402AE4001A9E1F77BFF0020E1E72120DFE700BF51
S21402AE501FD1BACA603202E0002313B50222038071
S21402AE6004460DF106010F48E1F73CFF2D2801D0FC
S21402AE70112805D14FF6FF73ADF80630FFF7ACFF89
S21402AE809DF80630BDF806201BB1238843F0010367
S21402AE9023800020FF2A82BF238843F002032380F8
S21402AEA002B010BD603202E0034B1B78002B14BFC9
S21402AEB0442056200E307047F06400202DE9F04FF3
S21402AEC08DB0179C06468946CDE90223BDF8587018
S21402AED0D588ADF816103CB9EC0605D500970EF0ED
S21402AEE092F90DB0BDE8F08FC5F380242B054FEA2A
S21402AEF0043448BF44F40064A80511D544F0800425
S21402AF000A2E00F26981DFE816F09A002F00170079
S21402AF10370067016701370010009A0037009E006D
S21402AF20E90548BF44F04004EAE74FF001084FF055
S21402AF30020B4FF0000A14E008A95FFA89F011F03C
S21402AF40F9FADDF82500DDF8291006AB03C3A44B99
S21402AF5033F81930ADF816304FF00008C3460DF13D
S21402AF60180A002F5DD125E006AA0DF116015FFA38
S21402AF7089F003F003FCEFE74FF6F773994540F2CA
S21402AF802B8115F4026F40F02781964B1B78022B1B
S21402AF9003D0043B012B00F2218147BB032E4FF066
S21402AFA001080CBF4FF00C0B4FF0080BBA4624F406
S21402AFB0C074A4B28C4B18884FF6FF73984206D022
S21402AFC08A49F8F78FFF10B124F48054A4B2039B89
S21402AFD038460093BDF81620534644F4027108F032
S21402AFE051FAADF82000002838D1192079E7384602
S21402AFF013F074FE0246FFF757FF032E08BF013810
S21402B000824201DD38206CE7032E4FF001080CBFA8
S21402B0104FF00C0B4FF0080B4FF0000A24F4C074EC
S21402B020A4B2029B1B889BB91A4639460620009397
S21402B0300BF040FF0028BDD140F6014051E74FF02B
S21402B0400008C34675E74FF001084FF0030B70E7A0
S21402B050002339461A4607200093E9E74FF6FF73A6
S21402B060614A118899421CD00FF096FE03465E4A4A
S21402B07004301188039314F0DCFA5D49039B0978C7
S21402B08014F4805FD9715949574A1FBF08689860FF
S21402B0904868D8604FF6FF7313804FF0FF330B609B
S21402B0A04B605946029A08A808F0A8FA00289CD0D5
S21402B0B0504C2378002B3CD1A7B1384613F00EFE35
S21402B0C00746BDF8200013F009FE23780744002B3C
S21402B0D014BF12220022EB1003F0040317443B4471
S21402B0E0842B8FDC15F400570AD0BDF8204020468A
S21402B0F00FF045FD40F4806189B220460FF02AFD2C
S21402B100A6F10803012B05D801221021BDF8200064
S21402B1100FF026FD179BBDF8204043B32046BDF82E
S21402B12016100FF070FDBDF82030179A002013801D
S21402B130D7E6AA06C0D56B0103F020030A2E14BF79
S21402B14043F0010363F07E03DBB2B8F1000F08D0D0
S21402B15000215246009108A800F086FE0028ABD0D7
S21402B160BFE61A46514608A811F0C2F8F6E720468E
S21402B17011F06AFF179B02462146042000930BF04B
S21402B18099FE00283FF458AF0A2E18D84FF4D96318
S21402B190F340DB0713D5072E0AD00A2E08D0BDF8D7
S21402B1A0200010F0B8FB80F00100C0B2800098E6E4
S21402B1B008A80EF0B0FB0028F1D0042091E617B1E3
S21402B1C025F04005ADB22B463146BDF820005FFAA9
S21402B1D089F201F01BFF84E6012082E6162080E653
S21402B1E0405B0020F4640020DE6E0020626F0020C8
S21402B1F0B2650020F0640020F7B50F469DF82810CF
S21402B2000446DDE90B061D46F1B94FF6FF739C4274
S21402B2101CBF174B1C804FF000041CBF154B1A7046
S21402B220BDF8240008F080FA00232A46CDE9004340
S21402B230394606209DF82030FFF740FE10B90EB1C1
S21402B240AB7A337003B0F0BD78B14FF6FF739C4211
S21402B2501FBF074B1C80074B1A7000220FF0B7FD6A
S21402B26004460028DCD11920ECE72120EAE700BFDB
S21402B270DE6E0020B26500202DE9F04788469DF874
S21402B2802810074616461D469DF820A0BDF82490B5
S21402B2900B9839B158B300220FF099FD044610B945
S21402B2A0192025E00C464FF6FF739D421FBF114B37
S21402B2B01D80114B83F800A04FF6F7739E4208D804
S21402B2C00E4B4FF6FD761A784FF6FF73002A18BF1C
S21402B2D01E46484608F028FA00233A46CDE90843B7
S21402B2E031464346BDE8F0470320FFF7E7BD21207D
S21402B2F0BDE8F087DE6E0020B26500209364002071
S21402B3002DE9F04786B09DF838600546DDE90FA8BE
S21402B3100C4617469946B6BB374B1B78022B1DD1F7
S21402B32025BB4FF6F7739C4214D80026484608F011
S21402B330FBF900233A46CDE900632146FF2328465F
S21402B340FFF7BCFD38B9B8F1000F04D0BB7A88F815
S21402B350003000E0012006B0BDE8F087043B012B78
S21402B360DED908460EF0D4FA10B31DB3022D31D141
S21402B370ECF796FDA042EDD9204B33F814204FF699
S21402B380FD739A4219E0BAF1000F32D01A4B1B78BD
S21402B390022B05D1FFF788FDB042E6D23820DAE765
S21402B3A0043B012BF6D908460EF0B2FA0028F1D17A
S21402B3B01620D0E74FF6F7739C42CBD8002EB4D0B7
S21402B3C03146002250460FF002FD06460028ADD157
S21402B3D01920C0E7012DBDD104AA0DF10E01E0B27D
S21402B3E003F0CCF9064B1B78A342B3D9BDF80E2066
S21402B3F0C5E72120AFE700BFF4640020405B0020D1
S21402B4002D6F002030B5104B87B005460C461868E5
S21402B410596803AA03C298680C4910609A88DB88A8
S21402B42052BA23F04003ADF812300023CDE90043B0
S21402B430ADF81020FF23098803AA0720ADF80E50A6
S21402B440FFF73CFD07B030BD685E0020745E00204A
S21402B45038B50C461146124A124D108022682A60F0
S21402B46062686A60A268AA60E288500616D5EA8810
S21402B470520613D561B1002218460FF0A8FC014609
S21402B48050B16088FFF7BEFF0522074B1A7038BD21
S21402B490084611F01AFDF2E71920F5E70220F6E752
S21402B4A0745E0020685E0020C36500202DE9F04F20
S21402B4B0074689B0104615461C468A4611F0C4FD5A
S21402B4C00146284607F0B6FF064628460FF064FCFB
S21402B4D0043014F0ACF880460FF0FEFD804550D0E4
S21402B4E0B2074ED1DFF8AC80284605A9B8F800B0FE
S21402B4F011F0B0FE9DF81930A8F8007003BBBDF835
S21402B5001430EBB928460FF047FC023014F08FF8DF
S21402B5104FF6F773984294BF4FF000094FF00109B7
S21402B52001230134E4B22A463846CDF8009005A934
S21402B530039303F0C5FE039B40B901339C421ED21F
S21402B5400020A8F800B009B0BDE8F08F022CF8D1B0
S21402B550012BF6D10C4A0D4BA3F800A01378591C08
S21402B56011700B4A7F3B16F00C01137007D1BDF821
S21402B5701A305B0603D5BDF81600FFF743FF022319
S21402B580D1E70020DFE700BFF2640020DE6E002075
S21402B590B2650020745E00202DE9F04FABB00F4676
S21402B5A0ADF81E000FF0F8FB00F1020A0646504600
S21402B5B014F03DF8BDF81E400546204611F044FD45
S21402B5C00146204607F036FF814600F00308301D8C
S21402B5D014F02DF8434C20800FF07EFDA8422DD0AB
S21402B5E04FF6F7739D4229D87378DA0726D4284691
S21402B5F011F0FAF830B101232946BDF81E20208842
S21402B600FFF754FF0FF068FD364B1B8883420FD1BD
S21402B610BDF81E40204611F017FD0146204607F0F1
S21402B62009FF10F00C0103D1BDF81E0001F0ACFDBD
S21402B63000222D4B1A602BB0BDE8F08F2B49BDF8C7
S21402B6401E0011F007FE2A49BDF81E0011F046FD45
S21402B6500028274B08BF0023234ABDF81E001360AC
S21402B6600FF026FB234B1870BDF81E000FF025FBCB
S21402B670214B1870BDF81E000FF02AFB1F4B1860F6
S21402B68000238DF82230002F3ED0184BDB889B0615
S21402B6903AD50FF021FD10B3194B1B689D071ED437
S21402B6A0B8F1010F14BF082318230DF122020092ED
S21402B6B000220DF11E00114600F0D6FB20B3B8F1B1
S21402B6C0010F9FD10F4B1B78112B9BD110F0AFFEB1
S21402B6D0002897D140F61D40F9F7E2FF92E70823CB
S21402B6E0E3E700BF745E002060570020685E00201B
S21402B6F0AA650020A4650020A36500204C57002000
S21402B700C4480020F4640020504613F090FF82469E
S21402B710BDF81E0013F0E2FAA0F11005EDB22A46BB
S21402B72031460AA8EFF7DAFDFF238DF82F304FF6E1
S21402B730F7739A4540F2DF80B8F1010F00F0E78018
S21402B740B8F1020F00F04681B8F1000F7FF45AAF4D
S21402B750A44DBDF81E00EB88ADF8240004930FF04C
S21402B7601BFBBDF824600746304611F06DFC01460F
S21402B770304607F05FFE8DF82300B81C7E7813F083
S21402B78056FF07460FF0A8FC06F00106B4F8009034
S21402B79003906C88002E7FF435AF4FF6F77A424658
S21402B7A0494657458CBF0620082013F009FFBDF80E
S21402B7B024B0584611F048FC594602464346042037
S21402B7C0CDF800800BF053FB574583460AD8B5F9EF
S21402B7D00620EB88002A05DB580603D5414620469C
S21402B7E0FFF710FEBBF1000F3FF40CAF2B88002BC7
S21402B7F05AD16B79002B57D14FF6F7730DF126010C
S21402B8009F42BDF8240094BF4FF0000B4FF0010B8F
S21402B81010F0EFFEDFF8D8A100F1FF38BAF80030DA
S21402B8201FFA88F10593EB88BDF82600069307F009
S21402B83001FE069B04990190009322465B460598FA
S21402B840C1F340110EF071F800283FF4DBAE04237A
S21402B85006200093BDF82610624B5FFA88F20BF0C2
S21402B86006FB00283FF4CEAE48F202036A889A42EC
S21402B87005D1BDF82410BAF8000000F08DFF594D2E
S21402B88009AA29460DF123000EF04DF803460028BA
S21402B8907FF4B8AE2104BAF80000BDF8242060D5C3
S21402B8A02346294610F0BAFE9DF823304D4D03F08C
S21402B8B00C030C2B75D1288910F07BFE00283FF470
S21402B8C0A1AE039B002029894B4514BF02260326FE
S21402B8D002F02CFE444B18704FF6F7739F42BDF8E9
S21402B8E0240075D8A4F138025342534132463D49EA
S21402B8F004F066FC86E6B8F1020F6BD0394BB3F95A
S21402B9000630002B26DAB8F1010F7FF41DAF0FF0D8
S21402B910E3FB238883423FF475AE0520BDF81E1074
S21402B920FFF732FA00283FF46DAE2E4AD3885B0644
S21402B93007D50023CDE900330A20FF232188FFF72D
S21402B940BDFA3A469DF822302188BDF81E0002F064
S21402B95023F957E629460AA800F070F80028D2D044
S21402B96050E60221DFF88C8088F800102946CDF8D0
S21402B97000B003F0A5FC132C96D0EB885D0493D49C
S21402B9801A4B1B78D80703D598F80020022A8BD0CA
S21402B99099077FF537AE98F80030012B7FF432AE68
S21402B9A082E700222B79124800936B7911460088B1
S21402B9B002F0E4FD0C4B18709DF8233003F00C03E4
S21402B9C0082B89D1039B4B4514BF0426052683E723
S21402B9D001238BE74846BDF81E20024901F048FBCA
S21402B9E010E600BF685E0020C26500209564002055
S21402B9F0745E0020B365002010B5002108480FF0E1
S21402BA0041FA044650B101460420FFF7BDF928B1B9
S21402BA102046BDE810400121FFF7BEBD10BD00BFA5
S21402BA20585E0020034BFF211A7803489200EFF776
S21402BA30C5BA00BF2E6F0020EC44002070B5451832
S21402BA4004464FF0FF31AC4212D1104B10481A7820
S21402BA5005460023934211DB0E4C2078431CB3FBB1
S21402BA60F2F602FB163345F82010237000200CE095
S21402BA7014F8010BE0F7B6FA0146E4E750F8044B77
S21402BA80A14201D00133E5E7012070BD2E6F0020F0
S21402BA90EC440020B4650020042307B501200DEB1A
S21402BAA00301054AF7F744FD019B044A1B03136092
S21402BAB003B05DF804FB00BF23E111005C570020D1
S21402BAC0014B1868704700BF5C570020014B18688E
S21402BAD0704700BF5C57002010B5064C2368C3F3BE
S21402BAE00B0313B90448E1F7EDF82068431C236002
S21402BAF010BD00BF5C57002023E111002DE9F04F76
S21402BB0093B003930023DDE91C79069399F800307D
S21402BB1083460DA804930E4615460DF07DFB99F854
S21402BB20003013F003043ED0039B0DF1250A8DF876
S21402BB3024300022082138460FF060FA002870D020
S21402BB4028880FF029F999F800301C074CBF0430FA
S21402BB50023013F06CFD07A98046F7F7D7FE9DF872
S21402BB6024300446980633D5288806F10D0111F0D4
S21402BB703EFAA8B100230093384608232988721D8E
S21402BB8013F056FE99F8003003F01803182B4AD12A
S21402BB90B8F1000F47D0A94BB3F86830434542D0FE
S21402BBA040F60A4327E02888711D11F020FA002883
S21402BBB0F6D0009405233246298809A813F038FEE9
S21402BBC09DF824300DF1240A03F018030393B0E71E
S21402BBD014BB39464046F8F785F90028D2D099F8C2
S21402BBE000309907DCD0402322462146404610F01A
S21402BBF0C3FD40F6094399F8002012F0030440F012
S21402BC00F780288803930FF02AF8224601461A2066
S21402BC1013F0D6FC039BEBE007AB03CB38607960EE
S21402BC20B0E74FF6FF780DF061FE044620B104211E
S21402BC303846F7F793FE04461E9B002B5AD009237C
S21402BC401E990DA88DF834300DF060FC209B0BB1C8
S21402BC50209B0693039B002B40F08E800DA8ECF7EA
S21402BC60FDFD99F800309A0700F09880FFF734FF40
S21402BC705146024601200DF085FE99F800309B07DA
S21402BC8010D55946288811F0ABFA0BF1090350FA81
S21402BC9083F35FFA83FB5946288811F078FA00EBA3
S21402BCA00B06F6B299F8003013F0C20F0AF104033D
S21402BCB00DD09DF82420624942F020028DF82420FF
S21402BCC00A68CAF804204A685A600AF10C0301227C
S21402BCD009A800921B1A324629889BB213F0A8FDC7
S21402BCE0324659462846FEF7DDFE002800F0A480BC
S21402BCF000237DE01F9B5BB19E460DF1340CBEE82F
S21402BD000F00ACE80F00DEF80030CCF800309DE7FC
S21402BD10049B594603F020032888049307F08AFB05
S21402BD2010F0030F0CBF012300230593049B059A12
S21402BD30003B18BF012342EA430300930DAA06AB59
S21402BD4038461F9900F01AFB049A034682B100286F
S21402BD5080D0059B0DAA0093384606AB1F9900F0CB
S21402BD600DFB034699F8002022F0200289F80020F5
S21402BD70002B3FF46FAF3EE7039B102B06D1BDF8B6
S21402BD80363043F00103ADF8363067E7039B182BD5
S21402BD904FD1BDF8363043F00203F4E701200DF12F
S21402BDA025010DF0FDFD99F80030824613F0040FD0
S21402BDB0288821D1069B1BB3002C35D00EF04FFFEE
S21402BDC000220146162013F0FBFB84B17FB14FF62A
S21402BDD0FF7398450BD000230DA91A4638460DF07E
S21402BDE0B5FC394640469DF835200DF097FD0123F7
S21402BDF0184613B0BDE8F08F002CDFD1104F01E0DB
S21402BE00002CDBD100233246009359463B4610F005
S21402BE106FF900283FF4C4AE002C3FF469AF069ACF
S21402BE200AF10103136063E71B685345C6D8012471
S21402BE30E8E740F60A43DBE71923D9E74456002031
S21402BE4077650020002307B5054A064813600422DA
S21402BE500DEB02010193E0F771FF03B05DF804FBFE
S21402BE605C57002023E111002DE9F04F0446B1B0E3
S21402BE7000888DF82F3016468A4611F0E5F80146FE
S21402BE808146208811F083F900EB0908208811F01A
S21402BE90D0F900239DF82F505FFA88F815F00107B5
S21402BEA00790ADF8363008D101460DF136022088EB
S21402BEB011F057F808B1ADF8367016B9CDE90E662E
S21402BEC00EAEFEF73BFB18B145F020058DF82F505D
S21402BED00023CDE9033302930DF12F03CDE900636E
S21402BEE02246534641464846FFF708FE05460028C6
S21402BEF000F0CA809DF82F3013F0010747D123F0D7
S21402BF0020038DF82F300FF0E7F868B17C4A10ABAB
S21402BF101068516803C3184600F002FA0546FEF799
S21402BF200FFDBBB298423BD83A9B13B100233A9A14
S21402BF301370BDF83630CBB10121208812F0EAFE2C
S21402BF4027880546002800F0CA800121384612F0EC
S21402BF50E1FEBDF836700546384612F0BFFE0023F5
S21402BF6000903A461946284610F07EFF0023CDE997
S21402BF70033302930DF12F03CDE9006322465346A5
S21402BF8041464846FFF7BAFD054600287CD00FF02A
S21402BF90A3F8002840F0BA80284631B0BDE8F08FFA
S21402BFA018AB14AA26A9F8B20DF025FC002840F01A
S21402BFB09480082210A927A8EFF74CFB8346ADB160
S21402BFC09DF8A53013F0020F08930FD0082212A98D
S21402BFD027A8EFF73FFB48B9089B590706D53A9BB7
S21402BFE013B101233A9A1370089507E03A9B002B87
S21402BFF061D1BBF1000F70D1002308930DF1740CD0
S21402C00014AB0FCB8CE80F00BDF83630CBB1012154
S21402C010208812F07FFEB4F800B000284FD001212D
S21402C020584612F077FEBDF836208346104609922F
S21402C03012F054FE00231946099A0090584610F052
S21402C04013FF304B0DF1740B0493002303930DF191
S21402C0502F03CDE900632246534641464846CDF8B3
S21402C06008B0FFF74BFD002837D1002D33D012AAB7
S21402C0705B464FF482714FF4005000F0D9F8089BEB
S21402C08013B126A80DF0C3F90FF026F888B11E4B9F
S21402C0901B689A070DD4FEF751FA50B1184A18AB2E
S21402C0A01068516803C3002226A918A80FF0FDFEE7
S21402C0B000BB002570E700233A9A137099E7BDF893
S21402C0C036200A901046099212F008FEDDE909238E
S21402C0D007990090B2E72A46CAE701371FE7BDF87C
S21402C0E036B0584612F0FAFD2B4600905A463846AD
S21402C0F0079939E726A918A80FF013FFD3E700BF60
S21402C100BB1B0400C0480020C44800209DF82F3006
S21402C11003F01103102B7FF43FAF3E4B1B78432BEB
S21402C1207FF43AAF3C4B1B685B067FF535AF208841
S21402C13008F1050110F05BFF834600283FF42CAFA0
S21402C1404146208807F076F9344B10F0200F08BFDE
S21402C1501E4612A800F0E4F80822314612A8EFF7AD
S21402C16079FA002852D0314612A80DF098FB012326
S21402C17026AE00933246002314A912A800F0FEF859
S21402C18000287FF409AF12AB0DF12F07CDE903604B
S21402C1900290009322465346414648460197FFF7CF
S21402C1A0ADFCA8B3BDF89A30102043F0080318AAD5
S21402C1B014A9ADF89A300FF055FE00287FF4ECAEC5
S21402C1C012ABCDE90360CDE90170009322465346D7
S21402C1D041464846FFF792FC054600287FF4DCAE4F
S21402C1E018AB4FF49071002012AA00F021F84FF01D
S21402C1F00051002010F0D0F8BBF1000F3FF459AF09
S21402C2004FF08051002010F0C7F852E78346AEE7A1
S21402C21014ABE6E7F4640020C4480020AE560020C3
S21402C22001461A230120014AF7F782B924E10100E8
S21402C230F0B5164691B0074609A80D461C46FFF70C
S21402C240EFFF3EB1336845F04005CDF826307368FF
S21402C250CDF82A301B4B1A6822EA070242EA050189
S21402C26019604B040DD5BDF824200B0A03F4E243F3
S21402C270C9B222F4E3420B4322F07F021343ADF825
S21402C28024301A230020104A09A9F7F751F9B4B14D
S21402C29004A80CF0C1FF02236A468DF8103015463A
S21402C2A0234604F11006144618685968083303C476
S21402C2B0B3422246F7D1294604A80DF027F911B059
S21402C2C0F0BD00BFC448002024E1010047F2FF1081
S21402C2D0044B196841F48042014041F480411A60DF
S21402C2E010F05AB8C448002000B589B0FEF7BCFB6F
S21402C2F001A8FFF795FF0948BDF80420016813025C
S21402C30021F0FF0103F4E2030B43D2B2134343F4DA
S21402C3108043036009B05DF804FB00BFC4480020F8
S21402C32010B50C4B0446186888B0830706D54FF044
S21402C330FF3323600120636008B010BD10F0400098
S21402C340FAD001A8FFF76CFFDDF806302360DDF8AF
S21402C3500A30EFE7C448002008B5074B02461B68C0
S21402C36013F0400305D118461946FFF761FF012076
S21402C37008BD0020FCE700BFC44800202DE9F047B6
S21402C3809EB080460C461D4691469DF898A0A2B1E6
S21402C390164630460CF040FF1AF0020F0FD004B9D2
S21402C3A017AC22463146404601AB0DF002FA0DB1FB
S21402C3B000232B601EB0BDE8F0870DAEE9E701ABA7
S21402C3C03146404605AA0DF0C1F973780AF0010A13
S21402C3D0FF2B26D0002840F0B68054B105AA09AF3C
S21402C3E0134603CBBB42206061601A4604F1080480
S21402C3F0F6D125B17278554B03EB82032B60BAF166
S21402C400000F01D10020D5E7BDF80430D906F9D4D3
S21402C41018204FF6FF71727813F0D2F840F60E40ED
S21402C420C8E74B4F3DB10EF057FE10B13B689A0776
S21402C4302BD500232B603B6803F03003102B01D072
S21402C440202B24D117A8FFF7EBFE082240460DF159
S21402C4505E01EFF7FFF820B13B6803F04403402B80
S21402C46015D0BAF1000F15D109A80FF099FF0223D3
S21402C4703370002C4CD1B9F1000FC3D00EF02CFE55
S21402C48060B3301DFFF74CFFBCE7324BD2E740F6F5
S21402C4900A408FE73B68DB03E6D509A80FF080FF6A
S21402C4A00223337074BBB9F1000FB1D00EF014FE44
S21402C4B0F0B1301DFFF734FFAAE73B6803F08403B0
S21402C4C0842B2CD009AB0DAF1A4603CABA422060A1
S21402C4D06160134604F10804F6D105E025463B6880
S21402C4E003F08403842B28D0301DFFF719FF26E0C3
S21402C4F03B68012503F08403F4E73B68012503F05B
S21402C5008403DDE70EF0E8FD0028F6D00125D9E722
S21402C5100EF0E2FD05460028CFD00025D2E712A88D
S21402C5200CF07AFE022312A88DF84830ECF796F942
S21402C530224608214046ECF7E9F810237380002DC6
S21402C5403FF460AF64E72D2034E700BF4844002084
S21402C550C4480020C048002049B9084B197849B1A0
S21402C5604EF66023594328B1054812F087BC41F2C3
S21402C5708831F8E70248F6F761BF00BF94640020EE
S21402C5801048002070B586B005460EF0A5FD10B91D
S21402C590022006B070BDF7F745F80028F8D001A8CB
S21402C5A0FFF7BEFE06460028F2D08DB92E4B1C6859
S21402C5B014F0020406D02D4B1B78112BE8D12C4B1D
S21402C5C0B3F868404FF481630221ADF80C3023E0E3
S21402C5D02846F7F70FFD0028DAD1234B1C6814F023
S21402C5E0020406D0214B1B78112BD1D1204BB3F875
S21402C5F068400822294601A8EFF72CF80028E1D067
S21402C6004FF4027300260A21ADF80C302B68CDF8E1
S21402C6100E306B68CDF81230002203A80EF0D7FB5E
S21402C620024608B91920B4E70F4B196801F0300327
S21402C630102B17D0202B14BF01230323490001F02F
S21402C64004010B432046002101F09AF80028E9D0A5
S21402C65000210120FFF780FF16B10122054B1A7058
S21402C660002096E70323E9E7C4480020F46400208C
S21402C67044560020A965002030B5002585B0CDE9D6
S21402C6800055F6F7DBFE0EF027FD1E4C60B905F0EE
S21402C690AFFF0D25002108462170FFF75DFF2946F2
S21402C6A068460CF015FD18E023784BB31649174878
S21402C6B00A780078904223D90132012B0A700ED1F3
S21402C6C02A464FF4A071284602F012FDC0B2B8B94D
S21402C6D041F288310E4812F0D1FB05B030BD022B74
S21402C6E009D1284602A9F7F7FDFB0028EED102A8D9
S21402C6F0FFF748FFEAE7032B02D101F0FBF9E5E773
S21402C7000425C7E7B5650020B66500206A6F0020DD
S21402C7101048002070B51B4A1B4D0446516810682D
S21402C72086B02E7801AB03C31EB10224204606B0A3
S21402C73070BDF6F7CFFF0228F7D10EF0CDFC002829
S21402C740F3D003A800F03AFE082201A90DF10E006C
S21402C750EEF780FFA0B10D4B32464FF4A071304683
S21402C7601C7002F0C5FC04460028DFD10123084AEB
S21402C77041F2883107482B70137012F07FFBD5E721
S21402C7802324D3E707DF0400B56500206A6F002084
S21402C790B665002010480020F0B50C4600219BB07C
S21402C7A02B4F0646492207A80691EEF707FC3B7870
S21402C7B0012B34D19EBB0DF10E0120460FF019FF5E
S21402C7C00546BDF80E0012F089FA441BE4B2BDF825
S21402C7D00E1023462A46009606A813F029F830467D
S21402C7E004A9F7F77FFBD0B9CCB19DF81920B2B9EE
S21402C7F0BDF8233003F47E43B3F5285F1ED3B3F5AA
S21402C800385F0ED31349BDF80E000B6843F40003DD
S21402C8100B6029460DF05DF818B104233B701BB07F
S21402C820F0BD01220C4B04A81A70FFF7ABFE41F2D2
S21402C83088310A4812F022FB0223EFE711463A70CB
S21402C840FFF78AFE1E2104A80CF042FCE7E700BFB1
S21402C850B5650020C4480020B665002010480020B8
S21402C860014B1870704700BFB6650020014B187860
S21402C870704700BFB5650020014B1870704700BFB7
S21402C880B56500202DE9F04F0446408891B00E2988
S21402C8908846ADF81A0079D094F80890A7790EF079
S21402C8A07BFA09A90546BDF81A00E67910F0D2FC13
S21402C8B0BDF81A000EF063F9420542BFBDF82A30F1
S21402C8C043F40053ADF82A30E379DB0642BFBDF8E5
S21402C8D02A3043F48053ADF82A30BDF82A30980641
S21402C8E013D5022F57D10CA9207A0FF023FEDDF8BC
S21402C8F03500DDF8391007AB03C307AA002104236D
S21402C90000910DF11A00FFF7AFFA0121BDF81A00E7
S21402C91012F000FA022F824649D1474B33F81950DB
S21402C920B8F1000F7ED0BDF82A2051067AD54FF610
S21402C930FB739D4276D8414B1B78033B012B04D8F0
S21402C9403F4BB3F86830AB426CD0D30502D52846CD
S21402C9500FF0D2FFBDF82A30D80463D5002F33D1AA
S21402C960BDF81A000EF00BF9C10663D548F234037F
S21402C970BDF826209A4209D1324E3078FF2805D0DB
S21402C98003222946FBF782FBFF2333700023236032
S21402C99011B0BDE8F08F012F01BF237A2A4A03EBBC
S21402C9A0430302EB830314BF00229A1CA6E7012F5F
S21402C9B005D10C2303FB09F3234AD55AB0E7A81C7A
S21402C9C012F035FE0546ABE7284601F0F7FEBDF845
S21402C9D01A000EF0D4F8C206C8D4638950460593EE
S21402C9E012F07CF98346504612F05CF9059B0290E1
S21402C9F05FFA8BF04A46394601900093404609ABEF
S21402CA000CF0FEFAB8F1000F14BF0B20092016F046
S21402CA10030218BF02F1FF32294618BFD2B212F043
S21402CA20CFFDA3E7BDF81A000EF0A9F8C3069DD401
S21402CA30002FD2D1A946D0E7405B0020F564002043
S21402CA40445600206E6F0020805A002038B500241D
S21402CA500F4B104D2A78A24205D8C2B9BDE838401D
S21402CA600D48F6F7EBBC598869B9013AD2B2A24230
S21402CA702A70EFD0121B184603F110011201EEF7CE
S21402CA80EFFA0346E6E701341033E4B2E2E738BDD4
S21402CA904C440020B9650020F86D002070B51A4B92
S21402CAA01A4A1D780023DCB2A54200D870BD14468F
S21402CAB066880133864202F11002F4D1E379A58832
S21402CAC0E16003F040028DB9CAB123F00403E371BA
S21402CAD00EF062F9037803F07F03037021880029C1
S21402CAE0E4D1BDE870400A4812F0C8B9002165805A
S21402CAF0A180002AE9D1BDE87040FFF7A7BF204613
S21402CB00FFF7C0FEF7E700BFB96500204C440020DF
S21402CB10F86D00202DE9F047044686B040880F469F
S21402CB2015460EF039F9A3798046082B52D8DFE86D
S21402CB3003F0052E1851515151510500023012F0E2
S21402CB4076FD002D4ED06946F7F7CCF9002841D184
S21402CB50684601F0DDFEB0FA80F0400906B0BDE896
S21402CB60F08702A9207A0FF0E5FC6B466E46DDF8E8
S21402CB700D00DDF81110334A03C3237A32F81390FE
S21402CB80314AD05C75B131460FF0F8FCE6E7237AFD
S21402CB902E4903EB430301EB830231F82390907A8C
S21402CBA0961CEFE74FF6FB7AD14515D9304603F0CF
S21402CBB0ADFF4FF6FF739842054615D00146304644
S21402CBC001F018FE554508D9E379DA060ED440F688
S21402CBD02243E3600020C1E74D46294608F10200E1
S21402CBE012F027FD0120B9E74D46EDE74FF6FC7837
S21402CBF0454512D103F00C030C2B1CD1DFB1304695
S21402CC004FF6FD7101F0F6FD40F61F412046E16049
S21402CC10FFF738FEFFF71AFFDCE74FF6FD739D427B
S21402CC2009D10023304619461A4602F02DFB41462A
S21402CC30304601F0DFFDE37943F00C03E37140F682
S21402CC402343C6E7405B0020A0640020805A0020F1
S21402CC5073B5044640880E460EF09EF8023012F077
S21402CC60E6FC0CF055FE18B1A11C201D0CF055FE7A
S21402CC70E6B1E5790135EDB2E57115F0400514D05F
S21402CC80EBF708F90122054600212046FFF742FF8E
S21402CC9018B1394B1B882B449DB2384B1B78042B9A
S21402CCA001BF354B1B885B199DB225800022314699
S21402CCB02046FFF72FFF20B360880EF06DF8E2796A
S21402CCC02F4922F00C03E3710B7805460133DBB2E1
S21402CCD00B70C3712B4BA61C1B780BB3E37998061B
S21402CCE01ED52949097871B159060CD592070AD57D
S21402CCF000220423114630460092FFF7B5F810B121
S21402CD00E06002B070BD0022012311463046009258
S21402CD10FFF7AAF820B1E37943F00303E371EFE7E4
S21402CD2030460CF0F8FD0028EAD16088FBF77EFD5D
S21402CD300328E6D8DFE800F0020D1D19E37943F078
S21402CD400403E3711B06DCD5104B1A78104B1A70DD
S21402CD50D7E740F62443E360E37943F00803E37140
S21402CD602B7803F07F032B70CBE740F62543E36076
S21402CD70C7E740F62643FAE7B66E0020F5640020C1
S21402CD80F2640020F06400206B6F0020986400209C
S21402CD90B86500202DE9F74F064612F05EFB5F4BA2
S21402CDA00546B3F8009018805D4BA0EB09041B788B
S21402CDB0A4B2A34298BF00234FF000084FF6FF77B5
S21402CDC088BF1B1B564A88BFDBB21370DFF864B1FC
S21402CDD0A9EB00030093534B5FFA88F2197891424D
S21402CDE00ED80EB1FFF732FE4FF6FF739F4200F0E9
S21402CDF08E8039464C4803B0BDE8F04F12F03EB87C
S21402CE00BBF80220002A3CD0484B9BF80720187833
S21402CE10BBF800A0042818D00020BAF1000F08BF03
S21402CE20A2462044504523D2BBF80010009B19446A
S21402CE30ABF80010002E4ED002F04802482A4AD123
S21402CE4000215846FFF704FF45E00192F6F790FFEF
S21402CE5030F01003019ADFD1FAF702FD344B019A43
S21402CE60B3F800C08445D7D9ACEB000080B2D4E753
S21402CE7002F00C00042807D10022ABF800200BF1C8
S21402CE80100B08F10108A6E7510602F0030C02F0A7
S21402CE9008000ED528B3BCF1030F25D1DEB1DBF8AE
S21402CEA00C105846002908BF4FF44261FFF7EAFC0F
S21402CEB011E040B3BCF1010F25D11206EED44FF4B7
S21402CEC0C862ABF800209BF8072022F0030242F06B
S21402CED002028BF80720BBF80020974228BF1746AD
S21402CEE0CDE703208445D9D213060ED50C4B1A780B
S21402CEF00AEB0200844208DA4A44521B0AEB020199
S21402CF00ABF80010E7E70120ECE7012199E70648B5
S21402CF1003B0BDE8F04FF6F791BA00BF5E5E0020A0
S21402CF20B8650020B9650020F86D0020F564002081
S21402CF30B66E00204C440020F8B500250A4E0B4F72
S21402CF403378ECB2A34204D8BDE8F8400848F5F7B7
S21402CF5085BF07EB0414A01CF5F780FF201DF5F72C
S21402CF607DFF0135ECE700BFB96500204C44002088
S21402CF70545E002070B500240B4D0C4E2B78A34255
S21402CF8008D81B1BDBB22B706BB9BDE87040084893
S21402CF90F6F754BA06EB041040F621410134FFF7C7
S21402CFA071FCE4B2EAE770BDB96500204C4400208B
S21402CFB0F86D00202DE9F041002506462F46114C5B
S21402CFC0DFF8448098F80020EBB29A4203D8BDE816
S21402CFD0F041FFF73BBD60880DF0DEFE023012F036
S21402CFE026FBB0420AD16088F8F74AFA00230E21DF
S21402CFF01846628803F086F9278067801034013568
S21402D000E0E700BF4C440020B9650020F8B5154E95
S21402D010DFF858E035789EF800E0134FAE454FEA49
S21402D020051C07EB051419D0002503F4835343EAC5
S21402D0301323A1712272E371608027F80C50A58039
S21402D04006F078FB40F60243E360337860810133F2
S21402D05028463370FFF79EFE2846F8BD40F603408A
S21402D060FBE700BFB96500204C4400202C6F00206F
S21402D0702DE9F04F344B0D461C78174685B05CB947
S21402D080B1F90680DFF8C890DFF8C8A0DFF8C8B0AC
S21402D09099F80030A34202D805B0BDE8F08F0AEB3B
S21402D0A00416B08800B9708801A910F0D3F8AA7ADD
S21402D0B09DF80E309A4244D1B8F1000F0FDA297A61
S21402D0C09DF80C202B89914209D820480078084404
S21402D0D0824236DA521A1B0A1341D90731D538462C
S21402D0E010F0A7F8BDF80A3004469A0602D5EB8877
S21402D0F09B06D1D5F37903F00C03042B08D1708874
S21402D100F8F7BEF9002372881946184603F0FAF8B3
S21402D11000213046FFF7B6FBFFF798FC384611F0C1
S21402D120DDFD844208D2337A01228BF8003029468C
S21402D1300023384603F044F8B8F1000FACDA0024B6
S21402D140A6E70134E4B2A3E7B76500202B6F002000
S21402D150B96500204C440020C265002008B512F0D4
S21402D1607CF9074B1B88C01A80B2B0F5807F05D9C0
S21402D170BDE808400021034811F080BE08BD00BF8C
S21402D1805E5E0020F86D00202DE9F04788B0044668
S21402D1900D460FF059FF0146204606F04BF910F0F7
S21402D1A0030340F0848010F00C0F06D12946204677
S21402D1B008B0BDE8F047FFF771BC20460DF0DFFC73
S21402D1C0C10659D420460FF03FFF0146204606F01E
S21402D1D031F9074620460DF0DFFD0646023012F012
S21402D1E026FA05A98046204607F00C0796F806A000
S21402D1F010F030F873780C2F0CBF03270627012196
S21402D20013F0010F204618BF032711F083FD2B4BA6
S21402D21081461B78033B012B1DD9BAF1010F1AD99F
S21402D2204FF6F773984502D8337A1F2B13D9301D61
S21402D23012F0FDF9F17982460EF0B4F90646504630
S21402D240F7F726FDDEB173685A1C04D0834340F616
S21402D250284308BF1D461A4B1B88A34212D1B5FAB3
S21402D26085F04009FAF7A6FD20460DF0B6FC00222E
S21402D2700146072012F0A4F908B0BDE8F08740F690
S21402D2802845E8E706F056FA8246484611F026FD9B
S21402D2900646484611F006FDF6B202904246394668
S21402D2A02846CDE900A605AB0BF0AAFEDCE7012B6B
S21402D2B0E2D110F00C0FDFD178E700BFF564002052
S21402D2C0545E0020002210B5094B1C78094BD1B2DF
S21402D2D08C4201D8002010BD197A814202D1997978
S21402D2E0022902D010330132F1E70120F3E700BF32
S21402D2F0B96500204C4400200146002210B5084BB8
S21402D3001C78084BD0B2844201D8002010BD187A8F
S21402D310884202D198790128F8D010330132F1E719
S21402D320B96500204C440020002210B40A4B1C7839
S21402D3300A4BD1B28C4203D85DF8044BFFF786BB8A
S21402D340197A814205D19979012902BF00211980F3
S21402D350598010330132ECE7B96500204C440020B6
S21402D360044B1B6813F0300F03D0202130200FF03F
S21402D37013B87047C4480020002310B50446084975
S21402D3801A4601EA00414FF07F60FEF751FFE307BD
S21402D39003D5002130200EF0FFFF002010BD00BF95
S21402D3A000007207044B5B8823F4784323F08D0356
S21402D3B003800020704700BFC448002008B5002242
S21402D3C00346C3F80220C3F806200B4A023012684E
S21402D3D0D1B212F0200F18BF41F010011980930746
S21402D3E001D4FEF79DFF054B1B78023B032B8CBF37
S21402D3F01720002008BD00BFC4480020F4640020A7
S21402D40038B505460C46FDF72FFB98B10E4B18783B
S21402D41078B10E4B1B681A040FD58CB113F0420F6D
S21402D42000D17DB103F44073B3F5407F0CBF0020FA
S21402D430232038BD40F60840FBE740F60B40F8E7ED
S21402D4402046F6E72320F4E7F0640020C4480020D4
S21402D450F0B504468DB007A80D4616460BF0DCFE66
S21402D4601022002103A8EDF7A9FD5CB1234603AC08
S21402D47003F11007224618685968083303C2BB42F4
S21402D4801446F7D1012703A986EA070307A88DF8F1
S21402D4901C708DF81D300CF02AF880EA070401A8EB
S21402D4A0E4B2EBF739FAB6B101A88DF80650EBF7FD
S21402D4B05FFA64B1002303A907A88DF81D300CF0AB
S21402D4C025F80C4B1B78432B01D1F7F7CFFC0A4B00
S21402D4D01D700DB0F0BD01A88DF80750EBF748FAA5
S21402D4E0002CF6D003A907A88DF81D700CF00EF8D4
S21402D4F0EFE700BFF4640020EF640020F0B50125DA
S21402D50093B007460DA80C460BF086FE05A90DA89B
S21402D510ADF834500CF015F801A8EBF7FDF909A99F
S21402D5200DA88DF835509DF806600CF00AF80DA887
S21402D5309DF807500BF09BFF70BB731BDBB2802B72
S21402D54028D91FB1A64225D0A54223D105A90DA8E8
S21402D5500BF0DCFF03A8EBF7DFF903A88DF80F60EA
S21402D560EBF706FA0122294609A8FFF771FFF7F73B
S21402D57033FD01214FF4007003F0E6FDFDF75CFA7F
S21402D580B0F1004F01D9FDF75DFA044B18780BF0A5
S21402D5909DFD012013B0F0BD0020FBE7EF640020E4
S21402D5A070B50E46144605460320FFF765F946F0A9
S21402D5B00402294620460CF003F80022014B1A60AA
S21402D5C070BD00BFC0480020F0B587B0078805468A
S21402D5D01022002102A8EDF7F1FC3E4B1B78002B2F
S21402D5E076D1BC055ED407F08403842B63D0002278
S21402D5F0394C11461046FFF72BFF17F4045F2760DD
S21402D60005F102061CD0B9040AD5304605F0A4F985
S21402D61000284ED1236823F4005343F4807323601A
S21402D62030460EF047FF002842D10BF0F1FD18B944
S21402D630236843F480332360236843F02003236087
S21402D64022680DF1060042F400432360FFF7AAFEAB
S21402D65012F4805FBDF8063031D043F02003ADF8F7
S21402D66006302168334611F0400218BF05F1230246
S21402D6704FF07F60FEF7DCFDBDF80630DA0703D513
S21402D680002130200EF088FE23689B0506D5012275
S21402D69095F8221005F11200FFF7DAFE00200F4B74
S21402D6A0186006E005F112000EF004FF00289AD07A
S21402D6B0292007B0F0BDB80799D52320F9E723F053
S21402D6C02003ADF80630FDF7BDF9FEF7BBFBC8E751
S21402D6D00220EEE7F4640020C4480020C048002080
S21402D6E008B5054B1B7833B1FFF73AFEBDE8084094
S21402D6F00248FEF731BE08BDF064002077650020C0
S21402D70010B5154B1B78D3B1144B1B78033B012B7A
S21402D71015D900200FF091F9044698B1EAF7EAFB12
S21402D720237913F0300F0AD148B1012803F0CF0253
S21402D73006D0811E4B424B415B011343237110BD41
S21402D7401023FAE7F7F7DAF80028F8D02146204641
S21402D750BDE8104004F096B8F0640020F56400209E
S21402D76008B50DF0B9FC054B18B91868C0F380006F
S21402D77008BD1868C0F30050FAE700BFC44800208E
S21402D7802DE9F04F064689461046002189B0154617
S21402D790984605F04FFE102807460AD86A4B034102
S21402D7A0DB0706D4C8F340049DB9002009B0BDE8E3
S21402D7B0F08F664B1C78002CF6D0FFF7D1FF0028BE
S21402D7C00CBF4FF4F0744FF4D074FC4004F0010424
S21402D7D0EAE74FF0000A18F0010F53465246294670
S21402D7E04FF00500CDF800A00CBF4FF0080B4FF429
S21402D7F0027B09F05FFB0028D7D0C823324600938D
S21402D80059465346284605F03DFEADF80E00002860
S21402D810CBD018F0080A4AD14FF6F773A7F10F02D9
S21402D820D2B29E428CBF09230123012A01D843F0BB
S21402D8304003474A8DF810301378591C11708DF842
S21402D8401130002C4FD09DF81030052F43F02003E6
S21402D8508DF8103033D03F4B1D78002D5AD04FF63E
S21402D860F77300259E424FF00F0248D9012304A900
S21402D8700DF10E00F5F736FD002896D1002C4DD19D
S21402D880BAF1000133463A4618BF0121BDF80E0030
S21402D890CDF800900CF046F8ADF80E00002884D0C3
S21402D8A018F0040F4DD031460EF04BF87EE749468D
S21402D8B00DF10E0005F02AF80028ADD175E701211A
S21402D8C0BDF80E0011F026FA012105F0B3FD012382
S21402D8D0834013F0620F1CD11E4B1B78E3B14FF648
S21402D8E0F7731825BEE71B4B25461B780222002B32
S21402D8F0BCD04FF6F7739E42B8D8052FB6D0BAF111
S21402D900000FB3D19DF8103043F040038DF810306D
S21402D910ACE710250F22A9E71825FBE7BAF1000F9E
S21402D9200AD002234A46009029460DF10E00FEF761
S21402D9309BFA0028A4D038E741235246CDF800A02F
S21402D940F2E70DF0E8FF31E79FFEFEFFF0640020ED
S21402D950F1640020E26400202DE9DF431E46144BEA
S21402D96080461B680F469B0791460A9C1BD420469E
S21402D97014B10BF0BFFFC0B20622CDE902403B460F
S21402D9800020CDE900890B490FF0DEFA024650B1BD
S21402D9900021002E0CBF01230323084604B0BDE875
S21402D9A0D043FFF7EDBE002004B0BDE8D08300BF31
S21402D9B0C4480020619204002DE9F04F8DB08146E4
S21402D9C08A461F4693469DF85C803AB903A8FEF73E
S21402D9D0A7FCB0BB00200DB0BDE8F08F15460022B4
S21402D9E0232110460DF0F3F9ADF80A000028F1D015
S21402D9F011F058F90523044618F0100F00F8023B00
S21402DA00677020D011220021EDF7D8FA04F1130630
S21402DA10032F4FF0080237D159463046EDF720FB68
S21402DA20C8F3801306F1090533720BF05FFF002876
S21402DA303ED000232B706B700123033505F8013CA2
S21402DA4036E003ADCBE7012610221699EDF708FB68
S21402DA5006FA07F313F0620F02D104F11206D7E7B3
S21402DA6007A80BF0D9FB05A88DF81C60EAF754FF4F
S21402DA709DF8162018F0200F9DF8173008BF1346A1
S21402DA8004F11306A374C3E751463046EDF7E8FAED
S21402DA90012306F10802121B28460093BDF80A105D
S21402DAA0082392B211F0C4FE042F06F11005BCD072
S21402DAB02D1BA9B20DF10A000FF0AEF9002889D18C
S21402DAC018F0040F0BD0484611F00CFBFF281FBFBE
S21402DAD0074A32F8103023F4804322F810304346C7
S21402DAE051464846BDF80A20FFF74AFE73E700BFD4
S21402DAF0E85D002070B5032690B08DF807600DF043
S21402DB00EBFA18B90224204610B070BDF5F78AFD6C
S21402DB100028F7D002AD2846FEF702FC0028F1D016
S21402DB201B4B1C6814F00204ECD140F20F43194A56
S21402DB30ADF82430136804A8CDF826305368CDF823
S21402DB402A300BF069FB95E8030005AB83E8030077
S21402DB50062304A88DF81D308DF81060EAF77EFEC5
S21402DB6001210DF12E020DF10700EAF7CFFD224644
S21402DB701A2109A80DF02BF9024608B91924C2E7A2
S21402DB80012329462046FFF7FBFD0028BBD1F5E717
S21402DB90C4480020776500202DE9F04F06460F4660
S21402DBA0002199B01F2210A803930F91EDF706FAF1
S21402DBB030460FF049FA0146304605F03BFC8DF838
S21402DBC01B0030460DF0E8F89DF81B30457881467C
S21402DBD0C5F340059806304648BF45F002050FF0EB
S21402DBE028FB0446304611F079F80023001B5FFA42
S21402DBF080FA00935346232B28BF2323224631461E
S21402DC000FA811F015FE002840D19E4B9DF83C80CF
S21402DC101B789DF83DB0002B3BD0FFF7A1FD0028F6
S21402DC200CBF4FF4F0734FF4D07323FA08F3D907FE
S21402DC302FD5AA072DD4B8F1080F24D1BBF1040FB3
S21402DC4024D1FAF797FD08BB0123224600933146FA
S21402DC5005200DF11B0309F00AF9B8B1A8F1050871
S21402DC60B8F10D0F12D8DFE818F02800A001C7019E
S21402DC70EC01F5011100110011001100FB019D02DB
S21402DC80A902D702D702B8F1050F08D019B0BDE82D
S21402DC90F08FB8F1100F05D1039B002BF6D0FAF7E0
S21402DCA069FDD1E7FAF766FD0028CDD0B8F1050F79
S21402DCB0CAD0B8F1110FC7D0E8E7BBF1050FE5D817
S21402DCC030460CF0CCFF059009F1020011F0AFFCD3
S21402DCD081460DF11E00FFF765FB01239DF83D709E
S21402DCE0BB4013F06203039305D0BDF81E309B07BA
S21402DCF001D5AE07CAD50DF0EFF90028C6D0FAF75F
S21402DD0039FD08B9002DC1D00DF13E0A50460EF07D
S21402DD10D1FB039B0490BBB1032F9DF84EB01AD1E2
S21402DD200DF14F040DF0D8F9814540F01781032D0F
S21402DD30ACD19DF856105246003918BF01210DF19C
S21402DD404E000BF0FCFDA1E7032FDDF80CB07BD1F3
S21402DD500DF14E04E6E74C4B1B689C0729D5FF22C3
S21402DD6008210DF157000DF049F9804608BB03461D
S21402DD7001460DF157020220FEF75AFA0DF0ACF9F1
S21402DD8081450DF157060DF14F0422D04FF6F77379
S21402DD90994540F2E8800022082120460DF02EF92F
S21402DDA0002800F0E080002259465046FFF750FB5C
S21402DDB06CE70DF157060DF14F0430460EF014FBDA
S21402DDC0002846D00DF088F9814540F0C8804FF013
S21402DDD000082046F6F70EF9002800F0C080012F52
S21402DDE058D0042F7FF452AF0EF021FB10B1032D52
S21402DDF07FF44CAF049B002B7FF448AF32460221DF
S21402DE005046FFF7CDFB214B1B7863B1FFF772FE3E
S21402DE10FEF72CFD022806D10120FEF721FD012186
S21402DE200846FEF799FB1A4B1B78022B1FD10321DB
S21402DE3030460BF04DF9FEF719FD014600287FF437
S21402DE4025AFFEF789FB21E70DF156060DF14E04CC
S21402DE50B3E70F4B1B78432B7FF418AF012F7FF4E9
S21402DE6015AF0DF039F9814579D1B846B1E7412BA6
S21402DE707FF40CAF044B1B6858057FF507AFF8F725
S21402DE8061FC03E7F0640020C4480020A965002076
S21402DE90F4640020B64C2378022B22D02378412B40
S21402DEA03FF4F4AE049B33B9FAF764FC59460246D3
S21402DEB05046FFF7CDFAFAF75DFC00283FF4E6AECF
S21402DEC00EF0B5FAAB4F98B13B681A0502D4237828
S21402DED0432B0DD1AB070BD440F61A40F7F7E0FB05
S21402DEE0D4E60EF0A4FA0028D8D0A907D6D4CDE6F8
S21402DEF0386810F0020002D1059903F0C3FC2378BB
S21402DF00112B16D13B685F0513D50020FEF73AFBAE
S21402DF10044600287FF4BAAE0DF0B6FB40F61C406D
S21402DF20F7F7BEFB21462046FEF716FBF7F7C4FBC3
S21402DF30ACE6AC0701D5FFF713FAB8F1000F9ED096
S21402DF400BF066F918B94FF480310EF025FA00226C
S21402DF50894B30461A600EF03EFA90E70026039B85
S21402DF60002B7FF413AF4FF6FF73204608A9ADF8D7
S21402DF702030F5F791FF20B120460DF088F8ADF875
S21402DF8020004FF6FF73BDF8200098423FF47EAEA5
S21402DF90049B3246002B0CBF042315232146CDE9F1
S21402DFA000A33B46FFF708FD70E60DF095F8002843
S21402DFB07FF46CAE714B1B78002B3FF467AEA8075C
S21402DFC004D46C4B1B6899013FF560AEBAF10C0F96
S21402DFD00DF1450094BF002412AC11F028FB024656
S21402DFE09DF8470003283FF651AE394600940DF1DE
S21402DFF03D0304F00BFA49E60DF13D00F5F7FAFF92
S21402E00028B1022239460020FAF740F83EE65C4B79
S21402E0101B78013B012B3FF639AE0DF13D0002F0B5
S21402E02075FD4FF6FF739842044606D10DF13D008A
S21402E0300DF02DF8A0423FF429AE0021FAF736F98A
S21402E04024E6EA077FF522AE2A4638460FA904F0F0
S21402E050DBFA1BE69DF83D100120FFF74FFA15E6A6
S21402E060474B1B78013B012B3FF610AEEB077FF5C3
S21402E0700DAE0DF13D0002F049FD4FF6FF739842DA
S21402E0800546804640F080800DF13D000CF0FFFF13
S21402E09040450546074677D10DF13D00F6F71CFCD4
S21402E0A0B84205463FF4F2AD304610F017FE0022A5
S21402E0B00934E4B2071BFFB2394610460CF087FE5D
S21402E0C0ADF81C0000283FF4E1AD4FF00109002333
S21402E0D02A460821CDF8009005F0D4F9ADF81E00C6
S21402E0E000283FF4D3AD214630460FF079F84FF0C2
S21402E0F0000A80461622514609A8CDF820A0ECF761
S21402E1005DFF434622463146CDF800A008A811F02E
S21402E1108FFB4B46424608A90DF11E00F5F7E2F8C2
S21402E12000287FF4B3ADA7EB0807FFB2394607A86D
S21402E1300EF072FE284610F0D5FFFF2818BF114ACF
S21402E140444418BF32F81030E4B21CBF23F48043B4
S21402E15022F81030BDF81C002346324600210097F4
S21402E1600EF082FE2946BDF81E000DF0EAFB8DE594
S21402E170F4640020C4480020C0480020F064002058
S21402E180F5640020E85D0020284610F0ABFFFF286B
S21402E190074689D0F6F7C6FD002885D0384603F034
S21402E1A099F881E71E4B1B78013B012B3FF66EADBB
S21402E1B02A4638460FA9FCF7C9F967E5194B1B78BA
S21402E1C0022B20D1002F7FF461AD08A8FEF7A8F835
S21402E1D000283FF45BAD144B1F709DF83D30002BBA
S21402E1E014BF64246524FEF741FB032806D1384693
S21402E1F03946FEF7B1F93846FEF73EFB214608A837
S21402E2000AF066FF42E5043B012BDBD938460BF0E9
S21402E2107FFB0028D6D139E530460BF07BFB35E58F
S21402E220F5640020F4640020A96500202DE9F3417E
S21402E23005460E46174698460EF0F9F8044640B1D3
S21402E24001233A4631462846CDF80080FFF784FB84
S21402E25004460EF0ECF830B1FFF782FA78B10A4BBA
S21402E2601B689B010BD400233A4631462846CDF85C
S21402E2700080FFF771FB002C0CBF0446012404F05B
S21402E280010002B0BDE8F081C448002070B58AB033
S21402E29005A80AF0C1FF022301AA15468DF814301C
S21402E2A0084B03F11006144618685968083303C46D
S21402E2B0B3422246F7D1294605A80BF018F90AB050
S21402E2C070BD00BF0FDF0400014B1878704700BF17
S21402E2D06C6F0020014B1888704700BFE06E00206C
S21402E2E04FF6FF732DE9F043994280460D4685B0FE
S21402E2F00BD000274FF6FD791C4EE9F7D1FDFCB294
S21402E300A0420BD84FF6FF701DE0F5F773FE00280B
S21402E310EFD005B0BDE8F0430CF0DEBE36F81430A0
S21402E3204B4517D8694620460EF0C8F808224146E3
S21402E3300DF10500EDF78EF94FF6FF7360B99D42B9
S21402E34004D136F8140005B0BDE8F08326F8145060
S21402E3500EF07DF80137D0E79D42FBD036F8143038
S21402E360AB4208BF26F81490F4E700BF405B0020DB
S21402E3702DE9FF4706460F4600254FF6FD79DFF8E2
S21402E3803C80DFF83CA0E9F78BFDECB2A04202D855
S21402E39004B0BDE8F08738F814304B450CD869460F
S21402E3A020460EF08BF8082231460DF10500EDF7F7
S21402E3B051F908B90AF804700135E4E7405B002019
S21402E3C0A0640020014B33F810007047405B002029
S21402E3D0F0B5064600250D4F85B0E9F761FDECB2B3
S21402E3E0A04201D805B0F0BD37F81430B3420BD1C5
S21402E3F0694620460EF09EF89DF80030022B1CBFA0
S21402E4004FF6FD7327F814300135E6E7405B00202F
S21402E41030B585B004460D46E9F742FDA0420FD955
S21402E420084B33F814204FF6FD739A4208D8694613
S21402E43020460EF07FF829460DF10500FFF750FF43
S21402E44005B030BD405B002030B585B00446E9F724
S21402E45027FDA04219D92046FEF734FF0546B0B97B
S21402E460694620460EF02AF89DF800302BB1694620
S21402E47020468DF800500EF03FF84FF6FF7200204F
S21402E480044B23F8142005B030BD2820FBE740F6E5
S21402E4900440F8E7405B00202DE9F0410B78054682
S21402E4A00E461BB9BDE8F041FFF7CEBFE9F7F8FC10
S21402E4B0A84231D92846FEF705FF78BB374617F83B
S21402E4C0058B4FF6FF713846FFF70AFF04463846BB
S21402E4D000F01EFAB0FA80F04009B8F1000F15D02D
S21402E4E0B8F1030F15D04FF6FF724FF6FD73944244
S21402E4F008BF1C460B4B314623F815400A4B5855AD
S21402E50028460DF0F9FF0020BDE8F0814FF6FF74B3
S21402E510F0E74FF6FE74EDE72820F5E740F60440F4
S21402E520F2E700BF405B0020A06400202DE9FF4117
S21402E5300D4604464FF6FE780F4F0E0AE9F7B0FC7A
S21402E540A04204D8FF24204604B0BDE8F08137F884
S21402E550143043450CD1694620460DF0AFFF9DF8B6
S21402E5600520EBB29A4203D19DF80630B342EAD0B8
S21402E5700134E4B2E2E700BF405B00202DE9F04F31
S21402E5800C461746984600254FF6FD7B87B09DF849
S21402E59040A0DFF85C900190E9F782FCEEB2B04250
S21402E5A001D8FF2616E039F816205A451ED83046FE
S21402E5B002A90DF083FF3FB99DF80920424515D107
S21402E5C09DF80C20524511D144B939F81620019B0A
S21402E5D09A420BD1304607B0BDE8F08F082220469B
S21402E5E00DF10D01EDF736F80028F3D00135D3E72B
S21402E5F0405B002010B514460DF060FF2046BDE8D3
S21402E600104008220149ECF72BBD00BF77650020B9
S21402E6102DE9FF47074615460846082224491E46A6
S21402E620EDF718F8044600283FD14FF6FF7ADFF8D8
S21402E6308490E9F735FC5FFA84F880450BD385B3FE
S21402E640384608F0F5FC01250C9B18700120357041
S21402E65004B0BDE8F08739F8183053451FD0694634
S21402E66040460DF02BFF7A789DF801309A4216D17B
S21402E6707A88BDF802309A4211D13A799DF8043070
S21402E6809A420CD108220DF10501781DECF7E2FF43
S21402E69028B9002DD7D1404608F0E5FCD3E701346F
S21402E6A0C7E7FF2008F0DFFCCEE70020D0E700BF78
S21402E6B077650020405B0020F0B50025154E164F0A
S21402E6C085B0E9F7EDFBECB2A04201D805B0F0BD8B
S21402E6D0694620460DF0F2FE9DF80030032B06D95F
S21402E6E00023694620468DF800300DF005FF9DF8A0
S21402E6F0002062B14FF6FD734FF6FE71032A08BF83
S21402E7000B4626F81430002301353B55D9E74FF661
S21402E710FF73F6E7405B0020A0640020F8B50E46C3
S21402E72004464FF6FF770C4B0C4D1B7803EB430366
S21402E73005EB8305A54202D800242046F8BD2388AF
S21402E740BB4206D008223146A01CECF783FF002805
S21402E750F3D00C34EEE700BF2D6F0020805A002065
S21402E760044BFF211A78044802EB42029200ECF7AF
S21402E77025BC00BF2D6F0020805A0020F8B5044645
S21402E7800C4B0D461B781046A3420DD90C270221CE
S21402E79017FB04117C43084E08223144ECF760FC58
S21402E7A0335B00202B80F8BD0023136053604FF6C6
S21402E7B0FF73F6E72D6F0020805A002038B5044616
S21402E7C04FF6FD75FFF704FE0022084B1878084B3B
S21402E7D0D1B2884200D838BD33F80C1C0132A142AF
S21402E7E008BF23F80C5C0C33F2E700BF2D6F002045
S21402E7F08C5A002070B505460E460846FFF7DEFF27
S21402E80031462846FFF76CFD29460648FFF786FF85
S21402E81000B970BD044624F80C6B0DF018FE2946AC
S21402E8202046F3E7805A002010B5082286B0234916
S21402E8300446ECF70FFF20B906B0BDE810400CF016
S21402E8404BBC082220461E49ECF704FF20B91D4B9C
S21402E850B3F8680006B010BD0023012221464FF629
S21402E860FF700093FFF78AFEFF2806D0164B33F898
S21402E87010004FF6FB739842ECD903A8FEF79EFDF4
S21402E88058B9BDF80C305B0607D5082221460DF1B3
S21402E8900E00ECF7DFFE0028DCD021460B48FFF71F
S21402E8A03DFF40B14FF6FB724FF6FF730088904271
S21402E8B088BF1846CEE74FF6FF70CBE77765002095
S21402E8C0AE56002044560020405B0020805A0020AE
S21402E8D070B5002204464FF6FB7608460A4B1D78B2
S21402E8E00A4BD1B28D4201D8002009E01988B14204
S21402E8F007D8A14205D10822991CECF7B1FB0120EA
S21402E90070BD0C330132ECE72D6F0020805A0020D8
S21402E91037B5014605460E48FFF700FF044640B1EC
S21402E920807A29460DF02AFE80F00100C0B203B0BC
S21402E93030BD03460090012229464FF6FF70FFF7CE
S21402E9401DFEFF2816BF034B2046185CE9E700BFF2
S21402E950805A0020A06400202DE9F341224B044691
S21402E9601B780F468342154638D9FEF7C5FCB8BB5E
S21402E9704FF6FD739D421D4E0ED004EB440326F85F
S21402E98023504FF6FF739D421FD12046FEF7CCFC64
S21402E990002002B0BDE8F0810DF106013846F5F719
S21402E9A07BFA4FF6FF72BDF806303846934218BF20
S21402E9B01D460C236343F55206EB0308FFF7A8FF38
S21402E9C0B0FA80F0400988F80A000C2303FB0460C2
S21402E9D0082239460230ECF743FBD9E72820D8E76D
S21402E9E040F60540D5E700BF2D6F0020805A002074
S21402E9F038B504460D46FFF7BBFC21460448FFF730
S21402EA008DFE00B938BD857221460C30F7E700BF8F
S21402EA10805A00200023074A1370074A1370074AD9
S21402EA20118801B11380064B1A880AB100221A8097
S21402EA30704700BFBB650020BA650020645E0020F8
S21402EA40625E00202DE9F04F4C4C9846238889B030
S21402EA5005900F4610469DF848A05BB952B10EF0DD
S21402EA60F4F920804FF4FA61454809B0BDE8F04F4A
S21402EA7010F004BADFF81C91B9F80050002D69D0E6
S21402EA80284610F02BF9C0F34704284610F00AF97E
S21402EA90DFF804A10294BAF80030DFF800B101935F
S21402EAA0BBF8003005460093002243460120354954
S21402EAB00EF04AFAADF81E0010B305EB4408012426
S21402EAC0454512D1E4B9BDF81E50CDB12E4B1B7888
S21402EAD02BBB2B4600223946059800F043FA00234A
S21402EAE0ABF80030AAF800300AE0012329461A469D
S21402EAF00DF11E00F4F7F6FB023504460028DFD0BF
S21402EB000023224AA9F800301378013BDBB21370C7
S21402EB10002BA7D109B0BDE8F04FFFF77BBF0CF082
S21402EB20A4FA0146284604F085FC0A2180462846B7
S21402EB3004F080FC0646A64202D8FF2CCFD1C8E7D6
S21402EB40284604F10B0104F075FC8045C1D8013457
S21402EB50E4B2F0E70E4C237823B910F073FB08B941
S21402EB6001232370524641460520F5F757FC00283C
S21402EB70D0D1207009B0BDE8F08F00BF645E0020DF
S21402EB80186E002067920400BC650020BB6500205A
S21402EB90BA650020625E0020FC5D0020FE5D00205B
S21402EBA030B5154D87B02C889CB923464FF4A07219
S21402EBB048F2380103A80DF0C4FD21462046F9F7B5
S21402EBC0F3FB22460D4B009403A9FFF73BFF07B069
S21402EBD030BD20460CF0E0F8043010F028FD03A902
S21402EBE0044628880EF036FB0023009320462A8827
S21402EBF003A900F065FBEAE7645E002000F8FF0761
S21402EC0037B5002001A9F9F7CFFB0D4C0146237852
S21402EC100C4D7BB10C4B019A1878F9F7DBFB207888
S21402EC20F7F716F9002323702B700848F4F706FC52
S21402EC3003B030BD2B78002BF7D0FFF7B1FFF4E717
S21402EC40BE650020BB650020BD650020186E002052
S21402EC5008B50548F4F702F90448F4F7FFF8BDE8EA
S21402EC6008400348F4F7FAB8645E0020625E0020AB
S21402EC70605E00202DE9F04F89B089460446CDE952
S21402EC8005239DF84870139E30B316F801ABBAF10F
S21402EC90000F23D00AF1FF34A400E4B2314601206B
S21402ECA00AF07EFEC00E1BD1DFF838B131460120D5
S21402ECB00AF076FE9BF8005034442279BDB1002F4C
S21402ECC047D180234846CDE90277CDE900773E4A10
S21402ECD0059900F047F93CE08246DFE75446DDE757
S21402ECE01B28ECD9314601200AF05AFEE7E7DFF886
S21402ECF0F880FF2A00EA08080BD14246E379A17998
S21402ED00607901EB032189B209B0BDE8F04FF9F74B
S21402ED1061BB2E4909688B070AD5FE2A35D1012325
S21402ED200135EDB2202D4FEA43030AD1FF250AE052
S21402ED30294628460792F9F737FB4845BFD1079A76
S21402ED40EBE79845ECD1224B1B78FF2B04D0AB4265
S21402ED5004D009B0BDE8F08FFF2DFAD02946002076
S21402ED60F3F774F80028F4D09BF800306479002B8F
S21402ED70EFD1FFF74FFE17484FF4105110F07EF810
S21402ED80154B8BF800501C70E3E7052A97D8BAF1AA
S21402ED90010F94D8B8F1000F91D0002FD9D1737912
S21402EDA0002BD6D00D49098821B9082B28BF082385
S21402EDB00B490B70434648461292DDE9051209B02C
S21402EDC0BDE8F04FFFF73EBE67920400C44800203D
S21402EDD06D6F0020186E0020BD650020645E002066
S21402EDE0BB650020BE65002000F8FF07014B1880B7
S21402EDF0FFF7D6BE625E002037B5184B1B78022B93
S21402EE0003D01725284603B030BD00210DF10700B8
S21402EE10F4F798FC05460028F3D1114B1B78013B0A
S21402EE20012B01D90225EDE7F4F7F6FB0028F9D00D
S21402EE300AF096F80446F4F7EFFB0A4B4FF47A71A1
S21402EE4018700B23B4FBF3F203FB12440A34A4B289
S21402EE506143054810F012F8D4E700BFF4640020BE
S21402EE60F5640020E5640020F04700202DE9F04319
S21402EE70384B00241E784FF4F813374FA5B003938F
S21402EE803D78ADF81040F7F78FF8BDF90E30ADF8C3
S21402EE901200A342ADF8144006DB304B1C78013456
S21402EEA0E4B21C7044F080048DF82C40A94602247B
S21402EEB04FF000088DF82D60B14529D30022214677
S21402EEC00BA83D708DF82D800BF081FFE8B1B8F1EC
S21402EED0000F09D000234FF6FC71CDE9000303AA08
S21402EEE0FF230620FBF7EAFFB5422FD20AF038F8D6
S21402EEF00B23B0FBF3F24FF47A7102FB13000A30D5
S21402EF0080B2414316480FF0B9FF25B0BDE8F08342
S21402EF10484606A902F004FA98B9512C11D804F111
S21402EF2090030DEB0302083406AB013508F1010825
S21402EF3003CBE4B242F8640C42F8601CEDB25FFA0E
S21402EF4088F809F101095FFA89F9B5E70448F4F788
S21402EF5075FADAE7E5640020E6640020C065002062
S21402EF60F04700200CB42DE9F04F8BB014AA0E46E1
S21402EF7052F8041B07460992002940F08F80BDF81C
S21402EF805400ADF82200002800F0A18033794FF635
S21402EF90F778002B40F0868047458CBF4FF0090873
S21402EFA04FF008084C4B1C78FF2C40F08380B6F9D3
S21402EFB00230002BA9BF494B347A1C780134A2BF19
S21402EFC0E4B21C7044F08004DFF81CB12246002133
S21402EFD004F044FA9BF80030BDF82200002B6CD0F7
S21402EFE0DFF808A14FF00009BAF8003007930FF0D7
S21402EFF075FE0546BDF822000FF054FEEBB2CDE9D1
S21402F0000193FF23CDE9030900932246334639468E
S21402F0100798FCF7F1F84FF6FF7305468BF8009059
S21402F020AAF80030382D33D13246394640460DF123
S21402F03022030AF075FC00284BD04FF6F7739F4266
S21402F04026D8B6F902307088002B21DA48F204027C
S21402F0502349244B4FF00008904214BF8946994634
S21402F0600CF03AF8494603468A220120CDF8008081
S21402F0700DF06AFF814658B12246414604F0EEF989
S21402F080FF23324639464046CDE90098FBF716FF85
S21402F09028460BB0BDE8F04F02B0704701200DF0D5
S21402F0A030FF6EE7002347458CBF4FF006089846B0
S21402F0B0337177E7FF221A7086E7CDE900033246FE
S21402F0C0FF2339464046FBF7F9FE0546AAE719250F
S21402F0D0DEE70546DCE700BF6F6F0020C065002054
S21402F0E0789204006D920400BF650020665E0020E0
S21402F0F070B54FF4003300240546164688B0ADF8C6
S21402F1001A100DF10F0204A90593ADF81840ADF8D8
S21402F1101C4004948DF80F400AF0D9FB9DF80F307E
S21402F12028460193049B044A009305A93346FFF739
S21402F13019FF08B070BD00BF7192040030B54FF4DD
S21402F1408035002487B00395BDF82850CDE900121B
S21402F1508DF81030074A034603A9BDF82C008DF837
S21402F1601140ADF81250ADF81440FFF7FBFE07B0A1
S21402F17030BD00BF7D920400B1F1006F2DE9F0436F
S21402F18014462CBF392238228BB01D464FF000039E
S21402F190ADF81E204FF480022CBF4FF001099946AD
S21402F1A0FF2C0646ADF81C300892ADF824304FEA24
S21402F1B011471FFA81F80FD10CF024FBB9F1000FAA
S21402F1C019D1154ACDE9020543463046CDE9007409
S21402F1D007A9FFF7C7FE1AE0FE2C0AD10CF012FBB5
S21402F1E00130C0B20CF019FBB9F1000F12D00B4A75
S21402F1F002E0E8B2F8E70A4ACDE903050123304601
S21402F200CDE90174CDF8008007A9FFF7ABFE0BB07D
S21402F210BDE8F083034AD5E7759204007B920400AA
S21402F220749204007C9204004FF498124FF08063AC
S21402F23010B586B0CDE903230023ADF814300BF0E9
S21402F2404BFF0446F6F7B0FE054B01900093054AC5
S21402F250234603A94FF6FD70FFF784FE06B010BDE5
S21402F260776500208192040008B5064B1B78022BB6
S21402F27002D0043B012B03D8FFF7D6FF002008BDBF
S21402F2800220FCE7F464002030B500244FF48065C9
S21402F29087B0CDE900128DF81030084A034603A95C
S21402F2A04FF6FD708DF811400394ADF81250ADF88C
S21402F2B01440FFF757FE07B030BD00BF859204002A
S21402F2C02DE9F04F9BB00E4605460EA91046CDE935
S21402F2D00A329DF890700DF08CF9BDF838A0804681
S21402F2E050460FF0FBFCB6F902300446002BB6F887
S21402F2F00690B6F802B004DA0022B24B1A7000206A
S21402F30049E050460FF0EAFC4045F5D3A4EB08046A
S21402F310E3B2002F18BF4FF4A079152B099328BF2C
S21402F32015230024013308F1FF325146DBB292B2B4
S21402F330009414A810F07CFA6FEA4B436FEA53432A
S21402F340A1499DF8502008684968ADF846300FABD1
S21402F35003C3ADF84840ADF84440ADF84A90ADF866
S21402F3604C20BBF1000F24D10DF15100F4F742FE00
S21402F370A0B10BF0B1FE5C4606460DF1590A0DF13E
S21402F38051030A9A9AF80080012A2DD157B384F0C5
S21402F390010404F001001BB0BDE8F08F0DF151002E
S21402F3A001F0B4FB4FF6FF74011B4C4206464C417B
S21402F3B0E3E7BBF1010F40F09480BDF851600BF01B
S21402F3C08BFE86420AD030460FA90DF0E8F980F08F
S21402F3D00104E4B20DF1530A0FABD2E77B4B0DF1F9
S21402F3E0530ACEE70A9CD4E797B3002C75D1B8F13E
S21402F3F0010F72D837D10BF06FFE0BF06DFE22466E
S21402F40006469AF80170714B00210120CDE9006191
S21402F41002976F490DF098FDADF83A0000285CD0CF
S21402F420002C53D1B8F1010F50D12646DFF8B8A10F
S21402F4309AF800305FFA84F8434538D940460FF010
S21402F440A9FEC20702D5BFB1013FFFB20134EFE702
S21402F450B8F1010F05D1002CCDD081229AF80170A7
S21402F460D2E7002CF9D1B8F1010F94BF0022012295
S21402F4709AF80170D201C7E7404601F017FB012354
S21402F480ADF8340002220DA90DF13A00F3F72AFF77
S21402F49018BBBDF83A000FF021FC804648460CF037
S21402F4A01AFF08F1010801368045F6B2CEDBB6B186
S21402F4B032460C21BDF83A0003F0D0FF002228465F
S21402F4C0BDF83A3011A9FFF74DFD06E00C210DF10B
S21402F4D03A000DF0A1FC0028F0D001205BE70D21D8
S21402F4E0F5E70A9B002B7FF40AAF7388342B57D1BB
S21402F4F0099B092B7FF403AF002F7FF400AF9DF921
S21402F50059603A46B41008210DF1510004F0200467
S21402F5100BF074FDD0B12F4B1B78012B3FF4EFAEEE
S21402F520022B27D12C4B1B6813F0807F25D12A4B48
S21402F5301B685B0201D5002E30DA00232846274AD4
S21402F54011A9FFF70FFD264B1C70D8E60DF15100EE
S21402F550F4F750FD0028DED10DF1510001F0D6FA85
S21402F5604FF6FF73984208D02146F8F79FFE0346EF
S21402F57018B903E0033B012B06D9C8232846174ACD
S21402F58011A9FFF7EFFCBAE6164BB3F86830AB42A8
S21402F590CDD0114B1B6813F0805FC7E78D23EDE7D4
S21402F5A0099BCDE9059204930DF15103CDE902833F
S21402F5B031462846CDE9007A0B9B11AA00F058F88E
S21402F5C09DE600BFB3650020BB1B040077650020E4
S21402F5D089920400F5640020C44800206B490400A8
S21402F5E06E6F0020445600203A6F0020024B1878B7
S21402F5F040F08000704700BFC065002038B50A4B57
S21402F60005461C7824B10BF067FDB0FA80F4640955
S21402F610F8F72AFF08B144F04004E8F74DFC44EA44
S21402F6204020284038BD00BFF0640020014B1880FF
S21402F63000207047E86E00204FF6FF7103460288EE
S21402F6401B798A4217BF074901200A8041881EBFDC
S21402F650054A00201180FF2B1EBF044A00201370AB
S21402F660704700BFE46E0020E26E0020C1650020F5
S21402F6702DE9F04FB7B09946BDF80431439C0D937F
S21402F6809DF8083183460E93BDF8143120460F9339
S21402F6909DF81831B1F802A00F4690469DF8005129
S21402F6A010930FF0C4FFBAF1110F064600F28A80DB
S21402F6B00BF012FDB04200F08F80BAF1060F19D19E
S21402F6C04FF6FD739E423ED0DDB9BC4B1B78033B22
S21402F6D0012B36D930460FF005FDFF2814BF8923CB
S21402F6E0812300224146CDE900625846B44AFFF71C
S21402F6F039FC06E02DB9BAF1030F08D8BAF1010FAA
S21402F7000AD80022AF4B1A7037B0BDE8F08FAAF1C4
S21402F7100403022BF5D8D8E7A84B1B78033B012B32
S21402F7200DD930460FF0DEFCFF2814BF8923812353
S21402F73041465846A44A0096FFF714FCE1E78023A8
S21402F740F6E78023CDE7A14B1B7859074CD40BF084
S21402F750C3FC0026034632460120994900960DF066
S21402F760F3FB2379ADF86C000F930028CCD0DDE9CB
S21402F7700E320D9803EB42090FF0B0FA5FFA89F9E0
S21402F78009F10507FFB28742BED239460D9803F04B
S21402F79051FE109007EB40070D980FF09FFA874234
S21402F7A0B2DADDE90F321343DBB2002B40F03282CD
S21402F7B0002DA9D12F463A460421BDF86C0003F06D
S21402F7C04DFE76E1814BBAF13A0F1B7811D948F219
S21402F7D03B039A4508D014E07C4B1B785A070BD59E
S21402F7E0AAF10403022B07D8FB8843F48043FB806C
S21402F7F08AE7BAF11B0F1ED8AAF102039AB2132A9D
S21402F8005ED9109B494602930F9B5046CDE90053A2
S21402F8100E9A5B460AF068F80F287FF475AF01224D
S21402F820684B1A70694B1B789B0740F1D982002DF2
S21402F8307FF46AAFD8E7AAF11C021E2AE1D801A11A
S21402F84051F822F06900030003F8020003F80200F0
S21402F85089FC020003F8020069FD020069FD02004D
S21402F86003F8020003F8020003F8020003F802009D
S21402F87003F8020003F8020003F8020003F802008D
S21402F88003F8020003F8020003F8020003F802007D
S21402F89003F8020003F8020099FD020099FD020037
S21402F8A00500030003F8020003F802001F0003002D
S21402F8B003F80200B9000300CF000300DD000300D6
S21402F8C0132B9ED801A252F823F000BF1DF90200A6
S21402F8D0E5F9020003FA0200E1FA02004FF702001D
S21402F8E003F8020003F8020003F8020003F802001D
S21402F8F003F8020003F8020003F8020003F802000D
S21402F90003F8020003F8020003F8020003F80200FC
S21402F91023FC020003F802009500030000241BAB40
S21402F9205A4648460E9900931DAB1D948DF86C40BE
S21402F93009F0CEFF0BF0D0FB204B05461B78012BBF
S21402F94003D0022B14BF02240124E8F7B5FA1628C6
S21402F95094BF0020012044EA4014F6F725FB1C4B16
S21402F9600646B3F800A0FBF79FFA1A4B07464FF677
S21402F970FF70B3F80090FFF741FE174B9DF86C201E
S21402F9801988124B1B7813F002031CBF134B1B780B
S21402F9900B921D9ACDE90701CDE909324023414673
S21402F9A0CDE9014358460023CDE90579CDE9036A3E
S21402F9B00B4A0095FFF7D6FAA6E600BFF5640020CC
S21402F9C06D920400B36500207892040095640020CE
S21402F9D0E86E0020E46E0020E26E0020C165002082
S21402F9E08F9204000BF078FBA34BA44A1B88CDE948
S21402F9F0400300234146584637B0BDE8F04FFFF7B4
S21402FA00B1BAA4781DA9631EDBB2EF2B204610D92B
S21402FA10F22C0ED008F058FA82240BF05DFB00237D
S21402FA204146CDE90003964A23465846FFF79AFA1E
S21402FA306AE608F049FA002850D00BF04DFB9DF814
S21402FA4078209DF87A100492BDF876204900039239
S21402FA50BDF87420C9B2CDE901429DF8792003466B
S21402FA605200D2B208320A4400920120002285498E
S21402FA700DF06AFA9DF87930ADF86C008DF86730B3
S21402FA8000283FF441AE002601230DF167011A4615
S21402FA901BA8F3F727FC054600287FF435AE9DF831
S21402FAA06730EAB2934209D89DF87A308DF867300B
S21402FAB016B1BDF86C3033E00126E5E73146204644
S21402FAC008F004FA0123ADF8680002221AA91BA85E
S21402FAD0F3F708FC01350028E1D015E683249CE7FD
S21402FAE00BF0FAFA044608F010FA234600900022B9
S21402FAF0012063490DF028FA00283FF405AE0025E0
S21402FB002C46ADF8740008F000FAEEB2B0420DD8FA
S21402FB1022460421BDF8740003F0A0FCBDF8743040
S21402FB20002241465846FFF71DFAEDE5304608F03A
S21402FB30C9F9FF288DF86C000AD0012301341A4651
S21402FB401BA91DA8E4B2F3F7CDFB00287FF4DCADB9
S21402FB500135D8E75046B4F8029008F0B3F9FF280A
S21402FB608DF8680000F0CF821DA908F0ADF9BDF847
S21402FB7074304B4507D04FF6FF72914540F0C38272
S21402FB801B0400F1C0829DF8793012930E9B053358
S21402FB90DBB213930F9B1493002311934FF00009CB
S21402FBA04B4613E017934900139BC9B219440D98AC
S21402FBB089B20DF06CF94FF0000A179B1590129956
S21402FBC05FFA8AF28A4217D309F10109149A5FFA98
S21402FBD089F19142E6D39DF87A201292169A1392F0
S21402FBE0002B40F08582119B002B40F08C82012373
S21402FBF01193109B1493D1E711999DF868001793FF
S21402FC0008F064F9159A179B0AF1010A824208BFA6
S21402FC100123D4E709F106095FFA89F337461693FA
S21402FC2072E2A71C39463046A57A09F0B1F90122DC
S21402FC3039463046FAF7D4FB30460CF006FF384613
S21402FC4000F064FF2288824207D04FF6FF7290428D
S21402FC5003D00FF047FA0CF038FE85F00804C4F320
S21402FC60C00421463846FEF7C3FE2146384637B062
S21402FC70BDE8F04F09F065BEE66E00209C920400D7
S21402FC806D920400A0920400AD4B1B78033B012B3F
S21402FC907FF63AAD0BF020FA58453FF435AD09F041
S21402FCA05FF90B23B0FBF3F24FF47A7102FB1300F9
S21402FCB00A3080B24143A3480FF0E0F8F3F7ACFCF9
S21402FCC000283FF421AD0123002218469E4994F8ED
S21402FCD000A00DF039F9ADF8680000283FF414AD25
S21402FCE00026354634460E9B1BAF01330E93F2B206
S21402FCF0524514D3002C3FF407AD01232A461DA912
S21402FD001AA8F3F7EFFA00287FF4FEAC2246022187
S21402FD10BDF8680003F0A2FBBDF8683000E74FF0BC
S21402FD2000090E99D200D2B20A4408230D99384629
S21402FD30CDF800900FF07CFD394648460FF0A2F948
S21402FD40FF280FD0814B1B5C0F2B0BD997E80300C3
S21402FD5005F1D8036B44643B83E80300083501349D
S21402FD60EDB2E4B20136C2E7002D7FF4CDAC18073F
S21402FD703FF53AAD534622464146584603F066FEE4
S21402FD8000287FF4C1AC842341465846704A37B0F7
S21402FD90BDE8F04FFFF7E6B823780F9810930CF003
S21402FDA09AFA00210646584604F0BAF9644BBAF1AC
S21402FDB0310F1B780746A3F103030BD1012B13D98E
S21402FDC0644B654A1B7812781344DBB20D931623F4
S21402FDD00E930DE0012B03D9604B1B780D9353BB9A
S21402FDE0002D7FF491ACCEE701231621CDE90D312B
S21402FDF00024109B22460093012023465849019472
S21402FE000DF0A2F800283FF47FACF61BF3B22646AC
S21402FE10544FDFF85C911193ADF86C000F940D9B74
S21402FE20E5B2AB4209D832460221BDF86C0003F0B7
S21402FE3015FB0F9AC0E40523CAE7162200211DA867
S21402FE40EBF7BCF8BAF1320F3DD13B7903F003026F
S21402FE50032A21D18DF87620109B0136F6B2B342E2
S21402FE6015D2BDF86C000EF039FF0E9B1844119B9C
S21402FE7098420CDC01230E9A1DA91BA8F3F732FA4E
S21402FE8000287FF441AC0F9B0133DBB20F930134A1
S21402FE90083709F11209C2E7B9790029DCD13249DB
S21402FEA0C3F3C203CB5C1DA8012A08BF43F00103BB
S21402FEB039888DF876300FF0BCFB79880DF1770023
S21402FEC00FF0B7FBC8E71DA80BF01EFC4FF0FF3380
S21402FED0CDE91F331F4B1B78AB4261D999F804302A
S21402FEE06F2BD4D828461FA9F4F7D0FF0028CED00F
S21402FEF01E4BB9F80020B3F8683092B9003B18BF21
S21402FF0001235B0143F004038DF8863002238DF84B
S21402FF108730B9F802301B0A11468DF8893021A8BD
S21402FF20CEE79B1A18BF01235B0143F005038DF849
S21402FF30863002238DF887300F238DF88830E8E765
S21402FF40F5640020F0470020AA920400996400207D
S21402FF506B490400EE640020ED640020386F002038
S21402FF60A8920400525D002020DF040044560020C0
S21402FF70D85B00200132D2B2551EEDB2284613934A
S21402FF8012920FF007F9DDE9122310F0010FF1D0FB
S21402FF9063490978611A994205D00133DBB2E9E771
S21402FFA001220023E8E75F4B1FA918782844C0B255
S21402FFB0F4F76CFF00283FF46AAF284600F076FD9F
S21402FFC0129028460FF0E6F810F0010F129A0FD1A1
S21402FFD016238DF88630544B1B780133DBB20F2B79
S21402FFE028BF0F238DF88830504B33F8153092E730
S21402FFF0284612920FF0CEF810F0020F129AE7D1AE
S2140300001223E6E71A073FF5EFAB23465A46414667
S2140300100F9803F073FD00287FF476ABE0E695B106
S214030020434B1B78033B012B7FF66EAB0BF054F868
S21403003018B9BBF1000F7FF467AB207837B0BDE883
S214030040F04FF5F721BE0BF047F820B1384B1B787D
S214030050033B012B01D8802396E62B4641465846A0
S214030060344AFEF77FFFE8E70BF036F8B0427FF43A
S2140300704BABA01CF3F7BEFF00283FF445AB0BF0D9
S2140300802BF804460BF028F82B4B2C4ACDE94003FB
S2140300902346AFE420460FF0CAFAFFF7AFFA00286C
S2140300A03FF432AB4090002341465846244A37B0CB
S2140300B0BDE8F04FFEF756BF4B4642465946002072
S2140300C0CDE9405437B0BDE8F04FFEF7D3BD4B46FD
S2140300D0424659460120CDE94054F3E72B464A46AB
S2140300E041465846409437B0BDE8F04F09F02EBC61
S2140300F001231AA91A461BA8F3F7F4F800287FF47D
S21403010003AB0137FFB2013607F0FFFE5FFA86FA4C
S21403011050453FF61FAD002F3FF44AABFFF74BBBEE
S214030120EE640020336F0020A8650020DA5D00200F
S214030130F56400206B49040077650020AD92040047
S21403014078920400F8B5164B04461D88154B20F824
S214030150025B196879B10822EAF782FF124B0C207A
S2140301601B78124EA372124B19780023DAB291420F
S21403017005D8FF2209E0C4F802104160EEE7013318
S21403018000FB03F7F75BAF42F0D10A4BE2721B7832
S2140301902373094B1B786373084B1B682361F8BDF5
S2140301A0745E002060570020C2650020745A002049
S2140301B02D6F0020A4650020A36500204C57002067
S2140301C0F0B589B006460C4615460DF032F80DF12B
S2140301D00A02014630460CF0C4FE144F0346F0B93B
S2140301E001223A702288BDF80A102AB1024600900E
S2140301F0072006F03CFE90B103A8FFF7A3FFBDF867
S2140302000A000EF06BFD0646BDF80A000EF04AFD26
S21403021021460090F3B2284603AA08F0EBFE00231B
S214030220034A3B70136009B0F0BD00BFC3650020EE
S2140302306057002073B5ADF806000DF106000AF00E
S214030240D8FD014608B102B070BD0DF106000AF0F4
S21403025019FE04460EF026FDC67A002EEDD1204682
S2140302600CF0AEFAFF28E8D00EF07CFF054BD3F86F
S2140302708850002DE1D03346224641213046A84718
S214030280DBE700BF4456002073B5002200210C2094
S21403029000F0C2FC002119480FF02DFA0125044690
S2140302A0164E84B120460CF08BFAFF2805D1214662
S2140302B030460FF044FA0446F3E704220023009581
S2140302C000F07EFCF3E721460D480FF014FA0125F3
S2140302D004460B4E0CB902B070BD20460CF070FA03
S2140302E0FF2804D008220023009500F069FC21466D
S2140302F030460FF024FA0446ECE700BF785E002091
S2140303007A5E00202DE9F84F10460E4617469946AA
S2140303100AF050FC254A264B0021B0F5006F14BFA7
S2140303209046984640460FF0E6F94FF0000A04461A
S214030330DFF880B00CB9BDE8F88FBC4228D1204660
S2140303400EF0B0FC857A80F80BA0013DEDB2857205
S21403035016B13F2E00D02DBB0EF096FF0546204665
S2140303600AF028FCB0F5006F4FF00002214615D1C5
S2140303700F480AF0A6FDFFF787FF28460EF07FFF1B
S214030380DBF8885025B14B463A4631460020A8474D
S214030390214640460FF0D3F90446CBE703480AF05C
S2140303A090FDEAE7FFF770FFF2E700BF7A5E0020F2
S2140303B0785E00204456002000232DE9F3470646C6
S2140303C00F464FF6FF78284CDFF8A090ADF80630BE
S2140303D020460AF00EFD054648B9294620460FF08A
S2140303E08AF982460EF05EFC0389B34217D94C4560
S2140303F001D1FFF749FF002120460FF07CF905469F
S21403040007F1FF3A5FFA8AFAD5B94C4516D1BDF81B
S2140304100600FFF70FFF404602B0BDE8F0877B1EDD
S214030420DBB2FD2BD4D9294620460AF02BFD2A46FB
S21403043051460DF106000FF064F9C9E74C46C7E7CD
S214030440BAF1FD0F09D928460EF02CFC03899B1B35
S2140304509BB2984528BF98460381294620460FF04D
S2140304606EF90546D0E700BF7A5E0020785E00206E
S21403047008B50EF0F2FF0B4AFF2113881080C31A4B
S21403048098B2FFF799FF4FF6FF7301469942064865
S21403049003D1BDE80840F2F7D1BFBDE808400EF02F
S2140304A0EDBC00BF7C5E0020386E0020174B002892
S2140304B02DE9F041164D18BF1D460F4628464FF04E
S2140304C000010CBF4FF008084FF002080FF013F9B5
S2140304D0044610B92046BDE8F08120460EF0E2FB44
S2140304E0C37A064623B1214628460FF028F9EFE7DC
S2140304F020460AF08EFB424601463846EBF7AAF83A
S2140305000028F0D1B378002BEDD1E3E7785E002026
S2140305107A5E0020014B1860704700BF64570020C6
S21403052010B504460548F2F789FF0023044A1380F2
S214030530044A1380044B1C8010BD00BF386E002095
S2140305407A5E0020785E0020765E002008B50448B8
S214030550F2F784FCBDE808400248F2F77FBC00BF10
S2140305607A5E0020785E00202DE9F3410446884633
S2140305700EF073FF324B074620461E880CF020F918
S214030580054620460AF016FBB0F5006F32D1FF2D64
S21403059006D00123042200932846002300F010FB14
S2140305A0B8F1000F1DD10EF06FFE21460546254813
S2140305B00AF024FC28460EF062FE23480FF0C9F822
S2140305C0224BA8B31988711A17FA81F086B220460F
S2140305D00EF068FB032306818372002002B0BDE899
S2140305E0F0810EF051FE00222146054615480FF015
S2140305F088F8DFE716480AF033FC04281ED8FF2DD8
S21403060006D00123082200932846002300F0D8FAD8
S214030610B8F1000F05D10EF037FE214605460C480B
S214030620C6E70EF031FE0022054621460848DEE7FF
S214030630314605481F800EF021FCC8E71C20CDE795
S214030640765E0020785E0020386E00207C5E0020F8
S2140306507A5E00202DE9FF4708460C460AF08FFA1B
S21403066000F4805820460AF010FB054620460AF0A0
S214030670E3FAB0F5404F1BD1B8F1000F14D029466A
S2140306800020FFF713FF054670B10EF00BFB0023A7
S214030690404A81780446009218462A460193F1F7A9
S2140306A0A5FF08B90123E372012004B0BDE8F08773
S2140306B028460EF0BCFF81460EF014FDFF280746C1
S2140306C037D00125A0F12006C0F12003324925FAD0
S2140306D003F305FA06F61E438540D1E900232A43B1
S2140306E03343C1E900230EF017FD044638B13846FC
S2140306F00EF050FD10F00C0F14BF01240024B8F1C7
S214030700000FD1D04FF0000A03A90120ADF80C90DA
S214030710FFF7CCFE81460EF0C5FA8046B9F1000F0E
S2140307201ED1BAF1000F14D1FF2FBDD0002CBBD1C0
S21403073028E01A4B1B684BB148469847044628B135
S214030740B8F1000FB0D000252E46DBE7B8F1000F56
S21403075001D10020A9E7002501242E46A246D3E7AF
S21403076074B100230B4A8178009218464A460193D7
S214030770F1F73CFF002897D1012388F80B3093E765
S214030780FF2F91D0064BD3E9001229433243C3E926
S214030790001289E705030300601600206457002053
S2140307A05816002038B504460AF004FA05462046D3
S2140307B00AF02FFAA5F5006304460146584258414D
S2140307C0FFF774FEB0B9B5F5006F01D0002038BD51
S2140307D020460EF02CFF0EF085FCFF28F6D0064BC5
S2140307E000B21B6833F8100000F4E260003818BF4C
S2140307F00120ECE70120EAE7685700202DE9F743DC
S2140308004FF000090746ADF804900EF0C3FC10F055
S2140308100C0F29D04FF00208154D2B88A5F8009031
S214030820ADF806300DF106000AF0E3FA044630B1DF
S214030830B8F1010F14D04FF001080E4DEDE7214635
S2140308400DF106000AF01EFB06460BF0B9FFB84290
S2140308502246314614BF284601A80EF052FFE1E7B0
S214030860BDF80400FFF7E6FC03B0BDE8F08300BF65
S2140308707A5E0020785E00202DE9F04FDFF82081B5
S21403088085B0D8E9003213437CD105B0BDE8F08FBC
S21403089002EA040103EA0700014327D022EA04021E
S2140308A023EA0703C8E90023DAE9002304EA02057A
S2140308B007EA030C55EA0C056FEA04006FEA070122
S2140308C024D130460EF066FCC2070FD530460EF034
S2140308D049FCDBF89C30002B45D11D46304600F022
S2140308E0E5F8DBF884300BB12946984724197F4195
S2140308F009F10109284B5FFA89F61B78B342C4D97C
S214030900D8E9002352EA0301C2D1BEE702400B40F6
S2140309103046CAE900230EF03DFCC307E6D51F4B5D
S21403092030461B6833F8163003F48873102B10D048
S2140309300EF018FCDBF89C3013BB1D460123102277
S21403094000933046002300F03BF90020F1F7BCFD8E
S214030950C4E70EF007FCDBF89C300125002BBDD066
S2140309600122039502E000252A46039503920021FF
S21403097030469847039A002AB0D0002DAED1DDE763
S2140309800025EDE74FF0000901244F46DFF814A0D9
S214030990DFF814B0AEE700BF706F00206857002082
S2140309A0601600205816002044560020F8B503466B
S2140309B0084613B309B3402A1FD8114900260B6013
S2140309C010490027086010494FF0FF350A700021D0
S2140309D00C460433914205DB00215200EAF7EEFA97
S2140309E00020F8BDC3E9036703F8044C23F8024C60
S2140309F01D605D6001311833ECE72120F1E700BF8D
S214030A006C57002068570020706F0020F0B5144C18
S214030A10DDE905672568EDB1F0B91248007888422C
S214030A201AD901EB41014FEAC10C05EBC10415F8D5
S214030A30311011B92169C90710D4002005F80C003C
S214030A4062801A6846F0010662605A68C4E9046761
S214030A50A260F0BD0220FCE72120FAE72E20F8E78B
S214030A606C570020706F00200E4B30B51A68A2B189
S214030A700D4B1B78834212D900EB400002EBC003F8
S214030A80C100002400200025C3E9044550544FF05C
S214030A90FF3258805A609A6030BD0220FCE721205E
S214030AA0FAE700BF6C570020706F0020094B1B68E5
S214030AB063B1094A1278824208D900EB400003EB7F
S214030AC0C0031A69D20701D5588870474FF6FF70DE
S214030AD0704700BF6C570020706F0020094A03461A
S214030AE0106870B1084A12789A4209D903EB430397
S214030AF000EBC303186910F0010002D0181D7047FD
S214030B00002070476C570020706F0020F8B50E4B1E
S214030B1005461C6834B128B100260C4B1F78F3B287
S214030B209F4202D84FF6FF7009E008222946201D8F
S214030B30EAF790FD20B92369DB0701D56088F8BD85
S214030B4001361834EBE700BF6C570020706F0020A7
S214030B500C4B1B689BB14FF6F77291420DD80A4AAD
S214030B601278824209D900EB400003EBC0031A69EE
S214030B70D20704D5002059807047212070470220F1
S214030B80704700BF6C570020706F00200A4A034668
S214030B90106878B1094A12789A420AD903EB4303DC
S214030BA000EBC300036913F0010003D0C3F3001086
S214030BB070470020704700BF6C570020706F0020FE
S214030BC070B51C46124B9DF810601968D1B1114BD5
S214030BD01B78834218D900EB4000551E01EBC00179
S214030BE02543D1E9040301D0C5070FD52EB1104321
S214030BF02343C1E90403002070BD20EA020023EA70
S214030C000403F6E70220F7E72120F5E72D20F3E7B4
S214030C106C570020706F0020134BF0B51B6803B3AE
S214030C2000266FEA000C6FEA010E104C2778F4B228
S214030C30A74201D80020F0BDD3E9044514F0010F04
S214030C4007D014F0020F04D132B104430D43C3E9B5
S214030C50044501361833EAE70CEA04040EEA0505F0
S214030C60F5E70220E7E700BF6C570020706F00200F
S214030C700B4B70B51B682BB100240A4A1678E2B2F8
S214030C80964201D8002070BDD3E9042502400D40EA
S214030C902A4304F1010403F11803F0D00120F2E71C
S214030CA06C570020706F00202DE9F0470026FF27C1
S214030CB0B246164DDFF8588098F800305FFA86F98A
S214030CC04B4502D83846BDE8F0872B792F2B0FD932
S214030CD028460AF030FC2B796C7903F0070304F0FE
S214030CE0030483422CBFE4182418E4B2A24506D9B1
S214030CF05446B946A2464F4612350136DCE72888E5
S214030D0001F0A6F80028F3D1F4E700BFD85B002073
S214030D10EE6400202DE9F04F89B0814609F09FFF6D
S214030D20029048460CF090F90024411C054689B20F
S214030D30484602F07FFBA246A346A046274600F09D
S214030D401F00023500EB4000EAB27D4E50FA85F5EF
S214030D50EDB2AA4274D9DFF8FCA19AF8003033B199
S214030D60A400E4B2B4FBF3F4042C08BF03240298F3
S214030D70F3F7C4FD054600283CD1FFF795FFFF288F
S214030D805BD0704B05B2049018780AF0BBFB874221
S214030D902CBFE1192118002F14BF01230223684E2C
S214030DA005EBC50506EB450553FA81F32846039381
S214030DB00AF0C1FB95F804C06B790CF0070103F049
S214030DC0030388422CBF1B185B18039ADBB29A42B4
S214030DD033DA049A2FB921B19AF80030033B5B4506
S214030DE02BDC104602990AF04EFB05B205EBC5054F
S214030DF006EB45052B791E09002F00F08180394646
S214030E0028460AF0C2FB032128460AF0C4FBB8F1C1
S214030E10000F09D1002E40F0868008F0A1F8C0F339
S214030E200B0149480EF02AF86B79484623F0030372
S214030E301C446C7109F0A8FEA87309B0BDE8F08FD6
S214030E4050D0424B49461B8807A8ADF81C304FF0DC
S214030E5000038DF81E3000230093032303920EF045
S214030E60E7FC9DF81E30BDF81C101B09039A18BF3B
S214030E7008F10108CDE9041318BF5FFA88F8039256
S214030E800AF02AF90499039A8842059B03D19DF830
S214030E901E7007F00F072E4890F800C016E016F8ED
S214030EA00E0C10F0070003D00BF1010B5FFA8BFB5F
S214030EB0AA4207D036F812EC8E4503D113B108B117
S214030EC00134E4B20AF1010A5FFA8AFAAA4206F189
S214030ED012060BD1D4450FD916F80E0C10F00700E6
S214030EE0E2D1EFE700234FF6FF71D4E736F8120C92
S214030EF0884201D8D445D2D80332123ED2B228E76C
S214030F00022E14D95B0707D0394628460AF043FB5E
S214030F10B8F1000F81D087E7032128460AF03BFB90
S214030F20B8F1000F80D1062E3FF677AF7CE7314647
S214030F3028460AF030FB58EA06063FF46EAF73E71E
S214030F40D85B0020A46500203048002028DF04007A
S214030F50EE640020336F00202DE9F04308230024BD
S214030F6085B08DF808300646022301214FF6FC7043
S214030F70CDE9004402AA0CF043F8ADF80A00D8B154
S214030F802746DFF8A080DFF8A09099F80020E3B2A8
S214030F909A4224D8BDF80A4020460CF055F8411C66
S214030FA047F06002204689B202F058FA0022BDF8E4
S214030FB00A001146F4F736FA07F0D2FF184AC0F3D0
S214030FC00B01137801F55A51013113B1013B89081E
S214030FD01370304605B0BDE8F0430DF04FBF18F868
S214030FE00E5C6F2D17D8404630F8123D2D01ADF834
S214030FF00C300AF0A0FA05F0700528448DF80E00B0
S2140310000123032203A90DF10A00F2F76BF9002866
S214031010D2D10137FFB2013408F11208B5E700BF99
S214031020EA640020EA5B0020EE64002010B5054C5D
S2140310302046F2F703FA2046BDE8104000210DF0E3
S2140310401DBF00BF304800202DE9F0432A4D87B06E
S214031050F6F7F8FB2A7829492948FFF7A7FC092160
S2140310602A782848E9F7AAFF0026244FDFF89C8051
S214031070DFF89C902B78F4B2A34202D807B0BDE801
S214031080F08304F582300B2203A900F5C070DBF76A
S21403109029FE4FF6F670BDF814209DF81630511E43
S2140310A089B2814215D80020C3F3C003DB1840EB96
S2140310B00001CDE90031214603ABFFF7A7FC00286A
S2140310C0DCD14FF4805327F8143048F8240029F86D
S2140310D0140004F5833001220DF10A0100F5807037
S2140310E0DBF700FEBDF80A20064B01361A558022B0
S2140310F0054B1A55BEE700BF3A6F0020E85D002097
S2140311008013002099640020DB640020D44600206E
S214031110DA5D002010B50A4B1C780DF0E3FFFF28BC
S2140311200DD0012C38BF0124064A230232F81010D2
S21403113019B101EB1313A3EB111322F8103010BDF2
S214031140A4650020DA5D00202DE9F0470025064659
S2140311500F46AA46DFF84490DFF8448099F800303B
S214031160ECB2A34202D85046BDE8F08720460EF004
S21403117011F8C2070CD520460EF00CF8830707D4E7
S21403118038F8143037B133434FF0010A28F81430D7
S2140311900135E3E723EA0603F6E700BF3A6F0020CC
S2140311A0E85D002010B5084B084A1C780023D9B226
S2140311B08C4201D8002010BD32F8021B013330EAFE
S2140311C00101F4D10120F6E73A6F0020E85D002024
S2140311D0F0B50C464FF6F77187B08A4286461D4631
S2140311E09DF8306002D9002007B0F0BD5968186832
S2140311F00DF10C0CACE803002C49ADF8142009786B
S214031200A142F0D900218DF81660B61006F002064A
S2140312100191704621460096FFF7F8FB0028E2D1BD
S214031220234B244A43F824009DF83830224E1B02F1
S21403123022F814304FF4A04304F582300B2226F82C
S214031240143003A900F5C070DBF778FD9DF8343041
S2140312501A4913F0040F17BF0123194B0B5536F821
S21403126014300CBF1B7843F0080304F583300CBF1F
S2140312700B5526F814300122214400F58070DBF765
S2140312805DFD00210F4B104A1B782846234442F885
S2140312902310E7F713F80D4B1855284607F0ABFF56
S2140312A00B4A01201378013313709DE73A6F002031
S2140312B0D4460020DA5D0020E85D00209964002013
S2140312C0236F0020336F002000460020DB640020DD
S2140312D0ED640020054B1B78834206D90021044B9E
S2140312E0044A1B78034442F8231070473A6F0020E1
S2140312F0336F002000460020074B084A1878002367
S214031300D9B2884200D870471188013321F480513E
S21403131022F8021BF4E700BF3A6F0020E85D0020C6
S21403132030B585B004460D46E6F7C0FDA04202D8A8
S214031330172005B030BD20460DF02CFFC007F7D5AB
S21403134004F582300B2201A900F5C070DBF7CAFC56
S2140313509DF80E2001AB03CB69609107286030D45B
S21403136012F0080F0CBF042303232B722046FFF74B
S2140313709DFB154B68811B5D20466B730DF0F2FEDB
S214031380124A2873135D4FF47A7103F00F03AB739D
S214031390135D002013F00F031FBF03F1FF32022378
S2140313A093403C2218BF5343094A08BF0A2352F806
S2140313B02420B2FBF1F29A422CBF00239B1A2B6126
S2140313C0B7E70223D1E700BFDB640020996400205F
S2140313D0D4460020F8B51F4E04463378834237D0F0
S2140313E0FFF764FB4FF6FF77B84231D020463470E0
S2140313F0FFF704FA2046FFF759FB054609F06CFE93
S214031400012301461A4628460BF0B7FF2046FFF78E
S2140314102BFB0546E0B9104A1378013B1370F4F72B
S214031420B5FB294620460BF02FFA80220B4B2046AD
S21403143023F814500A4B1A550A4B23F8145009F094
S214031440D6FD2A46394611200EF0BAF8FF2333702C
S214031450F8BD00BF716F0020ED640020E85D00203A
S214031460DB640020DA5D00202DE9F04F0E461546BA
S2140314704FF000098BB01F469DF854309DF850A0DE
S214031480DFF84CB1049005939BF800205FFA89F4CB
S214031490A24207D84FF6F7739D421CD817F0020BEB
S2140314A03FD01AE02046FFF701FB804604F5823062
S2140314B00B2207A900F5C070DBF714FC4FF6FF728A
S2140314C07EB9904516D14FF6F7729DF826309542B1
S2140314D003F0EF0311D94FF6FF7528460BB0BDE8AE
S2140314E0F08F904506D00822304607A9EAF7B2F8EF
S2140314F00028E8D009F10109C6E79F4207F0020871
S2140315002CD0F3F70FFC002857D12D4B2D4A1B7810
S214031510234412F823B020460BF0D7F9B8F1000F96
S214031520DBD1E6F7C3FC284B1B788342D3D00021DC
S21403153008460DF0A7FDFF280446CCD0059B0146C0
S214031540CDE901A32A46334604980097FFF740FEE9
S2140315500028C0D0F4F71AFBD8460FE02046FFF762
S214031560A5FAA842CDD1B8F1000FB6D13046E6F7BA
S214031570A5FE164B1855304607F03DFE514620464D
S2140315800BF056F92046FFF791FA054609F0A4FD3D
S21403159000230146012228460BF0EFFEF3F7C2FBB9
S2140315A028B9074B074A1B78234442F82380204672
S2140315B00BB0BDE8F04FFFF779BA4FF0000BAAE780
S2140315C0336F002000460020ED640020DB6400201B
S2140315D03A6F0020F8B50026104F3C78F5B2AC42BF
S2140315E00FD800250E4B6400224629460D481D7071
S2140315F0E9F7E4FC22462946BDE8F8400A48E9F73D
S214031600DDBC2846FFF7FAF8002128460BF03CF924
S2140316102846FFF729FA0136DFE700BF3A6F0020B6
S214031620ED640020E85D0020DA5D0020024B802197
S2140316301A780248E9F7C2BC3A6F0020DB64002040
S21403164038B50DF04FFDFF28044616D00B4D35F880
S21403165010301B0711D50A4B0A491B7801220B547D
S214031660014400F5833000F58070DBF767FB35F83F
S214031670143023F0080325F8143038BDE85D002045
S214031680236F0020996400202DE9F04F794B05461F
S2140316901B788946022B17468BB004D000263046AB
S2140316A00BB0BDE8F08F0EF0BCF806460028F5D167
S2140316B04FF6F9739D4262D04FF6F8739D4276D08B
S2140316C02B0A28460DF11E018DF81C308DF81B5091
S2140316D0F2F708FC002814BFB0464FF02008B346C4
S2140316E014BF06230E23022229463846039300F02E
S2140316F0EBFC01220446039B002840F0B880DFF889
S21403170080A18DF818209AF800204946CDE90000FC
S2140317108DF81A208DF81D0006AA4FF6FC708DF87A
S21403172019800BF06DFC81460028B7D009F0D4FC75
S214031730B8420FD0484609F02FFB394604300DF067
S21403174078FF384604A90BF02AF870B1484604A976
S2140317500BF0E4FC484B1B78033B012B2BD84FF6CE
S214031760FF7148460AF0EDF806469AF80030FF2B5C
S2140317700EBF01230133DBB28AF800308FE74FF048
S21403178008084FF0200B3C4B1B78033B012B85D9F5
S21403179009F0A2FCB84281D109F09EFCFC238DF827
S2140317A01B30FF2305468DF81C3006239BE74FF0BE
S2140317B01008C346E7E70BF051F980460028D4D05B
S2140317C009F08AFCA8422DD12C4B1A7852BB032170
S2140317D04846F3F727FE0028C7D09AF80030A8F843
S2140317E0007088F80430002388F8053088F808303D
S2140317F009F072FCA84202D1204B1B7853B109F0C2
S2140318006BFCB84206D12CB1237923F0030343F0D3
S2140318100103237100224FF6FF710C200DF0D0FE5A
S2140318200126A2E75946284608F1070200F078FC8D
S2140318300446002899D0002203214846F3F7F2FD18
S2140318400028CAD1237903F00303012B8DD109F0B5
S21403185043FCA84203D1094B1B78002B85D0237980
S21403186043F0030323714FF6FF7323807DE7164689
S21403187015E700BFF4640020F5640020726F0020B3
S214031880C465002037B50E4B05461B780C46033B54
S214031890012B11D9E6F72EFB01280FD0821E5342E7
S2140318A05341590128460DF1070200F039FC18B1DF
S2140318B0002144800BF0B9F803B030BD1021F1E7E6
S2140318C0F56400202DE9F0438BB0857AB0F80690D6
S2140318D004460E46174609F0FFFB8145804605F091
S2140318E0400541D10021608809F03AFE0246002EE9
S2140318F044D1082304A9C14501EB03060CBF2349C1
S21403190002A90868496803C6A2B3022100268DF817
S214031910172001228DF81010217A45F020058DF846
S2140319201210A18808338DF81310090A8DF81410C5
S214031930E188CDE900268DF81510090A8DF81610F2
S2140319406088314604AA8DF811500BF059FB054602
S21403195080B1618809F057F979003246284601F0CC
S214031960FE01F3F75FFD06E0E08802A90AF017FF21
S2140319700028B7D100200BB0BDE8F083306871684B
S21403198006AB03C345F010051023B3E777650020C5
S2140319902DE9F74389461E460746904609F0FCF9AB
S2140319A000210446304609F0DBFD054609F1070130
S2140319B0384601F02DFD7DB1B8F1000F02D1037852
S2140319C01D44EDB2057063781A0716D5694630468E
S2140319D0F2F788FA024618B1002003B0BDE8F08398
S2140319E00821684609F00AFB0028F5D120460BF0CB
S2140319F068FB08226946E9F733FB09F06DFB0146ED
S214031A00201D0DF016FE6378DB0603D538460C4919
S214031A100BF084FB3146A01C0DF00BFE3146384616
S214031A2009F0F1F8074A13780133DBB21370E37158
S214031A30A3790BB10120D0E70123A371FAE700BF16
S214031A4077650020F2640020FF232DE9F04F8FB066
S214031A508146164605918DF822301AB301230BAA48
S214031A600AF056FF9DF836500446EF0625D50027A4
S214031A70059BBDF8308003F108024946D2B208231D
S214031A80009709A8CDE909770DF0D2FE3A464046FD
S214031A9009A9F8F7A5FC002840F08C80A90627D5ED
S214031AA010220DE013460BAA0AF032FF9DF83650BB
S214031AB00446A80663D5062202E0AA0618D508221D
S214031AC000230599BDF832700A44CDE90933494627
S214031AD00093D2B2082309A80DF0AAFE384686F072
S214031AE0010209A9F8F77CFC002863D1002E46D032
S214031AF0BDF8307009F0F0FA874249D038460DF049
S214031B0090FE8046002E45D1BDF82EB000215846E3
S214031B1009F026FDBDF82C300390184606930DF009
S214031B2080FE064609F0D8FA069B834242D0B64B9F
S214031B301B78033B012B3DD915F04003049339D1A1
S214031B40039B0BB9002E35D09DF83570039B05F02B
S214031B5018051F44FFB2082D8DF835706CD120236D
S214031B600493002C40F041810AF078FF054608B341
S214031B70002E40F0B28033460126B24674E0BDF82C
S214031B80327009F0A9FA8742B8D14FF00108BBE7D3
S214031B904FF00108002C43D09C4BE279678803EB97
S214031BA0C20633F83220BDF832309A4205D04FF6DB
S214031BB0FF7323800FB0BDE8F08FBDF82EA0B8F1F9
S214031BC0000F08D0002130460AF02FFFA6F802A027
S214031BD00AF03DFCEEE7BDF830000AF02EFF05469E
S214031BE0414630460AF021FFA6F802A0884E2DB1E2
S214031BF0414628460AF019FF63886B800AF027FCE3
S214031C003378002BD6D03B46002248460599FFF78B
S214031C10BFFE0028CED03946484609F092FEC9E7F3
S214031C200AF015FC7A4B1B78002BC3D0B8F1000FD3
S214031C30C0D14FF6FF77E6E7102D01D1049590E764
S214031C40B8F1000F8DD1002C3AD0C2460021BDF862
S214031C5032000DF1220200F063FA03460028A9D0F1
S214031C60002E40F0CA8025460499BDF830000DF1D9
S214031C702302079300F054FA044600289AD0644AD5
S214031C80079B1278002A78D0BAF1000F26D10246B5
S214031C902C466179B9427ED92546A4F802B067710D
S214031CA01446002B00F09E809DF82230EA799A4273
S214031CB000F09880002E40F08E80EB7100253FE008
S214031CC00AF0CCFE044600283FF474AF4FF0010A36
S214031CD0BCE7002201261346DBE70126B8F1000F16
S214031CE01ED107F03DF97E23B0FBF3F202FB13008F
S214031CF005993A4605315FFA80FA484601F0AEFB8D
S214031D004FF6FF71484608F07EFF039B032B2CD942
S214031D10AAF17E0A022148465FFA8AF2F3F782FBAB
S214031D20069BA5F802B02B809DF834306F712B719B
S214031D3000232B72002E42D19DF82230EB71012531
S214031D40B8F1000F3FF436AF484609A90BF0C6F9C1
S214031D5000283FF42FAF2A4609A90BA8FFF7B2FDC8
S214031D6028E7002625463446BBE7039B012B94BF92
S214031D700AF1020A0AF1420ACCE7BAF1000FCFD100
S214031D806979B94209D9A5F802B06F71002B8BD1D6
S214031D90002E93D024E025461446049A002A3FF4E6
S214031DA009AF8F427FF406AF039307F0D9F8830792
S214031DB07FF400AF039BA5F802B06F7171E7FF23B2
S214031DC0EB71002CBBD001252379A4F802B023F0D5
S214031DD003032371B4E7FF23EB71002C3FF46EAFCC
S214031DE00025F1E7002CD3D168E7002E7FF471AF0E
S214031DF0B24625460126534636E7BAF1000FB0D160
S214031E005646524645E700BFF5640020525D002063
S214031E10396F002070B50C4B4FF6FF751C78002306
S214031E2002460A489C4201D1002005E006889642F5
S214031E3006D1AA4201D10B7070BD8679002EFAD066
S214031E4001330830DBB2EDE7386F0020525D002027
S214031E50002210B50A4B1C780A4BD1B28C4201D82B
S214031E60002010BD5988814204D11979890701D110
S214031E70997911B108330132EFE70120F1E700BF8A
S214031E80386F0020525D002010B5084B01461C78C1
S214031E900023074AD8B2844201D8FF2010BD9142DE
S214031EA003F10103FAD00832F4E700BF386F0020CD
S214031EB0525D002038B50446FFF7E6FFFF280546C7
S214031EC003D13F210B480DF0D4FA4FF6FF7320469B
S214031ED02380A37103210AF0A8FD074B07481A784D
S214031EE000210732D21002FB0500BDE83840E9F7AF
S214031EF065B800BFB19204003A6F0020CA640020A0
S214031F00F8B504460026124D124F3A78F3B29A42B9
S214031F1009D800224FF6FF710F4B1D780F4BD0B236
S214031F2085420BD8F8BDFF2C02D0AB79A34202D171
S214031F302846FFF7BFFF08350136E6E7FF2C02D039
S214031F40187AA04201D1198019720A330132E6E7E2
S214031F50525D0020386F0020376F00202A5D002076
S214031F60FF28F8B504462CD0164B1B78834203D8BB
S214031F70802115480DF07DFA4FF6FF75134A32F8A7
S214031F80341002EBC4000379A94203F0030318D00C
S214031F90012B16D100220E4B1F780E4BD6B2B7423A
S214031FA003D8BDE8F840FFF785BF1E88AE4205D0CC
S214031FB093F807C0A44504D0B14202D00A330132D5
S214031FC0ECE7F8BD386F0020B1920400525D0020A4
S214031FD0376F00202A5D00202DE9F74304F083FACB
S214031FE0324B1B78033B012B21D9314B1D88451BF4
S214031FF0ADB2E5B118804FF6FF7700202D4A13786F
S2140320002B44C3F3C81403F07F0313702A4B2B4AE5
S2140320101E78C3B29E420DD800264FF6FF77284C93
S214032020DFF8A09099F80020F3B29A4216D803B0CE
S214032030BDE8F0831388BB420DD0137999070AD104
S21403204004EB9311022928BF022103F03F0389B250
S21403205043EA8113137108320130DAE734F80A8C45
S214032060B84506D014F8043CAB4205D95B1B04F80C
S214032070043C01360A34D5E709F02EF8804534F8D7
S2140320800A3C04F8027C24F80A7C09D018460DF1B1
S2140320900701FFF7BFFE18B19DF80700FFF760FFC3
S2140320A014F8030CFFF75CFFE3E700BFF5640020BA
S2140320B07E5E0020C5650020386F0020525D00203C
S2140320C0345D0020376F0020F0B500244FF6FF770D
S2140320D003461048DFF844C006780F48E5B2AE4220
S2140320E001D800200FE005889D4210D13AB1012A9D
S2140320F016BFC57905793CF83550A94207D1BB42CE
S21403210002D114238371F0BD057A002DFBD00A306B
S2140321100134E3E7376F00202A5D0020525D00207C
S214032120F8B50D46114607461646FFF773FE002818
S21403213036D102464FF6FF7C1E4B1F4C1978D3B29E
S214032140994206D800231C4C8B4221D1F8BD083493
S214032150F5E7B4F800E00132E645F8D13370012321
S214032160278023710021A17165B1144B45F0080542
S2140321701A782571D31DDA103078114B02FB003024
S214032180E8F71CFF2379204603F03F032371DDE7BE
S21403219022799209022AE1D001330834DBB2D3E76D
S2140321A0037904469A071EBF23F0030343F0010393
S2140321B00371D7E7386F0020525D00203A6F002086
S2140321C0CA64002073B50DF107010546FFF722FE2A
S2140321D040B103799A0705D113F0300404D043F0D5
S2140321E00303037102B070BD28460AF02EFC094BA8
S2140321F04FF6FF711D7823469DF80760064AD8B24E
S2140322008542EFD9D0790133B04204BF11801172F1
S2140322100A32F4E7376F00202A5D002030B50A4BF8
S214032220CC081B78094D0733DB1000FB0340012362
S21403223001F007018B402C5CDBB212B11C432C541B
S21403224030BD24EA0304FAE73A6F0020CA6400208C
S21403225070B50B4B04461B78834204D840F24B21DF
S21403226008480DF006F90025074E3378E8B2834296
S21403227000D870BD00222146FFF7D0FF0135F4E7F2
S2140322803A6F0020B1920400386F0020FF2810D068
S214032290FF290ED0084BCA081B7801F00701073345
S2140322A0DB1000FB0323054AD05CC84000F00100A6
S2140322B070470020704700BF3A6F0020CA640020B2
S2140322C00148F0F7CBBD00BF805E00202DE9F04744
S2140322D01E464D4B8CB01B681546074688469DF830
S2140322E0509003F0080A08F0F7FEA8423FD1B9F170
S2140322F0000F14D06EB9ADF806603D46042422469E
S214032300414628460AF03DFC00F001000CB0BDE84B
S214032310F0870023ADF806303D4606243AE03846FB
S2140323200CF0E0FEFF28044605D0F2F7FBFC10B1E4
S2140323302046FEF7CFFF96B10023ADF80630F8F738
S214032340FDF80028E8D0062440460DF1060202A94F
S21403235009F0ABFDD8B94046F8F7F8FA17E0ADF840
S2140323600660F8F7EBF80028C7D00424ECE73EB382
S214032370BAF1000F2ED000230B24ADF80630B9F1C6
S214032380000F0AD1F8F7DAF82F460028DCD13D46CD
S214032390002EB4D0BAF1000FB1D004F004024146C7
S2140323A042F0110228460AF0ECFB22460646414656
S2140323B028460AF0E6FB002814BF30460020A3E7B1
S2140323C0BAF1000F14D00124ADF80660B9F1000F7E
S2140323D095D1D7E70B24284602A9F1F783FD0746D4
S2140323E068B902A807F02BFA20B9ADF80600EDE7A6
S2140323F00124F0E744F00204ADF80670E6E7002394
S214032400ADF80630E2E700BFC44800202DE9F047E8
S2140324101E46744B8CB01B7807460D461446DDF8F3
S2140324205080002B3ED008F057FE30B36E4B1B682F
S214032430980722D44FF6F7739C4233D843463A465E
S21403244031462046FBF7F2FE08F046FE854200F0D2
S214032450C5803046FEF75AFBA04203D10CF042FE7D
S2140324600AF033FABA1E5342534129460022204645
S2140324700CB0BDE8F0470AF080BFE7B1F91ED1F112
S214032480000949EB01094FF6F7739C4216D903215D
S214032490204606F076FD03233A463146204600954D
S2140324A006F05EFE08F018FEA84200F097804FF68E
S2140324B0FF739C42CBE74FF00109E4E72B463A460D
S2140324C03146204604F094FC2146CDE900082B460D
S2140324D03246384607F003FA80460146204606F0A1
S2140324E050FDB8F1000F61D1B9F1000F12D10023EE
S2140324F03A4631462046009506F032FE88F0010340
S2140325002A4631462046CDF8009003F00103FFF734
S214032510DDFE99E7002FEAD003AA9246334B03F178
S214032520100E9446186859680833ACE803007345E0
S2140325306246F6D107A806F06FFE0323306871687B
S2140325408DF81C3008AB03C39DF8293007A843F069
S21403255002038DF8293006F08AFF90B1306871685F
S21403256008AB03C3042307A88DF81C3006F07FFFCF
S21403257038B1022307A88DF81C3006F078FF002830
S214032580B5D1514607A806F0B2FF0028AFD0F4F73E
S21403259095FB0028ABD103233A46314620460095E7
S2140325A006F0DEFD08F098FDA84250E743463A469B
S2140325B031462046009506F0D3FDB8F1010F9DD0B5
S2140325C0B8F1020F7FF440AF284607A9F1F78AFC5B
S2140325D020B93246284607A90AF09AFA0CB0BDE895
S2140325E0F08700BFF0640020C448002032DF0400F8
S2140325F0044B1A880AB100221A8000210846F9F70C
S214032600ABBF00BF805E002000232DE9F0478EB0ED
S21403261004460D46CDE903334F7808F05DFD50B10F
S214032620B64B1B689A0706D4092103A806F050FD8B
S2140326300EB0BDE8F087204603A9F1F753FC064623
S214032640002840F05781022F3DD0042FECD1E5F748
S21403265039FC002846D0E5F735FC022840F02281F5
S2140326600DF12408334632464146304607F06EF8ED
S214032670012103A89DF8255007F05BF92840FF28A1
S21403268000F0348105AD284608F0C3FC002840F06E
S2140326902F8195E80F0088E80F003A46414603A8C5
S2140326A006F08EFF0246002840F02081032303A98C
S2140326B0CDE9005320463B46FBF77EF900280CBFC6
S2140326C013210621B1E78D4B1B689B07ACD402355B
S2140326D0082229468A48E8F7BDFF0028A4D0E5F774
S2140326E0FDFB08B91121A0E7864B874E1B78FBB983
S2140326F0FFF77EFF3088002860D103AF29463846AF
S21403270006F088FD002800F0CA8028460DF10A016D
S214032710F1F7C2FB40B90DF1240A504608F079FCE4
S2140327208046002800F08780FFF762FF0F217CE7D2
S2140327303088002842D101460CF028FB3080002860
S2140327403AD001230822304603A9F0F7CBFD98BB05
S2140327500123082229463046F0F7C4FD60BB012357
S2140327600222694809A9ADF82440F0F7BBFD0346E9
S214032770308823B1002848D04FF0100920E00CF031
S214032780ADFA61490746204601F0CAFC30880CF0D2
S214032790A5FAFFB2874209D1FF238DF8243001231F
S2140327A059481A4609A9F0F79DFD28B900210120CA
S2140327B0F9F7D2FE0C2138E73088DBE74FF007093C
S2140327C00CF070FA074630880CF06CFA3488112146
S2140327D000F10808204600F02DFE10218246204610
S2140327E000F028FE0822044603A94046E8F732FF15
S2140327F0002840F08180082229463846E8F72AFF59
S214032800002879D1B9F1070F01D010210DE704EBA9
S2140328100A244546A4B271E730884FF0010828B170
S214032820122100F007FEFF2881461ED12A46B9462C
S2140328302046402304E03A46A9464346BDF80A002C
S21403284043F00303CDE900A349460323FBF7B4F89B
S21403285000283FF469AF0721484606F039FCB8F173
S214032860000FD9D0FFF7C4FEE2E6002108460CF0BD
S2140328708DFAADF8140048B1204605A901F050FCC6
S214032880BDF814000CF02AFA0028CFD114230093C5
S2140328904A4639462046338801F0FAFBC6E7FFF777
S2140328A0A7FE1FE7E5F70EFB012801D00621BCE6CD
S2140328B005AD324633462946009603A8F9F75EFD72
S2140328C0024608B10A21B0E60C4B20461B6803A952
S2140328D05B0003F0040343F00303CDE900533B46D8
S2140328E0FBF76AF80028E1D113219EE605219CE652
S2140328F012219AE60B2198E60E2196E6C44800209C
S2140329007765002094640020805E0020012330B5A4
S2140329100D4C85B022788DF80430D5188DF8052037
S2140329200E228DF806200A682570CDF807204A681F
S21403293001A9CDF80B200B22F0F7D4FCB0FA80F0F7
S214032940400905B030BD00BFF1640020014B187884
S214032950704700BFC6650020142230B58BB005460D
S2140329600DEB02011548DAF7BDF910BBBDF81430BC
S214032970DA0720D413F0060FC3F3410208BFC3F3EC
S21403298041220F4B0DF116019C5C68462246E8F780
S214032990A5FCBDF8263004F128026A4402F8283C58
S2140329A002341B0A02F8273C69462A46E0B209F0BD
S2140329B059FA0BB030BD2320FBE700BF703214E09A
S2140329C042DF040010B58AB0ADF826200022CDE918
S2140329D0052204920CAA02924FF6FF720446AC211B
S2140329E001200192064A039004FB01226032009202
S2140329F04CF620010DF126020AF0E5F80AB010BDE8
S214032A004456002000B58BB0ADF824309DF8303026
S214032A1003208DF82630002303900A4909A8CDE940
S214032A200130CDE90533049301F160030093B1F857
S214032A305C3002204CF660410AF0C5F80BB05DF836
S214032A4004FB00BF4456002010B54FF6FF741E4A21
S214032A508AB0B2F86800B2F85E10A042ADF826005D
S214032A60B2F85C304FF6FD70ADF8241018D08142F2
S214032A704FF0000094BF48F660014CF66001CDE9C4
S214032A800500CDE90300CDE9010094BF09AA603231
S214032A9000920DF1260204200AF095F80AB010BD44
S214032AA081424FF000008CBF603209AA00928CBFAF
S214032AB04CF6604148F66041CDE90500CDE90300D8
S214032AC0CDE90100014AE6E744560020AE56002051
S214032AD000B50E4B0022B3F85E308BB0ADF8243051
S214032AE04FF6FF73CDE90522CDE90322CDE9012296
S214032AF009AA00924FF400610DF126020720ADF8F3
S214032B0026300AF060F80BB05DF804FB445600204C
S214032B1030B58BB08DF825301B0A8DF82630002390
S214032B200D4991F85840CD6DB1F85C00CDE90533F9
S214032B30049307236031039308ABCDE901030091A7
S214032B404FF6FF734CF62041082008958DF8244075
S214032B500AF039F80BB030BD4456002070B54FF676
S214032B60FE76294C1D46B4F85E10B4F85C30B142CC
S214032B7094F85C00A2B04FEA132321D14FF44041EE
S214032B806034ADF808108DF80B008DF80C3003CCCC
S214032B900DF11504CDF80D00CDF811102270120AB0
S214032BA06270002211461046A270E270ADF806204D
S214032BB008F0D0F8ADF8060090B9002022B070BD3A
S214032BC04FF400448DF80D10090AADF808408DF84F
S214032BD00B008DF80C308DF80E100DF10F04DDE7A9
S214032BE0043402A9621A012392B20DF10600F0F72B
S214032BF079FB0028E1D1BDF806002A4601210CF036
S214032C009DF8BDF80600D9E744560020202A10B5E3
S214032C10144614D8012A04D10C88B4F5004418BF0E
S214032C200124620030B10748E8F71AFA064B002081
S214032C301C7010BD0548E8F713FA054BF7E721208B
S214032C40F7E700BF825E0020C7650020C25E002053
S214032C50C86500202DE9F047104617460CF0E7FC40
S214032C60DFF814A1DFF814919AF8003099F80020E1
S214032C700546134302D10020BDE8F08710F44068F0
S214032C8000F0400619D186BBB0F5804F5CD24FF4F6
S214032C90807400239AF80000344AD9B288425DD87B
S214032CA0002399F80000324AD9B28842E3D932F8B1
S214032CB0021B0133A142F7D155E0F81C0CF0B7FC18
S214032CC04FF6FF73984214BF0124022486B10526EB
S214032CD005F44043B3F5004F44F0080424D0B5F59B
S214032CE0804F23D244F4807420E044460326EFE763
S214032CF0B5F5804F4FF00506F4D3B8F5406F14BF13
S214032D0002200820304438440CF091FC194B05F49B
S214032D104045B3F85C3083420CBF44F0080444F0EB
S214032D200404B5F5004F01D144F08004B8F5006FF4
S214032D300ED1B8190CF07BFC0E4BB3F85E30834211
S214032D40A7D144F01004A4E7444603260220D9E79B
S214032D50B8F5406F08BF44F020049AE732F8021B28
S214032D600133A14299D1012086E700BFC25E00204D
S214032D70825E002044560020C8650020C7650020F8
S214032D802DE9F04F104685B0164698460CF04FFCDA
S214032D905D4F00F00803B7F85C10044600F007091F
S214032DA0F01C02930391B7F85EB00CF040FC06F1FA
S214032DB0050A054650460CF03AFC03464FF6FF70EC
S214032DC0854218D00399A1EB050CDCF1000545EB11
S214032DD00C056D004FF6FF718B420ED145F00405CE
S214032DE00CF030FA029B6BB1B9F1000F11D0422000
S214032DF005B0BDE8F08F0125ECE79B4508BF45F01D
S214032E000805EDE7B9F1030FF1D8DFE809F0021B77
S214032E10795D0CF017FA08B9A807E8D524F008047A
S214032E20A4B2B4F5004F05D0B4F5624F02D0B4F5A2
S214032E30404FDCD10025294697F8A820002007F04C
S214032E4089FF3CE0D7F88030E3B9002132460846D4
S214032E50FFF700FFD8B948F6410224F038039BB2C7
S214032E609342C4D10A2D49D0062DC0D197F87730A6
S214032E70023B012BBBD8EEF7AFFF0028B7D140F6D5
S214032E80040505E04146304698470028DDD008256E
S214032E90E20648BF45F08005A30648BF45F48055C3
S214032EA005F00C03042BC6D1F01D0CF0C0FB97F8FD
S214032EB0A8303246009341462B4607F020FF08B35E
S214032EC00E9B1880002093E7A90705D14FF6FF73E2
S214032ED0B7F85C209A428AD104F44063B3F5006FD6
S214032EE00AD0B3F5406F82D1082250460749E8F767
S214032EF0B1FB00287FF47BAF0C25C9E70425C7E7A1
S214032F00432075E7192073E744560020A456002093
S214032F10034B1A781AB1FF2A04BF00221A707047AF
S214032F20CA65002070B5084C084E2378F55C1DB1C1
S214032F303E2107480CF09DFAFF2223782846F254D8
S214032F400023237070BD00BFC9650020CA6500203A
S214032F50BF920400034B044A1B78D05CFF3818BFAB
S214032F6001207047C9650020CA6500200023074A70
S214032F7007491360074A1360074A1360074A11603C
S214032F800121074A1170074A136070477C570020D7
S214032F9051CD03007857002074570020586E002048
S214032FA0736F0020845700200E2A70B50C46064621
S214032FB01546194603D9FFF7D9FF502070BD0128DF
S214032FC007D10020EEF722FFB0B1FFF7CFFF212095
S214032FD0F4E780220021224B1A70224B1960224B01
S214032FE01B684BB134200BF0D1FE204B188018B968
S214032FF0FFF7BCFF0120E1E724F0FF6323F4FF2380
S2140330001BB1FFF7B3FF4F20D8E774B92046EEF79E
S21403301017FF0124032510F0800F43B21BBF00F0F7
S2140330201F039C409C4044F078440020104B24F03F
S21403303078441E700F4B10491D70104B1C60104BCC
S2140330401870104B1A68EFF797FA18B1FFF78EFF50
S2140330500420B3E79DF810200B4B1A70AEE700BFB1
S214033060CB6500208057002074570020025F0020A5
S214033070D0650020CE6500206D3303008457002002
S214033080CF6500207C570020CC6500207FB5244BFD
S21403309000251A7801232348234903FA02F200780D
S2140330A01A440A60ADF80E5020B3984236D11F4C2E
S2140330B01F4B20781B680DF10E0198471D4EBDF877
S2140330C00E20307092B11C4B2946009328460223EB
S2140330D00195EFF78BFA3278237822B1012A12BFD3
S2140330E01B230133DBB2237004B070BD013818BF55
S2140330F00120F0E778235A43013A0A6008220F4971
S2140331000BF08AFD0B49094A0978137821B1012986
S21403311012BF1B230133DBB21370E5E71846E3E760
S214033120CE650020D065002088570020CF6500209C
S214033130586E0020736F0020A9330300D1F10300FB
S214033140024B1868003818BF0120704774570020D8
S21403315037B505461C460CF075F868B974B1084BCC
S2140331601A60084B0A461C60012329460093032372
S214033170FFF71AFF03B030BD4D20FBE72520F9E724
S214033180705700207857002013B504460CF05AF801
S21403319058B962B1074B1A6001230A4600932146C9
S2140331A00323FFF701FF02B010BD4D20FBE72520E8
S2140331B0F9E700BF745700202DE9F0410446DDE926
S2140331C006861D469DF820700CF03CF888B99EB123
S2140331D0A2B10B4B01201A600A4B0A46C3F80080C3
S2140331E0094B21461E602B460697BDE8F041FFF7C4
S2140331F0DBBE4D20BDE8F0812520FBE72120F9E763
S214033200586E00207C570020785700200148EFF7BF
S21403321025BE00BF025F00202DE9F0410020EFF736
S21403322019F9114B114C1E68114B20881D68114B60
S214033230114FD3F8008010B13978EFF7E9FF00207B
S2140332403870FFF793FEEFF723FC0EB14046B04706
S2140332503DB12088A84700232380BDE8F0410CF049
S21403326083B9BDE8F08100BF78570020025F0020D5
S2140332707457002084570020D1650020F8B52F48E6
S214033280F0F7DCF82E4B187830BBEEF7D9FD2D4F50
S21403329006463B6803B32C4B2C4D1C6824B195F9AA
S2140332A000301A461946A047294B1B6883B1294CA0
S2140332B02378312B0CD8284B18880BF0F3FC237893
S2140332C05A1C22702A78C25423785A1C2270C65479
S2140332D080232B7000233B60204C23781A2B22D8A4
S2140332E01F4A1278012A09D100211E4A156825FAB9
S2140332F003F0C007DAB20ED501B122700020EEF754
S2140333009FFD2178884212D10022174B1A70FFF7CF
S214033310BDFE40B9F8BD0133D8B21A284FF00101FB
S214033320E5D90A442270BDE8F840FFF775BF0020D0
S214033330EEF798FD0028E7D0F5E700BF5C6E0020A7
S214033340D06500208057002070570020CB650020F2
S21403335074570020D1650020025F0020CF6500204F
S214033360736F002084570020CD65002008B50B4BF3
S214033370187880B90221EEF737FD094B1B782BB17D
S21403338000214FF6FF720846EEF710FDBDE8084031
S2140333900448FFF773BF00210846ECE7D06500201A
S2140333A0CC6500205C6E002038B5144B0C461D78A7
S2140333B0012D21D181B90846EEF742FD104A05FAE0
S2140333C000F013680F4923EA0003136020462A46D9
S2140333D0BDE838400BF020BC0B4A13780133DBB250
S2140333E0022B137004D9BDE838400848FFF746BFE0
S2140333F0FFF74CFE0028F6D138BD00BFD06500208D
S21403340084570020D1F10300CD6500205C6E0020B8
S21403341038B50C4605460BF061FCA04203D82D21B7
S21403342003480CF026F828460BF03CFC204438BD35
S214033430D392040070B506460D460BF033FC0446E3
S21403344048B130460BF04AFCA84203D8352102485F
S2140334500CF00FF8605D70BDD392040070B50C4697
S214033460064615460BF03AFCA04203D83E21044814
S2140334700BF0FFFF30460BF015FC00B1055570BD91
S214033480D39204002DE9F0431E46574B8FB01B78AA
S2140334900746033B012B0C4615469DF8588007D874
S2140334A0F4F718FA20B1F0F71DF908B144F4005404
S2140334B04E4B1B7813B924F40074A4B2200509D527
S2140334C046B9284604A9F0F70DFD002846D024F493
S2140334D00064A4B2ADF81840ADF81A5007F0FCFD2E
S2140334E0434BADF81C00B8F1000F02D01A784245E2
S2140334F001D293F800803F4AE105137848BF0DF1E7
S214033500210103F10103DBB2137058BF08A922059A
S2140335108DF81E808DF81F3006D53368083141F8C4
S214033520083C736841F8043CE30407D5324A083183
S214033530136841F8083C536841F8043C0DF1180839
S214033540A1EB08005FFA80F9002148460BF01EFC49
S214033550064628B900200FB0BDE8F08304AEB9E7ED
S2140335600BF0A0FB41464A46E7F7B8FE30460BF0A1
S214033570B5FB804630460BF095FB002302460093CE
S2140335804FF6FF7004235FFA88F107F0B8FBADF837
S2140335900E000028DED040F201131C421AD14FF66B
S2140335A0F7739D4216D80BF099FB0DF10E010446F6
S2140335B0284600F0B5FDBDF80E000BF08FFBE4B215
S2140335C0A04207D9BDF80E0007F0E6FB437843F0A8
S2140335D004034370BDF80E003A4601210BF0AEFB20
S2140335E0BDF80E00B7E700BFF5640020F0640020C6
S2140335F0256F0020F264002077650020F0B50829C7
S214033600D58889B028D00C2926D0AE0424D405F05A
S21403361040030B43424C267816B105F0200423439F
S2140336202FB2002FB8BF43F08003032920D1122303
S214033630AC068DF80430937A10D48DF805300DF16E
S214033640060401A9621A012392B2EFF74BFEB0FA01
S21403365080F0400909B0F0BD0B46DBE732228DF857
S21403366005308DF80420002EE9D00DF11304E8E7A9
S2140336700C298DF804300ABF138953798DF8053069
S214033680548805BF1B0A8DF806308DF805300DF1FA
S214033690070318BF0DF106031C70240A5C70148818
S2140336A002399C70240ADC70147901291C7111D824
S2140336B0917A002F597131DA022112899971DA71E0
S2140336C0120A03F109041A72002EBAD0AB06B8D553
S2140336D00534B6E7A9071AD4002F0CDA117A51B1CC
S2140336E0917A59711189127A03F1080492B1022270
S2140336F09A71D971E8E70B4C217801F1010C84F833
S21403370000C091729C1D002F5971DDDAEAE7917AA9
S2140337109C1DF8E70122090A9A71EAE79C1DD3E784
S214033720F0640020F1640020014B1880704700BF4E
S214033730045F0020014B1888704700BF045F002019
S2140337402DE9F84307460BF08DFE05461B480CF0A3
S21403375000F81B4B60B31C683C1B2C44A4B200222D
S214033760184BDFF868901B78174D03EB830399F823
S214033770006005EB43055FFA82F846450AD9AB8835
S21403378005F10A00A34216D90A23B21A29465A4358
S214033790E7F766FC013689F80060AC80B8F1000FE5
S2140337A003D1394605480BF069FB2846BDE8F88384
S2140337B03C461D60D3E705460132DCE77C6E0020FD
S2140337C08C570020D2650020A65B0020D36500201E
S2140337D01FB5154A154C1378013BDBB213706168AD
S2140337E0206801AA03C221891180114A1278D218CF
S2140337F005D00A2320465A43E118E7F731FC9DF823
S21403380006301B070DD0BDF80C00FFF799FF0346E3
S2140338108288ADF8082001AA03CA12881860596086
S2140338201A8104B010BD00BFD2650020A65B00203D
S214033830D3650020002108B5084B09481970094BC9
S2140338401970094B1A7802EB82025200E7F7B6FBAF
S214033850BDE808400548EFF7F1BD00BFD36500207B
S214033860A65B0020D2650020316F00207C6E00200E
S214033870F8B50024084D094F094E3B783178E2B27B
S2140338800B449A4204F1010400DBF8BD2846EFF727
S214033890E5FA0A35F1E700BFA65B0020D3650020F2
S2140338A0D2650020F8B516460C4B0D4A1B781278E5
S2140338B0074613440B4A0D46127893420CD0304603
S2140338C0FFF73EFF013506810780857004460BF03F
S2140338D0C4FDE0800120F8BD0020FCE7D26500208F
S2140338E0D3650020316F002010B5064C207828B130
S2140338F00548F5F799FD10B1034B188810BDFFF77F
S21403390067FFF3E7D2650020A65B002008B50A4AE6
S2140339100346107860B1094A1088984209D121B944
S2140339209378103323F00F039370FFF751FF0120B2
S21403393008BD0020FCE700BFD2650020A65B002080
S2140339402DE9F74F00260BF08DFDDFF8F890B24611
S21403395099F80070B3463A46DFF8EC801FFA80FE0B
S214033960B8F800C0344CAEEB0C039BB2019323783B
S214033970324D009303EB830305EB4303ACEB0E0CD2
S2140339805FFA86FEBE4515D3BAF1000F01D0009B41
S2140339902370BA422AD3002F37D00A222378C8F8D6
S2140339A0000002FB03532648998803B0BDE8F04F96
S2140339B00BF064BAB3F804E001998E4512D84FF0C1
S2140339C0010A009993F802E001310EF1FF3EC9B2F5
S2140339D0013AA3F804B083F802E00091D2B20A33A6
S2140339E00136CDE7E644A3F804E0F8E789F80020BB
S2140339F04AB10A222378C8F8000002FB0353104892
S214033A0099880BF03BFA237813B903B0BDE8F08F1F
S214033A10FFF76AFF06460028F5D007F0DEF80146F2
S214033A20304607F08EFF20B100212888FFF76EFF8F
S214033A30E9E740F60241F8E7D2650020A65B0020DE
S214033A407C6E0020D36500208C5700202DE9F041C2
S214033A5092F808801F4608F1FF33DBB2EF2B0546CA
S214033A600E46144688B00BD982238DF80E303146A5
S214033A7028469DF80E30204AFBF774FA012037E0FB
S214033A800E22002104A8E7F799FAB4F809308DF856
S214033A901180ADF81230E37A03F07F02032A08D0D0
S214033AA0012B24D103238DF81030A389ADF81530EC
S214033AB00EE0032B14BF022301238DF81030E368B6
S214033AC0CDF815302369CDF81930237D8DF81430E1
S214033AD0A7F121014A420DF10E034A410093214604
S214033AE00DF10F0304A8FAF793FD0028BFD10020B9
S214033AF008B0BDE8F08100BF6B4904002DE9F04F24
S214033B0000241D7895B0CDE902010492234622468F
S214033B100120CDE90054404909F016FAADF81E001D
S214033B20F8B1A346264627460DF120090DF1380ABB
S214033B30E4F7B6F95FFA84F8404516D83A46022108
S214033B40BDF81E00FFF78AFC32460421BDF81E00AE
S214033B50FFF784FCDDE903100022BDF81E30FBF7F7
S214033B6001FA012015B0BDE8F08F4A4640460AA97F
S214033B70FAF740FD9DF8282022B12DB1013DEDB2A4
S214033B800137FFB20134D3E7BBF1000FF8D199E850
S214033B9003009DF829308AE803008DF84030BDF80D
S214033BA02A30032A8DF841304FEA13238DF842302A
S214033BB017BF032301238DF843309DF82C30DDF81F
S214033BC03110DDF82D0014BF8DF84C308DF84330DE
S214033BD011AB03C302980CBF4FF00E084FF0150845
S214033BE008F079FB0590BDF81E000BF077F80599F1
S214033BF000EB080399420BDB0123424651460DF1C5
S214033C001E00EFF76FFB0028ABD10136F6B2B7E71D
S214033C104FF0010BB4E700BFA892040038B5054681
S214033C200D4B0E481C88EFF7F5FB012D0CD10C4B02
S214033C301C88FA21614358B1884209D28408012CB2
S214033C40204638BF012038BD022D08BF0224F0E706
S214033C5002480BF013F9F2E7A25B0020904700201E
S214033C60A05B0020012208B5054B06481A70002108
S214033C700BF004F9BDE808400020FFF7CFBF00BFF4
S214033C80C1640020904700201E4B73B51A8802F1CA
S214033C9008039BB2012B02D81B4B1B7823B902B037
S214033CA0BDE87040EFF7CABB0024184B184D1C70D4
S214033CB0184B1C702B787BB14FF6FC73164E009393
S214033CC0224623462146308808F043FD4FF6FD730F
S214033CD02C70338001200FE0104B10461978F4F750
S214033CE019FF0028F6D10C4B1A884FF6FD739A423B
S214033CF0F0D0012302202B7002B0BDE87040FFF71E
S214033D008DBF00BFA45B0020C1640020C4640020F4
S214033D10C2640020C36400209E5B0020C5640020AC
S214033D20012808B50AD002280CD020B9084B187011
S214033D300848EFF783FB4FF0FF3008BDBDE80840A7
S214033D40FFF790BF0020BDE80840FFF767BF00BF3E
S214033D50C16400209047002002280CD859B1064AB7
S214033D6013780133DBB21370044A12789A4202D8EE
S214033D700220FFF7D5BF7047C3640020C664002047
S214033D8038B5A0F61343012B04460D4615D80E4A44
S214033D9013780133DBB213700C4A12789A420CD8AC
S214033DA04FF6FD720A4B00201988914201BF00228C
S214033DB01D80084B1A70FFF731FF29462046BDE8E1
S214033DC0384005F01BB900BFC4640020C764002058
S214033DD09E5B0020C264002000234FF6FD71054A57
S214033DE01370054A1370054A1180054A1370054A75
S214033DF013707047C4640020C36400209E5B0020D9
S214033E00C2640020C164002030B5094B02461B780B
S214033E1033B1084B084C19780023D8B2884201D333
S214033E20FF2004E0013334F823509542F5D130BD2A
S214033E30306F0020C96400207E5B00200022FF2133
S214033E40044B05481A70054B1970054B1A789200F7
S214033E50E7F7B4B8C9640020825B0020C86400207A
S214033E60306F0020F7B58DF807100DF107010446F3
S214033E7003F069F8234B1D78002D41D02046FFF749
S214033E80C3FF214EFF283178204B05D1204A1078F6
S214033E9085422DD9451C1570884219D01C4A1B4DE6
S214033EA092F800C00022D7B2BC450CD92F4697F82B
S214033EB003E00132864505F10405F4D102B203EBB3
S214033EC08202D278FA7002B203EB8202D1703070AB
S214033ED002B203EB820123F82240FF228A709DF888
S214033EE00720FF2A02D003EB8203987003B0F0BDCD
S214033EF00A46104603EB8202D278FF2AF9D1CBE7B3
S214033F00FF20F3E7306F0020C8640020825B0020A8
S214033F10C96400202DE9F843FFF776FFFF2804461F
S214033F2069D04FF6FF72354F03B2DFF8DC80344EAC
S214033F3027F8232098F80050A54202D10020BDE8B8
S214033F40F883337820B28100A34207EB800090F811
S214033F5003E010D00023294A5FFA83F94D459446BF
S214033F6006D99CF803900133A14502F10402F3D16C
S214033F708CF803E001E086F800E0013DEDB22A1B71
S214033F80D2B2043192003944E7F76AF888F8005051
S214033F903378FF2B04D0A34224BF03F1FF333370DF
S214033FA000214FF6FF70154BCAB2AA420CD300236A
S214033FB04FF6FF71134ADCB2AC42BBD2013332F880
S214033FC023008842F7D1B5E79A78A2420BD118802E
S214033FD0DA78FF2A04D0A24224BF02F1FF32DA7055
S214033FE001310433E0E7FF2AF2D0A24224BF02F1F4
S214033FF0FF329A70ECE72D20A1E700BF825B00201A
S214034000C86400207E5B0020C9640020F8B51C4B02
S21403401005461B78084673B3FFF7F6FEFF280446EB
S21403402029D02846FFF7F0FEFF2806D0154B164E7C
S2140340301A780023D9B2914218D3FF212846FFF7F6
S21403404011FFFF28014616D00546104F23B207EB93
S214034050830237F823009678FFF704FFA84208BFC9
S214034060FF25FF2E214608D12846F8BD013316F852
S21403407023108142DED1FF25F6E73446E6E700BF8C
S214034080306F0020C9640020805B0020825B002024
S2140340902DE9F04180460E461F46002386B001A850
S2140340A014469DF830508DF80330FCF74BF8ADF806
S2140340B004802EB13368CDF806307368CDF80A3025
S2140340C038460AF0EFFD0DF103034219214601A815
S2140340D004F0A0FF9DF8033093B931464046E4F759
S2140340E001F90E4B1B785BB10B2C09D8FF21404618
S2140340F0FFF7B8FE064605EB4404E4B2A54202D138
S21403410006B0BDE8F0812946384608F0C0FE3146C1
S214034110FFF7A8FE02350646EDB2EFE7306F002044
S21403412000232DE9F3470DF107028DF80730044607
S2140341300E4602F0F3FE9DF80730054663B92046A7
S214034140FFF762FE04465EB130880AF0C7FD5FFAE9
S21403415080F8FF2C45D10025284602B0BDE8F0873D
S214034160B046F6E701320C2AF5D02DB207EB8505EB
S214034170AD78FF2DF6D112F0FF0AECD04FEA4A05D0
S2140341800235EDB2002EE7D0304605EB080108F005
S21403419043FE0028DFD1524641463088FFF75EF9DA
S2140341A00AF1FF3208F1010108F102093088D2B2A0
S2140341B0C9B25FFA89F9FFF751F924B207EB840411
S2140341C0A478FF2CC8D023B2494637F8232030887A
S2140341D008F06DFE0028BED109F102095FFA89F9DD
S2140341E0EBE725460022014FBFE700BF825B0020B6
S2140341F0FF2818BF064B10B51BBF03EB800433F82C
S21403420020302D200B801EBFA3780020137010BD16
S214034210825B002008B5D1F7FBFBD0F7DFFF00F089
S21403422022FAD2F70BFDBDE80840D0F78FBD10B5D4
S214034230044601880120D1F7A9FCE3880BB9C823FB
S214034240E38010BD37B50446D1F7AEFC65888542DA
S2140342500ED8A188E288814205D3431B5343491BEA
S214034260B3FBF1F39AB280B240EA024003B030BD2A
S2140342700022F8E770B50C46088800F04BF994F86E
S2140342804430054683420FD004F11C06304600F046
S2140342907CF984F8445000F07CF9618BA0643046C6
S2140342A0BDE8704000F06CB970BD38B5044690F8B0
S2140342B044108378826CCB1A59425941D0F7ACFD2F
S2140342C0E37893B1257985B900F063F90346A268CC
S2140342D0218A04F11C009C1A8C4236BF52182946C8
S2140342E0D11ABDE8384000F04BB938BD09B100F02B
S2140342F0FDB800F005B938B58388044603B3E37800
S2140343000088A17804F10C05A3B10023B1FA81F16A
S214034310E3704909FFF7EAFF4FF6FF72A388218986
S21403432093421CBF03F1FF33A3802846BDE8384001
S21403433000F026B90123E370FFF7D8FFE188F4E71E
S21403434038BD10B5044681780088FFF7CFFF0123F8
S214034350E3700023A38010BD10B581780446B1FA3C
S21403436081F100884909FFF7C1FF0023E370A380AA
S21403437010BDFFF7F1BF70B50446054600262B4671
S21403438055F8040B10B11B1B0C2B00DD70BD237CF2
S2140343908680002BF3D0637C13B1FFF7D2FFEEE7E2
S2140343A0FFF7DAFFEBE7FFF7E6BF70B5044605460F
S2140343B04FF6FF762B4655F8040B10B11B1B0C2B40
S2140343C000DD70BD8388B342F4D04FF4FA724FF623
S2140343D0FF731146D0F774FDECE709B100F086B819
S2140343E000F08EB810B50446C0600830D1F740FD23
S2140343F021792088B1FA81F14909FFF7EEFFA37905
S21403440043B121796088B1FA81F1BDE810404909CA
S214034410FFF7E3BF10BD00F0A9B80346184613F82C
S214034420012B8A4201D0002AF8D1704710B53B21F0
S21403443004460068FFF7F1FF0022034603F8012B4A
S2140344402068236010BD10B540B1421E0A24002028
S21403445012F8013F303BD9B2092900D910BD04FB3D
S2140344600030F5E708B500F07EF808B540F2BA422A
S21403447000211020D1F708FB41F2E823584340F609
S214034480FF7300F2FF70B0FBF3F080B208BD50F884
S2140344900C3C23B150F8041C30F80E0C1847704738
S2140344A0084619B1FF21103002F035BC704773B5CA
S2140344B005460E466DBA1446D1F710FCADF8045007
S2140344C07EB1012C04D0032C09D00022012101E087
S2140344D02246022101A8D3F705FC02B070BD0022D4
S2140344E0F7E7042132460DEB0100F4E707B540BABF
S2140344F0ADF8040001A8D3F729FC03B05DF804FB6C
S21403450007B540BAADF8040001A8D3F74BFC03B0D7
S2140345105DF804FB002307B540BAADF804000DF1BF
S214034520030101A88DF80330D3F768FC9DF8030058
S21403453003B05DF804FB007800F0DF03552B07D0CB
S214034540642807D0663818BF4FF0FF30C0B27047F4
S214034550012070470320704718B12D280CBF012097
S21403456002207047704708B501F0C7FF08B500F092
S2140345706FF8BDE8084004F013BD50E90230184751
S2140345800A460830FF2102F0BDBBFF21083002F0C7
S214034590CABB08B50AF0C5FFBDE8084009F036BC3B
S2140345A02DE9F041044600274FF00C0E8F4202DB44
S2140345B00020BDE8F0812078904204D1002594F8CD
S2140345C00780454502DB01370C34EFE70EFB05F6A3
S2140345D0D4F808C00CEB06003CF806609E42E8D010
S2140345E00135EEE7F0B585B005460E461746D1F71A
S2140345F095FC0446A0B131462846D1F747FC83789C
S2140346003A46002BA36831460293A37828460193C3
S2140346104FF0000300930CBF80234023E0F776F8A7
S21403462005B0F0BD08B51288D1F778FC50B1027911
S214034630BDF80C309A4207D881680298E6F710FD59
S214034640002008BD8620FCE78920FAE7D1F764BD81
S214034650002004F029BD08B504F096FD002814BF19
S2140346600320002008BD704708B502F030FAFFF7B4
S214034670D1FDD1F7BDFD642004F0DFF8642004F01B
S214034680DBF802F026FAD0F78DFB09F019F8F8E705
S214034690642230B542F21075418AB0F87E30514339
S2140346A0848A681A834202FB04F40AD2A3420AD914
S2140346B01B1B02FB03F021446D1AB0FBF5F0C0B2DE
S2140346C030BD1046FCE70020FAE710B589B1632930
S2140346D011D86424828A438A624304FB0323C3F506
S2140346E01C53103301FB03F0B0FBF4F0104480B20C
S2140346F010BD0846FCE742F21070F9E738B5037BB5
S2140347000446002B36D0FFF744FF217BE2890229BB
S21403471003D1238A002B18BF1A466423534342F25D
S21403472010721FBFD4F88450401B5043B0FBF3F203
S2140347300129B4F8883017D1134442F21072934219
S21403474028BF13469BB2A4F87E302046FFF7A0FF8F
S214034750A37D83420ED0A075082260784FF4817142
S214034760BDE83840FFF73EBF934201D39B1AE9E703
S2140347700023E8E738BD10B50446B430FFF705FF5D
S21403478004F1DC00BDE81040FFF7FFBE037BC189E0
S214034790022B03D1038A002B18BF1946642342F267
S2140347A00F724B43DC30934298BF6421FFF7E8BE99
S2140347B010B50446FFF7A2FF237B23B12046BDE8CE
S2140347C01040FFF7E3BF10BD10B504464FF6FE7169
S2140347D0D1F7AEFEB4F880302046A4F87E30FFF75B
S2140347E057FFA37D834208D0A075082260784FF454
S2140347F08171BDE81040FFF7F5BE10BDF8B50E4653
S2140348000446154600F18C073846FFF7BEFE2946D8
S2140348103846A4F87C60BDE8F840FFF7B1BEF8B5AB
S21403482004460D46FFF7B5FE4FF6FE71A36F8D42A5
S214034830227BA0EB030717D162B94FF6FF75B4F8D6
S2140348407C30AB4205D004F18C00FFF79EFEA4F843
S2140348507C50F8BDC72F1BD8C8331A1A29462046E2
S214034860BDE8F840FFF7CABFB4F87E60AE422CBF7F
S21403487002260126B24211D14FF6FF76B4F87C30F9
S214034880B34205D004F18C00FFF77FFEA4F87C60EA
S21403489029462046BDE8F840D1F74ABEC72FDBD9E4
S2140348A0002AF5D02046D1F743FEC822D6E74FF6B6
S2140348B0FF73994201D0FFF7B2BF70474FF6FF72FE
S2140348C0B0F87C10A0F87C20FFF7F1BF42F210711D
S2140348D0FFF7A5BF0021FFF7A2BF4FF6FE71FFF754
S2140348E09EBF4FF60173994210B5044603D14FF6A7
S2140348F0FE71FFF794FF638A2046322B84BF322370
S2140349006382A38A322B84BF3223A382BDE810407E
S214034910D1F7B4BE032910B504462BD0007B30B9BB
S214034920012903D002290CBF0120FF2010BD032A52
S21403493007D8DFE802F00208101401291CD0022968
S2140349401FD0FF20F2E70029FBD1B4F85C20012A30
S21403495012D0022AF4E704290ED00529F0E7042929
S21403496014D0052914D00029EBD1B4F85C20111F0C
S2140349700129ECD80220D9E75A1E53425341580066
S214034980D4E7022B0CBF02200120CFE70020CDE79F
S2140349900120CBE730B587B005460C46D1F7AAFB16
S2140349A0012820D11CB1611E4B424B4158006B7845
S2140349B04FF480728DF804304FF48273ADF80630EE
S2140349C04FF48173ADF8083001238DF80B300023C4
S2140349D085F8900001A8CDE903238DF80A408DF8E9
S2140349E01430D1F7BFFB07B030BD41680346C97822
S2140349F0027B99B98168C97899B9002A08BF03214F
S214034A00D1F77ABF9B7B002B0CBF01210221F7E76E
S214034A109B7B002B0CBF02210121F1E7012AF1D178
S214034A207047012AF4D17047042910B5044604D808
S214034A3031B1BDE81040D1F7E3BF05290DD010BD55
S214034A40037B5522002B08BF0321A0F85C10407897
S214034A501221FFF7C7FD2046EBE743681A8A8368EF
S214034A601A82E6E7012303730378013343734FF493
S214034A704073C381032303740023A0F85C3080F8DB
S214034A809030704710B50446806BD8B1E278022A9E
S214034A9004D0636B5B7972B984F83C3094F83C308D
S214034AA06BB1FFF74EFC60784FF60272BDE810401C
S214034AB00621FFF797BDB3FA83F35B09ECE7FFF72D
S214034AC04BFCF0E710BD10B50446406BD0F760FA18
S214034AD02046BDE81040FFF7D5BF10B50446406B2F
S214034AE0D0F77AFA2046BDE81040FFF7CBBF10B5E3
S214034AF00446406BD0F796FA2046BDE81040FFF711
S214034B00C1BF10B50446002206214078FFF76AFDB0
S214034B10A378022B01D0FF2B04D12046BDE810401A
S214034B20D2F70CB910BD4FF60273994210B504467E
S214034B3001D1FFF7A7FFE378022B02D02046FFF749
S214034B40A1FF2046BDE81040D2F7F8B810B5D0F85C
S214034B50A4407CB103791BB14079D2F7AFF948B9C9
S214034B60A3883BB932222046BDE8104001231146F4
S214034B70D0F7A6B910BD10B50446FFF7E7FFA27835
S214034B80237982B913B12046D2F7BEF92046D2F76D
S214034B90FBF903236078A4F86C305522BDE8104077
S214034BA01221FFF71FBD012B02D12046D2F7ACF925
S214034BB0A379012B02D12046D2F7E6F90123E9E7D0
S214034BC010B583780446ABB9FFF7C0FFA3788BB95B
S214034BD0237913B12046D2F7B7F92046D2F718FA4D
S214034BE004236078A4F86C305522BDE810401221E7
S214034BF0FFF7F8BCB4F86C30022B0DD02379032BE7
S214034C0002D12046D2F780F9A379032B02D120469E
S214034C10D2F7BAF90023E4E72046D2F73BFAF9E7DE
S214034C20827883685AB9DB78002B14BF03230423E6
S214034C30A0F86C30552212214078FFF7D3BC1A79BE
S214034C4022B9DB78003B18BF0123F1E70223EFE725
S214034C507FB500239E6A0446B6F5804F0D460CD2F8
S214034C6001A8D2F7C3FB039B5B0506D5294620465E
S214034C70336C04B0BDE87040184704B070BD002321
S214034C809B6AB3F5804F05D21B6BB3F5804F01D2F9
S214034C909B6818474FF4817070471FB500239A6AC4
S214034CA0B2F5804F04D340F2011005B05DF804FB63
S214034CB0126BB2F5804FF6D2012201A8CDE902337A
S214034CC08DF80420D2F792FB039BDB03EBD5029B04
S214034CD01A0EE8D0012A03D1C3F307430A2BE2D9FD
S214034CE000239B6A1B6B1B6C9847DEE708B50AF02C
S214034CF0D7FDB0FA80F0400908BD134610B542B19F
S214034D0003439B0707D10AF0C7FDB0FA80F04009BA
S214034D1010BD0120FCE70020FAE70023036070477C
S214034D2003680B600160704710B538B132B129B122
S214034D3000230139D45C14B90023037010BD8B42E1
S214034D40FAD200F8014B0133F4E7034638B10020EA
S214034D50814204D01A5C02B970470130F8E7704705
S214034D604FF0FF31FFF7F1BF70B50C461646054608
S214034D7060B15AB151B1FFF7F3FF844206D9211A45
S214034D8032462844BDE87040FFF7CEBF70BDFEE74D
S214034D90FEE700239A4200D1704710B550F823402F
S214034DA041F8234001339A42F8D110BDD2F77EBFB3
S214034DB04369426CD91C143AB1FBF2F103EBC10010
S214034DC00330B0FBF2F00230704738B505460C46A8
S214034DD0FFF7EEFF6A6CE31D143AB3FBF2F30133FD
S214034DE004EBC30402FB004038BD38B505464469EE
S214034DF02146FFF7EAFF6A6CE31D143AB3FBF2F3AE
S214034E00013304EBC304204438BDF7B507460E460A
S214034E1000257C6CA819644280EA06031C4003D074
S214034E202C46204603B0F0BDFB6B01225B6901A94B
S214034E309847019B0133F4D10435EAE770B505467C
S214034E400C46D4F709FDEB6B2046BDE87040DB68E3
S214034E50184770B50025044686B00562E369AB4281
S214034E6002D8206A06B070BD666C2068E36B052224
S214034E705B6901A906FB0500984701A800F023FC1F
S214034E8000F046FC10B1236A013323620135E5E7DF
S214034E9038B50446456C006804F1400305FB010180
S214034EA0E06B00F042FC05462046FFF7D2FF28469B
S214034EB038BDF0B50546002687B0EC69013CB44220
S214034EC003D80C46204607B0F0BD01B14C1E6F6CEC
S214034ED02868EB6B05225B6901A907FB040098476A
S214034EE001A800F0F0FB00F013FC0028EAD12146ED
S214034EF00136E2E7F0B504460D46466CE36B006800
S214034F0087B005225B6901A906FB0500984701A83F
S214034F1000F0D9FB00F0FCFB20B101A800F0AAFBCF
S214034F2007B0F0BD29462046FFF7C3FF0646676C69
S214034F302068E36B05225B6901A907FB0600984717
S214034F4001A800F097FB431CEAD0B54238BF0130F6
S214034F50E6E72DE9F0434FF6FF79D0F824800446C0
S214034F600E46C84514BF45460025002787B0E369AB
S214034F70BB4202D807B0BDE8F083E26B2368606CDF
S214034F80D2F814C000FB0530052201A9E04701A8AA
S214034F9000F099FB022806D0C8450CD1721C29469E
S214034FA02046FFF775FFE3690135B5FBF3F20137DA
S214034FB003FB1255DBE729462046FFF79BFFB0F1BC
S214034FC0FF3F14BF024632460132E8E70368F0B5F6
S214034FD0CC1A436C0646B4FBF3F4002587B0F3699A
S214034FE037685A1E9542706C08D3706C336800FBA2
S214034FF0043007B0BDE8F04000F095BB0134B4FBC5
S214035000F3F203FB1244F36B05225B6901A900FB71
S2140350100470984701A800F056FB00F079FB0028BF
S214035020E3D10135DBE710B423F0030422449B07E6
S2140350300A44436C18BF04325B4281EA02042342EB
S21403504003D05DF8044BFFF7C1BF10465DF8044B71
S21403505070472DE9F041D0E90A369E42044686B0F1
S21403506028D11422C369456802FB1355284606B0A7
S214035070BDE8F0812068676C331AB3FBF7F3E26B85
S21403508007FB0300D2F8148001A90522C04701A834
S21403509000F019FB012804D0636C1D44013B334028
S2140350A0ED1A31462046FFF791FF0646A36AB34240
S2140350B0E0D1DBE70025F9E708B508301346D1E968
S2140350C00012D4F74FFB012008BD13B50C46002190
S2140350D021760093616813462246D2F73DFF18B146
S2140350E0E37D03B1A07EA075A07D02B010BD73B5AD
S2140350F0164600F108050C46284609680DF1070216
S21403510000F098F9032E06D16368834203D128463C
S214035110216800F076F9012002B070BDD01E009B16
S21403512042424241187E824211D11A688A420ED800
S2140351305A688A420BD35A6901325A61D3E9030289
S21403514082423FBF986840F8221001321A6101205C
S214035150704710B5032A029C07D1A26A5340626CBB
S2140351605242134201D100F04CF9012010BD08B59C
S214035170C36800209847BDE80840D4F775BB0128EC
S21403518014BF0420022070B5002442431C70CC7D5B
S214035190101D02F002024CB91AB1012220F00300DE
S2140351A01A7000F108034868184470BD1AB101224A
S2140351B020F003001A7000230C7E01F12005DAB2FA
S2140351C0A24201D30020F0E735F833205E1C82426A
S2140351D006D901EBC30300F10802D8691044E4E7DB
S2140351E03346801AEBE773B5054690F842601C46D3
S2140351F030460DF10303FFF7C2FFEB6B012E5B692D
S2140352000DD1324601A998479DF8033013B1BDF876
S21403521006300193BDF80430236002B070BD01224E
S214035220214602B0BDE870401847F0B50546002495
S2140352304868EB6B87B00E4601225B69029402A9AD
S21403524008309847274695F84230012B40F0AC804B
S214035250632C00F2AB80612C08D805AB224631469E
S2140352602846FFF7C0FF9DF814305BB305AB224614
S214035270314628468DF81070FFF7B5FF95F8423093
S214035280012B059B7FD14FF6FF72934256D008221F
S21403529005A904A800F063FA059B9DF81010C3F354
S2140352A0072291424AD1DBB2029A1A44029245E09F
S2140352B0DCD005AB224631462846FFF794FFBDF8FF
S2140352C01430D2E795F84230012B39D1612C2ED811
S2140352D022463146284603ABFFF785FF314628466C
S2140352E004AB621CFFF77FFF3146284605ABA21CC2
S2140352F0FFF779FF102208230DEB02010DF10700DB
S2140353008DF8073000F02BFA102205A90DF10700DF
S21403531000F025FA039BDAB24AB99DF80720B2EBF0
S214035320132F04D1DDE9043203EB0243029395F80D
S2140353304230012B14BF012302231C44013482E7AD
S214035340302CF4D822463146284603ABFFF74BFFF2
S2140353503146284604AB621CFFF745FF1023202284
S2140353600DEB03010DF107008DF8073000F0F7F998
S214035370039B9AB2002ADAD19DF80720B2EB134FAB
S214035380D5D1049BD2E70133D8D0102205A90DEB63
S214035390020000F0E4F9059B9DF81010C3F30742E2
S2140353A09142CBD19BB27FE7312C81D9029807B0CB
S2140353B0F0BD13B500240194049C0094D3F7A8FA17
S2140353C002B010BD13B501240194049C0094D3F7D6
S2140353D09FFA02B010BD00234FF0FF3230B5446889
S2140353E09C4202D10023037230BD016801EBC30562
S2140353F041F833206A600133F2E7C0E90012FFF791
S214035400EABF0023F0B545689D4210D00468DF006C
S21403541054F8332004EBC306B2F1FF3F08D0C2F3BF
S2140354201302914204D14FF0FF33E3517360F0BD92
S2140354300133E9E70023F0B545689D4202D14FF0FA
S214035440FF300EE00468DE0054F83340671C09D0D2
S214035450C4F31307B94205D1240D1470036833440B
S2140354605868F0BD0133E8E7704770B594002246EC
S21403547005460E460AF010FA431C0AD058B92246CF
S21403548031462846E6F7E6F8002814BF3D200020FC
S21403549070BD6E20FCE77120FAE713B5044601A839
S2140354A0D5F760FA9DF8063023804FF48073638047
S2140354B0D5F766FA6060002002B010BDD5F7D6B9FE
S2140354C008B5D5F7C7F9002008BD10B5044644EA69
S2140354D0010313F00303084609D1934201D10020C8
S2140354E010BD54F8231040F823100133F5E7214686
S2140354F09200E5F7F3FEF2E710B504460AF0D0F99A
S214035500431C10D088B9D5F73BFA234620F0030096
S2140355102044984201D1002010BD53F8042B0132D9
S214035520F7D03E20F8E76E20F6E77120F4E77047E1
S21403553013B50023044601461B220DF107008DF820
S214035540073000F00CF922689DF80730B3EBD26FF2
S2140355500CBF0120002002B010BD13B50023044683
S214035560014620220DF107008DF8073000F0F7F80A
S2140355700DF107001A22211D00F0F1F862689DF86C
S2140355800730B3EB926F0CBF0120002002B010BDB2
S2140355900068431C584258417047006810F07E0F5D
S2140355A00CBFC0F3C160002070470068C0F3D3107F
S2140355B07047006800F07F0001288CBF00200120A0
S2140355C07047036813F07E0F14BF0420082070474B
S2140355D0036813F07E0F03D1406820F07C407047C9
S2140355E013F078001CBF03F07F03D81F70470068D2
S2140355F000F07F007047032809D0022803D1C1F1C9
S2140356000201C8B2704700290CBF0720002070476C
S21403561037B5054601F10C04436969460122204665
S2140356209847BDF80030012201932046AB6901A9D3
S214035630984703B030BD37B501F10C044369012226
S21403564069460546204698474FF6FF72009B99B277
S21403565091420DD16FF30F0343F4254343F0A503A3
S214035660019301222046AB6901A9984703B030BDD8
S2140356700020FBE737B5044600251B22011D0DF16C
S21403568007008DF8075000F06AF860689DF8072059
S214035690B2EBD06F03D120F0784003B030BD0DF1EC
S2140356A007001B2204F108018DF8075000F057F895
S2140356B0A0689DF80730B3EBD06F01D1C043EAE78B
S2140356C04FF0FF30E9E74BF29A22036810B5B2EBCE
S2140356D0134F044613D19BB2012B13D1FFF7CAFF16
S2140356E001300CD04FF6FF72E068B2EB104F4FEA72
S2140356F0104309D180B2C01A18BF012010BD236819
S214035700013303D00420F9E70220F7E70320F5E787
S21403571001288CBF002001207047033801288CBF66
S214035720002001207047143070472DE9F0410546EC
S2140357309846036908460E4617469847044638B9FE
S21403574043463A4631462846D4F7FEF8044618B18F
S21403575031462846FFF75CFF2046BDE8F0811F2A46
S2140357600B689EBF4FF0FF3191408B43590801F001
S21403577055315B1A03F033319B0803F033330B4484
S214035780017803EB13130A444FF0013103F00F3390
S2140357904B43A2EB13620270704708B507F038FE5E
S2140357A0BDE808400021D4F7D9B902210320D4F775
S2140357B0D3BB704770477047704770B505461446AD
S2140357C00E4609F054FD2B685C4034405C402C6068
S2140357D0BDE8704009F046BD10B5002422B1032A87
S2140357E00CD00360047110BD11F4000218BF4FF013
S2140357F07F4221F07F4313430C0EF2E721F0FF03B1
S214035800CCB2EEE730B5012400F5805345685C6002
S214035810CB784A785B0443EA02230A7813438A78F0
S214035820120402F480321343C0F89830EB075CBFCF
S21403583000F50050446030BD70B501260C460546A1
S21403584000F500535E600B78497803F0070343EADC
S214035850C103E17843EA0123A178090101F030018D
S2140358600B430367C36AA17923F48B3323F4807352
S21403587043EA01432179090201F4E0610B436179AC
S214035880090301F480510B43C3621146FFF7BAFFC5
S21403589005F580535E60E37903B1EE6070BD08B52D
S2140358A00A6FC96F02F00702FFF796FF08BD13B52C
S2140358B0044601A8D5F756F8042C04D8DFE804F00C
S2140358C0061603101300002002B010BD40F29C40E1
S2140358D040F2BA439DF80520012A08BF1846F3E7AD
S2140358E040F6B830F0E74FF41660EDE740F2E240DA
S2140358F0EAE74FF050234FF400321A6770474FF031
S214035900B0435A6812B19A6A002AFAD1704770B542
S214035910054614460E4609F0AAFC2B685C40344044
S2140359205C402C60BDE8704009F09CBC01224178C5
S21403593003788A4030214B4342F2100103F1A0431F
S21403594003F570335A50704721FA00F2D20730B588
S214035950034600F0FC040FD500220132D2B2042A1B
S21403596002D14FF0FF3008E0831803F0030323440B
S21403597021FA03F5ED07F0D4184630BD0020704732
S21403598000207047002070470020704701207047B2
S214035990012070470F207047E6F776BB002307B554
S2140359A0CDE90033012369464FF0FF308DF802300E
S2140359B004F0C8FB03B05DF804FB0020704710B585
S2140359C008B9212010BD0029FBD0036813F07042EC
S2140359D005D1C3F30E030B607BB10020F2E703F09F
S2140359E05044B4F1004F05D0B2F1304F02D0B2F1BB
S2140359F0404FE6D103F07F03EDE74368002BE0D08A
S214035A000B60EAE737B50C46054610B9212003B00C
S214035A1030BD0029FAD0002301A90193FFF7CFFF79
S214035A200028F4D12968019A11F0704102F10302AB
S214035A3022F0030201D12260E9E7AD68B1F1004F1D
S214035A40C5F38033C5F3403504D103EB4503534315
S214035A502360DCE7B1F1204F01D12B44F7E7B1F126
S214035A60304FFAD0B1F1404FF7D0CFE737B50C46F9
S214035A700546002800F08780002900F08480002374
S214035A800B60036803F070430B60C26822B1032AFD
S214035A9079D143F080630B60AB689A0149D403F075
S214035AA08073EA680AB9002B6DD1226822F040722F
S214035AB013432360EA68032A05D12A69F62A62D9C2
S214035AC062F317432360AB681B0442BF236843F4A7
S214035AD000432360EB68032B1FBF23682A6862F327
S214035AE00E0323602B68AA68002B2ADB12F4C84F28
S214035AF049D12B6803F0704303F10043B3F1804FA1
S214035B0005D2530542BF236843F480632360002312
S214035B10284601A90193FFF752FF40B92B6813F0FB
S214035B2070421FD12368019A62F30E03236003B009
S214035B3030BD03F04073B3F1407F18BF4FF00073DE
S214035B40AFE7500402F4005105D4E1B1236843F4EF
S214035B5000532360CDE7236843F480432360002982
S214035B60C7D0F3E703F05043B3F1004F05D0B2F1CB
S214035B70304F02D0B2F1404F05D1019B5A1E236825
S214035B8062F30603D2E72120D1E738B131B101230E
S214035B904B604FF0005300208B6070472120704706
S214035BA037B50C46054608B9212016E00029FBD078
S214035BB001234B60C368A3B901A90193FFF722FF32
S214035BC058B9019B6A699A4209D32A69002AEBD01D
S214035BD0226043F000530020A36003B030BD1D20B5
S214035BE0FBE7032BE0D10023F5E7436813B94160D5
S214035BF070475B685A68012AFBD159607047FFF704
S214035C00DCBE08B5FFF7D9FE002814BF6FF092007C
S214035C10002008BD1346428870B50732072A0C4693
S214035C204FEAD20101D0A14222D14668058820223C
S214035C3018460021E5F7C2F9360A0346DEB9BCB1B9
S214035C4041F20102954205D0B5F5885F02D0B5F55D
S214035C50905F02D100205C6070BDB5F5105F0DD17A
S214035C60182C03D0202C01D0102C01D11C60F1E796
S214035C706FF08600F0E76FF08B00EDE76FF08500BE
S214035C80EAE7F0B51C46436806461B0A0F46154668
S214035C9089B035D122462946FFF7BCFF68B9EB1C0D
S214035CA023F00303C4E90307636145B920220021F7
S214035CB02046E5F783F96FF0860009B0F0BD01468C
S214035CC020226846E5F77AF96A4629463046FFF702
S214035CD0A1FF0028EAD12368009A9A42E6D16368B6
S214035CE0019A9A42E2D1A368029A9A42DED1A36944
S214035CF0069A9A42DAD1E369079A9A42DDD0D5E743
S214035D006FF08B00D9E7D5F775B9D5F78FBA70471B
S214035D100020704700207047C3681944836853F80F
S214035D20210030F8023B13607047012310B580F85A
S214035D3088300378044653B100F061FA21462046C2
S214035D40D5F766FB2046BDE8104000F04DBA10BDFF
S214035D5038B50D460446D5F743FB6B682046C4F8B2
S214035D60B032A96800F096F94FF0FF332046C4F826
S214035D70B432FFF7CDFF38BDD0F8B43210B50133D7
S214035D80044601D0002010BD00F0BCFAC4F8B402EB
S214035D900130F7D194F8B80280F00100F3E708B5B4
S214035DA0D5F75AFB08BD0A7801382D2A0ABF012207
S214035DB000228918D5F7ACBB07281BD8DFE800F00C
S214035DC0060A0D1013150417012070470022082039
S214035DD0D5F79EBB00221020FAE700222020F7E723
S214035DE00820FFF7E0BF1020FBE72020F9E708466E
S214035DF0D5F7F0BB002070472DE9F74307280C467C
S214035E00DDE90A7690461D4608D8013806280AD8E2
S214035E10DFE800F01D27303A44574A00212850D0C7
S214035E2003B0BDE8F083002220461146E5F792F85A
S214035E303368C0B205EB83013A6845F823000133A3
S214035E4048F8221033603B6801333B60E8E70022E2
S214035E5020461146E5F77EF8336880B205EB8301EA
S214035E60EAE7002220461146E5F774F8336805EBA7
S214035E708301E1E7002220461146E5F719FA336865
S214035E8040B205EB8301D7E7002220461146E5F72B
S214035E900FFA336800B205EB8301CDE700222046F4
S214035EA01146E5F705FAE1E7002389461E461D4637
S214035EB08DF8063019F8013F7D2B06D125702D0A83
S214035EC065703B6848F82340BDE7202BF2D006F008
S214035ED00102013612B98DF80430EBE710220021D7
S214035EE001A88DF80530E5F7E3F9631901359870D5
S214035EF0ADB2DFE72DE9F04F9B46002385B08B4517
S214035F00814688469246CDE902336BDC1A461E4626
S214035F1019F80340212C09D81F2C04D8103C072C51
S214035F2098BF012200E001260133F1E7FF2CFBD1E5
S214035F305B4436B1013B43450ADD2B2005B0BDE883
S214035F40F08F62B1013B4345F7DC3546374602E046
S214035F5000252F462E46454504DB0020EEE79845F0
S214035F60F3D0EAE75D453BDB19F80730202B18D161
S214035F7009EB07035B78FF2BDFD1CEB920465AF82F
S214035F802510FFF719FF78B303AB019302AB009319
S214035F902046DDE90E235AF82510FFF72DFF0135BD
S214035FA0D9E7212B0ED109EB07035B78FF2BC4D16E
S214035FB0029B5AF825200E99012641F82320013327
S214035FC00293ECE7A3F11004072C02D91C46013711
S214035FD0D3E709EB07035B78FF2BAED1E4B2CCE73C
S214035FE00624CAE72120A9E72620A7E72DE9F04FD4
S214035FF007460E4615469846044685B0DDF8449097
S214036000DDE90FAB206808B3DAF80020D8F80010F3
S2140360108A421BDA0E9B53F82210D1F77BFD48BB4E
S214036020DAF800200132CAF800206268117BFE29E4
S2140360301BD10E9B1068012100932A464346CDE9E7
S21403604002B9CDF804A0FFF7D1FF04462B7843B975
S21403605099F800302BB97EB101233C4689F800300D
S2140360602B70204605B0BDE8F08F01238BF8003077
S2140360702B70EBE70C34C5E73446F2E710B504465D
S214036080236803B910BD237A13B92046D5F7D8FA87
S2140360900C34F5E710B541B10A7932B901249C30C6
S2140360A00C71FEF73DFE204610BD0020FCE72DE9EF
S2140360B0F041BAB005460AAA084603A900F05FF9FC
S2140360C00446B0B90DF10A0301930DF10B038DF8E5
S2140360D00A0000930AAA284604AB03A9D5F760FC76
S2140360E09DF80A20B2B19DF80B2048B12AB1D5F726
S2140360F0A7FA20463AB0BDE8F081FFF7BFFFF8E7FE
S214036100D5F89C50002DF4D0A86808B1FFF7B6FF69
S2140361102D68F7E700B346681AAB06F10C082AAFFA
S21403612001934046049B039900970AAAFFF7E2FEF1
S21403613004460028DDD1039B05A8CDE90637049B5A
S2140361400595CDE90838D6F7F3FE05A833689847D2
S21403615005A800F03FFDCCE72D24CAE710B504469A
S214036160AC30E4F727FE04F1AB031A180020934281
S21403617000D110BD13F8011F0029FAD00A2908BF61
S2140361800130F4E70023F0B50B6013600646D0F841
S214036190AC0278B196F8AC0060B1012406F1AC0706
S2140361A0D6F8AC02844210D306F1AC00B3F5007FF8
S2140361B010D30120F0BD0D6801350D60156801355B
S2140361C01560F85C01330A2802D0B3F5007FF2D3DA
S2140361D00134E5E7C15C0A29EBD00029E9D0116850
S2140361E0013301311160E1E710B50021D0F88C20AE
S2140361F00446E4F7E3FE0023C4E9243310BD73B575
S214036200044600F1AC0580212046FEF79EFD4FF4C0
S214036210007106462846FEF798FD0136C0F5007065
S214036220864220461FD8E4F7C5FD06462846E4F70F
S214036230C1FD01362946421CA819E4F711FF204682
S214036240E4F7B8FD214602462846E5F747F8204618
S214036250E4F7B0FD0A23204480F8AC300023C4F8EA
S214036260AC3202B070BDFFF779FF01AAC4F8AC02E6
S21403627069462046FFF786FF0022009B234483F8E7
S214036280AC20C0E773B50D460446FFF767FF6B1CEB
S21403629019D1D4F8AC3213B1013BC4F8AC320025A3
S2140362A02046E4F787FDA84215D82046FFF79CFF53
S2140362B0D4F8AC322BB16946204601AAFFF762FF39
S2140362C0A0B902B070BD012DFBD1D4F8AC32834225
S2140362D0F7D20133E1E7082000F023F8202000F08E
S2140362E020F8082000F01DF80135D9E7009D04F1D9
S2140362F0AC06019BAB42E4D9715D2046D5F77EFC24
S2140363000135F6E707B500200DF1070100F0E7F8C1
S21403631020B99DF8070003B05DF804FB4FF0FF308B
S214036320F9E710B5C1B20446002000F0C8F800280B
S2140363300CBF20464FF0FF3010BD0FB407B504AABC
S21403634052F8041B00200192D5F7F4FD002003B099
S2140363505DF804EB04B0704710B54C1C0B460119EE
S214036360045D222C03D07B2C01D05C2C05D1D21AE1
S2140363701844E4F775FE012010BD0020FCE72DE964
S214036380F047054691468846E4F714FD2A46064636
S2140363901346197801322029FAD0C9F800305C1B5D
S2140363A001236FF0404AC8F80030A64201D8002007
S2140363B014E02F5D29197B2F12D0222F2ED1D8F867
S2140363C00030621C53442A4449F82320012C09D97F
S2140363D011F8013C13F0DF0F04D02120BDE8F0874D
S2140363E07D27F3E701342B5DBB4209D12B195B787C
S2140363F013F0DF03F1D1222F00D12B550134D4E75C
S2140364005C2B07D1324621462846FFF7A5FF002816
S214036410E3D0013E0134A642E5D8DEE75C2F08D17F
S214036420324621462846FFF797FF0028D5D0013E7F
S214036430E4E7202FE2D10022631CB3420A70DDD2C8
S214036440EA18EB5C202BD9D0D8F800300F2B05DCEC
S21403645049F823200133C8F80030CFE71E20BDE7F4
S21403646000F000B800207047D1F742BB70B50C4669
S214036470154610B9D5F752FD38B143682BB12A46F5
S2140364802146BDE8704000681847232070BDF7B565
S2140364900D4616461C4638B9D5F740FD04B901AC7F
S2140364A020B9232003B0F0BD03B901ACC768002FA1
S2140364B0F7D02346324629460068B847F2E707B5C1
S2140364C001228DF807100DF10701FFF7CFFF03B088
S2140364D05DF804FB0B4601461846FFF7F0BF0023A2
S2140364E00122FFF7D4BF08B508F0BCFFFA23B0FBC0
S2140364F0F3F080B208BD0420704740F20160D5F780
S21403650003BE7047012070470020704749BA89B21E
S21403651080EA0103C3F303125340180380B25840C2
S2140365205B0103F4FF535840704708B5D6F7B8F934
S21403653058B1A0F15903042B06D8042B04D8DFE87E
S21403654003F00404040304005C2008BDD6F700BB74
S2140365507047F8B50C468D18073552421540A5F11D
S21403656008070646384600F0DFF9A188381B62881C
S21403657001EBE00189B2A2EBE00225F8041C25F842
S214036580062CA288C310AAB1A4EBC202B2F802C0BA
S214036590D18003EB0C015180E28892B1D31A9BB2EF
S2140365A004EBC20425F8023CA380B3680344B3603B
S2140365B03846F8BD15F8082C42F0020205F8082CF8
S2140365C0EAE725F8022CF0E72DE9F04F4FF0000834
S2140365D087B09946531C109B0546174614BF1446AE
S2140365E00824CDF81480002B00F0C580C3F8008083
S2140365F0002900F0C28042688A4240F2BE8007311A
S21403660021F0070608F040FE05AACDE9008282467F
S2140366103A464B463146284600F08AF9059F83469C
S21403662007B130B9504608F02AFE192007B0BDE876
S214036630F08FB7F8028029694FEAC802C0EBC80892
S2140366400139B8F1270F29617AD9B9F1000F51D171
S214036650864206F1080848D0224639462846FFF700
S21403666078FF04460590059B9844404600F05CF985
S214036670059906F10F004A88C308A2EBD002A8F8D2
S2140366800220CA88A8F80430002A30D0D31A9BB256
S21403669001EBC202A8F8063093808B88F608A38025
S2140366A0B8F804303A46E38041460023284666801D
S2140366B000F0A6F9AB680833AB60237843F0010318
S2140366C023702B6901332B616288AB68504603EB5A
S2140366D0C203EA68AB60934288BFEB6008F0CFFD65
S2140366E0109B083400201C60A0E73C46BBE7A8F8D4
S2140366F00620D2E707EB08042046039200F014F9BD
S2140367000BF10703DB080599638008F10703DB0831
S214036710A380CB8893B1DB00039AD81D821A5A4410
S214036720C2F3CF020B44E2809A80A38808F1FF38B5
S2140367304FEAD808A1F80280CB80BBE7E380F4E7F2
S214036740B9F1010F1BD107F10803B3FBF4F204FB05
S2140367501233B3B1224639462846FFF7FAFE0446FB
S21403676023783A4643F00103237021460123284643
S21403677000F046F9A8E7222058E7212056E786428C
S214036780E8D13C46ECE707B500224FF0FF3101ABFA
S2140367900192D5F73DFE019803B05DF804FB2DE9A1
S2140367A0F74F04460D46002900F0AB80D0E9056894
S2140367B008F06AFD15F8087C35F8061CFB07009000
S2140367C000D531B9009808F05AFD012003B0BDE8A2
S2140367D0F08FA368D4F8109035F804ECA3EBC10B44
S2140367E009F10103A5F1080C4A1CC4F808B023619B
S2140367F0BEF1000F7BD0ACEBCE03D888B3F802A073
S2140368000190187807F00207C00765D4002F64D1FB
S2140368100198A0EB0A07012F69D18A1CABF1080780
S2140368205244C4F81090A76035F802ECBEF1000F8E
S21403683061D0D4E900700CEBCE0A07EB0009CA4519
S21403684059D21CF83EC057461CF0010C15D1AEEBCE
S2140368500101012911D1BAF80210AAF802C00131C8
S2140368600A44BAF80610002943D00AEBC107216987
S21403687001392161A1680839A16015F8081C013A9D
S21403688021F0010105F8081C002125F8061C5A8092
S2140368901A7861F300021A707FB3C3F107023A4411
S2140368A0C2F3CF02DA80BA804EB3B34227D37288DC
S2140368B0002A08BF1E46B8F1000F06D0434504D889
S2140368C0B8F80220002A18BF43460098C4E90563B7
S2140368D008F0D5FC002079E74FB115F8087C724420
S2140368E027F0020705F8087C00279F809CE763468D
S2140368F09AE70F46BBE70027BFE7DF80D4E71E46CD
S214036900D9E7222062E710B50446D5F799FD21465C
S214036910BDE81040FFF743BFFFF7F5BF0846FFF794
S21403692032BF0846FFF7F8BF002303604360704793
S214036930F0B5D0E90554561C08BF0822002B4FF0CB
S214036940000008BF2C46DDF818C0CCF80000002C69
S21403695037D09DF814706588FF0007EBC505C2F1B4
S214036960000E2078C00708D51BBBE088A0B104EB57
S214036970C004658807EBC505F3E78D42F4D363B916
S21403698004F10806B6FBF2F002FB106670180EB1AF
S214036990A842EAD8CCF80040F0BD082A0FD0608899
S2140369A0013004EBC000461A06EA0E06801B854239
S2140369B0F0D2A0880028EFD0A4EBC004D9E708469D
S2140369C0E8E72046E8E703460069C0B10AB951B9CB
S2140369D01A6810460378DB0711D531B9C3885BB153
S2140369E000EBC300F6E79A69F3E7012904D183882D
S2140369F023B1A0EBC300EDE70020704718467047AD
S214036A002DE9F041D0E90554074688461646ABB152
S214036A10954200D00ABB424600213846FFF7D3FF13
S214036A20B442054600D02EB9424601213846FFF748
S214036A30CAFF0446C7E90554BDE8F081954208D06D
S214036A408D4228BF0D46B44205D0444538BF444660
S214036A50F0E70D46F7E74446ECE79442EAD1E3E76E
S214036A6070B500261C46C3E90001C3E90266C3E904
S214036A7005001E611A775E62FFF756FF2369013928
S214036A80C908013341802361A36830460833A360F5
S214036A90E3680833E36070BD002307B568460093D8
S214036AA08DF80430D3F748FC03B05DF804FB10B54B
S214036AB008F0DDFB044606F03DFD2046BDE8104029
S214036AC008F0D0BB70474FF4C870D5F719BDD5F79B
S214036AD0CBBD00F01CB87047704708B503F07BF9D0
S214036AE003F083F903F08AF903F099F9BDE8084047
S214036AF003F0A8B9704708B503F068F903F067F91F
S214036B0003F066F903F066F9FFF7F4FF08BD08B56E
S214036B1003F099F903F098F903F098F9BDE80840F3
S214036B2003F09BB97047012070472DE9F34112F03B
S214036B3001050446884622D110F0030525D12F46C9
S214036B405208BA4209D1D3F785FE0026B74204EBB2
S214036B50860008D1D3F78AFE11E054F827300133B4
S214036B600CD10137EDE7042258F826300DEB02016D
S214036B70019308F091FE30B1D3F778FE3D25284601
S214036B8002B0BDE8F0810136E0E70125F7E770477C
S214036B90B0F1006F0FD300F07843B3F1006F0CD061
S214036BA000F06040B0F1404F09D0B0F1604F14BF21
S214036BB004200320704700207047012070470220FE
S214036BC07047002070471AB111B180B2D5F7C0BF25
S214036BD02120704701F094BEDEF770BEFFF78DBC30
S214036BE0D0E9023253F8223000211878DEF7B8BA1B
S214036BF0704702F0D5B901F015BEC3688268013B41
S214036C00DBB252F823305B78652B02D10020E0F725
S214036C10F7BD6E2B01D10120F9E7662B01D10220C7
S214036C20F5E7704710B5D0E90232044653F8223030
S214036C30187802F09FFAE368A268013352F823300B
S214036C40BDE81040187802F093BA10B50446C0B2F7
S214036C50D7F74CF9200ABDE81040D7F747B9D0E973
S214036C60023253F822301878D7F748BA02F032BA0D
S214036C70DFF7C4BA08B501F0F6FEBDE80840E0F752
S214036C80ADBCD0E9023253F82230186801F0E9BEF1
S214036C900020E0F7A9BD0120E0F7A6BD0221D7F743
S214036CA0C3B90321D7F7C0B90521D7F7BDB908B5CE
S214036CB001460C20D7F794F9BDE80840D7F722B968
S214036CC008B501460020D7F78BF9BDE80840D7F78B
S214036CD019B907B5C2688368043253F82230012114
S214036CE01B880DF10602ADF806300023D7F720FF08
S214036CF003B05DF804FB08B508F0C8FBBDE8084020
S214036D00EDF786B810B51446D8F72EFA2146BDE837
S214036D10104008F0B3B808B5D8F726FABDE808401F
S214036D20002108F0ABB808B5D8F71EFABDE808404E
S214036D30ECF784BB08B5D8F717FABDE80840ECF7BC
S214036D4069BB7047704708B508F0A0FBFFF7FAFF6A
S214036D5003F0DDF8BDE80840D8F752BA70470120C3
S214036D6070470120704708B5D8F7E6FA00280CBF2D
S214036D700420012008BD70472DE9F34104460D4663
S214036D8016461F46DDF8208008F018FC3B463246C0
S214036D9029462046CDF8008003F0BAF83B46324633
S214036DA029462046CDF80080FFF7E5FF02B0BDE890
S214036DB0F04101F0A5BD2DE9FF4704460D461646F2
S214036DC01F46BDF830809DF83490DDF838A008F0F3
S214036DD0F5FB3B46324629462046CDE9019ACDF8D7
S214036DE0008001F040F804B0BDE8F04701F088BD2C
S214036DF0F8B504460D4616461F4608F0DFFB3B462D
S214036E00324629462046DDF7E5FE044601F078FDC6
S214036E102046F8BD70472DE9F34104460D46164655
S214036E201F46BDF8208008F0C9FB3B46324629467C
S214036E302046CDF8008003F06EF8334642462946D6
S214036E4020460097FFF7E6FF02B0BDE8F04101F0E9
S214036E5057BD704708B508F0B1FB03F05DF8FFF7C0
S214036E60F8FFBDE8084001F04BBD012070472DE94F
S214036E70F74304460D4616461F469DF8289008F02D
S214036E809DFB3B46324629462046CDF80090FFF749
S214036E90ECFF80463B46324629462046CDF8009016
S214036EA003F03BF801F02CFD404603B0BDE8F08349
S214036EB0012070472DE9F74304460D4616461F4644
S214036EC09DF8289008F07AFB3B4632462946204632
S214036ED0CDF80090FFF7ECFF80463B463246294646
S214036EE02046CDF8009003F019F801F009FD40465E
S214036EF003B0BDE8F083F8B504460D4616461F46B4
S214036F0008F05CFB3B4632462946204603F007F86A
S214036F10BDE8F84001F0F4BC00207047F8B504461D
S214036F200D46164608F04AFB324629462046FFF72A
S214036F30F3FF074632462946204602F0F1FF01F0EA
S214036F40DFFC3846F8BD38B504460D4608F036FB78
S214036F502946204602F0E5FFBDE8384001F0D0BCE4
S214036F6010B5044608F02AFB204602F0DBFF204655
S214036F70FDF76CFBBDE8104001F0C2BC704738B5A6
S214036F8004460D4608F01AFB2946204602F0D9FFB0
S214036F9029462046FFF7F2FFBDE8384001F0B0BCB3
S214036FA0704770B504460D46164608F007FB324692
S214036FB02946204602F0C7FF324629462046FFF7F9
S214036FC0EFFFBDE8704001F09BBC704738B5044640
S214036FD00D4608F0F3FA2946204602F0B6FF294686
S214036FE02046FFF7F2FFBDE8384001F089BC704742
S214036FF02DE9F34104460D4616461F469DF82080AC
S21403700008F0DCFA3B46324629462046CDF8008097
S21403701002F09DFF3B46324629462046CDF80080C7
S214037020FFF7E5FF02B0BDE8F04101F069BC704729
S21403703038B5054608F0C2FA284600F0E1FE0446D5
S2140370400146284601F0AAFF01F05AFC204638BD47
S21403705038B504460D4602F07BFF29462046FFF767
S214037060E6FF38BD704738B5054608F0A7FA284648
S214037070DEF7D0FB04460146284601F08DFF01F0FB
S2140370803FFC204638BD38B504460D4602F061FF86
S21403709029462046FFF7E6FF38BD704710B504467D
S2140370A008F08CFA204602F055FF2046FFF7F5FF5E
S2140370B0BDE8104001F024BC704738B504460D46C1
S2140370C008F07CFA2946204602F045FF294620466A
S2140370D0FFF7F2FFBDE8384001F012BC704770B509
S2140370E004460D46164608F069FA324629462046F7
S2140370F002F032FF324629462046FFF7EFFFBDE88F
S214037100704001F0FDBB704738B504460D4608F0E5
S21403711055FA2946204602F020FF29462046FFF767
S214037120F2FFBDE8384001F0EBBB704738B50446C4
S2140371300D4608F043FA2946204602F00FFF29467B
S2140371402046FFF7F2FFBDE8384001F0D9BB704791
S21403715010B5044608F032FA204602F000FF204637
S214037160FFF7F5FFBDE8104001F0CABB704710B546
S214037170044608F023FA204602F0F2FE2046FFF704
S214037180F5FFBDE8104001F0BBBB7047704770B514
S21403719004460D46164608F011FA3246294620469E
S2140371A002F0E1FE324629462046FFF7EFFFBDE830
S2140371B0704001F0A5BB704710B5044608F0FEF911
S2140371C0204602F0D1FE2046FFF7F5FFBDE810404B
S2140371D001F096BB704738B504460D4608F0EEF945
S2140371E02946204602F0C1FE29462046FFF7F2FF55
S2140371F0BDE8384001F084BB7047F8B504460D4639
S21403720016461F4608F0DAF93B463246294620461C
S21403721002F0ADFE3B46324629462046FFF7ECFF1A
S214037220BDE8F84001F06CBB704770B504460D46E8
S214037230164608F0C3F932462946204602F098FE61
S214037240324629462046FFF7EFFFBDE8704001F0BF
S21403725057BB70472DE9F34104460D4616461F46B5
S214037260DDF8208008F0AAF93B4632462946204638
S214037270CDF8008002F07DFE3B4632462946204686
S214037280CDF80080FFF7E5FF02B0BDE8F04101F05E
S21403729037BB0E2070470E20704738B5044608F0FB
S2140372A08DF92046FFF7F7FF0546204602F062FEFB
S2140372B02046FFF7EEFF01F023FB284638BD704754
S2140372C010B5044608F07AF9204602F054FE20462C
S2140372D0FFF7F5FFBDE8104001F012BB0020704732
S2140372E00020704738B5044608F068F92046FFF7D3
S2140372F0F7FF0546204602F03FFE2046FFF7EEFF67
S21403730001F0FEFA284638BD704708B508F056F96E
S21403731002F033FEFFF7F8FFBDE8084001F0F0BACD
S214037320002070477047704708B5D8F7D7F800288D
S2140373300CBF0420012008BD70470B68DA7B1AB91E
S214037340DB7C0BB9D8F7EEB88120704708B5D8F7C1
S21403735001F9BDE80840D8F70BB97047D8F7FAB873
S214037360D8F706B9082808D84FF48B73C34013F030
S214037370010F0CBF212000207047212070470121F8
S214037380D8F7E8B90221D8F7E5B90421D8F7E2B966
S2140373900821D8F7DFB91021D8F7DCB901207047E8
S2140373A0D0E9023253F822301878D8F77FBB086842
S2140373B0C37B1BB9C37C0BB9D8F7A8BB8120704726
S2140373C0D0E9023253F822301878D8F7E1BB704779
S2140373D030B50546044615F8100B85B00295656969
S2140373E01D44CDE900250B46A21D618801F036FE3B
S2140373F005B030BD704710B492F80A4192F80531D3
S21403740003EB04230B8100235DF8044B1A4601F0BB
S21403741023BE1FB50446084671B12178FF290BD059
S214037420238B029363690193237C00936288A31DD5
S214037430DEF70CFAFF23237004B010BD0868C37B85
S21403744073B9C37C032B0BD8DFE803F002080406EA
S214037450D8F79EBED8F7CEBED8F7FEBED8F7ACBEDA
S214037460812070477047704700207047137810B527
S214037470032B0CD15479CBB29C4208D19379B3EB4E
S214037480112F04D153781B1A5842584110BD0020BF
S214037490FCE77FB505460E4600246946E0B201F0D8
S2140374A083FD28B96A4631462846FFF7DFFF18B939
S2140374B00134202CF1D1002004B070BDFFF7E9BFE2
S2140374C00868C37B9BB9C37C052B10D8DFE803F0A1
S2140374D0030D070B0905D8F763BFD9F79FB9D8F78C
S2140374E0F9BFD9F74BB9D9F7C9B8D8F79BBF8120ED
S2140374F070470020704730B5102587B001AA0021D9
S2140375000195FEF709FC04462A46002102A8E3F784
S21403751055FD2A46214602A8E3F7A2FD012102A84B
S214037520D9F75AFB07B030BDD9F7E8BA7047FFF76B
S214037530FDBF0B68DA7B5AB9DB7C012B04D0022B28
S21403754004D02BB9D9F76CBFD9F776BFD9F780BF6C
S21403755081207047002307B5012101A80193D0F7C6
S2140375601FF908B9CFF758FF012003B05DF804FBF5
S21403757008B502F06EFA052803D0003818BF0120BC
S21403758008BD0220FCE77047D0E9023253F82230E8
S2140375901878003818BF0120DBF7DABADBF7DEBA53
S2140375A000207047002070477047FF207047FF2079
S2140375B070470020704700207047002070477047D0
S2140375C006207047DAF782BD0868DBF75BBA70B54A
S2140375D00D46044600212846164601F076F9324643
S2140375E020800221284601F070F93246608004218B
S2140375F0284601F067F90023A360E3606060082073
S21403760070BD034641B181424FF0640005D9434340
S214037610B3FBF1F0C0B2704708467047DBF7ACBA6D
S214037620DCF7A2B8DCF7AAB9B0F5807F05D0A0F5E1
S214037630007358425841400170470820704730B5E0
S21403764099B00D4669461446DCF7FCF830B915B117
S214037650BDF802302B600CB10D9B236019B030BD12
S2140376602DE9F04788B00E46904604A905AA0746BA
S2140376701D46FFF7E4FF044638BB28800DF10C09CE
S214037680DDE904A39A4520D2062251463846CDF8B2
S214037690009006ABDCF7F2F8D8B9039B062B18D19B
S2140376A02A88DDF81A3042450ED2BDF8181026F89F
S2140376B032102A8806EBC20253602A8853440132EA
S2140376C006332A800493DBE7F7D9204608B0BDE8E3
S2140376D0F0870124F9E72DE9F0438FB00F46904673
S2140376E001A9002204469946FFF7A9FF18B1012015
S2140376F00FB0BDE8F083062220460DF1020302A96F
S214037700FFF7AEFF0028F2D105460246BDF8021089
S214037710019CEEB28E42EAD20EAB03EBC60656F8D7
S2140377202C3C36F8306C0634BE4217BFE4180122F0
S21403773013460022013522B1C8F80040C9F80030CC
S214037740D6E71A46E5E770B50024012602F05BF992
S214037750E5B2C26806FA05F59542234604F101042C
S214037760F4D3D8B270BD70B586B0DBF7B9FE00F1BE
S2140377701006E1F7ADFA00240546142201A93019D4
S21403778002F048F91CB99DF80430FF2B16D00023ED
S21403779003F118026A4412F8142CFF2A06D11C447B
S2140377A0601E90FBF5F080B206B070BD2B44DBB2D2
S2140377B0132BEDD91434B4F5826FDED14FF0FF30BE
S2140377C0F2E7DBF7C3BC07B504220DEB020102F0B8
S2140377D021F9019803B05DF804FB37B50546084662
S2140377E00C46FFF7F0FFA84206D0042220460DEB16
S2140377F002010195E1F7BEFA03B030BD07B50B46AB
S2140378000092002102460120DBF732FD03B05DF84B
S21403781004FB08B50121DBF763FCBDE80840E1F78C
S21403782055BCDBF7A1BF08B5FFF7F3FF002008BD83
S21403783008B513460A4601461846DBF7ADFD80F049
S2140378400100C0B208BD00207047704708B1DCF7DE
S214037850ABB8704730B4DDE902451DB1029430BCC5
S21403786000F0C6B930BC70471F2804D8142200F5B0
S214037870A030D5F737BA70471F2804D8142200F56E
S214037880A030D5F75BBA7047152808B505D1FFF7C2
S214037890DCFFBDE80840DCF7CDB908BD10B51424FD
S2140378A086B02246002101A8E3F788FB2023224660
S2140378B001A94FF4A03001F095FC06B010BD0020DE
S2140378C0704713B500230C461A460146CDE900332C
S2140378D0E0B2DCF773FF02B010BD13B50023144605
S2140378E0019001220093E0B2DCF768FF02B010BDFE
S2140378F0D0E9023253F822301868DDF7D7B81944B6
S21403790091420ADC4218002003B9704712F8011DA1
S214037910013B01EB0020DBB2F6E7002070472DE9C0
S214037920F04F4FF0000A85B0019381460F46154687
S2140379305346019A11785FFA8AF2914203D80020DF
S21403794005B0BDE8F08F019909EB050801EB42028B
S214037950517892F802B011F04004009101F03F060E
S2140379601BD0AC19BC42D4BF0024012433466400A8
S214037970A20740F18880009B1B0640F192800E9B75
S214037980324603EB0B000021E3F718FB3D460023CA
S2140379901D44ADB20AF1010ACBE7042E07D866B13F
S2140379A0B31E022B0BD8DFE803F0122130003E2E65
S2140379B037D03F2E5BD03D2E4BD00320C0E7BD42D1
S2140379C034BF00240124012664003346D0E7AB1CF1
S2140379D0BB4250DC02233A4629464846FFF78FFF50
S2140379E0ADF80A0002230DF10A08C1E7EB1CBB42FF
S2140379F043DC03233A4629464846FFF780FF0390B5
S214037A00042603230DF10C08B2E72B1DBB4236DC1C
S214037A1004233A4629464846FFF771FF039004239A
S214037A20F0E77A1E95422CDA02233A462946484660
S214037A30FFF765FF4FF6FF7380B298420EBF02232F
S214037A40023083B25C19A742B4BF03240124042680
S214037A508EE7BD4215D298F80030FF2B0CBF0123EA
S214037A600133EC18BC42CCBF03240124EFE7012406
S214037A70042600237CE73446B4E70224C0E7022446
S214037A80CDE70324E3E70E9A02EB0B0014B142F8AA
S214037A900B807DE7324641460093E3F71FFC009BCD
S214037AA076E702204CE710B5144686B018811A46CE
S214037AB00A9B0291CDE9034301230193099B0146E7
S214037AC000930320BDF82030DDF70EF906B010BD95
S214037AD01FB500240294079C0194BDF81840009437
S214037AE0FFF7E1FF04B010BD2DE9F0410E4617463F
S214037AF0054686B098B391B38AB34FF0000802A93F
S214037B005FFA88F001F050FA044640B99DF8083051
S214037B10032B08D008F10108B8F1200FEFD1204657
S214037B2006B0BDE8F0819DF809202B799A42F1D181
S214037B30BDF80A206B889A42ECD19DF80C30BDF84C
S214037B400D006B7128812B4622464FF6FF71CDE957
S214037B500067FFF7BDFF0028DCD00446DFE72124DB
S214037B60DDE710B586B00A9C04949DF82440039480
S214037B70BDF8204002940124CDE9003413460A469A
S214037B8001460620DDF7B0F806B010BD1FB5044663
S214037B900846194600230094CDE90123079BBDF848
S214037BA01820FFF7DEFF04B010BDF0B50228054627
S214037BB00E4614461F468BB00AD106A9F0B201F052
S214037BC0F3F998B99DF8193023719DF81C30637149
S214037BD0119B224604930023CDE902330193109BA5
S214037BE03146009328463B46DDF77EF80BB0F0BDE2
S214037BF013B500240194049C0094FFF7D6FF02B04B
S214037C0010BD2DE9F0450646884614469A460027D9
S214037C1001258BB006A9F8B201F0C6F920BB9DF882
S214037C201830012B19D19DF8192033799A4214D1B3
S214037C30BDF81A2073889A420FD19DF81C3032463D
S214037C407371B9B2CDE9030ACDE9010043460220B8
S214037C500094DDF749F8054610B90137202FD9D12E
S214037C6028460BB0BDE8F0850546F9E70023FFF785
S214037C70C8BF10B50446DDF715FE0021631E04F1E8
S214037C800F0213F8010FFF2808BF19709342F8D1AB
S214037C900023237410BD0020704770B506461D46AA
S214037CA0DDF774FC044608B9212070BD3046DDF7C5
S214037CB03BFF0028F8D0A0682A46FF21FFF722F8EA
S214037CC09DF81030002063719DF81430A371ECE723
S214037CD013B59DF81040CDE9003413460122FFF793
S214037CE0DCFF02B010BD08B5DDF750FC28B1806894
S214037CF0FF21FFF718F8002008BD2120FCE701222A
S214037D00FFF7F1BF1FB50B466A460146184601F05A
S214037D1041F96A460823002032F8021B013B13F0A0
S214037D20FF0380EA0100F7D1012838BF012080B2A3
S214037D3005B05DF804FB2DE9F04F87B0DDE9109B35
S214037D4005468846484619461F461446BDF8486009
S214037D509DF84CA0FFF7D6FF042D0346ABF80000B2
S214037D601AD8022D1DD9042D07D04FF2F222A1886E
S214037D70914222D1E28891071FD5E17A0022CDE90C
S214037D80013720463346CDE90392CDF800A001F033
S214037D9056F907B0BDE8F08F6A1F012A11D92120D2
S214037DA0F7E700224146CDE911922846224610976E
S214037DB007B0BDE8F04F01F051B94FF6FF760C213E
S214037DC0DCE7052D0ED10023E17A0022CDE9013749
S214037DD0CDE903920091234652464146304601F0D0
S214037DE021F9D6E74FF2F222A188914204D1E28824
S214037DF0920701D5E17AE8E74FF6FF760C21E4E730
S214037E00F0B585B00546DDF781F848B16B88B3F564
S214037E10006F05D1681D05B0BDE8F04000F0EFBC6B
S214037E20284600F003FD0446C8B9E7B2694638465B
S214037E3001F0BAF878B99DF8006066B92946384665
S214037E4001F0B6F820B140F60443984207D08C26DA
S214037E50304605B0F0BD0134202CE6D1F7E78D2679
S214037E60F6E7DDF739BA2DE9FF4704460D46014626
S214037E70184617461E46BDF830809DF83490DDF848
S214037E8038A0D7F7C5FFD0B92146284601F036F902
S214037E9033463A4629462046CDE9019ACDF8008076
S214037EA0DDF7BEFA33463A4629462046CDE90D9A13
S214037EB0CDF8308004B0BDE8F04702F02BB804B02C
S214037EC0BDE8F087DDF756BCDDF70EBCDDF732BC48
S214037ED010B5044601F01EF9082201462046BDE807
S214037EE01040E3F7BDB801F017B9002101F014B94B
S214037EF001F026B90020704720207047EAF748BFF4
S214037F00EAF792BFEDF734BC7047DDF77FBD70B577
S214037F1006460C46154600F04CF850B13CB135B158
S214037F20204600F0D8FC013080B2A84200D90020D9
S214037F3070BD304600F043F840B1002CF7D0012D59
S214037F40F5D9204600F0CCFC0230EDE73046DDF7ED
S214037F50BDFCEAE7F8B5BDF8185010B3967855B9E6
S214037F60D478A6F14107012F07D8621ED2B200F0DB
S214037F70D1FD0020F8BD2C46F3E7433E012E04D87E
S214037F80A21E92B200F0DEFDF3E7D27813B90DB16C
S214037F90AA4206D811B9E3F711F8EAE7E3F760F85F
S214037FA0E7E78920E6E7413803288CBF0020012055
S214037FB07047413801288CBF0020012070474338A2
S214037FC001288CBF00200120704700207047002046
S214037FD070470388B3F57C4F01D3FFF7F8BF084615
S214037FE0FFF7F3BF10B54A880488A2420DD1037B7E
S214037FF00C79234009D0B2F57C4F08D3FFF7E7FF8F
S2140380000B891B1A5842584110BD0020FCE701207B
S214038010FAE738B50D88D488A5420AD10388B3F5A4
S2140380207C4F08D2FFF7D5FF13891B1A58425841D5
S21403803038BD0020FCE70120FAE72DE9F047154696
S2140380400446B8B149B1EAB100264FF0140AB04667
S21403805090F80490F3B2994501D800240AE0276803
S2140380600AFB06773846FFF7BDFF013628B13C46C4
S214038070A5F800802046BDE8F0877B8943441FFAB5
S21403808083F8E7E71446F5E72DE9F0470E4615466D
S2140380900446B8B149B112B300274FF00C0AB846EC
S2140380A0B0F80890BBB2994501D800240AE063688B
S2140380B0324620460AFB0731FFF7ABFF28B10C46D2
S2140380C0A5F800802046BDE8F0870B79013713F04A
S2140380D0300F02BFCB7843441FFA83F8E2E7144617
S2140380E0F0E72DE9F04186B00D461446984604AAFB
S2140380F005AB03A90646DDF7BFFC40B30DB1049BF1
S2140381002B6034B3049D03982946FFF762FF2B8840
S214038110074602467188307800F050FBD8B12979BB
S21403812011F010030BD0EB782A46CDE900433B460B
S21403813071883078FCF776FA06B0BDE8F0812A46F7
S21403814020460599CDF80080FFF704FFF4E7862064
S214038150F2E72046F0E77E20EEE71FB51C46002335
S214038160ADF80A20BDF818208DF80400ADF8061007
S214038170ADF80C2069461A4601A800938DF808400E
S214038180FFF7AFFF009804B010BDF0B587B00E46FA
S21403819005AB04AA03A90446DDF76EFC08B3049DE9
S2140381A003982946FFF715FF2B8807460246618882
S2140381B0207800F005FBB0B1297911F0100108D042
S2140381C000963B462A4661882078CDF777FF07B0AE
S2140381D0F0BD009101232A4631460598FFF7BAFE03
S2140381E0F5E78620F3E77E20F1E72DE9F041064622
S2140381F000254FF014080779E8B2874201D8002417
S2140382001AE008FB05F0D6F800C00CEB00043CF8B7
S214038210000081421AD132B1802A10D194F90CC0E1
S214038220BCF1000F12DAB0F57C4F05D32046FFF7FA
S214038230CEFE834200D04BB92046BDE8F081402AEB
S21403824004D194F80CC01CF0400FECD10135D3E7F1
S2140382500121DDF74DBB08B513460022DDF776FC9A
S214038260003818BF012008BD08B513464022DDF7C5
S2140382706DFC003818BF012008BD08B513468022E0
S214038280DDF764FC003818BF012008BD08B540229E
S2140382900023DDF75BFC003818BF012008BD08B5D6
S2140382A080220023DDF752FC003818BF012008BDEA
S2140382B00023DDF74BBC0021DDF7B8BC10B5044640
S2140382C00121DDF7B3FC2046BDE8104001F056BEA1
S2140382D07047F8B516461F469DF81820BDF81C30A3
S2140382E00546DDF733FC78B10421DDF71DFD0446B2
S2140382F050B1284600F010FB3A4631462846A047C0
S214038300BDE8F84000F0FCBAF8BD2DE9F74F1E466D
S214038310DDE90C9B074688461446BDF838302AB379
S214038320B9F1000F22D00EB392F804A099F80020FA
S214038330504612F0080F0CBF802240226188DDF7FA
S21403834005FC98B10821DDF7EFFC054670B15046F1
S21403835000F0E2FA3346224641463846CDE9009B12
S214038360A84703B0BDE8F04F00F0CABA03B0BDE8B3
S214038370F08FF8B5BDF8187016461A463B46044605
S214038380DDF7E4FBE0B177B90221DDF7CDFC054666
S214038390B0B1204600F0C0FA31462046A847BDE8F3
S2140383A0F84000F0ADBA1021DDF7BEFC054638B143
S2140383B0204600F0B1FA3A4631462046A847EEE793
S2140383C0F8BD73B5BDF8184016461A46234605464B
S2140383D0DDF7BCFBB8B1C4B92021DDF7A5FC044624
S2140383E070B1284600F098FA099B31460093284658
S2140383F09DF820309DF81C20A047044600F080FA24
S214038400204602B070BD8624FAE70024F8E72DE97B
S214038410F04186680446007800F07EFA00251427AB
S2140384203279EBB29A4203D8BDE8F04100F068BA5D
S2140384307B4332682078D15A02EB030800F0C2F976
S21403844001214046DDF770FC034608B120789847C3
S2140384500135E5E72DE9F04F1C4689B09DF84C3011
S214038460BDF8488001939DF8503092460293224609
S214038470434607460D46DDF769FB8DF8147006463E
S214038480ADF816508DF81840ADF81AA0ADF81C805C
S21403849018B9012009B0BDE8F08F05A9FFF7A2FDC2
S2140384A00028F6D000252F46A8462C4634E00C2399
S2140384B01FFA85F903FB09F931887368B1F57C4F18
S2140384C033F8092003EB090B1AD333F80900504598
S2140384D02CD3019BA3422DD900F0BAF99BF80200D6
S2140384E0DEF7CEF8029B43B19BF8043013F0010F7E
S2140384F00CBF05200720DEF7C3F80134A4B219E049
S214038500ADF81A205946304605AA0393FFF781FDB6
S214038510039B0028D9D101353289ABB29A42C6D81B
S21403852004EB0800C31B58425841B3E708F101089F
S2140385301FFA88F80137BFB2EDE710B5012488B0FB
S21403854006949DF83C4005949DF8384004949DF8A5
S214038550344003949DF8304002940B9C0194BDF87C
S21403856028400094DDF724FD08B010BD2DE9F04740
S21403857086B0BDF83880DDF83C909DF840A0CDF875
S2140385800080CDE9019A04460D4616461F4600F0C4
S21403859013F9B8B1431EDBB2012B10D80023012216
S2140385A0811E48424841CDE90432CDE902A03B464C
S2140385B0324629462046CDE90089FFF7BEFF06B0BE
S2140385C0BDE8F0870120FAE730B50024012587B01F
S2140385D0CDE9044503959DF82C5002950A9DCDE9F7
S2140385E00045FFF7AAFF07B030BD30B500240125CC
S2140385F087B0CDE9044503959DF828500094CDE94E
S21403860001354023FFF799FF07B030BD10B50124AD
S21403861086B0CDE90444002403949DF828400294D0
S214038620099C0194BDF820400094FFF786FF06B02E
S21403863010BD1FB5089C03949DF81C400294069C2D
S214038640019400240094DDF7AFFD04B010BD70471D
S2140386502DE9F84F0229074688460C9D04D84FF0AB
S214038660000A5046BDE8F88F1BB10429F7D942F03B
S21403867004023A702BB303247B701B0ABB70DFF72C
S214038680A9F84FF000099DF82830385504F1020A7E
S21403869001343B550B9A5FFA89F3D45C002CE0D087
S2140386A0732C10D82E464C2C56F804BB3DD0532CB6
S2140386B015D0622C45D1AC8805F1080600231A466E
S2140386C016E00124DBE7A4F17503032BC7D8763C39
S2140386D02E1D022C52D8DFE804F0565A58006A685A
S2140386E005F1080694B2D2B2B2F1FF0318BF012314
S2140386F00AEB040119448845B1DB504619460029A4
S21403870047D153441FFA83FA5CB1BBF1000FA6D0DE
S214038710224607EB0A005946E2F7E0FD54441FFAE7
S21403872084FA354609F10109B4E74FF6FF736A6820
S21403873005F1080694B222469C4214BF0223002386
S214038740D6E76C2C05D1584600F0CAF8841CA4B2B0
S214038750B4E7732C04D1584600F0BDF8441CF6E782
S214038760A4F13003DAB2092A01D89CB2A6E7A4F131
S2140387704103062B3FF673AF373CE8E7012300249B
S2140387802A68A346B4E70223F9E70323F7E704239B
S214038790F5E700F1010C01393A54C9B2120A1FFA7F
S2140387A08CF0ACE70020DDF7F3BE0022DDF710BF48
S2140387B00023DDF723BF7047012070470120704771
S2140387C00120704770470020704700207047002044
S2140387D0704700207047002070470020704770479E
S2140387E00E20704700207047002070470020704717
S2140387F0002070477047FF2070470E207047842084
S214038800704770477047002070470020704700206D
S21403881070470020704700207047002070470020F4
S214038820704770470E20704700207047002070473F
S21403883070470020704770477047704770470E2098
S2140388407047704700207047812070477047704715
S21403885038B50546C0B2DDF713FF0446280ADDF730
S2140388600FFF14B1002808BF0024204638BDF8B512
S2140388700546C0B2DDF704FF0446C5F30720DDF75F
S214038880FFFE0746C5F30740DDF7FAFE0646280E49
S214038890DDF7F6FE24B12FB136B1002808BF002459
S2140388A02046F8BD3C46FBE73446F9E710B4CC183F
S2140388B0944203DC5DF8044BFFF721B800205DF813
S2140388C0044B70470423FFF7F1BF08B50223FFF7F5
S2140388D0EDFF80B208BD0078FF2808BF0020704770
S2140388E008B502220021FFF7F0FF4FF6FF73984208
S2140388F008BF002008BD003818BF0120400070479D
S2140389000020704708B5FFF7A3FCFF284FF0FF30A1
S21403891018BF0020C0B208BD08B5FFF7F3FFFF2855
S2140389200CBF2120002008BDF8B506460C461546A8
S2140389301F4600F011F810B12544AC4200D1F8BD33
S2140389403946304614F8012BDDF78CFFF5E7014670
S21403895000220220DDF716BF0120704737B5054613
S214038960DCF7A0F9044601950CB981201CE02378B6
S21403897023B12046DCF79EF90446F5E72B686268C8
S2140389805B889A42F5D1A368EA7B99B272B12A8AC8
S2140389909142EED16A7DB2EB134FEAD10020E36831
S2140389A001A998478128E4D003B030BD4FF6FF7283
S2140389B0EEE72DE9F84304460F46904699460BB377
S2140389C0012A1FD80C20E2F7FFFC064610B919202F
S2140389D0BDE8F8831020E2F7F7FC18B93046E2F753
S2140389E0FBFCF4E70123002547EA0847706005709F
S2140389F0C0F80C904460876033803046DCF74AF951
S214038A002846E5E72120E3E738B5044643680846E9
S214038A100D469847B4F90830002B02DB2B78042B5D
S214038A2006D1002320466360BDE83840DEF7ACBAC3
S214038A3038BD30B54FF48A5587B0ADF816200DF122
S214038A4016041A46029543B100230122CDE90033EA
S214038A50234600F01EFA07B030BD019401240094AB
S214038A60F7E7FFF7EBBEFFF7BDBE0020704708B57C
S214038A7000F014FB20B900F05BFB08B9DBF7A8FA9B
S214038A80FFF7CFFEBDE80840FFF7DBBE0020DEF7AA
S214038A90E3BE0021DEF780BF0022DEF73FBF1FB52F
S214038AA0D2880B4612F0200F4FF6FD7114BF4924EF
S214038AB05224ADF80610510544BF083CE4B2110534
S214038AC044BF083CE4B2120444BF023CE4B20328A9
S214038AD005D8DFE800F0020F161CADF80630BDF827
S214038AE00600FFF788FEFF281CBF241AE4B22046C0
S214038AF004B010BD02AA0DF10601D8B200F08CFA3C
S214038B00EDE7D8B200F052FAADF80600E7E7013C0D
S214038B10E4B2E4E7F8B5064617460D4681B10C788D
S214038B20FF2C0BD00846FFF7D6FEB84228BF3846C0
S214038B30C4B22246691C701CE2F792FA3470F8BD80
S214038B400C46FBE770B5044615460E4611B9417050
S214038B50017070BD0B78FF2B05D14B78FF2B02D12C
S214038B6003704370F5E73046FFF7BAFEA84228BF06
S214038B70284685B22A46B11CA01CE2F771FA257076
S214038B802D0A6570E5E7F0B523B9013A531C2FD1DA
S214038B90002020E0042AFBD800231C46551E6E1C2A
S214038BA01AD1042A10D00121D200501E01FA00F077
S214038BB020421EBF914049420C4318421EBF4FF04D
S214038BC0FF3101FA02F213439C421EDCB4BF4FF09E
S214038BD0FF30002040B2F0BD40B1465DEF00BE401E
S214038BE034434E5D013DBE403343D8E70646F5E7C2
S214038BF08C5C38B90346A34202F1FF32C6D24FF06B
S214038C00FF30E8E7835CA342F5D90120E3E7283881
S214038C1007288CBF0020012070471D2810D004D8D9
S214038C2040B11C2804D0552070471E380128FAD8B6
S214038C301A2901E00B390F298CBF552000207047F5
S214038C400829F9E7002000217047F7B59DF8204072
S214038C500546082C104619469DF8246036D800228F
S214038C6013462C44AC4208D106F0FD04382C0ED132
S214038C700096FFF7E7FF03B0F0BD14F8017D1B0273
S214038C8043EA12631202BA1843F10003EAE7392EE5
S214038C9010D107EE100A07EE902AB4EEE77AF1EE4B
S214038CA010FACCBF77EE677A77EEC77A002117EE15
S214038CB0900AE0E7824273EB010403D2801A61EB69
S214038CC00301D8E7101A63EB0101D4E7002001463D
S214038CD0D1E738B5C36814461944836853F821505E
S214038CE01AB12846E2F766F82070284638BD2DE903
S214038CF0F3411C4616460DF107029DF82050FFF778
S214038D00E8FF9DF807308046A34288BF8DF80740EA
S214038D109DF807700DB1E41BE5B22A4600213046E4
S214038D20E2F74CF93A4641467019E2F799F93846A4
S214038D3002B0BDE8F0812DE9F3411D46164601AAAF
S214038D409DF82040FCF7E8FF019B80469D4238BF14
S214038D500195019F04B1EC1B224600213046E2F741
S214038D602DF93A4641463019E2F77AF9F8B202B0DD
S214038D70BDE8F08173B50024154601AA1E4601948A
S214038D80FCF7CAFF019B072B0AD92146CCB216B1C2
S214038D90C4F10704E4B2425C013108292A55F5D12F
S214038DA0D8B202B070BD1FB5030A8DF80E30032388
S214038DB0009303AB8DF80D0000F0BBF805B05DF82B
S214038DC004FB1FB58DF80F100421030A8DF80E302F
S214038DD0009103AB8DF80D0000F0ABF805B05DF81D
S214038DE004FBF0B589B016689DF83C50CDF80960D1
S214038DF08DF811305668BDF83830012D109FBDF838
S214038E004440CDF80D60ADF812308DF8145014D0F0
S214038E10032D19D13B68CDF815307B68CDF8193092
S214038E209DF848308DF81D3016230093BDF84C206E
S214038E3002AB00F07EF809B0F0BD8DF81540240AA9
S214038E400F238DF81640F0E70120F4E71FB504461C
S214038E50084611461A4602238DF80D100093214644
S214038E6003AB00F066F804B010BD10B514461A46FE
S214038E700B6886B0CDF80D304B683421CDF8113031
S214038E800A23009303AB8DF8154000F052F806B0A2
S214038E9010BD2DE9F041B6B014461D4606460F46F2
S214038EA09DF8F080DEF79CFF03AA8DF80C001046B1
S214038EB0330A8DF80F703F0A8DF80E308DF80D606B
S214038EC02B468DF810708DF8114005EB4405AB4228
S214038ED002F102021FD16200D2B2931DDBB23D99AA
S214038EE0D8336B44073203F8CC8C01EB4805D3B276
S214038EF050FA82F2A94202F1020212D103EB4803AE
S214038F00009006213046BDF8F820DBB2DEF772FF8C
S214038F1036B0BDE8F08133F8021B1171090A5171AE
S214038F20D5E731F8024B02F8024C240A02F8014C4A
S214038F30E0E72DE9F0411C4605460E4617469DF828
S214038F401880DEF74DFF207043463A4631462846E2
S214038F500694BDE8F041DEF74DBF0020704770472A
S214038F60D3F72ABA08B5E9F711FA002840F61240F3
S214038F7018BF002008BD704770477047704770479A
S214038F80704770470020704770477047002070474F
S214038F907047704702F066BFFEF775B8FEF758B81D
S214038FA003F0D7BAF5F750BA03F0C4BAF5F70ABA1E
S214038FB0F5F772BAF5F72CBAFEF737B9FEF71DB90F
S214038FC010B49DF8044001945DF8044BFEF710B806
S214038FD0FEF764B8FEF771B8F1F7F4B8F1F7F8B82E
S214038FE0EEF764BCEEF768BCEAF7ECBAFEF7B0B887
S214038FF0FEF775B8FDF7C0BEFEF798B8FEF784B85F
S21403900030B4BDF808409DF80C50CDE9024530BC9D
S214039010FDF7D1BEFDF76FBFF5F7B0BBDEF73ABF7E
S214039020F5F776BC70B49DF80C40BDF810509DF86B
S21403903014600394CDE9045670BCF2F7DDB870B43F
S2140390409DF80C40BDF810509DF814600394CDE9CC
S214039050045670BCF2F710B9F2F7FAB910B49DF8DB
S214039060044001945DF8044BF2F74AB910B49DF836
S214039070044001945DF8044B01F0BABF01F0BABF97
S214039080FDF77DBFFDF78DBFFEF71AB9FDF79EBF4F
S214039090ECF71EBFEDF776BEEDF748BEECF742BB26
S2140390A002F051BBEDF7FAB802F0A7BBEDF786BAAC
S2140390B0ECF7EABDEDF76CBEEDF7E8BDEDF704BEE1
S2140390C0EBF7ACB9FEF7C6B8FEF761B8FEF774B8AF
S2140390D0FEF781B800F036BC00F02FBCF4F76EB98B
S2140390E0F1F7BABEF4F748B9F4F76EBAF1F784BEEF
S2140390F0EAF754BAF3F70EBBFFF732BFFAF72CBE04
S214039100FEF703B9FDF72CBFFEF731B801F020BD1B
S214039110DEF71EBEEAF76ABFEAF714BB01F0DCBF50
S21403912001F0B3BFEAF762BBEAF7B0BEEAF7DABE0E
S214039130EAF7D0BADEF728BEDEF73ABEDEF712BE8F
S214039140EAF770BADEF718BEF6F776BA01F09BBFF9
S21403915001F062BFEAF76CBAEAF732BFEAF7C2BABF
S21403916010B4BDF8044001945DF8044BFDF753BEFC
S214039170DEF7BABEDEF7ACBEF5F7FEBFF6F736BAD5
S21403918003F0FABA03F000BBF6F76EB8F6F74EBA7A
S21403919000F06DB900F0ABB900F0D3B900F0B9BA7E
S2140391A000F029BB00F092BADFF7B6BB00F0F0B9C7
S2140391B000F01DBA00F030B810B51C4601F0ECFD07
S2140391C006F035FA0023C0F340202370400010BD9C
S2140391D0002208B50B461146FFF7EEFF023818BF0C
S2140391E0012008BD002070477047B1FA81F040099E
S2140391F070470120704770477047002070477047DC
S2140392000020704770470E20704701207047704754
S214039210012070470120704714220021E1F7CEBEDB
S214039220704770B505460C468AB0252200210DF11D
S2140392300300E1F7C3FE6B68CDF81D30AB68CDF8CD
S2140392402130234601AC03F11006224618685968FC
S214039250083303C2B3421446F7D101236A7B8DF861
S214039260023012F0040F0CBF4FF480734FF4A07358
S214039270110748BF43F48063ADF80030930748BF37
S214039280BDF80030684644BF43F00803ADF800302D
S214039290F1F7BAFA0AB070BD30B5427B0D46D10776
S2140392A004468BB007D5407801A9F1F717FBD8B170
S2140392B02D200BB030BD9307FAD5C2F380031007F9
S2140392C04FEA8313ADF8023044BF43F48063ADF82E
S2140392D00230BDF80220201D0AB10DF1020201A9D9
S2140392E002F0DDFD0028E3D001AB03CB9DF814307C
S2140392F0A1602373BDF810306060590642BF627BDD
S21403930042F0040262735A0542BF627B42F00802CF
S21403931062731B0742BF637B43F0020363732B46F0
S21403932006AC0AAD224603CAAA4218605960144620
S21403933003F10803F6D10020BBE7F0B504460D465B
S21403934093B0252200210DF12300E1F737FE636871
S21403935004F1040CCDF83D30A36809AECDF84130D6
S2140393602B4605F11007324618685968083303C2BE
S214039370BB421646F7D105238DF82230637B5B018B
S21403938003F40073ADF820306378FF2B1AD1002363
S21403939060461A4601A900F0D9F99DF80530FF2B5F
S2140393A00DD1002301A91A46184600F0CFF99DF8FF
S2140393B00530FF2B03D11C26304613B0F0BD9DF8B5
S2140393C0053063700020617808AA00F0B4FA0646F8
S2140393D00028F1D1607801A900F03EFA2B4603ADD0
S2140393E02A4618685968083303C2BB421546F7D1A4
S2140393F0637B6078DB0648BF9DF81C3001A944BF39
S21403940063F07F038DF81C3000F03DFAD4E710B507
S21403941004468AB02422002101A8E1F7CFFD637B2E
S214039420590744BF4022ADF810201A0742BFBDF8C3
S214039430102042F48062ADF81020DB070FD5607869
S21403944001A9F1F74BFA10B12D200AB010BD01ABFC
S21403945003CB637B606043F00203A160637304A9DC
S214039460201D02F01EFD0028EED00020EDE71FB5FC
S214039470694600F066F8002818BF2D2005B05DF891
S21403948004FB73B50D4614460646DEF76DFE6B8881
S2140394901A071AD522463146102002F0E3FC20466E
S2140394A0DEF762FE6B88D90717D500232246012113
S2140394B00DF107008DF80730DFF728F96B88002BCE
S2140394C00CBF2120002002B070BDDE06EAD522467E
S2140394D00821281DDFF71AF9E1E79A0701D50223C9
S2140394E0E4E75B07EAD50323E0E70F2070471FB5E1
S2140394F00C46694600F025F8102221466846E2F736
S214039500A9F8B0FA80F0400904B010BDB8B1B1B103
S2140395104388A3B90378013B082B10D8DFE803F090
S2140395200507090B0F0F0F0F0D00DEF7F1BFDFF76F
S2140395304BB8FFF776BEFFF700BFDFF7D9B9212098
S214039540704738B50D4609B300B30378013B082BC3
S2140395501AD8DFE803F0050D1013191919191600A8
S214039560DFF70EF80446284602F099FE204638BD7B
S214039570DFF74AF8F6E7FFF78FFEF3E7DFF77AF849
S214039580F0E7DFF7BFF9EDE72124ECE72124EDE769
S21403959070B586B0064601A80C461546FFF73CFE96
S2140395A004238DF804301CB12068616802AB03C342
S2140395B0294601A88DF80560FFF7A8FF06B070BD21
S2140395C070B586B0044601A80D461646FFF724FE7E
S2140395D00323206861688DF8043002AB8DF81160B0
S2140395E003C3294601A8FFF791FF06B070BD00220A
S2140395F0FFF7E6BF30B585B00D4669460446FFF76C
S214039600A0FF20B92A4621466846FFF73AFF05B071
S21403961030BD30B5437B044613F001020D468BB0D4
S21403962007D0407801A9F1F759F970B12D200BB096
S21403963030BD9B07FAD5ADF8022001A90DF1020251
S214039640043002F02CFC0028F0D000210E22A81CC7
S214039650E1F7B4FCBDF810302B80039BAB60BDF87C
S2140396601230AB819DF81430237301AB03CB6060DB
S214039670A1600020DBE770B5437B0446DB070E469C
S2140396808AB003D42D2528460AB070BD69464078B3
S21403969000F04DF905460028F4D1DDF81D300E2202
S2140396A06360DDF821300146A360637BB01C43F0A2
S2140396B002036373E1F782FCBDF80030069A43F0B9
S2140396C004033380059BB2607360DCE70B4610B57A
S2140396D00446102200211846E1F770FC2278032A7C
S2140396E009D0042A0DD0022A11D101462046BDE82E
S2140396F01040DFF76DB901462046BDE81040FFF77E
S21403970088BF01462046BDE81040FFF7B4BF2620B9
S21403971010BDF8B5074608460C4616461D46FFF725
S2140397207BFD04232370637B314643F0010320460D
S21403973067706373FFF705FF08B12D20F8BD294650
S2140397402046FFF7C3FF0028F8D0F6E7F8B505462E
S21403975008460C461F461646FFF75EFD0423237095
S21403976025B108222946E018E1F77AFC637B43F02B
S214039770020363734EB932460121284600F0E4F82B
S214039780FF28607007D12D20F8BD31462046FFF72D
S214039790D8FE0028F7D1637B43F0010363730DB94A
S2140397A00020F1E7002FFBD039462046FFF78EFF57
S2140397B0F6E7F8B50C460746084616461D46FFF775
S2140397C02BFD03232046394600F8043B0822E1F725
S2140397D047FC637B314643F0020320466373FFF77F
S2140397E0B0FE08B12D20F8BD29462046FFF76EFFD0
S2140397F00028F8D0F6E7F8B5074608460C4616469E
S2140398001D46FFF709FD03232370637B314643F0B0
S2140398100103204667706373FFF793FE08B12D209C
S214039820F8BD29462046FFF751FF0028F8D0F6E793
S21403983018B18022012100F087B8FF20704700236B
S21403984007B51A4619460093F2F798FDB0FA80F06A
S214039850400903B05DF804FB0B4610B51922044615
S214039860FF211846E1F7AAFB7E2C01468CBF04F5C0
S214039870C43004F583304FF01902BDE8104088BFAA
S214039880AD30D3F72FBA7E2888BF00F5C4304FF02B
S214039890190294BF00F58330AD30D3F74FBA30B515
S2140398A089B00D46FFF7C4FFFF2804460DD001A973
S2140398B0FFF7D2FF2868696801AB03C3204601A9F6
S2140398C0FFF7E1FF002009B030BD2D20FBE770470E
S2140398D070470020704770470F20704770479DF809
S2140398E0000070470F2070470F2070470020704716
S2140398F00F207047002070470020704784B08DE823
S2140399000F00002004B07047002070477047704770
S214039910002070477047002070477047002070474C
S21403992001207047704700207047012070470E20C3
S2140399307047FF2070470E2070470E2070470020A8
S214039940704770470E207047FF2070477047704778
S2140399500020704770477047704700207047704775
S21403996000207047002070470020704770477047FC
S21403997000207047704700207047002070477047EC
S2140399800020704710B50024E3B210B9C3F10303F7
S214039990DBB20134042CCA544FEA1222F4D110BDB0
S2140399A010B50B784C788A78C97828B910462246C1
S2140399B0044608461946034642EA012043EA0423BE
S2140399C043EA004010BD7047DFF7B6B808B5CDF7D9
S2140399D025FE002814BF8620002008BD08B5CDF755
S2140399E0EDFF003818BF012008BD08B5CDF7A6FF68
S2140399F0003818BF012008BD08B5CEF72BF800388D
S214039A0018BF012008BD08B5DFF776F9BDE80840A2
S214039A10DFF724B970B504460D461646DFF76CF932
S214039A200420DFF70DF9324629462046FFF7DDFF0F
S214039A3004460220DFF704F9204670BD08B5DFF7B9
S214039A405BF9BDE80840CDF75DBFDFF78DBCDFF7F8
S214039A506DBC08B5DFF76AFC20B1BDE808400020FE
S214039A60DFF7A2BD112008BD10B5044608B1DFF725
S214039A707DFE2046BDE81040FCF74EBF10B50446F9
S214039A80006A10B1616AFFF7EFFF0020C4E908001F
S214039A9010BD38B50546FFF7F1FF2B7E0446012BB4
S214039AA00ED0023B012B0ED8EB69012B18BF6FF0CB
S214039AB09604282200212846E1F780FA204638BD7E
S214039AC0EB69002BF2E76FF09604F2E71822002109
S214039AD0E1F774BA70472DE9F84F9846DDE90B496C
S214039AE00D9B15469A0706460F4623D02A460A9B21
S214039AF003EB040A1444A24220D10D9B9B0705D511
S214039B00A2EB050AD14505EB0A0420D82046BDE89A
S214039B10F88F434639462020B0470AF1010ACA4562
S214039B200AEB0B02F5D3A9EB04024C4588BF0022CF
S214039B302A44DCE7A246A5EB040BF0E702F1010B8F
S214039B40434639461AF8010DB0475A46D3E743460B
S214039B50224639462020B0470AF1010AD2E72DE90A
S214039B60F047DDE90D7616F0020F9DF82880DDE953
S214039B700854DDE90BCE1FD106F001094FB1B9F148
S214039B80000F06D0B8F1000F02D116F00C0F00D06C
S214039B90013F4FF0300A04E0202C04D005F804A05F
S214039BA001347445F8D3B9F1000F05D04FF03009EE
S214039BB0A74201D9202C2DD116F0100F1FD016F472
S214039BC0806F2CD15CB3744501D0BC4227D1B4F16D
S214039BD0010E23D0BCF1100F46D1023C16F0200F25
S214039BE028D1202C28D04FF0780C05F804C0013477
S214039BF0202C21D04FF0300C05F804C00134202C63
S214039C001AD0B8F1000F23D04FF02D0C05F804C07E
S214039C10013412E005F804900134C9E77446BCF138
S214039C20100FDBD0BCF1020FE2D1202C04D04FF092
S214039C30620CDAE7202C08D12024CDE90A76CDE998
S214039C400854BDE8F047FFF746BF4FF0580CCCE783
S214039C5016F0040F02D04FF02B0CD7E716F0080FC0
S214039C60EBD04FF0200CD1E7BCF1020F7446C1D104
S214039C70DDE72DE9F04391B0189D1A9E1D9F0DB99F
S214039C8027F010077C0500D515B317F0200F14BF77
S214039C904FF0410E4FF0610EAC4600250DF1200843
S214039CA0AEF10A0EBCFBF6F906FB19C95FFA89F496
S214039CB0B9F1090F94BF30347444E4B2B44508F8DC
S214039CC0014B05F10105BCFBF6F401D3202D10D1A1
S214039CD01C9C069705941B9CCDE903649DF8644081
S214039CE0CDE9015408AC0094FFF739FF11B0BDE885
S214039CF0F083A446D6E72DE9F04F95B0269ECDE92E
S214039D000A23DDE91E74DDE9229B57EA040308BF34
S214039D1026F010067205CDE9080102D557EA0403BA
S214039D2037D016F0200F14BF4123612300250DF111
S214039D30300AA3F10A0821464A465B463846E0F74E
S214039D40D1FDD2B2092A94BF303242444F45D2B233
S214039D5074EB0B0405F101050AF8012B01D3202D42
S214039D6014D1259B06960593249BDDE90801CDE9CE
S214039D7003939DF88030CDE901530CAB0093DDE9E6
S214039D800A23FFF7ECFE15B0BDE8F08F07460C4636
S214039D90D1E70025E5E708B100F014B8704710B125
S214039DA0D1E900311847704738B5441E14F8015FEF
S214039DB025B90A2000F006F8284638BD284600F0E4
S214039DC001F8F3E701460020FCF779BB70477047BC
S214039DD0E8F7F8BF704708B5FCF742FBCDF71EFC63
S214039DE0BDE80840CFF72EBD704708B5CDF75EFF38
S214039DF0FAF7DCFFBDE80840DEF77EBF08B5FBF7E1
S214039E00FEFEDFF7E7FCFBF7D8FDE0F785F8E0F7A3
S214039E1071F8DFF7F3FFBDE80840D2F73DBF08B59A
S214039E20D0F754FFFBF7B8FDD0F75CFFFBF7B6FDA2
S214039E30D5F744F9D5F7EAF9D5F7F2FABDE80840BD
S214039E40D5F710BA70477047DFF7FEBF08B5FCF7C3
S214039E5052FFBDE80840FCF776BF704707B50022FF
S214039E600346114601200092D4F7A2FA03B05DF828
S214039E7004FB07B500920B46027D81898068FDF7D7
S214039E804EFD003818BF0120C00103B05DF804FB87
S214039E9008B50020DBF79AFB0020DDF72BF900203E
S214039EA0D5F766FE0020D6F753F90020D6F77CFEDA
S214039EB00020D9F7ABF90020D9F716FF0020DAF710
S214039EC00BFDBDE808400020DAF7F6BD08B5012013
S214039ED0FDF73CFABDE808400120D6F739B908B5C6
S214039EE00220DBF767FC0220DAF700FE0220DDF72C
S214039EF00FFC0220FFF7ABFD0220FDF792FC0220C9
S214039F00D9F7F2FEBDE808400220DBF7F3B8704746
S214039F10FDF7A7BF70477047704770477047704795
S214039F207047704710B50446DAF7FEFF2046D7F7AA
S214039F304DF92046D8F7A0F82046BDE81040FDF7B7
S214039F40A3BCFDF7BEBCFDF7C8BCDAF7CFBC7047B1
S214039F507047704770477047704770477047704741
S214039F60704705F02ABB70477047DAF759BD70474C
S214039F707047704770477047704770477047CBF716
S214039F80EFBFFEF748BC704700207047FEF745BC9E
S214039F90FEF74FBC7047431E012B03D9031F5842DD
S214039FA0584170470120704700F021BC4FF4D0722F
S214039FB00021E1F703B870B50446E3F7D7F8054682
S214039FC0A8B9A169F1B1238AD3B1204604F11002DE
S214039FD0E2F77AFF38BBE16919B3638AA3B1204677
S214039FE004F1120200F0CAFA78B1054603E0002332
S214039FF0A3612361E361002328466361236270BD86
S21403A000A061E8E72082E6E7E361216A0029F2D04F
S21403A010A28A002AEFD02046E38ABDE8704000F00B
S21403A0206FBA6182F1E76582E561DEE711B9D0F8C0
S21403A030DC1021B1CB6813B18B68D88970474FF613
S21403A040FF707047E2F776B910B50C461146E2F793
S21403A05097F9E3F7C5FB012801D1002010BD002CBA
S21403A060F7D10520FAE700F0CFB900F0E3B970B5F1
S21403A07000232425D0F8DC00C4689C4201D12120AB
S21403A08070BD826805FB0322D6898E4202D8128AE7
S21403A0908A4201D20133F0E70020F1E7F8B506461D
S21403A0A00D46E1F7E3FBD8B94FF6FF734FF0240CE8
S21403A0B0EF68C1B28F4208D81C4621463046E1F706
S21403A0C08BFD00F09AFB2046F8BDAA680CFB012224
S21403A0D0D4899C4202D2002CEFD023460130E8E715
S21403A0E00024F0E7C08D70470A7838B50546104659
S21403A0F0FFF751FF60B14C782046FFF74CFF38B1AD
S21403A1002243530704D42846BDE83840E2F784BB0D
S21403A110212038BD10B504460878FFF73CFF58B138
S21403A1204A781046FFF737FF30B1042A04D020469A
S21403A130BDE81040E2F78EBB212010BD00F0E8B862
S21403A140E2F7F0BE084600F008BBE2F72FBA38B5D0
S21403A15004460D4600F08EF850B129462046E1F736
S21403A1603BFD30B929462046BDE83840E2F7E6B95C
S21403A1700E2038BD70B516460C4605F078F8314605
S21403A18005462046E5F7C8FB0446284605F06AF868
S21403A190204670BD00F032B970B5044600200E4666
S21403A1A000F027FBD4F8F0503DB10023314620469B
S21403A1B0AC46BDE870401A4660472B46012231463E
S21403A1C02046E2F753FC284670BD38B50446488857
S21403A1D00D4600F00EFBD4F8F0302BB92946204686
S21403A1E0BDE83840E2F750BB022038BD00F003BBA1
S21403A1F000F03CB9E2F770B8E4F768BB70B5BDF899
S21403A2001060054606B16BB1334428469BB200F096
S21403A21077F9044620B91EB13146284600F0ABF95B
S21403A220204670BD2124FBE7E3F7D6BEC0F8EC104A
S21403A23000207047E2F762BD00F05EB910B4BDF8C7
S21403A240044001945DF8044B00F09FB80B4610B52C
S21403A25014461846A1689288E1F740F8E168034679
S21403A26031B1A0886288121A92B21844E1F736F820
S21403A270002010BD0346408A18B1188A003818BF5C
S21403A280012070470846E4F72DBC00F0ECBA00F056
S21403A290EABAE4F739BE084708B5E2F765F8C0B28C
S21403A2A008BD022A01D800F0E2B921207047022A2D
S21403A2B001D800F0EDB921207047022A01D800F03A
S21403A2C0F9B921207047E3F779BB0846E3F794BB57
S21403A2D000F018BA00207047002070477047D0F887
S21403A2E0943003F06003402B0DD0602B03D0203B4B
S21403A2F058425841704749B10B68012B06D9486943
S21403A30040F00100704740F201107047002070478C
S21403A310F7B504461046D4E954C7DDE908268CEAA7
S21403A320020587EA06010540194085EA0C057940CF
S21403A330C4E95451002523F4004106EA010320F042
S21403A340010043F40073024043F00203CDE90055D5
S21403A350E6F7ACF994F824309A0713D5D4F85431B9
S21403A3609B050FD54FF48811204600F058FB94F850
S21403A3702430024665F3410384F8243020460B4616
S21403A380E1F7C6FF002003B0F0BDF0B587B01C466A
S21403A3901746BDF830601AB90024204607B0F0BD52
S21403A3A0002BF9D00029F7D001AAE3F715FE002801
S21403A3B0F2D0BDF80630A2199A42BDF80850C4BFC1
S21403A3C09B1B9CB2B54212D90399AD1BADB2314467
S21403A3D0A5420391ADF808500DD22A463846E0F759
S21403A3E07DFF0499621B7819E0F778FFD5E7049997
S21403A3F0761B3144049122463846F5E70846E5F7CE
S21403A4002BBA0220E4F776BD08B5D0F8E4304BB19A
S21403A4101A68022A06D993F825204AB1186AB0FBAF
S21403A420F2F008BD4FF446624C210020E1F736FCFB
S21403A4300020F6E7D0F8E42008B57AB11368022BBB
S21403A4400CD9536A13F47F4FC3F3072106D0126A5D
S21403A450DBB253438B42B3FBF1F006D2002040F647
S21403A4607F424C21E1F71AFC002008BD0346D0F8D2
S21403A47030010860B3F8343100208B80704790F8C1
S21403A48030310C2B14BF90F82B00FF20704738B5E3
S21403A4900C464FF400610546E7F7ACF970B17CB1A2
S21403A4A095F81E3173B94FF480724FF480712846C5
S21403A4B0E7F78CF9003818BF012038BD2202F4E70D
S21403A4C02246F2E70020F8E74FF48071E7F792B9E7
S21403A4D008B54A024FF40071E7F778F9002008BD83
S21403A4E008B58A024FF48061E7F770F9002008BDCB
S21403A4F04FF40071E7F77EB9062300208B7170478F
S21403A500B2F5805FF8B50F460646154619462ED8AF
S21403A5109A422CD33F2A26D9B2FA82F40122C4F1F6
S21403A5201F03DBB29A4092B2AA422CBFC4F11904AD
S21403A530C4F11A04E2B20124931DDBB29C40A4B218
S21403A540AC4212D096F8F5309BB9012096F8243029
S21403A55060F3C71386F824303846E3F751FB002030
S21403A5603762B582F8BD0022ECE70020EEE7212033
S21403A570F8E70E20F6E70846E3F762BB70B5054634
S21403A5800E46144602B313883F2B1DD9B3FA83F342
S21403A590C3F11901C9B2062901D8192B12D006290D
S21403A5A028BF062101238A1DD2B29340304623805A
S21403A5B0E3F74EFB23882846EE616B82E3F7D2FB74
S21403A5C0002070BD0021EDE72120FAE710B5144600
S21403A5D008460121E5F716F82046BDE8104001219C
S21403A5E0E5F710B8F8B504460E46174604F03FFEE6
S21403A5F03A46054631462046E5F7C2FA044628465B
S21403A60004F030FE2046F8BD022070470320704752
S21403A610E4F768BC10B50023E2F7E8FE044608B981
S21403A620E6F762FA204610BD704770B505460E463B
S21403A630144600F0E3F831462846FFF72FFD00F0F6
S21403A640DDF8230704D50B2C9CBF24F00804A4B222
S21403A65021462846E1F78EFE00224FF400312846B5
S21403A660E7F7B4F8002070BD8021E7F7C3B87FB5DD
S21403A670531C05AAADF81410029202210022DBB285
S21403A680CDE900211146E7F7BFF807B05DF804FBF4
S21403A6907FB5531C05AAADF81410029204210222BA
S21403A6A0DBB2CDE9002100220121E7F7ADF807B0C0
S21403A6B05DF804FB1FB5531C029100220821CDE967
S21403A6C000210122DBB21146E7F79EF805B05DF8DC
S21403A6D004FB07B591F82830009391F82B3091F8D6
S21403A6E0292091F82A10E3F72FF903B05DF804FB4D
S21403A6F010B50446E1F738FE01462046BDE8104093
S21403A700E1F738BE002914BF21200020704738B572
S21403A710054610460C46E3F79DF9D5B1D5F8E0306B
S21403A720BBB15B69ABB1421ED2B2FD2A13D90A682C
S21403A730013204BF6FF001020A600A68FF281A603C
S21403A74007D16268013202D16FF00102626062686B
S21403A7505A60002038BD0128F2E738B50546E5F70C
S21403A76037FA04460021A878E3F7DCF9204638BD1B
S21403A7702DE9F74F01251C469DF830300646019318
S21403A7800368174603F0070306339D4005F1FF38B9
S21403A7900B46A1B1416804EA080BA5EB0B0A41F08E
S21403A7A00059524509EB0B0114D952461846E0F7F7
S21403A7B095FD49467A1B5A445044E0F78FFD019BAA
S21403A7C02BB13C4448EA050804EA0804F46003B0E5
S21403A7D0BDE8F08F1846F0E737B500251446009518
S21403A7E0FFF7C6FF204603B030BDE2F7AFBF002039
S21403A7F0704700207047002070477047704730B599
S21403A80049000446056812B102291FD90339C90352
S21403A81095B9E1B1B1FA81F3C3F12003C3F10F0097
S21403A820012838BF012003F01F03D940A94201D9EC
S21403A83001384908216030BDB5FA85F339B1B1FA5C
S21403A84081F29B1A002BE9DC0F20EFE700210F2093
S21403A850F0E7012805D9023818BF4FF0FF30C0B221
S21403A86070470120704708B5E4F796FCBDE808403A
S21403A870E4F7BABC38B50446FFF7F5FF0546FFF71D
S21403A880F2FF431BA342FAD338BD38B50D46044640
S21403A890E4F782FC35B1844200D90139204601F041
S21403A8A0030138BD844238BF0131F7E708B50121FB
S21403A8B0FFF7EBFFBDE80840E4F796BC0B0C23F468
S21403A8C08053B3F5284FF7B50D468FB2064699B2B7
S21403A8D016D04AF60103994214D04AF60203994267
S21403A8E012D0B1F5204F14BF04240324D6F8E03069
S21403A8F00BB1196851B9D6F8DC3093B928680EE065
S21403A9000024F3E70124F1E70224EFE72346684631
S21403A9103A46E4F7C5FCDDE90003002BEBD103B0B0
S21403A920F0BD19680029E9D0234668463A46E4F79D
S21403A930B7FCDDE90003002BE0D1F0E702F070BDC1
S21403A9400204C0F3891307D56FEA83536FEA935360
S21403A95013F5007F18B206D0A3F1C8006FF4FF7397
S21403A9609842B8BF184670474FF0384359699A69FA
S21403A97003F500530A405A6170470E207047E6F706
S21403A980A7BAE6F7A5BAE6F7A3BAE6F7A1BA08B5F3
S21403A9900846E6F7C3FE08BDE6F79ABA02207047F4
S21403A9A00220704700207047012070470020704740
S21403A9B00E20704700207047E2F712BF0846114684
S21403A9C00122FFF741BB70B505460C4611461A46F1
S21403A9D0E6F756FF06682B462046B446BDE87040A9
S21403A9E0604710B5E6F74CFFBDE81040836818478C
S21403A9F0FFF710BEE2F71CBEFFF7A9BBE2F726BBC4
S21403AA0070B504460D4616464FF4881100F01CF840
S21403AA10324629462046BDE87040E3F73BB838B5D2
S21403AA2005460C4604F023FCD5F890301C40D5F8B8
S21403AA308C302343C5F88C3004F014FC211E18BF59
S21403AA4001210020490238BD38B504460D4604F0FE
S21403AA500EFCD4F890301D40D4F88C3023EA05055C
S21403AA60C4F88C5004F0FEFB284638BD38B50446BF
S21403AA700D464FF48811FFF7E7FF29462046BDE849
S21403AA803840E3F72FB873B50D7806460C4635B352
S21403AA9004238DF804302379304601A98DF8053058
S21403AAA0FFF738FB0546B8B92278A37952BB8DF871
S21403AAB00430E379304601A98DF80530FFF714FB1F
S21403AAC0054648B923783BB161883046E2F7DCF89F
S21403AAD001213046FFF7DBFC284602B070BD29464D
S21403AAE0FFF7D5FC29463046FFF7F2FC29463046E9
S21403AAF0FFF7F6FC2378002BCAD123798DF80430B0
S21403AB006379C9E702228DF80420D3E7FFF7E0BC98
S21403AB10FFF7EEBC0020704710B50446E6F74AFF81
S21403AB2021460020E7F7A8FDBDE81040002000F00E
S21403AB303EB970470120704708B5E8F7CBFB80F0B5
S21403AB400100C0B208BD4FF0FF30FFF79EBB704751
S21403AB500020704710B50C4604F0A4F8048010BD1E
S21403AB6038B50C46154604F09DF803881DB11C4302
S21403AB70A1B2018038BD23EA040189B2F9E708B51A
S21403AB8004F090F8008808BD08B504F08BF8C07888
S21403AB9008BD08B504F086F8008800F00C0008BD70
S21403ABA008B504F07FF8008800F00C00031F584235
S21403ABB0584108BD38B5054604F074F804462846DF
S21403ABC0FFF7EEFF30B904F1100004F030FD00F497
S21403ABD0406038BD4FF40060FBE738B5054604F027
S21403ABE061F804462846FFF7DBFF014648B91034F0
S21403ABF02046042203F096FF2044BDE8384004F0C4
S21403AC0016BDA08838BD10B50C4604F04BF88480FA
S21403AC1010BD38B5054604F045F804462846FFF748
S21403AC20BFFF014608B1201D38BD1034042220465C
S21403AC3003F078FF2044F7E738B5054604F032F80A
S21403AC4004462846FFF7ACFF30B904F1100004F0C1
S21403AC50EEFC00F4404038BD4FF40060FBE738B527
S21403AC60054604F01FF804462846FFF799FF0146F9
S21403AC7048B910342046062203F054FF2044BDE8AA
S21403AC80384004F0D4BCA08838BD38B5054604F077
S21403AC9009F804462846FFF783FF014608B1201D3E
S21403ACA038BD10340622204603F03CFF2044F7E765
S21403ACB008B503F0F7FF007A08BD08B503F0F2FF06
S21403ACC090F9090008BD08B503F0ECFF807A08BDCB
S21403ACD008B503F0E7FFC06808BD10B50C4603F0DF
S21403ACE0E1FF047210BD10B50C4603F0DBFF44729F
S21403ACF010BD10B50C4603F0D5FFC46010BD2DE99A
S21403AD00F8430F468046002107F110001646994681
S21403AD1004F03CF80446D0B103F0C4FF05462046D1
S21403AD2003F0DCFF002102462846E0F747F900233C
S21403AD302046AB7049F00401FFF70CFFA5F804802A
S21403AD402EB13A46314605F11000E0F7C7FA204621
S21403AD50BDE8F883F8B505460F461020002104F039
S21403AD6015F80446B0B103F09DFF0646204603F0EF
S21403AD70B5FF002102463046E0F720F900233946A6
S21403AD802046B370FFF7E6FE25B12A46012120468A
S21403AD9003F0D4FF2046F8BD08B503F083FF103058
S21403ADA008BD08B503F09AFF1038C0B208BD0020EE
S21403ADB0E7F78ABB08B5E7F7E5FD002008BD40883E
S21403ADC0C0F30C000330800840000430704770B5B1
S21403ADD00E4605461146304603F0D8FF044635B105
S21403ADE028B103F05FFF32462946E0F739F92046DB
S21403ADF070BD0088B0FA80F04009704738B5058802
S21403AE000022044604F07DFC05B1258038BDF8B564
S21403AE1007460D4600880021164603F07BFFB04226
S21403AE20044605D129463846BDE8F840FFF7E6BF95
S21403AE300021204603F06EFFB04205D020460021D5
S21403AE4003F068FF0446F3E72A462046002103F092
S21403AE5075FF32462846BDE8F840002103F06EBF72
S21403AE6038B5044638B1002104F045FC00230146FA
S21403AE705D1C09B998B238BD204604F060FC2B4629
S21403AE800146F5E7F8B5058807467DB1CCB22146FD
S21403AE90284603F03FFF8542064609D100233B8040
S21403AEA000222146304603F049FF35462846F8BDC2
S21403AEB0214603F02FFF21460246284603F03EFFB5
S21403AEC0EEE72DE9F04707888246884614465FB3C7
S21403AED0384603F003FF3D460646E4B221462846BD
S21403AEE003F018FF4045814616D1214603F012FFB2
S21403AEF021460246284603F021FF474504D145452F
S21403AF0008BF0025AAF8005000222146404603F059
S21403AF1015FF3046BDE8F0878742FAD003F0DEFE21
S21403AF2030444D4686B2D9E73E46F2E70022012377
S21403AF30C0E900237047F8B504460127002604F04D
S21403AF40A3F923683BB904F09AF900226368012B3E
S21403AF500ED16360F8BD1D691F61266004F08FF98A
S21403AF60012DF2D02B462D691E61012DFAD1E6E79D
S21403AF7019691A610B46EAE7036823B94068012892
S21403AF8003D0E8F747BA002070474FF0FF3070470A
S21403AF90F8B5054604F066FA012306460027A860BE
S21403AFA02B7304F071F92B6802467BB11C69216987
S21403AFB0A1420CBF2F6019612761104604F05FF9A8
S21403AFC0012C08D0204663689847EAE76C68012C92
S21403AFD004D104F054F900232B73F8BD6169711A88
S21403AFE0B1F1004FF5D8216969602361E5E7704741
S21403AFF002207047022070470020704701448842B1
S21403B00001D10120704710F8013B9342F7D000208E
S21403B01070470821FDF7A6BF70B50146064692B0F5
S21403B0200020E6F7F3FE044670B9FDF796FF0546E3
S21403B03001466A462046E7F73DFA6A462946204611
S21403B0408DF80260E7F7ECFC204612B070BD00B541
S21403B05093B0FDF782FF6A4601460020E7F72AFA17
S21403B0609DF9020013B05DF804FB00B593B0FDF73D
S21403B07074FF6A4601460020E7F71CFA9DF80000B5
S21403B08013B05DF804FBE7F7D9B9012070477FB525
S21403B0904FF6FF7101AAE8F799FC20B1BDF80C0042
S21403B0A007B05DF804FB4FF6FF70F9E708B504F048
S21403B0B085FB003818BF012008BD08B51046E9F720
S21403B0C059FDBDE80840E9F713BE7047704770475F
S21403B0D07047704770477047002100B593B06A46C3
S21403B0E00846E7F7E7F9BDF8060013B05DF804FB7A
S21403B0F0002110B592B004466A460846E7F7DAF927
S21403B10000216A460846ADF80640E7F789FC12B008
S21403B11010BD002100B593B06A460846E7F7CAF9A2
S21403B120BDF8040013B05DF804FB002110B592B01F
S21403B13004466A460846E7F7BDF900216A4608460C
S21403B140ADF80440E7F76CFC12B010BD704773B55A
S21403B1500646E8F761FF04463046EBF7DFFE224675
S21403B160034600213046F7F7F9FC0546D0B1FFF752
S21403B17013FE0446284603F095FD0023E21D121A2B
S21403B180294608200093D2B2FBF794FE0138C0B2DA
S21403B190012807D801222946304602B0BDE8704090
S21403B1A0E8F770BF02B070BD134610B50A4600211B
S21403B1B00446F7F7ADFC014628B12046BDE810402B
S21403B1C00222E8F75FBF012010BD07B500931346C0
S21403B1D00A460021F7F716FC28B1002103B05DF8F4
S21403B1E004EBF5F7C1B9012003B05DF804FB2DE9C4
S21403B1F0F04F87B00C4691460746FFF7CAFC054654
S21403B200661C304604F013FA042D40F0908038464E
S21403B210FFF7C2FD0378092203F00303012B14BFD3
S21403B2200223032301212046039303F07BFC092218
S21403B23000210546204603F075FC21788DF817009B
S21403B24001390022204689B2FFF7C1FD04EB090845
S21403B2508346F0B14FF0010A2A460146CDF800A016
S21403B26003980DF11703FBF725FE0228054626D1A2
S21403B270584603F033FD00222070C0B2431E0092EE
S21403B2809BB252465946304604F0D2FA23785344CA
S21403B29023703846FFF773FC020424D498F8013071
S21403B2A021789B071FD50139A1EB09013A46404691
S21403B2B0C9B2EDF74FFC23781844207013E020B989
S21403B2C02070284607B0BDE8F08F032809D1404612
S21403B2D004F0ADF920F4007189B2404604F0A9F9F0
S21403B2E0D7E70428D5D10125002220462178FFF789
S21403B2F06EFD07460028E4D04FF00008014643469B
S21403B30001224046CDF80080FBF7D4FD022819D170
S21403B310384603F0E3FCC2B2013A207093B23946D2
S21403B32001223046CDF8008004F082FAC9E780F0A7
S21403B330800520F0800081B23046C5F3C01504F0C6
S21403B34078F9D1E70028BCD12070BAE708B5002009
S21403B350FFF7F2FB80F00100C0B208BD0A4608B54D
S21403B36001460020E8F78EFEB0FA80F0400908BDDB
S21403B3700020E7F789BC00210846E7F72DB900202F
S21403B380FFF7D8BB70B5044604F051F90422002138
S21403B3900646204603F0C6FB204404F048F9032281
S21403B3A005460021204603F0BDFB204404F03FF988
S21403B3B04FF6FF730540ADB29D4214D1F30712D585
S21403B3C006220021204603F0ADFB204404F02FF9AB
S21403B3D00446E8F7C9FE844214BF02240624E8F7AD
S21403B3E0BDFE204070BD2046FBF77CFFC400E4B2E0
S21403B3F0F5E708B5FFF7C6FF003818BF012008BDFC
S21403B4000120704710B50446FEF7B5FA08B9FEF7F3
S21403B410B4FA03050FD40C231B2B01D1002009E03B
S21403B42020FA03F1C90703F1010206D5DBB2E31ADA
S21403B4305842584110BD0B23F9E71346ECE710B505
S21403B4400C46098819B90846F7F742FB2080012005
S21403B45010BD08B510461A4600F0B8FABDE8084015
S21403B46004F083B870B504460D46164692B06A4695
S21403B470E7F720F86A46294620468DF81F60E7F767
S21403B480CFFA12B070BD10B50C46E9F749FA20465C
S21403B490BDE81040E9F75AB90129F8B505460C4648
S21403B4A01DD003291ED0052920D0072922D0002627
S21403B4B0002400270120E6F741FF304485421DDAC9
S21403B4C00320E6F73BFF2044854219DA0520E6F71A
S21403B4D035FF38448542B4BF07200520F8BD6FF01A
S21403B4E00406E5E76FF004040526E2E700266FF09E
S21403B4F00407DFE7002405272646DBE70120EDE700
S21403B5000320EBE738B5054600242046E6F716FF8A
S21403B5100134A842E4B202D9062CF6D10724204609
S21403B52038BD38B14379490023F00C0301F00C0110
S21403B5300B434371704710B5044678B14179408890
S21403B540490801F006010131000AFFF7A5FF02468C
S21403B55001462046FFF7E5FF104610BD0722FBE72E
S21403B56038B50D46E9F7CAF9044608B9002038BDD0
S21403B570FFF7E1FF002DFAD1237913F00703F5D087
S21403B580984238BF1846C0B2F1E7037923F00703A1
S21403B590194301717047037903F00F0343EA01135C
S21403B5A0037170470022E9F74DBD0021012208B55B
S21403B5B0E9F748FD401A18BF012008BD38B51546FF
S21403B5C0FFF7F0FF0446284604F00EF984B1FF287F
S21403B5D004D0626822FA00F3DB0701D5012038BDE8
S21403B5E00123834013436360E3780133E370F5E795
S21403B5F02046F4E7E9F790BF10B503F053FB00F1DC
S21403B6001004204604F013F820F4007189B2204693
S21403B610BDE8104004F00DB82DE9FF411546019131
S21403B62001218DF80D301B0A8DF80E309DF82C3055
S21403B6308DF80C008DF80F3028460423009103AADA
S21403B6409DF828809DF830709DF8346001F0D8FC92
S21403B650044670B12946FFF7D6FAB8F1000F02D1B7
S21403B6602046FFF7C9FF2FB146B931462046F4F707
S21403B6707BFF0024204604B0BDE8F081002220466C
S21403B6801146E9F7CFFEF4E74FF47A70EAF724B8E9
S21403B690F0B5064687B010461C460F461546FFF71C
S21403B6A07BFB9DF83030184443789CB161780122C7
S21403B6B011F0020F0CBF032100210020CDE9014247
S21403B6C0CDE903100722394630460095EAF7A0F87D
S21403B6D007B0F0BD22462146EFE708B5E7F7AEFE12
S21403B6E0BDE808400020EAF7CFBA00B58BB068463D
S21403B6F0E9F7CEFF009BBDF8060004A90693E9F719
S21403B7006DFF0BB05DF804FB1FB504466846E9F70A
S21403B710BFFF02AB03CB2060616004B010BD1FB552
S21403B720062304468DF80C30EAF73EFC00238DF81A
S21403B7300D00CDE9003301210223204603AA01F0C0
S21403B7405FFC04B010BD70B50C4605460120EBF750
S21403B7501FFB237B4BB1FFF7BFFC014623462A465C
S21403B760BDE870400120EAF7CDBE4FF6FE71F5E75F
S21403B770F8B50E460746FFF70FFB054603F057FFDF
S21403B78000F44040B0F5404F14BF0022062202F1F9
S21403B7900A03EB5C0B325C0004F00E045B081444F3
S21403B7A003F0380338461C44FFF7FBFA844208D2FA
S21403B7B0001BC2B20F2A28BF0F2230462919DFF713
S21403B7C08DFD2046F8BD40F62740ECF713BA13B5B7
S21403B7D0F5F76CF96946044600F0E1FF58B1FFF748
S21403B7E07BFC40B1E7F71EFF28B10023022269461F
S21403B7F02046F2F71BFD02B010BDFF224FF6FF7185
S21403B800ECF744BC07B500210DF10700ECF7CCFDBF
S21403B8109DF8070003B05DF804FB13B5044601A9C1
S21403B8200020ECF7C1FD019A01462046ECF7D2FD55
S21403B830204602B010BDF0B50F46002187B004467F
S21403B84008461646ECF7B0FD012305460DF10A003F
S21403B8508DF808408DF80930FFF756FF092C1DD1E7
S21403B86031460DF1120003F0E4FE05AB002102AAF7
S21403B8709B1A2846CDE90011DBB2642101F0C0FB18
S21403B8800546E0B1092C15D1ECF7EEFD044688B168
S21403B8902846ECF7FDFD204607B0F0BD31460DF116
S21403B8A013008DF812704FF6FF7503F0C2FE0DF10C
S21403B8B01503DBE7284600F02EF80446EBE70446BC
S21403B8C0E9E77FB50D461646ADF80E0003F006FA17
S21403B8D0841BE4B2BDF80E20631B9BB210462946B8
S21403B8E00093731901F0C0FA21460DF10E0001F022
S21403B8F093FA04B070BD38B504460D4603F091FFC5
S21403B90040B1AC4206D0204603F0ECFBBDE838401D
S21403B91000F0DBBF38BD10B50446FFF73DFA023032
S21403B92003F085FE4FF6F7739842204603D9BDE829
S21403B9301040ECF72FBFECF779FFB0FA80F0400920
S21403B94010BD0022ECF74ABE70B50546FFF724FA91
S21403B9500646284601F078FB01462846F7F76AFDB7
S21403B96004462846FFF739F94FF6F773984208D886
S21403B970337803F00303012B05D1A31E5842584125
S21403B98070BD0120FCE70020FAE741F2033330B52F
S21403B99085B00D46ADF808300446FFF79DFB8DF8DD
S21403B9A00A00FFF799FB0021000A8DF80B00052318
S21403B9B02046CDE9001102AA8DF80C5001F020FBB9
S21403B9C010B12146FFF7BDFF05B030BD2DE9F041AC
S21403B9D0044617460D46E1B13F294FF0000600D155
S21403B9E035462046FFF7D5F8082814D1012120460E
S21403B9F003F090F9064603F071F90446304603F067
S21403BA0051F93B4601462A46E0B2BDE8F041FDF750
S21403BA105BBB0126E5E72046FFF7BBF8024630B9D5
S21403BA20BDE8F0414FF6FF71012003F0C9BD204683
S21403BA30FFF7C0F8B0F5006F0ED12046FFF7CDF83C
S21403BA404FF6FF739842014617D0002D0CBF032014
S21403BA500520002203F0B4FD29462046E9F79AFDA7
S21403BA6068B929462046EEF775FB40B932462946A3
S21403BA702046BDE8F041EDF795B90120E9E7BDE8BA
S21403BA80F08137B54FF6F675FDF76AFA431E9BB29B
S21403BA90AB420446F8D8E8F731FF0028F4D16946EC
S21403BAA02046E8F71FFA0028EED0204600F0DCFF19
S21403BAB00028E9D12046FFF778FD0028E4D1204688
S21403BAC0EEF7BCFB0028DFD1204603F0AAFE0028D1
S21403BAD0DAD12046FDF75AFA0028D5D1204603B01E
S21403BAE030BD73B504460E46EEF7A8FB054688B987
S21403BAF02046EEF7FDFB21462B460D224FF6FD7042
S21403BB00009500F056F83146204602B0BDE8704076
S21403BB10EEF7B0BB02B070BD37B5054614460C2928
S21403BB2014D8DFE801F02C132C1313130713131385
S21403BB30132424006946E8F7D5F918B901216846A5
S21403BB40F2F756FF41202946F8F71AF9D4B12046F2
S21403BB50FFF722F9023003F06AFD4FF6F7739842B7
S21403BB6010D9204603B0BDE83040EDF72BB840F6B9
S21403BB70144040F613430B2908BF1846E3E7F6F7CD
S21403BB8021FBE3E703B030BD1FB503460846032198
S21403BB908DF80D308DF80C1001230021ADF80E2022
S21403BBA0CDE9003103AA042301F02AFA05B05DF8B3
S21403BBB004FB2DE9F34106460F4614461D469DF841
S21403BBC02080FFF789FAB04207D100222146384683
S21403BBD002B0BDE8F041FFF79FBF3A463146204624
S21403BBE0FFF7D2FFADF8060060B10D2C05D1002299
S21403BBF04FF6FF71282003F0E3FC35B9BDF80600C5
S21403BC00FFF789FE02B0BDE8F081012342462946CC
S21403BC100DF10600E7F766FBBDF80630002BEDD105
S21403BC20F0E7F7B50C460546FFF7B6F8611C06467F
S21403BC302846F7F7FFFBA11C0746284601F027F91D
S21403BC40014604463846FDF7D7F90D2F34D1204672
S21403BC50EEF7F4FA78B1301D03F0E9FC0446284603
S21403BC60F679FEF7FCFF31460246204603B0BDE8F0
S21403BC70F040FFF7A3BCB01C03F0D9FC4FF6F773F4
S21403BC80984202D92846ECF79DFF2046EEF730FB94
S21403BC90FFF722FAA04205D1002003B0BDE8F0402A
S21403BCA0EEF76ABB6B46B068F16803C36946204685
S21403BCB0EEF7E0FA03B0F0BD2A463946204603B055
S21403BCC0BDE8F040FFF728BF14220021DFF776B95E
S21403BCD02DE9F04F11F00F0704460E4615468FB0B8
S21403BCE05CD10120DCF7E8FD09A8FDF795FA0923E6
S21403BCF009A88DF82430FDF793FA09A8DCF7AEFD02
S21403BD0001A909A8FDF71DFC26F00F08A84404F1B5
S21403BD10100904F10F0A454511D1236901A93344DB
S21403BD20236109A8FDF7F2FB0020DCF7C5FDB6F199
S21403BD30005F28BF272738460FB0BDE8F08F05AA57
S21403BD40234696469446186859680833ACE80300B9
S21403BD504B456246F6D12B46224605F1100B53F8A7
S21403BD60041B5B4542F8041BF9D1714609A8FDF78D
S21403BD70CDFB09A8DCF772FD224621460120DCF73D
S21403BD8057FD013D631E13F8012F15F8011F534598
S21403BD9082EA01021A70F6D15D46BCE70227CAE7BB
S21403BDA0F0B5174685B005460C46102200216846B6
S21403BDB0DFF704F9BFB3C4B30F2C04F00F0608D99A
S21403BDC024F00F043A4621462846FFF781FF40BB7E
S21403BDD02744324639466846DFF780FA80222F69C1
S21403BDE006F1100337446B44B7F5005F03F8102CD5
S21403BDF02F61C6F110061AD3062E1FDDFB001A0E9E
S21403BE008DF80A201A0C5BBA8DF80B20ADF80C30AF
S21403BE106A4610212846FFF75BFF00202B69103B7C
S21403BE202B6105B0F0BD3E46D8E72646D6E7022E80
S21403BE3004DDFB005BBAADF80E30E9E76A46102175
S21403BE402846FFF745FF2B691022A3F110040021B3
S21403BE5068462C61DFF7B2F8B7F5005F4FEAC40314
S21403BE60CDD2E7E770B50E46054686B001A8144660
S21403BE70FFF72AFF3246294601A8FFF791FF22461D
S21403BE80054601AB05AE1C4603CCB44210605160B8
S21403BE90234602F10802F6D1284606B070BDEEF737
S21403BEA009BB0A460021EEF705BBF0B58BB00C467E
S21403BEB001A9EEF7FFFA054680B325220021E01C10
S21403BEC0DFF77CF80123A3700E23BDF810702380E0
S21403BED0FA0510D523464FF4877206AE23F8042BD3
S21403BEE00DF1280C324603CA62451860596016469F
S21403BEF003F10803F6D13B0605D5238843F08003F8
S21403BF002380069B636001AB03CB039BC4F81D0031
S21403BF10C4F82110A361EFF7D9FD606128460BB082
S21403BF20F0BD30B505460C4687B001A8FDF774F999
S21403BF302868696802AB03C39DF8113043F0020218
S21403BF408DF8112074B12288510644BF43F00603CE
S21403BF508DF81130530542BF9DF8113043F00803A6
S21403BF608DF8113001A8FDF752FAB0FA80F04009B7
S21403BF7007B030BD70B58AB00D46002201A904464D
S21403BF80EEF798FA88B1204604A9FFF7CAFF60B116
S21403BF90BDF81060FFF7A0F838B9720601D573052F
S21403BFA003D529462046FDF793F80AB070BD2DE960
S21403BFB0F3410F460546164602F090FE4FF0000882
S21403BFC0C41BE4B2294623463A463046CDF80080E1
S21403BFD003F02EFC0121284602F09CFE88B10121C5
S21403BFE0284602F097FE074602F078FE0546C3B2DF
S21403BFF0424630193946CDF8008003F019FC254433
S21403C000ECB2204602B0BDE8F0812DE9F04F85B0D2
S21403C0100C46054691461F464FF0010ADDF8388068
S21403C0209DF83CB002F05AFE22463B462946064699
S21403C030CDF800A0484603F0FBFB5146284602F025
S21403C04069FE3C4418B35146284602F063FEF6B236
S21403C050B442814610DAE7B2F31BDBB2404622460F
S21403C0602946CDF800A003935F4403F0E1FB039B4E
S21403C070BF1B984407F0FF0B012300220E9349468B
S21403C0805B46404605B0BDE8F04F03F0D1BB5B46C8
S21403C09022462946CDF838A0F3E72DE9F0410026DD
S21403C0A086B0074608460C4615469846CDE902660E
S21403C0B004968DF8146002F011FE411BCBB20D2BD3
S21403C0C028BF0D232A462146009602A803F0B0FB9C
S21403C0D0424602A93846EEF767FC0646294620463E
S21403C0E09DF80820F7F7BAF9304606B0BDE8F081A8
S21403C0F02DE9F04F0E46CBB00121054617461C46E8
S21403C10002F008FE23463A462946814606A8FFF76C
S21403C110C4FF0DF1280A00EB070B524631462846AA
S21403C1205FFA8BFBFFF743FFB34503D200204BB008
S21403C130BDE8F08FABEB06085FFA88F808F1040356
S21403C1409842F3DB331F18440423C4B20193A31BA2
S21403C150DBB20093524643460021CDF808A006A85A
S21403C160DCF71AFB0028E1D1A4EB0B040AEB080367
S21403C170E4B2524628463146009301944346FFF7FD
S21403C18044FF39462846F7F755F9394600F0F802D2
S21403C1902846F7F763F90121284602F0BBFD00287D
S21403C1A018BF4D462846ADF8165002F097FD011FFE
S21403C1B0C9B20DF1160000F02FFE0120B7E72DE9F6
S21403C1C0D841064600F040FF411C044689B230467B
S21403C1D000F00DFF98B394B321463046F7F72AF9DB
S21403C1E000F00C03042B074629D000F00308B8F12F
S21403C1F0020F00D11BBB384600F0AFFF3B060444DA
S21403C200A4B216D5611C304689B200F0F0FEB0B178
S21403C21021463046F7F70EF9B8F1010F014600F054
S21403C22003030CD0032B0AD0384600F0A5FF0319EE
S21403C2309CB221463046BDE8D84100F0D8BE002067
S21403C240BDE8D881F8B5064600F0C0FE05460446AC
S21403C2503046FEF7A1FD43785B0718D5AC1CA4B2A5
S21403C2602146304600F0C3FEB8B129463046F7F7FC
S21403C270E1F80746691C304689B2F7F7DBF81FB1C9
S21403C280874201D8FF2808D104EB4704A4B221460D
S21403C2903046BDE8F84000F0AABE0020F8BD13B54E
S21403C2A0044601A8EEF7D8FDBDF80430DA0710D42B
S21403C2B09B0707D410220021204602B0BDE8104099
S21403C2C0DEF77CBE224621461020FFF7CBFD002872
S21403C2D0F0D102B010BD024608B5EEF7E5FD5105F4
S21403C2E044BF0838C0B2130544BF0838C0B208BDFF
S21403C2F0F0B5D30705460C468BB04AD5008800F048
S21403C300A3FE00230646029314B9CDE9034403AC07
S21403C310002208212046FEF771FEA8B12888FEF702
S21403C3203BFD023003F083F921460746E7F7DAFDC3
S21403C33050B1002240231146384600F01DFA40F65D
S21403C340094528460BB0F0BD31462888F7F772F842
S21403C35010F0030F0CBF01260026EEF7EFF846EAAF
S21403C3604000C0B200900021204602AB05AAF0F7B9
S21403C37005F80546EEF7E2F80028E2D0002DE0D0F7
S21403C38000212046009602AB05AAEFF7F7FF054605
S21403C390D7E740F60A45D4E700231A46EFF748BF27
S21403C3A030B58BB005AD04462846FCF735FF0223AF
S21403C3B0284601A98DF81430FDF7C3F8234601AAD1
S21403C3C0144603CCAC4218605960224603F10803B6
S21403C3D0F6D10BB030BD08B5002302461946184601
S21403C3E0EFF726FF012008BD37B504466846EFF78A
S21403C3F097FF054648B1082221466846DFF72AF923
S21403C400B0FA80F0400903B030BDFF220821204671
S21403C410FEF7F4FD034628B106212846FFF7BCFFC6
S21403C4200120F0E722460146EFF702FFF8E707B5DB
S21403C4306846EFF775FF10B16846FDF700FA00F09F
S21403C440010003B05DF804FB0120F0F7A3BC7047BE
S21403C45037B504460846FEF7DCFB0546FEF73CFE0A
S21403C46000230146009322462B460120F5F7CEFF14
S21403C47003B030BD30B50124054689B003A8FCF7E8
S21403C480CBFE01A88DF80C40DCF746FA9DF8062093
S21403C4909DF80730AA4209D0AB4209D103A88DF80C
S21403C4A00D40DCF7DBF9012009B030BD0024F5E7C9
S21403C4B00020F9E700221021FEF7A0BD7FB50D4648
S21403C4C000F582300D22694600F58070D0F70AFC2D
S21403C4D06B462A4602AE1C4603CCB442106051603B
S21403C4E0234602F10802F6D12068106023791371FF
S21403C4F000236B7304B070BDF0B585B06A4605467D
S21403C5000B46164601F1080714461868596808339F
S21403C51003C4BB422246F7D118680D2220601B795C
S21403C52005F582303146237100F58070D0F706FC9E
S21403C53005B0F0BD38B504460D46DBF7B1FCA042A6
S21403C54005D920462946FFF7B9FF002038BD282025
S21403C550FCE730B5002485B08DF80040DBF7A0FC7F
S21403C560E5B2A84204D8F2F7A7F8002005B030BD1C
S21403C57069462846FFF7C0FF0134EFE738B504469F
S21403C580002002F07FFDFF2805460FD002F002FED2
S21403C59010F0010009D0284602F0FCFD400840EAEE
S21403C5A0C17080F0010000F0010038BD04F0010006
S21403C5B0FBE70146F8B506460020F1F7B7FFFF286C
S21403C5C001D00120F8BDDBF75BFC00240546871C81
S21403C5D0DBF75AFCE3B2984201D80020F2E735F8BD
S21403C5E02430B34203D117F82430002BE9D10134A9
S21403C5F0EEE738B50D460121044602F08BFB30B159
S21403C6000121204602F086FB2880012038BD204603
S21403C6102C8000F00EFE0130C0B2F7E72DE9F0479C
S21403C62088B00746894610460DF10A011D46904616
S21403C630FFF7DFFF4FF0000ABDF80A6004463046F6
S21403C640CDE905AACDF81BA002F048FB031BDBB21D
S21403C6500B2B28BF0B2322463146CDF800A005A896
S21403C66003F0E6F848F21F039D4243D00BD885F447
S21403C6700043012B15D923464246494628460097D0
S21403C680FDF730F933E048F23A039D42F3D1FEF763
S21403C69023FDB8422BD02246414605A8FDF757F99D
S21403C6A025E09DF8143013BBBDF81D40DDF81500DA
S21403C6B0DDF8191003AB03C3204603A9DBF712FE0C
S21403C6C00122204603A9EDF78BFEA74206460ED0AD
S21403C6D0012103A8F2F78CF948F201039D4206D123
S21403C6E02EB9334632463946204600F046FE08B099
S21403C6F0BDE8F0879DF81450002DF8D12F469DF81D
S21403C70015800234EAB24245F1D2D200D2B22244B4
S21403C7100823314692B2009703A8CDE9037703F0C6
S21403C72087F803A8F4F7F2F902F0DCFC00F0CDF882
S21403C7300135E7E708B5E6F781FEBDE80840F2F7FE
S21403C74095BB10B50024418084800480C280038199
S21403C75010BD13B5BDF81040CDE900340023F2F741
S21403C760EDFC02B010BD13B5BDF810400190009467
S21403C770F2F7E4FC02B010BD07B500930123FFF700
S21403C780F2FF03B05DF804FB0123F2F77DBD012140
S21403C790F3F7EABE01464FF6FF70F3F70DBE10B58A
S21403C7A00C4602F09FFCFF2808D0F4F797F920B157
S21403C7B00368236043680120636010BD0020FCE724
S21403C7C010B50446FEF7F6F9B0F5006F204605D11E
S21403C7D0FEF703FABDE8104002F084BCFEF719FA30
S21403C7E0BDE8104003F019B808B502F07BFCFF283B
S21403C7F00CD002F0CFFC10F0010309D0400840EA49
S21403C800C17080F0010000F0010008BD0020FCE7C5
S21403C8101846FAE71FB500F582300B2201A900F58A
S21403C820C070D0F75FFA9DF80E0005B05DF804FB04
S21403C83030B589B001F0010503A90446F4F770FD8D
S21403C8409DB190B9204602F0A5FC10F0010109D075
S21403C850204602F09FFC430843EAC17383F00103BA
S21403C86003F0010103A8F2F7C3F82046F5F7F0FC3E
S21403C8709DF81430294600932046BDF8162003ABD6
S21403C880FCF79EFB09B030BD7FB50C460546F4F7B2
S21403C8900DF9A04217D04FF6F7739C4213D805F54F
S21403C8A0823606F5C0760B2201A93046D0F71AFA6F
S21403C8B001A90B223046ADF80C40D0F73FFA2146CB
S21403C8C02846F4F745F904B070BD10B50446DBF707
S21403C8D0EDFAA0420FD92046F4F7E8F84FF6FF73B7
S21403C8E0984208D020460021FFF7A2FF2046BDE865
S21403C8F01040F4F76FBD10BD10B50446FEF7ECFB11
S21403C9000023024619462046BDE81040F4F7BCBE95
S21403C9102DE9F04114460F4605469846FEF73CFAC5
S21403C9200646043002F083FE20802846FEF797F979
S21403C9306080B379791CE372C9B22846F6F77AFDAC
S21403C940B91CA072C9B22846F6F774FDFE1C207205
S21403C950F6B2B8F1000F18D03146284600F097FA21
S21403C9600537FEB23146A080284600F090FAB11C87
S21403C970E080C9B22846F6F75DFD6072217AA0888A
S21403C9800122BDE8F041F5F79FBB2088EAE72DE9D1
S21403C990F04186B090461E4604460D46FEF79CFBC5
S21403C9A04FF6F7739845074632D80523A0428DF80D
S21403C9B00C304FF0010214BF012300234FF0000197
S21403C9C018BF8DF80D30CDE9002114BFADF80E0069
S21403C9D08DF80D30284614BF0423022303AA00F063
S21403C9E00FFB0546A0B1A7421AD0FEF7D5F90746B6
S21403C9F021460430803E02F01CFE2046FE7104A948
S21403CA00FFF7CDFE40B9204604A9E6F77FFF18B925
S21403CA10002006B0BDE8F081284604A900F07EFB9E
S21403CA2041462846FEF78DFFF3E7037923F0030319
S21403CA30194301F03F010171704707B50DF1070176
S21403CA40F5F7E8F903B05DF804FB08B5FFF7F5FF63
S21403CA5018B1BDE80840F5F72DBA08BD00224FF619
S21403CA60FF701146F5F730BB10B50446FFF7E5FF38
S21403CA70024638B901462046F5F726FB003818BFAC
S21403CA80012010BD0120FCE7F8B5174604460E4604
S21403CA90FFF7D3FF0546386068B1037903F0030355
S21403CAA0337023B93A68137903F03F0313713B6875
S21403CAB05C882046F8BD01462046FEF751FD074632
S21403CAC028B1E8F729F9874201D83570F1E73146EE
S21403CAD02046FCF701FF0028EBD003234FF6FF7434
S21403CAE03370E6E707B501AA0DF10301FFF7CCFFA4
S21403CAF09DF8033053B9019828B1037913F0300F2A
S21403CB0014BF0120002003B05DF804FB0020FAE701
S21403CB102DE9FF410646104688461546F3F7F6FF0D
S21403CB200746FEF7D9FA044648BB4FF6FF739E4204
S21403CB3025D09F4206D00146384604B0BDE8F041F2
S21403CB40EBF7B4BB07238DF804302B680246CDF809
S21403CB5005306B68092101A8CDF80930FEF737F9CF
S21403CB60024618B9192004B0BDE8F08101234146F6
S21403CB703046F0F705FE0028F4D02046F3E70220FF
S21403CB80F1E72DE9F04390460F4606464FF00109BC
S21403CB9091B00BA803ADFCF73FFB07AC29460BA8E7
S21403CBA0ADF82C90FCF7CDFC95E80F0084E80F0059
S21403CBB04B46002239463046CDE90048F0F7FCFEE6
S21403CBC011B0BDE8F0832DE9F04F002785B081460C
S21403CBD00C467E2039469846BDF83CB09DF844A0E6
S21403CBE0BDF84C500192ADF80E7002F0CFF8064631
S21403CBF0002800F0AA8002F055F839467E22DEF7B8
S21403CC00DDF9304602F04EF80090304602F04AF85E
S21403CC10B9F1FF0F0CBF274644F003073B0A14F491
S21403CC204062077043705FD14FF00808C31C184674
S21403CC3042460199DEF714FA034604F4404443449B
S21403CC4084B1790606D419464FEA1B2201F802BBC3
S21403CC505A700B46B4F5004F56D0A4F540425442E2
S21403CC605441E400224618460E99DEF7F9F9009A75
S21403CC7003462044A0EB02085FFA88F89DB14FF400
S21403CC807C521A53841C284602F00CF88346284626
S21403CC9002F024F8C5B22A4659462046DEF71EFBA4
S21403CCA060190235EDB2B9F1FF0F2FD05246109935
S21403CCB000F8019BDEF712FB08F101015AFA81F135
S21403CCC029443046E6F7A4FA0C210022FF0007F0B9
S21403CCD0800710463943FEF73DF8ADF80E00E8B975
S21403CCE0002005B0BDE8F08FB2F5006F80F8038032
S21403CCF04FEA182880F8048000F1050314BF4FF0AC
S21403CD0008084FF0020892E70224ABE708EB0A0193
S21403CD1029443046E6F77CFA0821D6E7304601F088
S21403CD20C1FF0446304601F0D9FF012302462146DF
S21403CD300DF10E00E6F7D6FA0028D1D10121BDF891
S21403CD404820BDF80E0001F0F9FFBDF80E00C8E755
S21403CD5010B50C46098821B90846F5F7B9FE2080B8
S21403CD6008B1012010BD0220FCE72DE9F0478046FC
S21403CD700F460646002402F1FF39BC4202D219F8D8
S21403CD80015F25B9A6EB080080B2BDE8F0879A4696
S21403CD90A5F13102012A5AF8041B10D83246322D67
S21403CDA002F8011B06D10134A4B2A74232D30912FA
S21403CDB0B21C7170013453461646A4B2DDE7342D17
S21403CDC00CD10334BC42DDDA0B0A317073700B0CE2
S21403CDD0090EB370321DF170A4B2EBE7A5F133026E
S21403CDE0062A0DD8303DADB22B19BB42CADA2A4605
S21403CDF03046013CDEF734F915FA84F47219EBE792
S21403CE00A5F14102062A01D8373DECE79D8803F1D8
S21403CE10080AE9E71646B5E770B5054600880C46E6
S21403CE2001F05CFFA04228880AD201F057FF0023D6
S21403CE30221A19462846BDE8704092B2E6F752BA5F
S21403CE402146E6F7E5F9002070BD38B5054601F042
S21403CE5029FF0446284601F041FF002201462046EA
S21403CE60BDE83840FDF7B3BFF8B516460C461D4679
S21403CE70BDF8187001F016FF0444304601F012FFA7
S21403CE803A4641192046BDE8F840DEF7E9B870B5E2
S21403CE900C46013189B20646F6F7CCFA214605461A
S21403CEA03046F6F7C7FA00EB052080B270BD1FB513
S21403CEB00123ADF80C2000930A460223014603A87B
S21403CEC002F0B6FC05B05DF804FB0FB437B5069D5B
S21403CED00021A8B201F05AFF044601F0E3FE2CB18C
S21403CEE0002207AB0193D1B28D4205D8204603B08A
S21403CEF0BDE8304004B0704753F8041B8154013238
S21403CF00F1E773B504460D4640200021164601F0AE
S21403CF103DFFADF8060001F0C5FEBDF8063013B9B7
S21403CF20002002B070BD402133462A462044FFF756
S21403CF301CFF211889B20DF10600FFF76DFF0028CC
S21403CF40EED1BDF80600ECE70EB403B503AA52F81B
S21403CF50041B0192FFF7D5FF02B05DF804EB03B0A4
S21403CF6070472DE9F7430F4601218146164601F027
S21403CF70D1FE054658B1FFF768FF308088B92846CA
S21403CF8001F0ACFE68B1192003B0BDE8F083484653
S21403CF9001F0A4FEFF2FA0EB0704E4B214D014B9EB
S21403CFA034800020F0E72A4621462846FDF70FFF87
S21403CFB080460028E7D03B464A4629460094FFF7BA
S21403CFC053FFA6F80080ECE70120DDE708B5FDF780
S21403CFD0E3FE437803F001001A074CBF1030083015
S21403CFE0DB0644BF0830C0B21030C0B208BD10B56F
S21403CFF00C4601F073FEA04234BF0020012010BD92
S21403D0007FB514460091024641F2092141F60920F4
S21403D0109DF820601D46002E18BF0146099B002080
S21403D020F6F730FAADF80E0010B9002004B070BD64
S21403D03001232A4621460DF10E00E6F753F9002890
S21403D040F3D1BDF80E00F1E738B50546FFF7BEFF8E
S21403D0500446284601F042FE631C9BB283420FD867
S21403D0602846FDF799FE43785B0707D521462846F1
S21403D070F6F7E0F9013004EB4004E4B2204638BD8D
S21403D0800024FBE71FB5ADF80E0001F027FE0446AB
S21403D090BDF80E00FFF7D8FF00F10E03DBB2BDF8B4
S21403D0A00E200146E01A80B200901046FFF7DCFE21
S21403D0B0A4F10E0189B20DF10E00FFF7ADFE04B028
S21403D0C010BD4278034612F0080006D0D20702D4F9
S21403D0D003F10800704703F10900704737B50546AA
S21403D0E00C46FDF759FE437813F0100212D09CB19C
S21403D0F003F001021B074FF0000329460093204666
S21403D1004FF0080354BF1832203202F091FB01207F
S21403D11003B030BD1046FBE72046F9E773B5054676
S21403D1200C46FDF739FE437813F0100211D094B184
S21403D130012603F001021B0729464FF00803204689
S21403D14054BF18322032009602F072FB304602B00B
S21403D15070BD1046FBE72046F9E700F00303012BFA
S21403D16008D0C30606D400F00C000C2814BF082011
S21403D1700920704702207047034611F0030005D0CC
S21403D18003F00303022B14BF022003207047F8B5F5
S21403D1900C46064601F0A2FD631C834202D9002515
S21403D1A02846F8BD21463046F6F744F90746FFF70A
S21403D1B0D4FF3B060546F3D50444304601F08EFD06
S21403D1C0A4B2631C9BB28342E9D821463046F6F7E5
S21403D1D031F901463846FFF7CFFF2844C5B2DFE7EB
S21403D1E070B506460D46FFF7D2FF044610B9002475
S21403D1F0204670BD29463046F6F71CF98206F7D559
S21403D200304601F06BFD2544ADB26B1C9BB28342E6
S21403D210EDD829463046F6F70DF900F01803082B2B
S21403D22014BF05340634E4B2830644BF0834E4B2BC
S21403D230DEE738B50546FFF707FF044608B90020C2
S21403D24038BD01462846FFF7CBFF0028F7D0204419
S21403D250C0B2F5E72DE9F04387B005460C46FDF767
S21403D2609BFD804602F0E3F907462846FFF7ECFEEF
S21403D270064601462846FFF78AFF00220346009229
S21403D2802946324602A802F0D3FA9DF8086006F053
S21403D2900C030C2B06F003090BD0B9F1010F59D080
S21403D2A0F10657D49DF809300DF10A050020637185
S21403D2B007E0FF230DF10900637102F0B8F90DF1E1
S21403D2C00B05208198F80130DA0704D508F102002F
S21403D2D002F0ADF92081B9F1010F5FFA89F83DD06C
S21403D2E0F3063BD4284602F0A2F96080A81C02F09D
S21403D2F09EF9053515F8013C208023712B78B0067E
S21403D300A37206F0400348BF43F02003390627D52F
S21403D31043F40073F80448BF43F48063390548BFF9
S21403D32043F400633206E38011D56A7812F00302F1
S21403D3300DD06FEA43436FEA5343A978B8F1020F5F
S21403D340E3800B4611D1EB7841EA0321218107B034
S21403D350BDE8F083FF230DF10905A7E7FF23CCE71C
S21403D3607A0648BF43F48073D4E7012A04BF0B024E
S21403D3709BB22381EBE7F6F761BD0BB1F6F7CABDA7
S21403D3800AB9F6F743BEFF21F6F76CBD431C08BF88
S21403D3900020DFF7C9B80000034B5868C0F3080045
S21403D3A0003818BF0120704700ED00E0014B1868F5
S21403D3B0704700BF48690020084B1B6F03F0070344
S21403D3C0022B04D0032B05D0012B05D0FEE7044B1C
S21403D3D018687047034BFBE703487047008000500C
S21403D3E04869002050690020002D310108B5FFF779
S21403D3F0E3FF054B1B6FC3F301330133B0FBF3F0BD
S21403D400024B186008BD00BF00800050446900202E
S21403D4100048704700B4C40400487047002D31012B
S21403D420014B1868704700BF50690020174A93687D
S21403D430C3F304430C2B0AD8DFE803F00B090909EE
S21403D4400909072119091B1D1F00114870470020F1
S21403D4507047936803F04073B3F1807F11D0B3F144
S21403D460007F10D0002B0B4818BF002070470A48D7
S21403D47070470A4870470A4870470A4870470A4880
S21403D48070470A4870470A48704700BF0040015A71
S21403D490405DC60000093D00C0EA210180BA8C0148
S21403D4A00048E801005A62020024F40080841E004B
S21403D4B040420F00014B1868704700BF4C690020BC
S21403D4C007B500F065FC6A4600F0C2FC18B14721B8
S21403D4D0034801F0CEFFDDE9000103B05DF804FB6D
S21403D4E0D7FF03000229F8B596BF104B00245C5CF7
S21403D4F0012805460E4608D0022809D008B944F08C
S21403D50002040B4B1F6837B9F8BD44F00804F8E76C
S21403D51044F02004F5E77B681A68144203D03146CA
S21403D52028465B6898473F68EDE700BF42970400CC
S21403D5303C3E002038B5104D2B78ABB10F4C23780A
S21403D5401BB100F031FA00232370002001F0A4FF82
S21403D5500B4C50B100F07AFA0023012120782B708F
S21403D560FFF7C0FF0123237038BD0122054B1A7055
S21403D5702278054B1A70F7E7365F0020345F0020E9
S21403D5803B5F0020375F0020385F00200E490B7892
S21403D590FF2B01D198B170470BB990B9704700289B
S21403D5A014BF0122FF2213440B7060B1074B1B7894
S21403D5B0012B08D9064B1B782BB9FFF7BBBF1A46BE
S21403D5C0F1E70122EFE770473A5F00203B5F002058
S21403D5D0375F002010B501F04AFE064B04461B7861
S21403D5E01BB1BDE8104001F03DBEFFF7A3FF204688
S21403D5F0F7E700BF335F002002282DE9F04147D04C
S21403D60029480378FF2B41D1002941D11A461344F8
S21403D610DBB2037000293BD0244E3278012A37D977
S21403D620002B3ED001F023FE214F04463B780BB37C
S21403D630204D2B781BB901222A701F4A1370DFF87E
S21403D6407C8098F8003023B100F0AEF9002388F808
S21403D6500030204601F006FE012001F01DFF01F018
S21403D66006FE2B7804461BB100F0F0F900232B705E
S21403D67000233B70204601F0F5FD01243078A042DC
S21403D68006D02146FFF72EFF347001E013B931B9F7
S21403D690BDE8F081002914BF0122FF22B7E701226B
S21403D6A0B5E70224EAE700BF3A5F00203B5F0020AD
S21403D6B0365F0020335F0020375F0020345F002092
S21403D6C02DE9F04385B0EFF3108572B6AFF3008013
S21403D6D001F0B7FF002800F09280624E624F337865
S21403D6E023B10020FFF752FF00233370387878B950
S21403D6F003A900F01DFB044650B95C4B039A1B6854
S21403D7009A4200F284800120FFF740FF0123337022
S21403D7103B78002B40F09980554B1B78002B00F08C
S21403D72091804FF00208534CDFF86891207840450B
S21403D73007D099F8003013B94146FFF7D3FE84F8B3
S21403D7400080B8F1020F0FD1DFF8248198F800307B
S21403D75053B9494B1B7823B900F020F90122474BF4
S21403D7601A70012388F80030207800F0F7F899F84B
S21403D770003013B1424B1B782370AFF3008028466A
S21403D78001F085FEEFF3108572B63E4B1A7852B160
S21403D79000221A703A4B20781B78984203D1012155
S21403D7A02170FFF79FFE384800F082FA01F05DFF14
S21403D7B08046002893D12E4F3B789BB189F8000012
S21403D7C0DFF8B89099F800301BB100F0EDF889F84F
S21403D7D00080002001F060FE002839D000F036F902
S21403D7E000233B70337823B10020FFF7CFFE0023DE
S21403D7F0337000212078FFF775FE00232370AFF304
S21403D8000080284605B0BDE8F04301F040BE1F4B3C
S21403D810D3F8008000F048F9039B80449845BFF492
S21403D82072AF00F03BF98200039942F0020292B213
S21403D830CDE900422346164AA1EB0801124801F03F
S21403D8402DFE65E700F09CF86BE74FF001086AE7EA
S21403D850012000F083F8284601F019FEEFF3108547
S21403D86072B6B6E7355F00203A5F0020443E0020DC
S21403D870365F00203B5F0020395F0020345F0020C6
S21403D880385F0020315F0020483E0020403E0020E5
S21403D890D5D50300375F002010B501F0E8FC002261
S21403D8A0054B1C781A7001F0DDFC00F005FBE4B2B2
S21403D8B02043C0B210BD00BF325F002038B501F070
S21403D8C0D6FC094B05461B78012B04D801F0CAFC8D
S21403D8D00024204638BD054B1C6800F0E5F80444D8
S21403D8E0284601F0BFFCF4E73B5F0020403E0020E3
S21403D8F01549164A0B6F10B503F007031360144A55
S21403D900144C9269032B02F00200C2F34002227009
S21403D91017D0D1F8203103F00703022B11D0D1F82A
S21403D920803203F001030C4A137048B143B9064B27
S21403D930D3F8003103F00303591E4B424B411370D7
S21403D94010BD0123EFE700BF00800050A43E002077
S21403D95000C00150405F0020415F0020012805D031
S21403D9600238012808D80020CCF7C6BC034A13693E
S21403D97023F00403136130BF704700BF00ED00E0DF
S21403D980044B054AD3F8203103F007031360F7F777
S21403D99012BF00BF00800050AC3E00200122014BA6
S21403D9A01A7070473F5F0020F8B51F4B1B78002B9B
S21403D9B039D01E4C2378B3B91D4B9A6DD10302D5CB
S21403D9C0DA6D92072FD49B6DDB072CD401F0A9FDEB
S21403D9D0184B194A1860136F23F0070343F0030329
S21403D9E01367FFF703FD01F09CFD124B134D1B68F5
S21403D9F0134EC01A2B78134F56F8232046F82300ED
S21403DA00111A3A681048521A0A213A600932B2FBD0
S21403DA10F1F20133DBB20260B3FBF1F201FB123326
S21403DA202B7000232370F8BD415F00203E5F00206B
S21403DA3000C000509C3E0020008000503D5F002048
S21403DA40743E0020703E00206C3E002008B5F7F7B9
S21403DA50B3FE0D4A0D49136F096823F007030B4302
S21403DA6013670B49D2F82031096823F007030B43E9
S21403DA70C2F82031074B1B7813B10122064B9A627A
S21403DA80BDE80840FFF7B2BC00800050A43E00206B
S21403DA90AC3E0020415F002000E00050014B1878A8
S21403DAA0704700BF415F0020054B187818B1054B3F
S21403DAB0186800EBD000044B1B681844704700BF7F
S21403DAC0415F00206C3E0020A03E002008B50D4BB1
S21403DAD01A7892B100221A700B4A136F23F00703C9
S21403DAE043F001031367D2F8203123F0070343F012
S21403DAF00403C2F82031FFF779FC0122034B5A676F
S21403DB0008BD00BF3F5F00200080005000E00050CB
S21403DB100D490B68A0B10022A3B1834203D18368E9
S21403DB2022B90B6003E01A469B68F5E793608368A7
S21403DB300BB9002070475A6941690A445A61F8E7ED
S21403DB402220704702207047B83E002010B501F02F
S21403DB5004FD0A4C0A4B19682368C31A09B92060E6
S21403DB6010BD002BFBD04A699A423ABF9B1A00228B
S21403DB70D21A4A6128BF00238968EFE7B43E002023
S21403DB80B83E002038B5154D2B682BB35B69B3B18F
S21403DB90134A022014681C4400F088FA204600F05A
S21403DBA047FA00220F492B680A70012A05D823B1C9
S21403DBB0D88880070AD501230B70002038BD0220C1
S21403DBC000F074FA022000F093FAEAE79B68002B51
S21403DBD0F3D058690244E8E72220EFE7B83E002076
S21403DBE0B43E0020435F0020C38870B504460D464C
S21403DBF03BB9FFF763FE8542064602D2F8F757FFA6
S21403DC0035460E4A656113689BB91460A3600FE03E
S21403DC102D1A986819466561034618B15869A842D3
S21403DC20F6D941B18C60A36013B15A69521B5A618D
S21403DC3070BD0021F2E71460F5E700BFB83E002090
S21403DC4070B516469DF81420C0E903360271049A8F
S21403DC50BDF818300260002204460D468260C38079
S21403DC6006BB01F07AFC2844A0613DB9E368656110
S21403DC7013B120462168984796B1354601F0F7FA66
S21403DC800646FFF763FF29462046FFF7ADFF074B1F
S21403DC901B68A34201D1FFF775FF304601F0E2FA95
S21403DCA0002070BD01F059FC3044DDE7B83E00208B
S21403DCB0F8B50546D0B101F0DAFA0646FFF746FF97
S21403DCC00B4B28461F68FFF723FF044620B1304658
S21403DCD001F0C8FA2046F8BDAF42F8D1FFF752FF6D
S21403DCE02228F4D1022000F0EDF9F0E72224F1E730
S21403DCF0B83E002038B50C460546A8B1A1B10023AE
S21403DD000B7001F0C1FA0121084B1B6833B901F00F
S21403DD10B6FA002038BD9D4204D121702278002A2D
S21403DD20F9D0F4E79B68F1E72220F3E7B83E00203A
S21403DD30F8B506460F4601F0A7FA00250446124B2F
S21403DD401B6823B9204601F09AFA1B2011E05A6992
S21403DD501544DA88B2420DD101F0FFFB0B4E33684F
S21403DD60C01AA8420AD3002320463B6001F087FA74
S21403DD700020F8BDFF2EEFD09B68E2E701F0EDFB35
S21403DD8033682B441B1AEFE7B83E0020B43E00204E
S21403DD9070B501F079FA064601F0DFFB084B04463E
S21403DDA001201D6801F0C9FB18B101F0D6FB04463B
S21403DDB00135304601F063FA2046294670BD00BFA0
S21403DDC0C03E0020014B1868704700BFBC3E0020D1
S21403DDD0F8B50C4B05461B680E4683420FD300244A
S21403DDE040F2E7302146084B4FF47A721F6800234F
S21403DDF0E5FB0701DCF776FD30602046F8BD212001
S21403DE00FCE700BFB03E0020BC3E00200F4B10B521
S21403DE101A689AB14FF47A71531E1342A0FB01019C
S21403DE200ED1B2FA82F2C2F11F04531CD243E04071
S21403DE3001FA03F3184321FA02F20243104610BD17
S21403DE400023DCF74FFD0246F8E700BFBC3E002088
S21403DE5038B5164B14468342154B8B4123D3154BCB
S21403DE601A6802B34FF47A75A0FB050305FB01316C
S21403DE70531E134211D1B2FA82F3C3F11F055A1C83
S21403DE80DB4301FA02F2E84021FA03F31043184396
S21403DE90E940C4E90001002038BD0023DCF722FD79
S21403DEA0C4E90001F7E72120F6E700BFEFA7C64B5A
S21403DEB037894100BC3E002010B501F0E5F9034B5D
S21403DEC01C7801F0DCF9E4B2204610BD425F002066
S21403DED008B5084B1B7803F0FF004BB101F021FB9C
S21403DEE0054B1B689B69C01A02288CBF00200120C3
S21403DEF008BD00BF435F0020B83E0020C2072DE9DF
S21403DF00F843044607D5474A136801331360FFF7FF
S21403DF101DFEFFF737FEA30740F1818001F0B4F939
S21403DF204FF0000805464646FFF710FE3E4F3C6896
S21403DF300CB16369A3B100223C4B012E1A7003D1C6
S21403DF4018F0020F18BF1E70FFF71CFE222802D11E
S21403DF50022000F0B7F82846BDE8F84301F08FB971
S21403DF6023465A693AB91A792179914288BF1C46E1
S21403DF709B68002BF5D1284601F081F9D4F8108070
S21403DF80B8F1000F3FD001F0E8FAA269851AEB1743
S21403DF90454573F1000337DB23691344A36101236B
S21403DFA02269CAB1C3B9A38BB8EB050833B1E28BB8
S21403DFB013449BB2B3F57A7F1CD2E38301F064F972
S21403DFC0054641462046FFF70FFEA3692269284609
S21403DFD01344A36101F053F9E36813B120462168A3
S21403DFE09847B4F8068001F04FF901360546FFF767
S21403DFF0ADFD9CE7A3F57A73E383A36918F1FF38B5
S21403E000013BA361DAE7454601F03EF98146204627
S21403E010FFF77EFD484601F032F90023C0E7BDE86E
S21403E020F88300BFC03E0020B83E0020425F0020B9
S21403E03010B5044601F01BF94FF0B042936A190776
S21403E040FCD4136A116C5269120704D4CA1A032A41
S21403E05001D899420ED1E21A022A98BFDC1CB4F109
S21403E060FF3F38BF013C4FF0B04308221C6403F562
S21403E07080539A6101F0F6F8054A13783BB14FF0E6
S21403E080B041CB6B43F00203CB630023137010BD88
S21403E090ED6E002007B5044B01A9187901F08DF940
S21403E0A0019803B05DF804FB8095040000F00103BB
S21403E0B08207034A48BF43F008039361704700BFD3
S21403E0C000100058820700F001030AD50121064A12
S21403E0D043F0080311704FF0B041CA6B22F00302FD
S21403E0E0CA63024A93617047ED6E00200020005811
S21403E0F0830742BF0822014B5A617047001000583D
S21403E10073B502AB164603E90600044600F052FF59
S21403E1100546204600F05EFF9DF800208DB1202CBA
S21403E12033780ED8012B2ED84FF6FF752D4803EB08
S21403E1304313234430F81310A94202D0013120F8C8
S21403E1401310294B294E33F8141036F81400814265
S21403E15032D34FF6FF75A9424FF0010502D00131C5
S21403E16023F8141004F0FD01092927D1998AB68AE9
S21403E1700A44B242B4BF9A829E8233F81430834272
S21403E18027D202B070BD022BDBD14FF6FF704FF6DD
S21403E190FF75144B33F81410814218BF013104F194
S21403E1A0210018BF23F8141033F81010A9421CBF1F
S21403E1B0013123F81010C4E70025D0E71D2CDCD16D
S21403E1C0598F8E18864203DA01390A445A87D4E7F0
S21403E1D05887002DD5D1204602B0BDE8704001F027
S21403E1E0D7B900BF545900202C5A0020D859002014
S21403E1F038B50D46044601F047F8064A13889BB225
S21403E2002DB123431380BDE8384001F038B823EA24
S21403E2100403F7E71A5E00200022034B01214FF4A4
S21403E22080701A70FFF7E4BF7165002008B5054BD0
S21403E2301868FCF7C1FB00F00300C31E58425841A0
S21403E24008BD00BF4056002038B5044601F03EFA2C
S21403E2500C4B05461978187981420FD0631E082B9C
S21403E2600CD8DFE803F0050D0B0D0B0D0D0D0D009F
S21403E27000220146044B1868FCF79CFB284638BD71
S21403E2800022F7E71B6F00204056002038B54FF0FA
S21403E290FF300C46FFF77AF80A4B05461868FFF777
S21403E2A075F8641B241A20B210F1630F06DB10F115
S21403E2B0240F05DA64308000C0B238BD0020FCE7C6
S21403E2C0FF20FAE74056002008B5134B1B78062BB1
S21403E2D004D040F62101114801F0CBF8104B1B88FF
S21403E2E01B0704D440F622010C4801F0C2F80D4B7C
S21403E2F02A201978FFF7A8FF00210820FFF778FFE8
S21403E3000222094B1A70094B1868E3F703FBBDE8B2
S21403E310084001F02AB900BF71650020E5910400AA
S21403E3201A5E00206E650020506F002040560020C5
S21403E33010B50E4C236823B940F6A3410C4801F0F0
S21403E34098F82068013001F072F900F007000328FE
S21403E3500AD1246809220121204600F0E3FB205C51
S21403E360031F5842584110BD0020FCE730560020DA
S21403E370E591040038B50C4640B100210420FFF7B0
S21403E38037FF01F0F2F8012C1DD038BD244B1B8853
S21403E3909B07F6D50129234A2FD1117869B3013992
S21403E3A0C9B2117011B92020FFF722FF0021022005
S21403E3B0FFF71EFF04221C4B00211C481A7000F0B6
S21403E3C05DFD01F0D2F81A4C2068013001F02FF9F8
S21403E3D000F44060B0F5006F1FD1246801210422C9
S21403E3E0204600F09FFB204401F021F90146BDE8DA
S21403E3F038400022202001F0E3B800210D4D022012
S21403E4001170FFF7F5FE2B78FF2B04D040F29961CD
S21403E410094801F02EF82C70B3E74FF6FF71E6E7D4
S21403E4201A5E00207065002071650020506C002085
S21403E43030560020516F0020E591040038B5134C88
S21403E44005462388580709D5FFF7F0FE014607203F
S21403E450FFF7FAFEFF210120FFF78CFF23889907B9
S21403E4600BD50B4B284619788A1F51425141FFF7AB
S21403E470EBFE01210020FFF77DFF23881B0703D552
S21403E480BDE83840FFF720BF38BD00BF1A5E002046
S21403E49071650020F7B5124CD4E9006586EA020CD4
S21403E4A085EA03070CEA000C0F405CEA070E15D05A
S21403E4B086EA0C067D40C4E90065CDE900230B46D9
S21403E4C0084902460868FBF739FE38B14FF4FD7178
S21403E4D0054803B0BDE8F04000F0CBBF03B0F0BD85
S21403E4E05016002040560020E591040008B50A4B5C
S21403E4F01B88DB0604D440F64701084800F0B9FF42
S21403E50000211020FFF774FE002000F06BFBBDE82F
S21403E510084001F02AB800BF1A5E0020E591040007
S21403E5202DE9F04F5706804614461D4691B005D593
S21403E530FFF77CFE01460120FFF786FEEE0403D5B7
S21403E54000212D20FFF780FEA00224D54046FCF7CD
S21403E550DFFA0146F8B94020FFF74AFE40460AA90B
S21403E560FBF7B3FEB8B99DF83030022B40F0D980E4
S21403E570BDF8280000F0B6FDFF2808D14046FBF79B
S21403E580A2FE40B901214020FFF732FE03E000F06F
S21403E590C3FD0028F2D1A10305D5FFF747FE0146C8
S21403E5A00320FFF751FEE20104F0807640F1C080BD
S21403E5B0854B1B889B072DD5844E3068FBF71AFEC8
S21403E5C040BB834B834F18703B78FF2B04D040F23D
S21403E5D05761814800F04DFF4FF0000900210220EB
S21403E5E0FFF706FE87F800907C4F3B78062B07D193
S21403E5F001210820FFF7FCFD49462820FFF724FEEB
S21403E6003B78052B06D100212B20FFF71DFE306833
S21403E610E3F780F900F0A9FF220717D56B4F032114
S21403E620386805AAFBF700FE064620B940F2C96122
S21403E630694800F01EFF9DF81430072B00F0D080C9
S21403E640FFF7F4FD01460420FFF7FEFDE10505D5BF
S21403E650FFF7ECFD01460420FFF7F6FD14F4863FB2
S21403E66005D0FFF7E3FD01460220FFF7EDFDA2010B
S21403E67013D5FFF7DBFD01460820FFF7E5FD002174
S21403E6800420FFF7B5FD554B1B78012B03D14F4BE9
S21403E6901868E3F73FF900F068FF14F0084F09D055
S21403E6A0FFF7C4FD01460720FFF7CEFDFF2101203B
S21403E6B0FFF760FEA30009D5FFF7B8FD0146062065
S21403E6C0FFF7C2FDFF210120FFF754FEA70705D57C
S21403E6D03D4B1B881E0701D5FFF7F6FD6C0603D5D9
S21403E6E000210A20FFF7B0FD280602D50120FCF71B
S21403E6F020FAE90540F1858140460AAA05A9FCF7F8
S21403E70057F99DF81430222B00F06D8100F28281B8
S21403E710152B40F26A8140F60A112F4800F0A9FE35
S21403E7206FE1032B7FF437AF0AA801F06AF830E7EE
S21403E73005F0020756EA07030DD0284B2620197862
S21403E740A1F1060EDEF1000141EB0E01FFF77CFDA1
S21403E7500121304611E004F0805656EA07030FD035
S21403E7601E4B26201978A1F1060CDCF1000141EBC3
S21403E7700C01FFF769FD02213846FFF7FBFD4BE767
S21403E78004F0884151EA060309D0144B2720197870
S21403E7908F1F79427941FFF757FD0221D9E705F02C
S21403E7A008030B4302D02320FFF74EFD680703D56B
S21403E7B000212420FFF748FDE9077FF52DAF002150
S21403E7C02520FFF741FD27E71A5E0020405600206C
S21403E7D070650020516F0020E591040071650020EC
S21403E7E0314638680AAAFBF725FD20B14FF4DA61F3
S21403E7F09E4800F03EFEBDF81630386802330AA97C
S21403E800ADF82C30FBF718FD20B140F2DF619748D6
S21403E81000F02FFE0023009331460423386804AA31
S21403E820FBF70CFD042804D040F2E4618F4800F0A7
S21403E83020FEDFF8589299F80030C3BB0DF11100A3
S21403E84000F0F5FE00F00700022830D1FFF7EEFCDB
S21403E85001460920FFF7F8FC854B1B78062B23D1CE
S21403E860844B9DF813201B789A421DD19DF83530B2
S21403E87023B940F2FA617D4800F0FBFD0DF111006B
S21403E88000F0D5FEC0F3001631462920FFF7DCFC66
S21403E89000210820FFF7ACFC774B1E70FFF748FDFE
S21403E8A010B93868E3F736F800F05FFECEE6BDF839
S21403E8B016000121083080B200F068FA039030B9E0
S21403E8C0FFF7B4FC01460420FFF7BEFCECE700F0BC
S21403E8D0E9F905AA014606463868FBF7B7FC99F836
S21403E8E000A0BAF1000F22D106F1010B584600F042
S21403E8F09EFE83065AD53868FCF70AF90746FFF7E3
S21403E90095FC05370146F8B2FFF79EFC584600F023
S21403E9108EFE00F007000328584F2DD00121042057
S21403E920FFF766FC4FF0FF30FBF7AFFC38600022C2
S21403E9305349BDF816300978F718F1549DF8363068
S21403E940BB709DF83730FB700A9B190E3971190C92
S21403E9507971FB71190A99F80030B97123B9737884
S21403E96092B343F020037370002000F069F97870C7
S21403E970039800F071FA97E701210922304600F068
S21403E980D1F8305C01210428C9D1FFF731FC4FF0E0
S21403E990FF30FBF77AFC3B4B38601B885806C6D51E
S21403E9A051464020FFF724FC0122C1E7FFF73EFC57
S21403E9B001460920FFF748FC2D4B1B78012BB6D1E7
S21403E9C03868E2F7A7FFB2E723F02003CBE701227C
S21403E9D07E33DBB202FA03F313F00A1F31D113F0CE
S21403E9E0011F3FF498AE27202CE0012202FA03F31E
S21403E9F0254A1A402ABB13F0041FF4D1DA077FF521
S21403EA008AAEAB052FD50121802011B0BDE8F04FAB
S21403EA10FFF7EEBB652B1AD8622B12D8452B0CD802
S21403EA20422B0ED8352B06D8322B0AD8252B08D9DD
S21403EA30322BD8D06FE6422BFBE7552B05D8522B4B
S21403EA40F7D92620FFF7FAFCDBE7622BF1E7952BD5
S21403EA503FF661AE812BBAD8722BC4D0733B022B20
S21403EA603FF659AEEDE711B0BDE8F08FE59104002F
S21403EA70716500206D650020506F00202C56002025
S21403EA80526F00201A5E00203A003800746500209A
S21403EA90024B1878B0FA80F0400970477165002081
S21403EAA008B5064B4FF0FF311868FBF7A7FF0028A1
S21403EAB0B8BF033040F3870008BD00BF40560020B0
S21403EAC008B5074B1868FBF7CEFA30B1054BB3FB16
S21403EAD0F0F083B20BB1184608BD0120FCE700BF77
S21403EAE04056002040420F0038B510200C46012146
S21403EAF0FFF77EFB064B1D68FFF7E2FF012200FBD4
S21403EB0004F1044B2846FBF75EFF002038BD00BF28
S21403EB1040560020EDE40300014800F0AABC00BF05
S21403EB20FF910400032A70B5144602D82C4B985C58
S21403EB3070BD81F0010519B90D2A07D1FF20F7E74B
S21403EB400D2A03D100780538C0B2F1E7084400F077
S21403EB506EFDC5F1040110F440660246C9B209D140
S21403EB60042C0846E4D0052C16D112F0400F18BF2B
S21403EB700846DDE7C5F10603042CD8B2D8D0B6F5AF
S21403EB80006F03D1C5F10805E8B2ECE7B6F5406FB0
S21403EB90E9D1C5F10E05F7E712F4404107D1062C7B
S21403EBA0C6D0072CC4D0082C13D10130CCE75506A9
S21403EBB05CBF831CD8B2062CBAD0B1F5004F02D185
S21403EBC0831CD8B2EDE7B1F5404FEAD100F1080354
S21403EBD0F7E7130744BF0530C0B20C2CA8D9ADE73E
S21403EBE06CDD0400AC2370B5094C054603FB0043FB
S21403EBF05E6D26B940F2FD31064800F03AFCAC23C0
S21403EC0003FB0544002363653346BDE8704018479D
S21403EC10445600203C92040010B40C461146AC2225
S21403EC20064B02FB0033586D20B95C655DF8044B58
S21403EC30FFF75ABF02205DF8044B70474456002086
S21403EC40AC22034B02FB003393F8A800704700BFC7
S21403EC504456002028B1034B1B68C01A40100130ED
S21403EC6080B270470457002030B1044B00F10040D7
S21403EC701B68013803EB4000704700BF04570020B1
S21403EC80064B1B68834206D8054B1B68834294BF1A
S21403EC900020012070470020704700BF0457002063
S21403ECA00057002010B5044608B9002010BD00F038
S21403ECB01BFD20B940F2CD41074800F0DAFB2046A1
S21403ECC0FFF7D2FF0028F0D00388DB0B14BFD0F881
S21403ECD00A000830EAE700BF1392040010B508B92B
S21403ECE0002010BDFFF7C0FF044600F0F4FC20B977
S21403ECF04FF49D61064800F0BCFB002CF0D023883F
S21403ED00DB0B0ABF60882089C0F30C00E9E700BF6D
S21403ED101392040038B5FFF7A7FF0D46044650B11B
S21403ED2000F0D9FC20B940F24151034800F0A1FBA2
S21403ED30023534F8150038BD1392040070B5FFF79A
S21403ED4093FF0C4616460546B0B100F0C4FC20B946
S21403ED5040F24D510C4800F08CFB3046FFF784FF21
S21403ED6000F0B9FC20B940F24E51074800F081FB91
S21403ED70023425F8146070BD40F25251BDE870406D
S21403ED80014800F076BB00BF139204002DE9F84358
S21403ED900746884600F00FFC20B940F28E512A48F9
S21403EDA000F067FBFC1CA408284B64000434B7F58A
S21403EDB0005F1E68A4B204D340F29551224800F0C7
S21403EDC058FB00F061FA224981460B687BB9214B58
S21403EDD01D68761BC6F34F06B44227D9002548465E
S21403EDE000F04DFA2846BDE8F843FFF733BFB8F105
S21403EDF0000F11D0174A15685A1BC2F34F029442EC
S21403EE00ECD81448620005EB44040460B8F1000F24
S21403EE100FD113440B600CE0F61AC6F34F0676B90F
S21403EE2040F2A651084800F024FBD7E705EB44045C
S21403EE301C6000236F80AB80EB802B80CFE7B4424F
S21403EE40CCD8044A1568DCE7139204000857002060
S21403EE50F05600200057002038B5054600F014FA97
S21403EE60044629460448002200F04BFC2046BDE831
S21403EE70384000F004BA00BF205E002082684B4B87
S21403EE802DE9F0419A4204460E46056815D121B194
S21403EE9040F21311464800F0ECFA00F0F5F9236946
S21403EEA01BB92B682BB924612C60BDE8F04100F038
S21403EEB0E6B91A6922611C61F6E700F0D3FA8046C8
S21403EEC0FEF76AFA20B14FF49571394800F0D1FA8B
S21403EED06FF000439E4221694BD22B7B08EB060260
S21403EEE0002B4DD0AB6893424AD1531C002949D01E
S21403EEF06169994242D01EB9521AB2F1004F3DD908
S21403EF00636123696E689C4203D19D21284800F003
S21403EF10B0FA2F460023B4420BD0002B41D17269BE
S21403EF206169891AB1F1004F32D832693746944283
S21403EF302CD12269BD420CBF6A603A617BB926694F
S21403EF40B44203D1B8211A4800F093FA3B46012E87
S21403EF5005D062697169521AB2F1004F23D99D42F6
S21403EF600BBF6B681A69236122610CBF6C601C615E
S21403EF7004E0434431B162699342C1D1BDE8F081F4
S21403EF801346B3E76A6822616C60B9E71646C6E7BC
S21403EF90A8EB0202B2F1004FC7D93B4637463669A3
S21403EFA0B9E71F46F9E733463669D0E70934020066
S21403EFB0279204000823064A12F8011B814205D053
S21403EFC0013B13F0FF03F7D1184670470120704743
S21403EFD01DDE04000823064A12F8011B814205D0F1
S21403EFE0013B13F0FF03F7D1184670470120704723
S21403EFF015DE040010B5082207490446DCF72AFB91
S21403F000B0FA80F04FF6FF732289400940009A4217
S21403F01008BF40F0010010BD2EDE040030B50446E4
S21403F0200D4685B002B9084A1068516801AB03C3A0
S21403F03001AB03CB20602046ADF80C501B88616003
S21403F040238105B030BD00BFBB1B0400002270B592
S21403F0500A4B1C780A4BD5B2AC4202D800200C707F
S21403F06008E01E880132864205D30D701B881B1AE2
S21403F0705842584170BD1233EDE700BFEE640020DE
S21403F080D85B0020F8B5154B04461D680E46E5B15F
S21403F090134B1F78874218D900EB400305EBC305D3
S21403F0A026B92B69DA0712D42046F8BD0822314662
S21403F0B0281DDCF7CFFA50B92B69DB07F4D40134EB
S21403F0C0E4B2A74205F11805F0D1FF24ECE70134BA
S21403F0D0E4B2A74205F11805E2D1F6E76C57002023
S21403F0E0706F00200A4B01461B6830B52BB1094AE6
S21403F0F014780022D0B2844201D8FF2030BD5D8848
S21403F1008D4202D11D69ED07F8D401321833F1E7B9
S21403F1106C570020706F00200F4A03461068D0B16A
S21403F1200E4A12789A4215D919B203EB430300EB41
S21403F130C300036913F001000DD0094A126832F8C0
S21403F140112002F4E2622AB913F00C0F14BF012057
S21403F15000207047012070476C570020706F002016
S21403F16068570020094B1B686BB1094A1278824224
S21403F17009D900EB4000C20003EBC0000169C907D0
S21403F18001D5985C7047FF20704700BF6C5700207E
S21403F190706F00200C4A0346106890B10B4A127831
S21403F1A09A420DD903EB430300EBC300D0E90432C4
S21403F1B013F001004FF0000104D0184611467047C3
S21403F1C000200146704700BF6C570020706F002078
S21403F1D010B5164B187860B1154C2368CBB14FF4B5
S21403F1E0707200201349FFF717FD2368013B236065
S21403F1F010BDFFF755FC1049104A91F900401368FB
S21403F20084420B4C03F1010313602368B8BF0870F4
S21403F21053B90B4800F09DFA0028E9D1BDE8104029
S21403F22001460748FFF72ABE0822DAE7D065002022
S21403F23088570020D1F10300CB65002080570020BB
S21403F2405C6E0020054B1B682BB9054B186800380D
S21403F25018BF012070470120704700BF7857002071
S21403F2607457002010B962B6BFF36F8F7047EFF381
S21403F270108072B67047302383F31188704780F38B
S21403F2801188BFF36F8F7047EFF31180302383F33A
S21403F29011887047002070474FF4004070474FF4C2
S21403F2A07A7070470122417803788A4030214B43B5
S21403F2B041F2100103F1A04303F570335A5070472F
S21403F2C0B0F5802F24D010D8B0F5003F22D006D852
S21403F2D028B3B0F5803F14BF012048207047B0F52F
S21403F2E0403F14BF01202C207047B0F5302F13D0B9
S21403F2F008D8B0F5E02F11D0B0F5202F14BF0120A9
S21403F30010207047B0F57F0F14BF0120062070470A
S21403F3104B2070472A2070471120704721207047E2
S21403F32008B570B100F022F84FF098435A6CD20239
S21403F330FCD5586D10F4702004D0BDE80840FFF7E4
S21403F340BFBF212008BD08B528B128220021DBF75E
S21403F35035FE002008BD2120FCE7036A042B9FBF6F
S21403F36000EB83020133D16003627047036A052B07
S21403F37014D84FF09842116CC902FCD504339B0095
S21403F38013650168103B11604168116050F8081F4F
S21403F39011604FF098420344984200D1704750F8EA
S21403F3A0041F1160F8E7836813B9816070475B68D0
S21403F3B05A68012AFBD15960704709B100F008B8B2
S21403F3C022207047012100F046B8002100F043B820
S21403F3D070B506460D46FFF757FF04461D2E37D871
S21403F3E0DFE806F00F18361C1E2036222436363683
S21403F3F02628362A2C2E30363636363436363636E9
S21403F4003632FDF7D9FF002628602046FFF737FF80
S21403F410304670BD0120CAF709FDF4E70320FAE77A
S21403F4200420F8E70C20F6E70220F4E70620F2E7CC
S21403F4300720F0E70820EEE70520ECE70920EAE7D7
S21403F4400A20E8E70D20E6E71020E4E70B20E2E7D2
S21403F45000202126D8E70020704708B5FEF730F8CD
S21403F46080B208BD08B5FEF72BF808BD704742DE2C
S21403F470704738B504460D4600F008F8FFF7FBFE64
S21403F48029462046BDE83840FFF7F1BF704710B95C
S21403F49062B6BFF36F8F7047012070472DE9FF41B7
S21403F4A00D4616461F460446A8B14FF00008C0F89E
S21403F4B01C80FEF7FDFBBDF82C30424602939DF8F8
S21403F4C028302946CDE9007320463346FEF7B8FBBD
S21403F4D004B0BDE8F0812220FAE7F0B51F4600230A
S21403F4E087B00D46164604468DF81730A8B1C3619B
S21403F4F00DF11701FEF7FEFB9DF817207AB9BDF84C
S21403F5003430294602939DF830302046CDE9007307
S21403F5103346FEF795FB07B0F0BD2220FBE703203A
S21403F520F9E738B5FFF7B0FE054600F016F80446CF
S21403F5302846FFF7A4FE204638BD4FF0B043012807
S21403F5405B6904D0022805D1C3F3C000704703F0FB
S21403F550010070470020704770474FF0B0439A6A27
S21403F5601207FCD4186A7047704708B5FFF7FCFF0C
S21403F57000F01DF808BD10B5FFF779FE012104461B
S21403F5800846FEF739F82046BDE81040FFF76ABE86
S21403F59010B5044600F012F82046FAF7E2FC2046BF
S21403F5A0F7F7F3FDBDE81040F9F7AAB9704708B5B9
S21403F5B0FFF7FCFF08BD0120704770470020704727
S21403F5C030B589B00446ADF806108DF81020FFF765
S21403F5D0F1FC05462046FFF7FDFC03469DB1BDF84A
S21403F5E00600ABB900F0BAF8FF2808BF00200DF1FB
S21403F5F00F038DF80F001A46204604990593FEF76D
S21403F6007FFD09B030BD0028F5D00DF10603F2E703
S21403F61000F0A4F8FF2808BF0020BDF806308DF8D8
S21403F6200F00ADF81A308DF8180006ABE3E7008834
S21403F63070470170090A4170704701207047012026
S21403F640704738B5DAF7FAFB0446CFF775FE051EA2
S21403F65018BF2546CFF742FF041E18BF2C46FFF7F8
S21403F660ECFF002818BF204638BD38B5FEF714F95E
S21403F6700446F6F740FF04281ED002284FF0000584
S21403F68008BF0124F7F750FE042817D0022808BF46
S21403F6900124F7F768FB042812D0022808BF0124C8
S21403F6A0FFF7CDFF04280DD0022808BF0124002D44
S21403F6B018BF0024204638BD0125E3E70125E8E707
S21403F6C00125EDE70024F5E7FF20704708B5FFF7AF
S21403F6D0FBFF002008BD08B520B1FFF7D1FA00F004
S21403F6E0010008BD0120FAE708B5FFF7BDFABDE83B
S21403F6F00840FFF7F0BF008810B1C9B2FFF70ABB96
S21403F70070472DE9F041B0F8008006460C46D5B2A6
S21403F710B8F1000F11D029464046FFF7FBFA224600
S21403F720074629464046FFF709FB3A462946204640
S21403F730FFF704FB3480BDE8F0810F46F5E7034688
S21403F7401B8808468B4202D00021FFF7E3BA00204D
S21403F75070470069003818BF0120704700207047C3
S21403F760F8B506460D46FFF745FC0328044621D0A8
S21403F7702846FFF73FFC032807461BD010F002037A
S21403F78018D1A0070DD5F90716D401233C43E20789
S21403F79004D431892A89914218BF002303F001005B
S21403F7A0F8BD082229463046DBF754FFB0FA80F34B
S21403F7B05B09EBE70020F3E71846F1E770B50D4663
S21403F7C000210646FFF797FF044630B1FFF76AFAB3
S21403F7D001462846FFF7C4FF08B1204670BD214600
S21403F7E03046FFF7ACFFEFE707B50DF10701FFF76C
S21403F7F02DFC20B19DF8070003B05DF804FBFF2045
S21403F800FAE708B500F009F8FF2804D0FFF7C2FCB2
S21403F810C0F3C00008BD0120FCE701460020FFF747
S21403F82031BC08B5FFF75EFCFF3818BF012008BDE2
S21403F8302DE9F84307460846154688461C469DF8B4
S21403F8402090FFF72FFA4619A4B19EB14046FFF762
S21403F85045FA254485420FDC2246B9F1000F06D14E
S21403F86031463846DBF7FCFB0020BDE8F883394613
S21403F8703046F7E72120F8E71D20F6E700000000F2
S21403F880F8B500BFF8BC08BC9E467047F8B500BF85
S21403F890F8BC08BC9E4670475FF800F09D670020E2
S21403F8A05FF800F00167002044657669636520749D
S21403F8B0797065206368616E676520646574656347
S21403F8C07465643A202564202D3E2025640D0A00C5
S21403F8D050726573732064657465637465640D0A9A
S21403F8E0004D756C7469207072657373206465745B
S21403F8F065637465643A2025640D0A0052656C6579
S21403F9006173652064657465637465640D0A004CF1
S21403F9106F6E6720707265737320646574656374B5
S21403F92065640D0A0072656C61795F737461727445
S21403F9305F6C61746368696E675F70756C73653A54
S21403F94020616E6F746865722070756C73652069CC
S21403F95073206163746976650D0A0072656C61795C
S21403F9605F6F6E0D0A0072656C61795F6F66660D78
S21403F9700A0072656C61795F746F67676C650D0A60
S21403F9800057726974696E6720636F6E66696720D5
S21403F990746F206E763A2025730D0A0053697A65D4
S21403F9A03A2025640D0A004661696C656420746F0D
S21403F9B0207772697465204445564943455F434F33
S21403F9C04E4649475F4441544120746F204E562C9F
S21403F9D0207374617475733A2025642E2028627927
S21403F9E07465733A202564290D0A0073756363658D
S21403F9F07373210D0A004661696C656420746F2079
S21403FA0072656164204E565F4954454D5F444556C2
S21403FA104943455F434F4E4649472C207573696EED
S21403FA20672064656661756C7420636F6E666967CC
S21403FA3020696E73746561642C20737461747573C6
S21403FA403A2025642E202862797465733A2025644B
S21403FA50290D0A005573696E6720636F6E666967C2
S21403FA603A2025642063686172732066726F6D0D99
S21403FA700A25730D0A00776B6169346761353B5459
S21403FA8053303034342D545559413B534130643B45
S21403FA90494331693B534133643B494332693B53E2
S21403FAA04134643B494330693B534230643B4944E9
S21403FAB030693B425441303B4D3B004E6574776F93
S21403FAC0726B20737461747573206368616E676507
S21403FAD06420746F2025640D0A004D616E7566619F
S21403FAE063747572657220746F6F206269670D0A9E
S21403FAF0004D6F64656C20746F6F206269670D0A32
S21403FB0000496E697469616C697A696E67205A691F
S21403FB106762656520776974682025642073776952
S21403FB2074636865732C2025642072656C61797331
S21403FB302C20256420636F7665722073776974635F
S21403FB406865732C20256420636F766572730D0ACF
S21403FB5000436F6E66696720706172736564207315
S21403FB6075636365737366756C6C790D0A007265ED
S21403FB7061642076657273696F6E20666F726D209E
S21403FB806E6577206C6F636174696F6E0D0A00464D
S21403FB9061696C656420746F207772697465206C84
S21403FBA06173745365656E56657273696F6E207400
S21403FBB06F204E562C2073743A2025640D0A004F8E
S21403FBC06C642076657273696F6E3A2025640D0A3D
S21403FBD00043757272656E742076657273696F6E14
S21403FBE03A2025640D0A00524553455420414C4C97
S21403FBF0210D0A0068616C5F6770696F5F63616CF3
S21403FC006C6261636B3A2065787469206C696E6513
S21403FC1020256C642073746174757320256C750DD0
S21403FC200A0068616C5F6770696F5F63616C6C6222
S21403FC3061636B3A206E6F20667265652045585483
S21403FC4049206C696E65730D0A002F686F6D652F0A
S21403FC5072756E6E65722F776F726B2F747579611E
S21403FC602D7A69676265652D7377697463682F7487
S21403FC707579612D7A69676265652D737769746333
S21403FC80682F73696C6162735F746F6F6C732F7325
S21403FC90696D706C69636974795F73646B2F2E2E5C
S21403FCA02F2E2E2F7372632F73696C6162732F6806
S21403FCB0616C2F7A69676265652E630044726F70A4
S21403FCC070696E67206F6C64204F544120696D61C4
S21403FCD067652C2063757272656E74206F66667333
S21403FCE065743A20256C750A00556E6B6E6F776ED9
S21403FCF020636F76657220636F6D6D616E643A2064
S21403FD0025640D0A00556E6B6E6F776E20636D6407
S21403FD102025640D0A00427574746F6E2070726538
S21403FD2073732064657465637465642C20627574EC
S21403FD30206E6F20627574746F6E20697320707204
S21403FD4065737365640D0A00427574746F6E206C78
S21403FD506F6E672070726573732064657465637471
S21403FD6065642C20627574206E6F20627574746FE0
S21403FD706E206973206C6F6E67207072657373658F
S21403FD80640D0A004E6F20636F7665722073776981
S21403FD9074636820636F6E66696720696E204E56CB
S21403FDA02C207573696E672064656661756C747361
S21403FDB00D0A004174747269627574652063686124
S21403FDC06E6765642C2065703A2025642C20636C6E
S21403FDD075737465723A2025642C20617474723AC4
S21403FDE02025640D0A00556E6B6E6F776E204C658A
S21403FDF076656C4374726C20636F6D6D616E643AE6
S21403FE002025640D0A00556E6B6E6F776E204F6E5D
S21403FE104F666620636F6D6D616E643A2025640DD0
S21403FE200A00496E64657820617420777269746588
S21403FE3020617474723A2025640D0A004E6F207395
S21403FE40776974636820636F6E66696720696E20DE
S21403FE504E562C207573696E672064656661756CF3
S21403FE6074730D0A00496E76616C69642072656C62
S21403FE7061795F696E64657820256420696E204E1B
S21403FE80562C20726573657474696E6720746F20D0
S21403FE9064656661756C740D0A003E2000556E6BD2
S21403FEA06E6F776E206572726F7200496E7075742E
S21403FEB0206275666665722069732046554C4C0051
S21403FEC04D6178696D756D206E756D626572206F14
S21403FED06620617267756D656E74732065786365F9
S21403FEE0656465640054686520617267756D656E48
S21403FEF074206973206E6F7420666F726D617474FC
S21403FF00656420636F72726563746C7900496E630F
S21403FF106F727265637420617267756D656E7420A7
S21403FF207479706500496E636F7272656374206ED0
S21403FF30756D626572206F6620617267756D656E9A
S21403FF407473004E6F20636F6D6D616E6420666F11
S21403FF50756E640075696E743800616464697469EB
S21403FF606F6E616C002A00756E6B6E6F776E00772E
S21403FF70696C6463617264006865786F707400739B
S21403FF807472696E676F70740075696E7433326F5E
S21403FF9070740075696E7431366F70740075696EAF
S21403FFA074386F70740068657800737472696E676E
S21403FFB00075696E7431360075696E743332002EBF
S21403FFC02E2E200068656C70000A25730A2573259B
S21403FFD0730025732008002F686F6D652F72756E8A
S21403FFE06E65722F776F726B2F747579612D7A69D0
S21403FFF0676265652D7377697463682F74757961B5
S2140400002D7A69676265652D7377697463682F73E3
S214040010696C6162735F746F6F6C732F73696D7054
S2140400206C69636974795F73646B2F706C61746652
S2140400306F726D2F736572766963652F6C65676181
S21404004063795F68616C2F7372632F626173652DC9
S2140400507265706C6163656D656E742E63002F68DF
S2140400606F6D652F72756E6E65722F776F726B2F5C
S214040070747579612D7A69676265652D737769741D
S21404008063682F747579612D7A69676265652D7367
S21404009077697463682F73696C6162735F746F6FDA
S2140400A06C732F73696D706C69636974795F7364BC
S2140400B06B2F706C6174666F726D2F7365727669E0
S2140400C063652F746F6B656E5F6D616E61676572D5
S2140400D02F6C65676163792F7372632F736C5F741B
S2140400E06F6B656E5F6D616E616765722E63002F60
S2140400F0686F6D652F72756E6E65722F776F726B93
S2140401002F747579612D7A69676265652D737769D1
S2140401107463682F747579612D7A69676265652DD5
S2140401207377697463682F73696C6162735F746F45
S2140401306F6C732F73696D706C69636974795F7320
S214040140646B2F706C6174666F726D2F7365727654
S2140401506963652F746F6B656E5F6D616E6167654D
S214040160722F6C65676163792F7372632F736C5F8C
S214040170746F6B656E5F6D616E75666163747572C0
S214040180696E672E630043757272656E7420436FE2
S2140401906E6669673A2025307800536574204343B9
S2140401A041206D6F646520746F2025643A202530E5
S2140401B07800656E61626C65640064697361626C84
S2140401C06564006F757428636C69656E74290069CC
S2140401D06E202873657276657229004D4647205353
S2140401E07472696E673A20257300417070427569AF
S2140401F06C646572204D464720436F64653A203030
S2140402007825303458006E6F6465205B0041646462
S2140402106974696F6E616C20696E74657266616379
S214040220657300202025643A200070616765205BB2
S21404023025645D206368616E205B25645D207077AD
S21404024072205B25645D006E6F742061637469764A
S21404025065006572726F72203078253038580070E9
S214040260616E4944205B3078253034585D206E6FCB
S21404027064654944205B3078253034585D20007826
S21404028070616E205B307800706172656E744944EC
S214040290205B3078253034585D20706172656E744A
S2140402A052737369205B25645D006E6F64655479D0
S2140402B07065205B005365637572697479206C659C
S2140402C076656C205B253032585D006E6574776FFA
S2140402D0726B207374617465205B253032585D2020
S2140402E0004275666665722062797465733A2025E5
S2140402F064202F20256400457020636E743A202500
S21404030064006570202564205B656E64706F696E9A
S214040310742025732C206465766963652025735DD7
S21404032020006E776B205B25645D2070726F6669B3
S2140403306C65205B3078253034585D2064657649DA
S21404034064205B3078253034585D20766572205BF7
S2140403503078253032585D00202020202573206315
S2140403606C75737465723A203078253034582000E2
S2140403704E776B20636E743A202564006E776B208C
S2140403802564205B25735D005072696D6172792067
S2140403902870726F290020206E6F6465547970652A
S2140403A0205B3078253032585D00202073656375F5
S2140403B07269747950726F66696C65205B30782553
S2140403C03032585D0045502025643A2025732000BD
S2140403D04572726F723A2020556E6B6E6F776E2080
S2140403E0656E64706F696E742E00456E61626C652E
S2140403F0206576656E7420646562756720696E662E
S2140404006F20696E20436F726520434C4920636FEA
S2140404106D706F6E656E74006F6E6C7920636F6FAF
S2140404207264696E61746F72732063616E20666FA6
S214040430726D0A006A6F696E203078253038580A63
S214040440006C656176650025732030782530325857
S2140404500A0072656A6F696E446966664465766901
S214040460636554797065006578742E2050414E207B
S21404047049443A20004E574B206F70656E3A20254B
S2140404807520736563004E574B20636C6F73656409
S2140404900066696E64206A6F696E61626C653A20F4
S2140404A03078253032580066696E6420756E757330
S2140404B065643A20307825303258004368616E67A8
S2140404C0696E6720746F206368616E6E656C2025A4
S2140404D0643A2030782530325800696E76616C694B
S2140404E064206E6574776F726B20696E646578003D
S2140404F053686F72742049443A2030782530345853
S2140405002C2045554936343A20002C2050616E2064
S21404051049443A2030782530345800537461727454
S2140405206564206D756C74692D70687920696E74C5
S214040530657266616365004661696C656420746F04
S21404054020257320257320307825303258005465D2
S214040550726D696E61746564202573203078253069
S2140405603258004B65657020616C6976652073753A
S21404057070706F727420656E61626C65642E0066BE
S21404058061696C656420746F20736574206B65659F
S2140405907020616C697665206D6F64652E007375D6
S2140405A0636365737366756C6C7920736574207405
S2140405B06865206368696C642074696D656F75741A
S2140405C0206F7074696F6E206D61736B2E006661A8
S2140405D0696C656420746F20736574207468652084
S2140405E06368696C642074696D656F7574206F70D8
S2140405F074696F6E206D61736B2E00646973636F2C
S214040600766572004D61746368202573792066727E
S2140406106F6D203078253034582C20657020256482
S214040620004E574B20416464726573732072657381
S214040630706F6E73653A203078253034580049451B
S2140406404545204164647265737320726573706FE8
S2140406506E73653A20005365727669636520257368
S2140406607920646F6E652E002320207479706520CF
S21404067020206E776B20206C6F6320202072656DBF
S214040680202020636C75732020206E6F6465202004
S21404069020657569002020256420202020307825D8
S2140406A030345820203078253034582020307825AF
S2140406B0303458203078253034582000736C5F7AF4
S2140406C069676265655F6765745F62696E64696EB3
S2140406D067204572726F723A203078253038580A8F
S2140406E0002564206F662025642062696E64696E46
S2140406F06773207573656400656E61626C6564205B
S2140407007072696E740064697361626C65642070EB
S21404071072696E7400616464206C696E6B206B652C
S21404072079004552523A2043616C63756C61746576
S214040730642043524320646F6573206E6F74206D8B
S21404074061746368004552523A20496E7374616C52
S2140407506C20436F6465206D757374206265203861
S2140407602C2031302C2031342C206F72203138204C
S214040770627974657320696E206C656E67746800B0
S2140407804552523A204145532D4D4D4F20686173D2
S21404079068206661696C65643A2030782530325882
S2140407A000536574206A6F696E696E67206C696EA3
S2140407B06B206B6579007365742062696E6420250E
S2140407C0643A2030782530327800454D505459002C
S2140407D0554E494341004D324F4E45004D554C54FD
S2140407E049003F2020202000496E64657820494552
S2140407F045452041646472657373202020202020C0
S2140408002020204E574B496E6465782020496E2080
S2140408104643202020202054544C28732920466C1C
S2140408206167202020204B65792020202000256445
S2140408302020202020002020256420202020202086
S21404084020002020253038582020002030782530FD
S2140408503458202000496E64657820494545452073
S2140408604164647265737320202020202020202099
S214040870496E20464320202020205479706520208D
S2140408804175746820204B6579002D202020202097
S21404089000256320202020202563202020202000FF
S2140408A0696573005741524E494E473A20205245D7
S2140408B04144494E47204F46204B45592056414C0B
S2140408C05545532044495341424C454420425920FF
S2140408D04D464720544F4B454E004E574B204B65D4
S2140408E079002573206F75742046433A20253038E6
S2140408F05800257320736571206E756D3A20307824
S21404090025303258002573206F75742046433A20EC
S214040910253038780054432025732000257320544E
S21404092061626C650025642F256420656E747269A7
S214040930657320757365642E005472616E73696501
S2140409406E74204B657900256420656E7472257379
S21404095020636F6E73756D696E6720256420706101
S214040960636B65742062756666657225732E005720
S214040970494C4C0057494C4C204E4F540054727509
S21404098073742043656E74657220257320616C6CE5
S2140409906F772074727573742063656E7465722045
S2140409A072656A6F696E73207573696E6720776502
S2140409B06C6C2D6B6E6F776E206B65792E005365AD
S2140409C0742074696D656F757420666F7220547236
S2140409D07573742043656E7465722072656A6F69F8
S2140409E06E73207573696E672077656C6C2D6B6EFD
S2140409F06F776E206C696E6B206B657920746F2040
S214040A002564207365636F6E64732E004552524FDF
S214040A10523A20002573737461636B206D7573748A
S214040A2020626520646F776E2E0052656164696E7D
S214040A306720416C6C6F7765640048617368696E03
S214040A4067206F6E6C7900736C5F7A6967626565A0
S214040A505F6B65795F73657474696E67735F743A08
S214040A60203078253034580020205065726D697324
S214040A7073696F6E733A202573004572726F723A0B
S214040A80204661696C656420746F20676574206312
S214040A906F6E6669672C207374617475733A2030C0
S214040AA07825303858004661696C65643A20307899
S214040AB025303858004D73673A20636C75732030C0
S214040AC078253034582C20636D64203078253032F5
S214040AD0582C206C656E2025640062756666657207
S214040AE03A2000454D4245525F0025735345435511
S214040AF0524954595F4C4556454C3A202530325895
S214040B000025736572617365206B65792025643AE8
S214040B102030782530385800636D64206E6F74205A
S214040B206275696C740073726320657020253032B8
S214040B30782C20636C757320253034780073656ECA
S214040B4064696E6720746F206D756C746963617375
S214040B50742062696E640025733A2065703A202515
S214040B60642C20636C3A203078253034582C20616D
S214040B707474723A20307825303458002C207376FA
S214040B80723A2025630025733A20726561643A2020
S214040B90307825303278002C207376723A2025631C
S214040BA02C2064747970653A2030782530325800E9
S214040BB0417267756D656E7420617420696E646534
S214040BC0783A202564206973206F7574206F662038
S214040BD072616E676500436F6D6D616E6420616C53
S214040BE07265616479206275696C742E2020436195
S214040BF06E6E6F7420736574204D4647207370655F
S214040C00636966696320636F646520666F72206338
S214040C106F6D6D616E642E004D464720436F6465AC
S214040C202053657420666F72206E65787420636F37
S214040C306D6D616E643A20307825303458005573F3
S214040C4065204E6578742053657175656E636520FE
S214040C5053657420666F72206E65787420636F6DBA
S214040C606D616E643A2030782530325800446973DA
S214040C7061626C652044656661756C7420526573A8
S214040C80706F6E73652053657420666F72206E6590
S214040C90787420636F6D6D616E643A203078253009
S214040CA03258004552523A2072656164696E672074
S214040CB061747472696275746520253032780045F3
S214040CC052523A206174747269627574652073694D
S214040CD07A6520256420746F6F206C6172676520C6
S214040CE0666F7220627566666572004572726F7210
S214040CF03A206174747269627574652049442030C0
S214040D007825303458207265706F727461626C6531
S214040D10206368616E67652069732073697A65204D
S214040D202564422C206275742025644220656E7406
S214040D30657265640A006E6F20636D6400457272A6
S214040D406F723A20434C492053656E64206661698D
S214040D506C65642C207374617475733A203078253E
S214040D60303858004572726F723A2020455549361D
S214040D703420617267756D656E7420697320656DC5
S214040D8070747920616E64206C6F6F6B757020626E
S214040D9079206E6F6465204944206661696C6564D9
S214040DA02E0047726F757000556E69636173740028
S214040DB0556E62696E64202573202573307825305D
S214040DC0325800526571756573743A20005A444F60
S214040DD02073696D706C6520646573632072657139
S214040DE02025303278005A444F206E6F64652064A4
S214040DF0657363207265712025303278005A444F3B
S214040E00206D617463682064657363207265712065
S214040E1025303258005573696E67206D79206C6FE3
S214040E2063616C20455549363420666F72206465CC
S214040E30737420455549363420696E2062696E64A1
S214040E40696E67005A444F2062696E642072657149
S214040E50202530327800636C7573746572206C6973
S214040E606D6974207265616368656400696E766195
S214040E706C696420706167653A202564206F72206F
S214040E806368616E6E656C3A202564004368616E23
S214040E906765206368616E6E656C20737461747533
S214040EA0733A20307825303278006475726174693C
S214040EB06F6E206D75737420626520696E20726192
S214040EC06E67652030202D203500636F756E7420A4
S214040ED06D75737420626520696E2072616E676535
S214040EE02031202D2038007363616E207374617482
S214040EF0757320307825303258006E6574776F72BB
S214040F006B207570646174652073657420737461F6
S214040F1074757320307825303258004163746976CE
S214040F20652045502072657175657374207374610D
S214040F307475733A20307825303258004C51492065
S214040F405461626C6520726571756573743A2030FD
S214040F5078253032580042696E64696E67205461A1
S214040F60626C6520726571756573743A20307825F5
S214040F70303258004C65617665202573307825300C
S214040F80325800506F7765722044657363726970D7
S214040F90746F722025733078253032580055736983
S214040FA06E67206D79206C6F63616C2045554936F9
S214040FB03420666F72206465737420455549363450
S214040FC020696E20756E62696E64696E6700526F82
S214040FD0757465205461626C6520257330782530FD
S214040FE03258002F686F6D652F72756E6E65722F9E
S214040FF0776F726B2F747579612D7A696762656590
S2140410002D7377697463682F747579612D7A6967AF
S2140410106265652D7377697463682F73696C6162A2
S214041020735F746F6F6C732F73696D706C6963692B
S21404103074795F73646B2F70726F746F636F6C2F49
S2140410407A69676265652F6170702F6672616D6577
S214041050776F726B2F636F6D6D6F6E2F736C5F7A25
S21404106069676265655F73797374656D5F636F6DD9
S2140410706D6F6E2E6300457874656E6465642052E9
S2140410806573657420696E666F3A2030782530344F
S214041090582028257329002F686F6D652F72756E8A
S2140410A06E65722F776F726B2F747579612D7A69FE
S2140410B0676265652D7377697463682F74757961E3
S2140410C02D7A69676265652D7377697463682F7313
S2140410D0696C6162735F746F6F6C732F73696D7084
S2140410E06C69636974795F73646B2F70726F746F65
S2140410F0636F6C2F7A69676265652F6170702F66FF
S21404110072616D65776F726B2F636F6D6D6F6E2F87
S2140411107A69676265655F6170705F6672616D6546
S214041120776F726B5F736C6565702E6300537461C2
S21404113079206177616B65207768656E206E6F74C1
S214041140206A6F696E65643A20257300466F726381
S21404115065642073746179206177616B653A202039
S2140411602020202020202020257300466F726369EB
S2140411706E672064657669636520746F2073746196
S21404118079206177616B6500416C6C6F77696E6777
S2140411902064657669636520746F20676F20746FBA
S2140411A020736C656570002F686F6D652F72756EA1
S2140411B06E65722F776F726B2F747579612D7A69ED
S2140411C0676265652D7377697463682F74757961D2
S2140411D02D7A69676265652D7377697463682F7302
S2140411E0696C6162735F746F6F6C732F73696D7073
S2140411F06C69636974795F73646B2F70726F746F54
S214041200636F6C2F7A69676265652F6170702F66ED
S21404121072616D65776F726B2F636F6D6D6F6E2F76
S2140412207A69676265655F737461636B5F736C6527
S21404123065702E630052583A205265736574546F75
S214041240466163746F727944656661756C74734342
S214041250616C6C6261636B00657A737020636F7592
S2140412606E74657273206661696C6564202575000A
S214041270657A73702052657365742054687265735A
S214041280686F6C64206572726F7220257500657ACB
S214041290737020536574205468726573686F6C6449
S2140412A0206572726F7220257500257529202573B6
S2140412B03A2025750053657474696E672054687205
S2140412C06573686F6C6420636F6D6D616E64003F58
S2140412D03F3F004D6163205278204263617374007F
S2140412E04D6163205478204263617374004D6163DA
S2140412F0205278205563617374004D6163205478DE
S214041300205563617374004D6163205478205563DF
S214041310617374205265747279004D616320547849
S214041320205563617374204661696C0041505320F4
S21404133052782042636173740041505320547820DD
S21404134042636173740041505320527820556361A0
S214041350737400415053205478205563617374208D
S2140413605375636365737300415053205478205556
S214041370636173742052657472790041505320542B
S21404138078205563617374204661696C00526F75EA
S2140413907465204469736320496E69746961746571
S2140413A064004E65696768626F72204164646564B0
S2140413B0004E65696768626F722052656D6F766568
S2140413C064004E65696768626F72205374616C6569
S2140413D0004A6F696E20496E6469636174696F6E52
S2140413E0004368696C64204D6F7665640041534819
S2140413F0204F766572666C6F7700415348204672BC
S214041400616D65204572726F7200415348204F76B5
S214041410657272756E204572726F72004E574B205D
S2140414204643204661696C757265004150532046F8
S21404143043204661696C7572650041534820584FD5
S21404144066660041505320556E617574686F726904
S2140414507A6564204B6579004E574B204465637269
S214041460797074204661696C7572657300415053D7
S2140414702044656372797074204661696C75726580
S21404148073005061636B65742042756666657220EE
S214041490416C6C6F63617465204661696C75726536
S2140414A0730052656C6179656420556361737400DA
S2140414B050687920746F204D4143207175657565B9
S2140414C0206C696D69742072656163686564005098
S2140414D061636B65742056616C696461746520642D
S2140414E0726F7020636F756E74004E574B20726572
S2140414F0747279206F766572666C6F770043434129
S214041500204661696C757265730042726F6164632C
S214041510617374207461626C652066756C6C00502F
S2140415205441204C6F20507269205265710050540B
S2140415304120486920507269205265710050544118
S214041540204C6F205072692044656E6965640050B3
S2140415505441204869205072692044656E69656468
S21404156000505441204C6F2050726920547820411A
S21404157062727400505441204869205072692054A5
S2140415807820416272740041646472657373204308
S2140415906F6E666C6963742053656E740043534CB7
S2140415A0205278207363686564756C65206661698B
S2140415B06C6564000D004465627567207072696E20
S2140415C0742067726F75702025730A0057726F6EE9
S2140415D06720706172616D657465720A0046696E93
S2140415E06420616E642042696E6420496E69746981
S2140415F061746F723A20436F6D706C6574653A203F
S21404160030782530325800537461727420746172D5
S2140416106765740046696E6420616E642042696E74
S21404162064205461726765740025733A2025733A02
S2140416302030782530325800467261676D656E74C6
S2140416406174696F6E2052582077696E646F7720D4
S21404165073697A652073657420746F202564002F7F
S214041660686F6D652F72756E6E65722F776F726B0D
S2140416702F747579612D7A69676265652D7377694C
S2140416807463682F747579612D7A69676265652D50
S2140416907377697463682F73696C6162735F746FC0
S2140416A06F6C732F73696D706C69636974795F739B
S2140416B0646B2F70726F746F636F6C2F7A696762D6
S2140416C065652F6170702F6672616D65776F726BDA
S2140416D02F706C7567696E2F667261676D656E74C0
S2140416E06174696F6E2F667261676D656E7461747E
S2140416F0696F6E2E630052583A2041646447726FD5
S2140417007570526573706F6E73652030782530324D
S214041710582C203078253034580052583A205669D0
S214041720657747726F7570526573706F6E73652058
S2140417303078253032582C203078253034582C20F8
S214041740220052583A2047657447726F75704D658B
S2140417506D62657273686970526573706F6E7365D7
S214041760203078253032582C203078253032582CCA
S21404177000205B3078253034585D0052583A2052A9
S214041780656D6F766547726F7570526573706F6EB0
S2140417907365203078253032582C20307825303444
S2140417A0580065705B253032585D2069645B2530CF
S2140417B034585D00436C656172696E6720616C6CB9
S2140417C02067726F7570732E004552523A20466138
S2140417D0696C656420746F20637265617465206249
S2140417E0696E64696E67202830782530325829007F
S2140417F04552523A2042696E64696E67207461628B
S2140418006C652069732066756C6C004552523A20EC
S21404181077726974696E67206E616D652073757082
S214041820706F727420253032580052583A20416442
S2140418306447726F7570203078253034582C202217
S2140418400075760052583A205669657747726F7568
S21404185070203078253034580075767300766965C4
S214041860775F67726F75700047726F7570733A2092
S2140418706661696C656420746F2073656E642025E8
S2140418807320726573706F6E73653A2030782530F6
S2140418903258006765745F67726F75705F6D656D4B
S2140418A06265727368697020726573706F6E7365B3
S2140418B00064656661756C745F726573706F6E73D1
S2140418C0650052583A2047657447726F75704D65C7
S2140418D06D62657273686970203078253032582CD2
S2140418E0007575620047726F7570733A2066616999
S2140418F06C656420746F2073656E642025733A20CB
S2140419003078253032580052583A2052656D6F763A
S2140419106547726F7570203078253034580045520C
S214041920523A204661696C656420746F2064656C65
S2140419306574652062696E64696E67202830782550
S214041940303258290072656D6F76655F67726F7501
S214041950700052583A2052656D6F7665416C6C473C
S214041960726F7570730052583A2041646447726F00
S214041970757049664964656E74696679696E672030
S2140419803078253034582C20220061646400436883
S214041990616E6E656C206E6F742076616C69643A55
S2140419A0202564005072696D617279002573206D7C
S2140419B061736B206E6F772030782530385800536B
S2140419C065636F6E64617279004D61736B206E6F30
S2140419D0742076616C69643A202564007072696DBF
S2140419E0617279007365636F6E6461727900257342
S2140419F03A20536574202573206D61736B20746FD1
S214041A002030782530385800537461747573002577
S214041A10733A2025733A004368616E6E656C206DD8
S214041A2061736B3A00202020202831292030782545
S214041A30303858205B002020202028322920307897
S214041A4025303858205B0053746174653A2030782A
S214041A502530325820282573290043757272656E26
S214041A6074206368616E6E656C3A20256400546F5A
S214041A7074616C20626561636F6E733A202564003E
S214041A804A6F696E20617474656D7074733A2025AC
S214041A9064004E6574776F726B2073746174653A74
S214041AA0203078253032580053746F700025732028
S214041AB053746F702E2020436C65616E696E6720C8
S214041AC075702E0042726F616463617374696E6729
S214041AD0207065726D6974206A6F696E0054727541
S214041AE073742063656E746572206C696E6B206B0C
S214041AF06579207570646174652073746174757398
S214041B000025733A205741524E494E473A20736C8B
S214041B105F7A69676265655F7365745F696E697429
S214041B2069616C5F73656375726974795F737461F8
S214041B307465206661696C65642E20436F6E7469F3
S214041B406E75696E6720776974686F757420696E40
S214041B507374616C6C20636F64652E004572726FDB
S214041B60723A20696E7374616C6C20636F646520CE
S214041B707365747570206661696C65642E2049739C
S214041B8020616E20696E7374616C6C20636F64658B
S214041B9020666C6173686564206F6E746F20746869
S214041BA065206465766963653F00D0D1D2D3D4D509
S214041BB0D6D7D8D9DADBDCDDDEDF00FFFFFFFFFF98
S214041BC0FFFFFF005A6967426565416C6C69616E88
S214041BD0636530390025733A2069737375696E67D7
S214041BE0207363616E206F6E202573206368616EB8
S214041BF06E656C7320286D61736B203078253038E1
S214041C00582900257320697320616C7265616479B4
S214041C1020696E2070726F67726573730053746107
S214041C207274004578616D696E696E6720626561DD
S214041C30636F6E206F6E206368616E6E656C202520
S214041C406420776974682070616E49642030782552
S214041C50303458005468697320626561636F6E207F
S214041C606973206E6F742070617274206F662074BE
S214041C7068652063757272656E74206368616E6E43
S214041C80656C206D61736B202830782530385829B0
S214041C902E2047657474696E67206E6578742062BA
S214041CA06561636F6E2077686F7365206368616E25
S214041CB06E656C206269746D61736B206973207342
S214041CC065742E004572726F723A20257320636F16
S214041CD0756C64206E6F7420617474656D70742006
S214041CE06A6F696E3A20307825303258004E6F207D
S214041CF0626561636F6E73206C656674206F6E2018
S214041D0063757272656E74206D61736B2E204D6FF1
S214041D1076696E6720746F206E65787420737461BC
S214041D207465002573206A6F696E696E6720307863
S214041D3025303458206F6E206368616E6E656C20A3
S214041D4025640025732053746174653A2025730056
S214041D504572726F723A20257320636F756C642027
S214041D606E6F74207365747570207365637572691D
S214041D7074793A20307825303258004572726F7282
S214041D803A205363616E20636F6D706C65746520D2
S214041D9068616E646C65722072657475726E6564D3
S214041DA020307825303258002573207363616E2006
S214041DB0636F6D706C6574652E20426561636F6E2B
S214041DC0732068656172643A202564002573207365
S214041DD07461636B20737461747573203078253076
S214041DE03258002573206E6574776F726B206A6FA5
S214041DF0696E65642E00257320747279696E672097
S214041E006E657874206E6574776F726B2E004E6FF5
S214041E106E65005363616E205072696D617279203D
S214041E204368616E6E656C7320616E6420757365BD
S214041E3020436F6E66696775726564204B6579002A
S214041E405363616E205072696D61727920436861D4
S214041E506E6E656C7320616E642075736520496EC2
S214041E607374616C6C20436F6465005363616E2009
S214041E705072696D617279204368616E6E656C7329
S214041E8020616E64205573652043656E7472616CC0
S214041E90697A6564204B6579005363616E205072DD
S214041EA0696D617279204368616E6E656C7320613A
S214041EB06E64205573652044697374726962757420
S214041EC06564204B6579005363616E205365636FC8
S214041ED06E64617279204368616E6E656C7320610E
S214041EE06E642075736520436F6E666967757265E8
S214041EF064204B6579005363616E205365636F6E8F
S214041F0064617279204368616E6E656C7320616EDD
S214041F10642075736520496E7374616C6C20436F1E
S214041F206465005363616E205365636F6E6461720B
S214041F3079204368616E6E656C7320616E6420550B
S214041F4073652043656E7472616C697A6564204BB0
S214041F506579005363616E205365636F6E646172C6
S214041F6079204368616E6E656C7320616E642055DB
S214041F707365204469737472696275746564204B72
S214041F806579005363616E205072696D61727920C1
S214041F904368616E6E656C7320616E64205573656C
S214041FA020416C6C204B6579732028696E737461CC
S214041FB06C6C20636F64652C2063656E7472616C50
S214041FC0697A65642C2064697374726962757465D1
S214041FD06429005363616E205365636F6E64617297
S214041FE079204368616E6E656C7320616E6420555B
S214041FF0736520416C6C204B6579732028696E7379
S21404200074616C6C20636F64652C2063656E7472F7
S214042010616C697A65642C2064697374726962758C
S21404202074656429004F6E2F4F66662073657420AE
S21404203076616C75653A2025303258202530325842
S214042040004552523A2072656164696E67206F6E6D
S2140420502F6F66662025303258004F6E2F6F6666E7
S21404206020616C72656164792073657420746F20D6
S2140420706E65772076616C756500546F67676C656E
S214042080206F6E2F6F66662066726F6D2025303265
S2140420905820746F2025303258004552523A207723
S2140420A0726974696E67206F6E2F6F6666202530BE
S2140420B0325800496E7374616C6C65642054797090
S2140420C065202842617365293A202030782530320D
S2140420D058004361706162696C69746965733A207B
S2140420E0202020202020202020203078253034581E
S2140420F000426F6F746C6F6164657220566572730C
S214042100696F6E3A2020202020307825303458001D
S21404211053656375726520426F6F746C6F61646596
S21404212072204B65793A20202020202000426F6FD1
S214042130746C6F6164696E67206661696C6564219E
S21404214000446F776E6C6F6164206661696C6564C9
S2140421502E0044656C6574696E67206661696C65FB
S2140421606420646F776E6C6F61642C207374617482
S21404217075733A2030782530325800496D616765AA
S21404218020646F6573206E6F7420636F6E7461696C
S2140421906E20616E205570677261646520496D61BA
S2140421A06765205461672028307825303458292EF6
S2140421B020536B697070696E67207570677261640E
S2140421C0652E00457865637574696E6720626F6F67
S2140421D0746C6F61642063616C6C6261636B2E0067
S2140421E05374617274696E672045424C207665723A
S2140421F0696669636174696F6E0045424C20666166
S214042200696C656420766572696669636174696F72
S2140422106E2E0045424C20706173736564207665AB
S21404222072696669636174696F6E2E002573696EE0
S21404223067204F544120636C69656E742073746123
S2140422407465206D616368696E650073746F707081
S214042250004572726F723A204E6F20696D61676531
S21404226020617420696E646578202564004E6F745E
S21404227020737570706F727465642E00436C6965A4
S2140422806E7420696D616765207175657279206961
S2140422906E666F004D616E75662049443A202020B4
S2140422A020202020202030782530345800496D61C5
S2140422B0676520547970652049443A2020202030F0
S2140422C078253034580043757272656E74205665EE
S2140422D07273696F6E3A202030782530385800487B
S2140422E0617264776172652056657273696F6E3ABF
S2140422F020004E410051756572792044656C617901
S214042300206D733A2020202020202020202020200A
S214042310256C640053657276657220446973636F36
S214042320766572792044656C6179206D733A202550
S2140423306C6400446F776E6C6F61642044656C61F6
S21404234079206D733A202020202020202020256C20
S214042350640052756E20557067726164652044652A
S2140423606C6179206D733A202020202020256C642F
S214042370005665726966792044656C6179206D73D0
S2140423803A2020202020202020202020256C6400B5
S214042390446F776E6C6F6164204572726F7220545E
S2140423A068726573686F6C643A2020256400557003
S2140423B06772616465205761697420546872657336
S2140423C0686F6C643A202020202564004F54412016
S2140423D0446F776E6772616465733A20446973610B
S2140423E0626C6564004F544120446F776E67726177
S2140423F06465733A20456E61626C656400426F6F73
S214042400746C6F61642073746174653A202573007C
S214042410496E76616C69642045502025642077688F
S214042420656E20747279696E6720746F2073656EAA
S21404243064204F5441206D6573736167652E0053A5
S214042440656E64696E6720557067726164652045C1
S2140424506E6420726571756573742E0025733A2058
S214042460696E76616C696420636D644964203078B3
S21404247025303258004572726F723A2020466169E0
S2140424806C656420746F2073656E64204F5441201D
S214042490636F6D6D616E64203078253032582C2061
S2140424A07374617475733A2030782530325800534B
S2140424B0657276657220756E6B6E6F776E2C20660D
S2140424C0616C6C696E67206261636B20746F206454
S2140424D06973636F766572792E004D6178696D75E0
S2140424E06D207175657279206572726F72732068DB
S2140424F0697420282564292C207374617274696EAB
S214042500672073656172636820666F72206E6577F4
S214042510204F5441207365727665722E0A0041700E
S214042520706C79696E6720757067726164650025E2
S214042530733A20696E76616C6964206F66667365AB
S214042540742063757272656E7454696D652830788C
S2140425502530385829203E207570677261646554AA
S214042560696D652830782530385829004F54412045
S214042570436C75737465723A207761697420666F6C
S21404258072202564207300525865642074696D6552
S2140425904F75742030782530385820732C204D41E0
S2140425A0582074696D654F75742030782530385816
S2140425B02073004D6178696D756D20757067726162
S2140425C06465207265717565737473206D616465E6
S2140425D0202825642920776974686F7574207265CD
S2140425E073706F6E73652066726F6D207365727696
S2140425F065722E00557067726164696E6720616E3D
S21404260079776179004F5441205365727669636522
S21404261020646973636F7665727920707265766577
S2140426206E746564202D20616E6F7468657220690F
S2140426307320616C726561647920696E2070726FB4
S2140426406772657373004661696C656420746F20F5
S214042650696E697469617465207365727669636509
S21404266020646973636F766572792E004F54412037
S2140426705365727669636520446973636F76657221
S2140426807920696E2070726F677265737300436C8D
S21404269069656E7420766572696669636174696FCC
S2140426A06E206661696C65642E005369676E61749A
S2140426B075726500437573746F6D0070617373652E
S2140426C064004641494C4544004E6F207369676E6A
S2140426D0617475726520766572696669636174698A
S2140426E06F6E20737570706F72742C2061737375BF
S2140426F06D696E6720696D616765206973206F6B0D
S21404270061792E0025732076657269666963617443
S214042710696F6E2025733A20307825303258004D84
S2140427206178696D756D206E756D626572206F6671
S21404273020646F776E6C6F6164206572726F72735B
S21404274020726561636820282564292C2061626FE5
S2140427507274696E672E004F544120436C7573740F
S21404276065723A2073657474696E672049454545F9
S2140427702061646472657373206F66204F54412031
S214042780636C7573746572005061727469616C2051
S21404279066696C6520646F776E6C6F616420666F23
S2140427A0756E642C20636F6E74696E75696E67202F
S2140427B066726F6D206F6666736574203078253098
S2140427C0385800466F756E642066756C6C792064A4
S2140427D06F776E6C6F616465642066696C652069EA
S2140427E06E2073746F7261676520287665727369EC
S2140427F06F6E20307825303858292E00466F756E57
S214042800642066696C6520696E2073746F726167F4
S21404281065207769746820646966666572656E7497
S2140428202076657273696F6E2028307825303858A4
S21404283029207468616E2063757272656E742076E2
S214042840657273696F6E20283078253038582900F1
S21404285046696C6520696E2073746F7261676520C3
S21404286069732073616D6520617320637572726588
S2140428706E742072756E6E696E6720766572736903
S2140428806F6E202830782530385829004E6F20691E
S2140428906D61676520666F756E6420696E2073745B
S2140428A06F726167652E004F5441205365727669D6
S2140428B0636520446973636F7665727920756E620A
S2140428C06C6F636B65640049676E6F72696E672030
S2140428D07365727665722066726F6D206C6F6F70AA
S2140428E06261636B20616464726573730049676E2A
S2140428F06F72696E6720307825303458204F544103
S2140429002073657276657220696E207365617263E2
S21404291068206F662054430053657474696E67209C
S2140429204F54412053657276657220746F20307858
S214042930253034580044656C6179696E67202564D7
S214042940207365636F6E6473206265666F726520BC
S2140429507374617274696E67204F544120636C69A6
S214042960656E740054696D656F757420776169745B
S214042970696E6720666F72206D6573736167652E76
S21404298000426164204F544120636F6D6D616E6434
S2140429903A20307825303258004F544120636F6D0A
S2140429A06D616E642030782530325820746F6F2045
S2140429B073686F727420286C656E202564203C2032
S2140429C06D696E20256429004F544120636F6D6D38
S2140429D0616E642066726F6D20756E7265636F67D4
S2140429E06E697A6564207365727665722030782520
S2140429F03034582E20204D79204F54412073657270
S214042A007665723A2030782530345800496D61670F
S214042A1065204E6F7469667900476F7420756E651D
S214042A20787065637465642025732E202053746162
S214042A30727420646973636F766572792E006465B8
S214042A406661756C74004F54413A206661696C6522
S214042A506420746F2073656E64202573207265731A
S214042A60706F6E73653A2030782530325800496DA1
S214042A70616765206E6F7469667900476F742075A8
S214042A806E65787065637465642025732E2020490E
S214042A90676E6F7265642E004F54413A2044656633
S214042AA061756C7420726573706F6E736520666FE3
S214042AB07220496D616765206E6F746966792C2093
S214042AC07374617475732030782530325800496DFC
S214042AD0616765206E6F7469667920636F6D6D61DA
S214042AE06E6400257320756E69636173742C20719F
S214042AF075657279696E6700496E76616C69640003
S214042B002573202573207061796C6F616420747955
S214042B107065203078253032580025732025733AA6
S214042B20206F7574206F662072616E6765206A690F
S214042B30747465722025640025732025733A20700A
S214042B4061796C6F6164206C656E67746820646F6D
S214042B5065736E2774206D6174636820747970657C
S214042B602030782530325820282564203C202564DF
S214042B70290025732025732064756520746F206EE4
S214042B806F6E2D6D61746368696E67206D616E7516
S214042B906661637475726572204944002573202546
S214042BA0732064756520746F206E6F6E2D6D61746E
S214042BB06368696E6720696D6167652074797065FE
S214042BC02049440025732025732064756520746F9E
S214042BD0206D61746368696E67206669726D7761DB
S214042BE072652076657273696F6E0025732025738F
S214042BF02C2052782764204A697474657220283021
S214042C007825303258292C205069636B6564204A35
S214042C10697474657220283078253032582900513A
S214042C2075657279206E65787420696D61676520B4
S214042C30726573706F6E73650025732072657475A4
S214042C40726E6564203078253032582E20204E6F00
S214042C50206E657720696D61676520746F20646FE8
S214042C60776E6C6F61642E00257320746F6F20730B
S214042C70686F727420282564203C2025642900256A
S214042C80733A204E657720696D6167652069732005
S214042C90617661696C61626C6520666F7220646F30
S214042CA0776E6C6F61642E002573206973206E6FD7
S214042CB074207573696E67206D7920696D61676528
S214042CC020696E666F2E004552524F523A204E656A
S214042CD0787420496D61676520697320746F6F206E
S214042CE062696720746F2073746F72652028307869
S214042CF025303858203E203078253038582900258D
S214042D00732072657475726E65642073616D6520D8
S214042D1046696C6556657273696F6E2061732063CD
S214042D20757272656E746C7920696E7374616C6CFE
S214042D3065642E004F544120446F776E6772616459
S214042D4065732044697361626C65643A2046696CF5
S214042D506556657273696F6E20626568696E642075
S214042D6063757272656E7420696E7374616C6C61DF
S214042D7074696F6E005374617274696E6720646F51
S214042D80776E6C6F61642C2056657273696F6E2063
S214042D90307825303858004572726F723A20466192
S214042DA0696C656420746F2064656C65746520695D
S214042DB06D6167652E004572726F723A20466169CE
S214042DC06C656420746F206572617365206F6C6433
S214042DD02074656D7020646174612E00496D6167AE
S214042DE06520626C6F636B20726573706F6E7365BB
S214042DF0004F54413A20496D616765426C6F636BBE
S214042E005265706F6E736520636F6E7461696E735E
S214042E1020696E76616C6964206F7220696E636FD8
S214042E206D706C65746520646174610055706461CE
S214042E3074696E67204D696E20426C6F636B205216
S214042E4065717565737420506572696F6420746F5C
S214042E50202564206D7300446F776E6C6F61642068
S214042E6064656C6179206279207365727665722078
S214042E702564206D7300446F776E6C6F6164206107
S214042E80626F727465642062792073657276657207
S214042E902E0053657276657220646F65736E2774B0
S214042EA020737570706F7274207061676520726528
S214042EB071756573742C206F6E6C79207573696EEA
S214042EC06720626C6F636B20726571756573742E10
S214042ED0005365727665722072657475726E6564E9
S214042EE02027756E737570706F7274656420636CDA
S214042EF0757374657220636F6D6D616E64272E0042
S214042F00556E6B6E6F776E202573207374617475BF
S214042F107320636F6465203078253032580025733B
S214042F202068617320646174612073697A6520285F
S214042F3025642920736D616C6C6572207468616EFB
S214042F402061637475616C207061636B65742073B3
S214042F50697A6520282564292E00257320657272F7
S214042F606F723A204578706563746564206F666690
S214042F70736574203078253038582C206275742098
S214042F80676F74203078253038582E202049676EB5
S214042F906F72696E6700257320696E666F206469B8
S214042FA064206E6F74206D61746368206D7920658B
S214042FB07870656374656420696E666F2E2020449D
S214042FC0726F7070696E672E004661696C65642066
S214042FD0746F20777269746520746F2073746F72CF
S214042FE0616765206465766963652100446F776E62
S214042FF06C6F6164005570677261646520656E6409
S21404300020726573706F6E736500536572766572B1
S2140430102061626F7274656420757067726164659E
S2140430202C207374617475733A20307825303258C6
S214043030004572726F723A202573206861642069B5
S2140430406E76616C69642025733A200066696C6547
S2140430502076657273696F6E00416464696E6720DA
S2140430602564206D732E2064656C617920666F720A
S21404307020696D6D65646961746520757067726139
S21404308064652E00436F756E74646F776E20746F7C
S21404309020757067726164653A202564206D73003C
S2140430A02053746174653A202020257300205761EC
S2140430B06974696E6720666F7220726573706F6ECE
S2140430C073653A20257300204E657874204576652E
S2140430D06E742054696D65723A202564206D730001
S2140430E02043757272656E7420446F776E6C6F61E0
S2140430F064204F66667365743A20307825303858F5
S214043100202825642525290025733A206661696CE4
S21404311065642070617273696E67204F5441206342
S2140431206D6420307825303258004F544120446571
S2140431306661756C7420726573706F6E7365207447
S2140431406F20636F6D6D616E64204944203078256E
S2140431503032582C2073746174757320307825309F
S214043160325800496D61676520626C6F636B20722C
S2140431706571756573742074657374206F6E6C79ED
S21404318020776F726B73207768656E207374617432
S2140431906520697320424F4F544C4F41445F53544B
S2140431A04154455F4E4F4E450052616E646F6D202C
S2140431B044656C6179206265666F7265207374611C
S2140431C0727400446973636F766572696E67204F24
S2140431D054412053657276657200476574204F54D7
S2140431E0412053657276657220455549004F6274D6
S2140431F061696E206C696E6B206B6579005175652C
S2140432007279696E67204E65787420496D616765CA
S21404321000446F776E6C6F6164696E6720496D61F8
S214043220676500566572696679696E6720496D61DF
S21404323067650057616974696E6720666F7220550A
S214043240706772616465206D6573736167650043BA
S2140432506F756E74646F776E20746F205570677226
S2140432606164650057616974696E6720746F2075C0
S21404327070677261646520766961206F75742D6F5E
S214043280662D62616E64206D656368616E69736D38
S2140432900025733A202564252520636F6D706C65C0
S2140432A0746500496D6167652025640020204552D9
S2140432B0524F523A20436F756C64206E6F742067C9
S2140432C065742066756C6C2068656164657221009F
S2140432D020204865616465722056657273696F6E56
S2140432E03A203078253034580020204865616465DB
S2140432F072204C656E6774683A20202564206279D3
S2140433007465730020204669656C6420436F6E7490
S214043310726F6C3A20203078253034580020204DC7
S214043320616E75662049443A2020202020202030F3
S2140433307825303458002020496D6167652054791B
S21404334070653A202020202030782530345800201C
S2140433502056657273696F6E3A2020202020202044
S214043360203078253038580020205A696762656511
S2140433702056657273696F6E3A203078253034585B
S21404338000202048656164657220537472696E6714
S2140433903A20202573002020496D61676520536913
S2140433A07A653A2020202020256C64206279746592
S2140433B073002020536563757269747920437265BF
S2140433C0643A202030782530325800202055706723
S2140433D07261646520446573743A202020002020BE
S2140433E04D696E2E204857205665723A20202020BC
S2140433F03078253034580020204D61782E204857E8
S214043400205665723A202020203078253034580023
S2140434102020546F74616C20546167733A202564CD
S21404342000202020205461673A2030782530345814
S214043430002020202020204C656E6774683A2025E2
S2140434406C64004572726F723A20436F756C642028
S2140434506E6F74206F627461696E20746167206990
S2140434606E666F2066726F6D20696D6167652E00EB
S2140434700A256420696D6167657320696E204F5460
S214043480412073746F726167652E00496D616765CC
S2140434902064656C65746525732E004572726F72C0
S2140434A03A2020436F756C64206E6F7420726561D9
S2140434B06420626C6F636B3A203078253032582E65
S2140434C00A005374617274696E672065726173656D
S2140434D02066726F6D206F6666736574203078257B
S2140434E030385820746F2030782530385800436FB1
S2140434F0756C64206E6F7420737461727420455208
S2140435004153452120283078253032582900454536
S21404351050524F4D20457261736520636F6D706C19
S214043520657465002F686F6D652F72756E6E6572B3
S2140435302F776F726B2F747579612D7A6967626560
S214043540652D7377697463682F747579612D7A694C
S214043550676265652D7377697463682F73696C6138
S21404356062735F746F6F6C732F73696D706C6963CD
S2140435706974795F73646B2F70726F746F636F6CAA
S2140435802F7A69676265652F6170702F6672616D48
S21404359065776F726B2F706C7567696E2F6F7461C9
S2140435A02D73746F726167652D73696D706C652D0C
S2140435B0656570726F6D2F6F74612D73746F7261B1
S2140435C067652D656570726F6D2D706167652D6515
S2140435D0726173652E63002F686F6D652F72756E4A
S2140435E06E65722F776F726B2F747579612D7A6999
S2140435F0676265652D7377697463682F747579617E
S2140436002D7A69676265652D7377697463682F73AD
S214043610696C6162735F746F6F6C732F73696D701E
S2140436206C69636974795F73646B2F70726F746FFF
S214043630636F6C2F7A69676265652F6170702F6699
S21404364072616D65776F726B2F706C7567696E2F1C
S2140436506F74612D73746F726167652D73696D7015
S2140436606C652D656570726F6D2F6F74612D737444
S2140436706F726167652D656570726F6D2E63004F9E
S21404368054412053696D706C652053746F72616782
S2140436906520454550524F4D207761726E696E67BE
S2140436A03A20636F756C64206E6F742067657420AF
S2140436B0736C6F7420696E666F20666F7220736C0D
S2140436C06F7420256420286572726F722030782506
S2140436D0303258292E2044656661756C74696E67AD
S2140436E020746F207370656369666965642061641D
S2140436F06472657373206F666673657473005374BF
S2140437006F72616765204472697665723A2020207C
S214043710202020202020202020204F5441205369A0
S2140437206D706C652053746F7261676520454550F3
S214043730524F4D20506C7567696E00526561642067
S2140437404D6F646966792057726974652053757085
S214043750706F72743A20206E6F00534F4320426F8E
S2140437606F746C6F6164696E6720537570706F72E6
S214043770743A2020202079657300426F6F746C6F52
S214043780616465722053746F726167652053757047
S214043790706F72743A20557365206669727374206C
S2140437A0736C6F7400536C6F7420746F207573653C
S2140437B03A202020202020202020202020202020E6
S2140437C02025640043757272656E7420446F776EAC
S2140437D06C6F6164204F66667365743A20202020FF
S2140437E03078253038580045424C20537461727442
S2140437F0204F66667365743A2020202020202020FF
S21404380020202030782530385800454550524F4DFA
S2140438102053746172743A20202020202020202017
S2140438202020202020203078253038580045455068
S214043830524F4D20456E643A202020202020202020
S21404384020202020202020202030782530385800C2
S214043850496D61676520496E666F205374617274A2
S2140438603A202020202020202020202030782530B8
S2140438703858005361766520526174652028627951
S214043880746573292020202020202020202020302A
S2140438907825303858004F6666736574206F662046
S2140438A0646F776E6C6F6164206F666673657420F0
S2140438B02020307825303858004F666673657420AB
S2140438C06F662045424C206F66667365743A202006
S2140438D02020202020307825303858004F66667324
S2140438E06574206F6620696D616765207374617204
S2140438F0743A202020202020307825303858007351
S2140439006C5F7A69676265655F61665F6F74615F45
S21404391073746F726167655F6472697665725F72ED
S2140439206561645F63622829206661696C65642149
S21404393000426164206D61676963206E756D62651F
S2140439407220696E2066696C653A203078253032BC
S2140439505820307825303258203078253032582098
S2140439603078253032580042616420766572736977
S2140439706F6E20696E2066696C6520307825303459
S21404398058004572726F723A2072656164416E64C3
S21404399056616C696461746553746F726564496DCD
S2140439A0616765282920747269656420746F2072C3
S2140439B0656164206D6F726520646174612074684B
S2140439C0616E20697420636F756C6420686F6C6424
S2140439D02E00736C5F7A69676265655F61665F6F08
S2140439E074615F73746F726167655F64726976652C
S2140439F0725F726561645F63622829204641494CA0
S214043A00454421004C617374206F666673657420A8
S214043A10646F776E6C6F616465643A203078253025
S214043A2038580053746F72616765204D6F64756C07
S214043A30653A204F54412053696D706C6520537469
S214043A406F7261676520506C7567696E00496D61B9
S214043A506765732053746F7265643A20202564206A
S214043A606F6620310A00253032583A0065702025EA
S214043A7030325820636C75732025303458206174B6
S214043A807472202530345820737672202563002003
S214043A906D6667202530325800207265706F727428
S214043AA0206D696E2025303458206D6178202530CD
S214043AB03458207270742D63686720253038580097
S214043AC020726563656976652066726F6D202530A1
S214043AD0345820657020253032582074696D656F1F
S214043AE0757420253034580072656D6F76650063F2
S214043AF06C656172696E67206C61737420726570A0
S214043B006F72742074696D65206F6620616C6C201A
S214043B10617474726962757465730074657374692C
S214043B206E672074696D696E67206F6620766172B1
S214043B30696F7573207265706F7274696E67206F33
S214043B407065726174696F6E73002D2D2D2D2D2D89
S214043B502D2D2D2D2D2D2D2D2D2D2D2D2D2D2D2D8C
S214043B602D2D2D2D2D2D2D2D2D2D2D2D2D2D2D2D7C
S214043B702D2D2D2D2D2D2D2D2D002D2D7461626CAA
S214043B8065207265616473202D2066756C6C2074E4
S214043B9061626C652D2D00726573756C74203D2012
S214043BA02564206D73002D2D696E6974202F207393
S214043BB063686564756C65207469636B2D2D2D00D0
S214043BC02D2D6C6F616420636F6E66696775726114
S214043BD074696F6E2064656661756C74732D2D0050
S214043BE02F686F6D652F72756E6E65722F776F72A4
S214043BF06B2F747579612D7A69676265652D7377A5
S214043C00697463682F747579612D7A69676265656E
S214043C102D7377697463682F73696C6162735F745C
S214043C206F6F6C732F73696D706C69636974795FF9
S214043C3073646B2F70726F746F636F6C2F7A69671F
S214043C406265652F6170702F6672616D65776F723D
S214043C506B2F706C7567696E2F7265706F727469FE
S214043C606E672F7265706F7274696E672E6300528A
S214043C704541445F5250545F434647007265616451
S214043C805F7265706F7274696E675F636F6E666984
S214043C906775726174696F6E005265706F727469CD
S214043CA06E673A206661696C656420746F2073657C
S214043CB06E6420257320726573706F6E73653A2088
S214043CC0307825303258004552523A207265616485
S214043CD0696E6720636C757374657220307825305E
S214043CE0345820617474726962757465203078255E
S214043CF03034583A20307825303258004552523AFB
S214043D00207265706F7274696E67206F66204C4F00
S214043D104E4720737472696E6720617474726962A8
S214043D207574652074797065206E6F742073757071
S214043D30706F727465643A20636C75737465722070
S214043D4030782530345820617474726962757465ED
S214043D5020307825303458005265706F7274696E5E
S214043D606720456E7472792046756C6C202D20632E
S214043D7072656174696E67206E6577207265706F10
S214043D807274004346475F52505400202D206469E5
S214043D9072656374696F6E3A253032582C206174EC
S214043DA074723A2530345800202020747970653AAD
S214043DB0253032582C206D696E3A253034582C2024
S214043DC06D61783A25303458002020206368616E8F
S214043DD067653A0020202074696D656F75743A250E
S214043DE030345800636F6E6669677572655F726516
S214043DF0706F7274696E67002054434C4B20757064
S214043E006461746520616C726561647920696E20F2
S214043E1070726F6772657373004D616E75616C20A6
S214043E2054434C4B20757064617465206661696CFC
S214043E3065642E2573005374617274696E67207509
S214043E4070646174652074727573742063656E742F
S214043E506572206C696E6B206B65792070726F6377
S214043E6065737300557064617465205443204C690F
S214043E706E6B204B657900204E6577206B65792044
S214043E8065737461626C69736865643A0020457290
S214043E90726F723A00506172746E65723A20005AFC
S214043EA0434C20676C6F62616C20636C7573746539
S214043EB07220636F6D6D616E64730064697265630E
S214043EC074696F6E00646973632D636F6D2D676527
S214043ED06E00646973632D636F6D2D726563006590
S214043EE078706563742D7265706F72742D66726F68
S214043EF06D2D6D6500757772697465006E777269ED
S214043F007465007265706F72742D726561640073F7
S214043F10656E642D6D652D612D7265706F7274000B
S214043F2043726561746573206120676C6F62616CAF
S214043F3020646973636F76657220636F6D6D616E5E
S214043F406420666F7220746865206173736F63699A
S214043F50617465642076616C7565732E00636C7598
S214043F607374657249641F617474726962757465EA
S214043F7049641F6D61784E756D626572546F526543
S214043F80706F72741F0043726561746573206120DC
S214043F90676C6F62616C2073656E64206D6520616A
S214043FA0207265706F727420636F6D6D616E64202D
S214043FB0666F7220746865206173736F63696174D9
S214043FC065642076616C7565732E00636C75737416
S214043FD0657249641F6174747269627574654964B4
S214043FE01F64617461547970651F6D696E526570E3
S214043FF06F727454696D651F6D61785265706F7267
S2140440007454696D651F7265706F727461626C6555
S2140440104368616E67651F0043726561746573204B
S2140440206120676C6F62616C2072656164207265E2
S214044030706F7274696E6720636F6D6D616E642055
S214044040666F7220746865206173736F6369617448
S214044050656420636C75737465722C206174747265
S214044060696275746520616E642073657276657224
S2140440702F636C69656E7420646972656374696F16
S2140440806E2E00636C757374657249641F61747474
S21404409072696275746549641F64697265637469DC
S2140440A06F6E1F00476C6F62616C207265706F7272
S2140440B074696E6720636F6D6D616E6400656E640F
S2140440C0706F696E741F636C757374657249641FD0
S2140440D061747472696275746549641F6D61736B8B
S2140440E01F0043726561746573206120676C6F629C
S2140440F0616C207265616420636F6D6D616E64200F
S2140441006D65737361676520746F207265616420E2
S21404411066726F6D2074686520636C75737465725F
S21404412020616E64206174747269627574652073AC
S21404413070656369666965642E00636C757374657F
S2140441407249641F61747472696275746549641F88
S2140441500043726561746573206120676C6F6261E9
S2140441606C20777269746520636F6D6D616E642070
S2140441706D65737361676520746F20777269746503
S21404418020746F2074686520636C75737465722080
S214044190616E6420617474726962757465207370EC
S2140441A06563696669656400636C757374657249F2
S2140441B0641F61747472696275746549641F7479E6
S2140441C070651F646174611F0043726561746520C5
S2140441D061206578706563742D7265706F72742DD6
S2140441E066726F6D2D6D65206D65737361676520EE
S2140441F077697468206173736F636961746564209A
S21404420076616C7565732E00636C7573746572499C
S214044210641F61747472696275746549641F746995
S2140442206D656F75741F0043726561746520612047
S214044230446973636F76657220436F6D6D616E6457
S214044240732047656E65726174656420636F6D6D77
S214044250616E642077697468206173736F63696143
S2140442607465642076616C7565732E00636C757373
S21404427074657249641F7374617274436F6D6D6103
S2140442806E6449641F6D6178436F6D6D616E644939
S214044290641F0053657473207468652064697265CE
S2140442A06374696F6E20666F7220676C6F62616CF0
S2140442B020636F6D6D616E64732C20656974686528
S2140442C07220636C69656E7420746F2073657276F1
S2140442D06572206F722073657276657220746F2023
S2140442E0636C69656E742E00536574732061206672
S2140442F06C616720736F207468617420746865202D
S2140443006170706C69636174696F6E206672616D4A
S21404431065776F726B2057494C4C204E4F54207271
S2140443206573706F6E6420746F20746865206E65A4
S2140443307874205A434C206D6573736167652074E6
S21404434068617420636F6D657320696E206F76658F
S2140443507220746865206169722E00536574732038
S2140443606120666C616720736F20746861742074C2
S2140443706865206170706C69636174696F6E20662D
S21404438072616D65776F726B2057494C4C2072656D
S21404439073706F6E6420746F20746865206E657821
S2140443A074205A434C206D65737361676520746886
S2140443B0617420636F6D657320696E206F76657215
S2140443C020746865206169722E00536574732074C6
S2140443D068652044697361626C652044656661752E
S2140443E06C7420526573706F6E7365204672616DCF
S2140443F06520436F6E74726F6C2062697420746FEC
S2140444002075736520666F7220746865206E657803
S2140444107420636F6D6D616E6420696620746865D0
S21404442020636F6D6D616E64206973206E6F7420F7
S214044430616C7265616479206275696C742E0064BF
S214044440697361626C6544656661756C7452657304
S214044450706F6E73651F00536574732074686520EF
S214044460666C616720746F207573652074686520B8
S214044470696E6372656D656E7465642073657175C7
S214044480656E6365206E756D6265722066726F6D0B
S21404449020746865206672616D65776F726B20663E
S2140444A06F7220746865206E657874207261772058
S2140444B0636F6D6D616E642E007573654E657874FA
S2140444C053657175656E63651F00436C6920636F81
S2140444D06D6D616E6420746F2063616C6C20736C08
S2140444E05F7A69676265655F61665F7365745F744A
S2140444F0696D652066756E6374696F6E20646F639C
S214044500756D656E74656420696E2061662E68003C
S21404451075746354696D651F0053657473207468FD
S214044520652074776F2062797465206D616E756698
S2140445306163747572657220737065636966696316
S214044540206964656E74696669657220746F207587
S214044550736520666F7220746865206E65787420B3
S214044560636F6D6D616E6420696620746865206390
S2140445706F6D6D616E64206973206E6F7420616C5C
S2140445807265616479206275696C742E006D666765
S214044590537065636966696349641F005472757372
S2140445A0742043656E746572204A6F696E20486194
S2140445B06E646C65723A20737461747573203D2062
S2140445C025732C206465636973696F6E203D20250E
S2140445D073202825303258292C2073686F7274692A
S2140445E0642030782530345800554E7365637572F0
S2140445F06564206A6F696E00646576696365206C1D
S21404460065667400554E73656375726564207265DD
S2140446106A6F696E0075736520707265636F6E6687
S214044620696775726564206B65790073656E6420CE
S2140446306B657920696E2074686520636C656172A9
S2140446400064656E79206A6F696E006E6F20616320
S21404465074696F6E00616C6C6F772072656A6F693F
S2140446606E73206F6E6C79006E6F742000534C5F0F
S2140446705354415455535F4E4554574F524B5F5510
S21404468050203078253034580054727573742043A3
S214044690656E7465722045554920686173202573DC
S2140446A06368616E6765642E00534C5F53544154CF
S2140446B055535F4E4554574F524B5F444F574E0029
S2140446C0534C5F5354415455535F4E4F545F4A4FB7
S2140446D0494E454400534C5F5354415455535F5A16
S2140446E049474245455F4E4554574F524B5F4F50DE
S2140446F0454E45443A2025642073656300534C5F59
S2140447005354415455535F5A49474245455F4E45B5
S21404471054574F524B5F434C4F5345440025733A0E
S2140447202025730064697374726962757465640025
S21404473063656E7472616C697A656400466F726D47
S214044740002573696E67206F6E2063682025642CCD
S2140447502070616E496420307825303458004572E4
S214044760726F723A2044657669636520646F657378
S214044770206E6F7420737570706F727420257320AA
S2140447806E6574776F726B20666F726D6174696F95
S2140447906E004A6F696E00496E76616C69642053D8
S2140447A0656375726974792050726F66696C653AD0
S2140447B02030782530325800704A6F696E20666F54
S2140447C072202564207365633A2030782530325889
S2140447D0004C696D6974696E6720647572617469EA
S2140447E06F6E206F66207065726D6974206A6F69DB
S2140447F06E2066726F6D20666F726576657220280D
S2140448003235352920746F203235340052583A2018
S2140448105A444F2C20636F6D6D616E64203078258A
S2140448203034582C207374617475733A20307825AC
S2140448303032580053696D706C650052583A202522
S2140448407320446573632052657370004D6174630E
S21404485068002C204D6174636865733A20256400F3
S21404486044657669636520416E6E6F756E63653A5E
S214044870203078253034580052583A20494545456A
S214044880204164647265737320526573706F6E732F
S214044890650052583A204163746976652045502075
S2140448A0526573706F6E73652C20436F756E743A21
S2140448B0202564004E6F6465002C204D6174636887
S2140448C065733A2030782530345800737461636B0E
S2140448D0207665722E205B25642E25642E256400C2
S2140448E0202573206275696C642025645D005A4433
S2140448F04F00534500484100436C7573746572005D
S214044900476C6F62616C00257374782030782530AC
S21404491038582C200050726F66696C653A202573EF
S2140449202028307825303458292C20436C7573742D
S21404493065723A203078253034582C20256420625D
S214044940797465732C00205A434C20257320436DDC
S214044950642049443A202564005072652D52656CE3
S2140449606561736500416C706861203100416C704C
S2140449706861203200416C706861203300426574BF
S2140449806120310042657461203200426574612002
S2140449903300474100526573657420696E666F3A4A
S2140449A02030782530325820282573290064656C19
S2140449B06574652062696E64696E673A20253032D4
S2140449C0582025303258000102030405060708095A
S2140449D00A0B0C00010101010101010101010101A1
S2140449E0005752495445204552523A2000257365D3
S2140449F070202530325820636C7573202530345867
S214044A0020617474722025303458206E6F742073BD
S214044A107570706F72746564002573696E76616C68
S214044A20696420646174612074797065002573611B
S214044A30747472206E6F74207772697461626C6528
S214044A400057524954453A206E6F20777269746550
S214044A502C206A7573742061207465737400524543
S214044A6041443A206174747269627574652073698E
S214044A707A6520746F6F206C6172676520666F724A
S214044A802063616C6C657200636C6E74007372767E
S214044A907200525700524F00202052414D202000F1
S214044AA020746F6B656E200065787465726E2000E6
S214044AB0454E44504F494E54202530325800636CBE
S214044AC07573202F2073696465202F2061747472B7
S214044AD0202F206D666720202F74797065286C65FA
S214044AE06E292F207277202F2073746F726167658A
S214044AF0202F206461746120287261772900253094
S214044B003458202F202573202F2025303458202F6A
S214044B102000202F202530325820282530325829CE
S214044B20202F202573202F202573202F2000556E3C
S214044B30737570706F72746564004F5441205245EB
S214044B4041443A2065703A25303258206369643A05
S214044B50253034582061747469643A2530345820FA
S214044B606D736B3A25303258206D66636F64653A10
S214044B702530345800524541443A20636C757320FE
S214044B80253034582C206174747220253034582013
S214044B906661696C6564202530325800524541448C
S214044BA03A20636C757320253034582C2061747455
S214044BB07220253034582C20646174614C656E3A3A
S214044BC020253032582C204F4B00282563292530C9
S214044BD03258253032582530325825303258253050
S214044BE03258253032582530325825303258006431
S214044BF0697361626C65002573642C2064726F703F
S214044C0070696E67206570203078253032582063CE
S214044C106C75732030782530345820636D642030EA
S214044C2078253032580047656E6572617465640095
S214044C30526563656976656400446973636F766577
S214044C407220436F6D6D616E647320726573706F4E
S214044C506E73652028636F6D706C6574653A2025E5
S214044C6063292C202573204944733A200030782584
S214044C7030325820005F45585400524541445F4145
S214044C805454520057524954453A20636C75732065
S214044C90253034582061747472202530345820002E
S214044CA04641494C20253032580057524954453A1B
S214044CB020746F6F2073686F727400444953435FA7
S214044CC04154545200257325733A20636C7573203F
S214044CD0253034580053766320446973633A2000C1
S214044CE0257357616974696E67202564207365634C
S214044CF020666F7220646973636F766572792074B8
S214044D006F20636F6D706C657465005374617465B1
S214044D1020636F72726573706F6E64696E67207459
S214044D206F20746865207468652072657175657394
S214044D3074206E6F7420666F756E640A0025736344
S214044D406F6D706C6574652E0A00257353657276F4
S214044D5069636520446973636F766572792053745A
S214044D60617465206C696D6974732072656163682B
S214044D7065640A002573496C6C6567616C20627211
S214044D806F61646361737420616464726573732C09
S214044D902072656D617070696E6720746F2076612D
S214044DA06C6964206F6E652E0025734661696C65B8
S214044DB06420746F2073656E64206D61746368206C
S214044DC0646973636F766572793A20307825303279
S214044DD0580025735374617274696E67206469732E
S214044DE0636F7665727920666F7220636C75737470
S214044DF06572203078253034580025734661696C16
S214044E00656420746F2073656E642073696D706CBE
S214044E10652064657363726970746F72207265715D
S214044E20756573743A2030782530325800257346F9
S214044E3061696C656420746F2073656E64204945EF
S214044E404545206164647265737320726571756587
S214044E5073743A20307825303258002573466169D9
S214044E606C656420746F2073656E64204E574B2007
S214044E706164647265737320726571756573743AE0
S214044E8020307825303258004572726F723A2025E9
S214044E9073206261642073696D706C652064657349
S214044EA063726970746F72206C656E6774682E0026
S214044EB025734D65737361676520746F6F2073681F
S214044EC06F72740025734D65737361676520746F24
S214044ED06F2073686F727420666F72206E756D2E05
S214044EE020656E64706F696E74730025734D61740B
S214044EF06368257320666F756E642066726F6D2016
S214044F003078253034582E004572726F723A202558
S214044F107320696E76616C6964206C656E6774686C
S214044F202028256420213D2025642920666F7220D0
S214044F3041637469766520456E64706F696E74208B
S214044F40726573706F6E7365002573676F74206186
S214044F50637469766520455020726573706F6E734E
S214044F6065005554432074696D653A2025642F25E1
S214044F70642F25642025643A25643A256420282570
S214044F80303858290028556E6B6E6F776E20636C28
S214044F9075732E205B3078253034585D29000D0A51
S214044FA054253038583A005258206C656E202564D3
S214044FB02C20657020253032582C20636C757320A5
S214044FC03078253034582000206D666749642025E3
S214044FD030345800204643202530325820736571FB
S214044FE0202530325820636D6420253032582070D6
S214044FF061796C6F61645B004261736963004F762C
S2140450006572207468652041697220426F6F746C03
S2140450106F6164696E67002573525820706B742044
S214045020746F6F2073686F72743A202564203C2076
S2140450302564002573525820706B74206D616C666D
S2140450406F726D65643A202564203C202564002038
S214045050204861766520526F7574657220537570AA
S214045060706F7274002020456E6420446576696310
S21404507065204F6E6C79002020456E61626C656415
S21404508000202044697361626C6564004572726F27
S214045090722072657472696576696E6720696E66D9
S2140450A06F20666F72206C6962726172792049445F
S2140450B0202564002573206C6962726172792573F9
S2140450C02070726573656E74005A69676265652040
S2140450D050726F0042696E64696E6700536563754B
S2140450E07269747920436F726500536563757269DB
S2140450F07479204C696E6B204B6579730043424B80
S21404510045203136334B310043424B45204453410E
S214045110205369676E004543430043424B45204491
S214045120534120566572696679005061636B6574F5
S2140451302056616C6964617465005A4C4C004342A5
S2140451404B45203238334B31004543432032383305
S2140451504B310043424B4520636F7265004E43500B
S214045160004D756C7469206E6574776F726B0045BC
S2140451706E68616E63656420426561636F6E20527B
S21404518065710043424B45203238334B312044533B
S2140451904120566572696679004D756C74692D50A8
S2140451A0414E002F686F6D652F72756E6E65722F97
S2140451B0776F726B2F747579612D7A69676265658E
S2140451C02D7377697463682F747579612D7A6967AE
S2140451D06265652D7377697463682F73696C6162A1
S2140451E0735F746F6F6C732F73696D706C6963692A
S2140451F074795F73646B2F70726F746F636F6C2F48
S2140452007A69676265652F737461636B2F636F6E6B
S2140452106669672F736C5F7A69676265655F636F3B
S2140452206E66696775726174696F6E2E63002F68A7
S2140452306F6D652F72756E6E65722F776F726B2F3A
S214045240747579612D7A69676265652D73776974FB
S21404525063682F747579612D7A69676265652D7345
S21404526077697463682F73696C6162735F746F6FB8
S2140452706C732F73696D706C69636974795F73649A
S2140452806B2F70726F746F636F6C2F7A69676265C9
S214045290652F737461636B2F6672616D65776F72C9
S2140452A06B2F6165732D6563622E63002F686F6DC7
S2140452B0652F72756E6E65722F776F726B2F7475AD
S2140452C079612D7A69676265652D73776974636899
S2140452D02F747579612D7A69676265652D737769B0
S2140452E07463682F73696C6162735F746F6F6C7339
S2140452F02F73696D706C69636974795F73646B2F5F
S21404530070726F746F636F6C2F7A69676265652F4E
S214045310737461636B2F73656375726974792F7A1E
S21404532069676265652D73656375726974792D6D39
S214045330616E616765722D6E6F2D7661756C742E65
S21404534063004572726F723A20204661696C656428
S21404535020746F20726561642066726F6D20454507
S21404536050524F4D2061742030782534582C2073C9
S21404537074617475733A20256400454550524F4D48
S21404538020496E697469616C697A65643A2025639C
S21404539000454550524F4D20427573793A20256397
S2140453A0005061727469616C20576F726420537484
S2140453B06F7261676520436F756E743A20256400CA
S2140453C0416464726573733A2030782534582C200F
S2140453D05061727469616C20576F72643A20307839
S2140453E0255800636F6E6669726D65640061737339
S2140453F0756D6564000A454550524F4D20496E66EA
S2140454006F004E6F7420617661696C61626C652012
S214045410286F6C64657220626F6F746C6F6164656C
S21404542072290050617274204465736372697074E3
S214045430696F6E3A2020202020202020202025730B
S214045440004361706162696C69746965733A20200F
S21404545020202020202020202020202030782532C4
S2140454605800506167652045726173652074696DE4
S21404547065202873293A2020202020202564005007
S2140454806172742045726173652074696D652028A5
S21404549073293A202020202020256400506172744D
S2140454A02045726173652074696D6520286D7329C3
S2140454B03A20202020202025640050616765207350
S2140454C0697A6520286279746573293A2020202039
S2140454D02020202020256C00506172742073697A85
S2140454E06520286279746573293A202020202020BC
S2140454F0202020256C00576F72642073697A65201B
S214045500286279746573293A2020202020202020E0
S214045510202564202825702900454550524F4D20EB
S214045520696E69743A2030782558002F686F6D6567
S2140455302F72756E6E65722F776F726B2F74757916
S214045540612D7A69676265652D7377697463682F60
S214045550747579612D7A69676265652D73776974E8
S21404556063682F73696C6162735F746F6F6C732FFB
S21404557073696D706C69636974795F73646B2F7596
S21404558074696C2F706C7567696E2F706C756769BB
S2140455906E2D636F6D6D6F6E2F656570726F6D2FF8
S2140455A0656570726F6D2E6300556E61626C652062
S2140455B0746F20626F6F7420696D61676520617413
S2140455C020736C6F7420256C640A00536C6F74200F
S2140455D04D616E61676572206661696C65642074EE
S2140455E06F20657261736520736C6F740A004D6179
S2140455F0782072656164206C696D697420736574C3
S21404560020746F2025642062797465730A004164EF
S21404561064726573732020202020202020202044DC
S2140456206174610A00307825346C782020202020AC
S2140456302020307825780A004661696C65642074F9
S2140456406F20726561642066726F6D20666C61738C
S214045650680A00536C6F7420256C640A2020416429
S214045660647265737320202020203A203078253415
S2140456706C580A20204C656E677468202020202011
S214045680203A20307825346C582028256C64206213
S21404569079746573290A00202054797065202020C7
S2140456A020202020203A20004E6F2047424C2070B5
S2140456B0726573656E740A005A69674265650A0006
S2140456C05468726561640A00436F6E6E6563740A9B
S2140456D000426C7565746F6F74680A00426C756579
S2140456E0746F6F7468206170706C69636174696F3D
S2140456F06E0A004D43550A004F74686572202830C0
S21404570078256C58290A00202056657273696F6ED6
S21404571020202020203A203078256C580A002020AB
S2140457204361706162696C69746965733A203078A4
S21404573025346C580A00202050726F6475637420F8
S214045740494420203A2000307825582000536C6FB6
S21404575074204D616E616765723A206661696C6596
S2140457606420746F20696E697469616C697A652057
S214045770626F6F746C6F6164657220286572726FF5
S21404578072203078253478290A0056657273696F5A
S2140457906E20202020203A2025640A00506172746E
S2140457A020202020202020203A2025730A00436150
S2140457B0706162696C69746965733A20307825781B
S2140457C00A00506172742073697A652020203A209A
S2140457D0256420420A00506167652073697A652053
S2140457E020203A20256420420A00576F72642073F2
S2140457F0697A652020203A20256420420A00536CEA
S2140458006F7473202020202020203A2025640A006C
S2140458104661696C656420746F20726561642066F5
S214045820726F6D2073746F7261676520666C617346
S2140458306820286572726F72202564290A00496EF2
S21404584076616C696420736C6F7420256420286DFF
S214045850617820736C6F74202564290A0046616998
S2140458606C656420746F2067657420696E666F20AB
S214045870666F7220736C6F742025640A00536C6F15
S21404588074204D616E616765723A20736C6F742084
S2140458907772697465206661696C7572652E20413D
S2140458A0646472657373206F666673657420282556
S2140458B06429202B207772697465206C656E677482
S2140458C068202825642920677265617465722074CF
S2140458D068616E20746F74616C20736C6F74206CD6
S2140458E0656E67746820282564290A00536C6F74F3
S2140458F0204D616E61676572207761726E696E67AE
S2140459003A20736C6F74202564206C656E67746827
S2140459102028256429206E6F7420616C69676E6583
S2140459206420746F20706167652073697A65202827
S2140459302564292E2054686520656E746972652076
S214045940736C6F742077696C6C206E6F742062655C
S214045950206572617365642E0A00536C6F74204D63
S214045960616E616765723A206661696C656420746D
S2140459706F2065726173652025642062797465738F
S21404598020696E20736C6F74202564206174206116
S21404599064647265737320307825347820286572C1
S2140459A0726F722030782578290A00457261736513
S2140459B06420256420627974657320696E20736C94
S2140459C06F742025640A004661696C656420746FF0
S2140459D02073657420736C6F7420746F20626F6F0D
S2140459E07420286572726F72203078253478290AFC
S2140459F0004661696C656420746F20736574206C5E
S214045A00697374206F6620736C6F747320746F20D0
S214045A10626F6F7420286572726F72203078253436
S214045A2078290A004661696C656420746F2067658E
S214045A3074206E6577206C697374206F6620736CAF
S214045A406F747320746F20626F6F7420286572728F
S214045A506F72203078253478290A00426567696EAB
S214045A606E696E6720696D61676520766572696622
S214045A7069636174696F6E2E2E2E002E6661696CE2
S214045A8065642120284572726F7220307825347838
S214045A90290A002E7061737365642120426F6F7447
S214045AA0696E6720736C6F742025640A00666E69DD
S214045AB02B00666E69006E616E00666E692D006C62
S214045AC0696273006273656E640072657365740060
S214045AD07261770073656E645F6D756C746963617B
S214045AE073740073656E642D7573696E672D6D75BA
S214045AF06C7469636173742D62696E64696E6700A1
S214045B0074696D6573796E63006765742D70746966
S214045B102D726164696F2D636F6E66696700636FCB
S214045B206E6669672D6363612D6D6F6465006576C7
S214045B30656E7473007365637572697479007A6947
S214045B40676265655F7072696E7400706C7567690C
S214045B506E006E6574006B657973006F7074696FA0
S214045B606E00706C7567006368616E67656B657957
S214045B70006368616E67656B007A646F00707269B3
S214045B806E742072656C6174656420636F6D6D61FC
S214045B906E64732E0061747472005A646F207265AA
S214045BA06C6174656420636F6D6D616E64732E0042
S214045BB0726F75746500706F776572006D676D74CB
S214045BC02D6C7169006D676D742D62696E64006E6C
S214045BD06F64650073696D706C6500696565650062
S214045BE06E776B00756E62696E64006E776B2D75EA
S214045BF07064006F75742D636C2D6C697374006922
S214045C006E2D636C2D6C697374005A646F20696E14
S214045C102D636C2D6C6973742072656C6174656495
S214045C2020636F6D6D616E64732E005A646F206F0F
S214045C3075742D636C2D6C6973742072656C617455
S214045C40656420636F6D6D616E64732E005A646FB5
S214045C50206E776B2D7570642072656C6174656454
S214045C6020636F6D6D616E64732E007363616E2DB9
S214045C706368616E2D6D61736B007363616E0063A0
S214045C8068616E5067006368616E005A646F2075C1
S214045C906E62696E642072656C6174656420636FFD
S214045CA06D6D616E64732E00756E69636173740046
S214045CB06368616E67656B65792072656C6174658F
S214045CC06420636F6D6D616E64732E006C696E6B19
S214045CD0004F7074696F6E2072656C617465642021
S214045CE0636F6D6D616E64732E007265676973749D
S214045CF06572006469736300696E7374616C6C2DFD
S214045D00636F64650062696E64696E672D746162B0
S214045D106C65007072696E742D72782D6D7367737E
S214045D200061707372657472790041505320726515
S214045D3074727920666C616720666F72636520638F
S214045D406F6D6D616E647300456E61626C65732F72
S214045D5044697361626C6573207072696E74696EEF
S214045D6067206F66205278206D657373616765736C
S214045D702E00656E61626C650042696E64696E67CA
S214045D80207461626C652072656C6174656420635E
S214045D906F6D6D616E64732E0053656375726974FE
S214045DA079206B6579732072656C61746564206311
S214045DB06F6D6D616E64732E0064656C657465004A
S214045DC04E6574776F726B2072656C6174656420BF
S214045DD0636F6D6D616E64732E00666F726D007214
S214045DE0656A6F696E2D646966662D646576696397
S214045DF0652D747970650065787470616E696400E9
S214045E0069736F70656E0062726F61642D706A6F7D
S214045E10696E006368616E67652D6368616E6E65A2
S214045E206C00696E6974006368616E67652D6B65E6
S214045E3065702D616C6976652D6D6F646500746997
S214045E406D656F75742D6F7074696F6E2D6D6173EB
S214045E506B006D756C74692D7068792D737461723E
S214045E6074006D756C74692D7068792D73746F7019
S214045E700066696E64006E6574776F726B2066697F
S214045E806E6420636F6D6D616E64732E006A6F6955
S214045E906E61626C6500756E7573656400736C6F15
S214045EA0742D6D616E6167657200636F756E7465DF
S214045EB072730066696E642D616E642D62696E6429
S214045EC000667261676D656E746174696F6E0067F3
S214045ED0726F7570732D736572766572006E657475
S214045EE0776F726B2D7374656572696E67006F7475
S214045EF0612D626F6F746C6F6164006F74612D63E3
S214045F006C69656E74006F74612D73746F7261676B
S214045F10652D636F6D6D6F6E006F74612D73746F96
S214045F20726167652D656570726F6D0069646C6576
S214045F302D736C656570007570646174652D74638B
S214045F402D6C696E6B2D6B65790075706461746574
S214045F502D74632D6C696E6B2D6B65792072656C80
S214045F606174656420636F6D6D616E64730074693B
S214045F706D6572006E6F7700436F6D6D616E64734E
S214045F8020746F20636F6E74726F6C2069646C6922
S214045F906E672F736C656570696E67206F66207414
S214045FA068652064657669636500666F7263652D4F
S214045FB06177616B65006177616B652D7768656EE7
S214045FC02D6E6F742D6A6F696E6564007265706FEE
S214045FD07274696E672072656C6174656420636FA1
S214045FE06D6D616E64732E00636C6561722D6C61F9
S214045FF073742D7265706F72742D74696D65007498
S2140460006573742D74696D696E67006F74612D73A2
S214046010746F726167652D656570726F6D20726549
S2140460206C6174656420636F6D6D616E64732E00BD
S21404603077697065006F74612D73746F726167653C
S2140460402D636F6D6D6F6E2072656C617465642070
S214046050636F6D6D616E6473007072696E74496D02
S214046060616765730072656C6F61640073746F7248
S2140460706167652D696E666F00646174612D707268
S214046080696E74006F74612D636C69656E7420723A
S214046090656C6174656420636F6D6D616E64732EE8
S2140460A00076657269667900626C6F636B2D746541
S2140460B0737400706167652D72657175657374001D
S2140460C0757067726164652D7265717565737400A9
S2140460D064697361626C652D646F776E6772616460
S2140460E0657300656E61626C652D646F776E6772AA
S2140460F061646573006F74612D626F6F746C6F6199
S214046100642072656C6174656420636F6D6D616E86
S2140461106473006E6574776F726B2D737465657245
S214046120696E672072656C6174656420636F6D6D5B
S214046130616E64732E007072652D636F6E66696798
S214046140757265642D6B65792D736574006D617366
S2140461506B2072656C6174656420636F6D6D616E2F
S214046160642E0073756274726163740067726F756F
S21404617070732D7365727665722072656C617465D2
S2140461806420636F6D6D616E64732E006672616762
S2140461906D656E746174696F6E2072656C6174658A
S2140461A06420636F6D6D616E64732E007365742D69
S2140461B072782D77696E646F772D73697A650061DE
S2140461C072746966696369616C2D626C6F636B2DAA
S2140461D064726F700046696E6420616E6420626942
S2140461E06E642072656C6174656420636F6D6D61A6
S2140461F06E64732E00696E69746961746F720065EB
S2140462006E61626C655F7479706500737461636B4C
S21404621000617070007A636C006C65676163795F17
S21404622061665F646562756700636F756E74657238
S214046230732072656C6174656420636F6D6D616E46
S21404624064732E007072696E742D636F756E746558
S214046250722D747970650073696D706C652D70723B
S214046260696E74007072696E742D746872657368F2
S2140462706F6C6473007365742D7468726573686FED
S2140462806C640072657365742D7468726573686FE8
S2140462906C64730073656E642D72657175657374D2
S2140462A00073656375726974792072656C617465D0
S2140462B06420636F6D6D616E6473007365742D6125
S2140462C06C6C6F772D74727573742D63656E74655C
S2140462D0722D72656A6F696E2D7573696E672D7798
S2140462E0656C6C2D6B6E6F776E2D6B6579007365C0
S2140462F0742D616C6C6F772D74727573742D636571
S2140463006E7465722D72656A6F696E2D7573696E2B
S214046310672D77656C6C2D6B6E6F776E2D6B65795C
S2140463202D74696D656F7574007365742D6B65796E
S2140463302D726571756573742D706F6C6963790061
S2140463406D66672D746F6B656E00617073005365C0
S214046350637572697479206170732072656C6174F8
S214046360656420636F6D6D616E64732E004765749B
S2140463702F736574204D464720746F6B656E2E0030
S214046380656E64706F696E742072656C61746564A2
S21404639020636F6D6D616E64732E00656570726F39
S2140463A06D207574696C6974792072656C617465A6
S2140463B06420636F6D6D616E647300536C6F74203C
S2140463C04D616E616765722072656C6174656420E8
S2140463D0636F6D6D616E647300626F6F742D736CA2
S2140463E06F740065726173652D736C6F74006578E5
S2140463F0742D666C6173682D696E666F00736C6FBE
S21404640074732D696E666F005072696E74732074AF
S214046410696D652E005072696E74732061747472AF
S21404642069627574652E00436C65617273207468C6
S21404643065205A444F206C697374206F6620636C21
S21404644069656E742028696E2920636C757374659B
S21404645072732E004164647320636C757374657282
S2140464607320746F20746865206B6E6F776E20637C
S2140464706C69656E742028696E2920636C75737464
S214046480657273206F6E207468697320646576691C
S21404649063652E00436C6561727320746865205AC8
S2140464A0444F206C697374206F6620636C69656E54
S2140464B07420286F75742920636C75737465727301
S2140464C02E004164647320636C7573746572732064
S2140464D0746F20746865206B6E6F776E20636C69CA
S2140464E0656E7420286F75742920636C75737465E3
S2140464F07273206F6E2074686973206465766963AE
S214046500652E0053656E647320616E207570646139
S2140465107465206368616E6E656C2072657175655E
S21404652073742E006368616E6E656C1F0053656E2F
S214046530647320616E20757064617465206368619D
S2140465406E6E656C2070616765207265712E2054CE
S214046550686520737461636B2073656E6473206E64
S214046560776B20656E68616E636564207570646120
S21404657074652072657120666F72206E6F6E2D7A58
S21404658065726F20706167652E006368616E6E6564
S2140465906C1F706167651F00506572666F726D735D
S2140465A020616E20656E65726779207363616E2E56
S2140465B0007461726765744E6F646549641F736323
S2140465C0616E4475726174696F6E1F7363616E43A6
S2140465D06F756E741F0042726F61646361737473C7
S2140465E020746865204944206F6620746865206EB0
S2140465F06577206E6574776F726B206D616E616768
S214046600657220616E6420616374697665206368D0
S214046610616E6E656C732E006E776B4D67654964AC
S2140466201F6368616E6E656C4D61736B1F00506509
S21404663072666F726D7320616E20656E657267791F
S214046640207363616E206F6E20676976656E2063C3
S21404665068616E6E656C206D61736B2E007461727A
S2140466606765744E6F646549641F7363616E447531
S214046670726174696F6E1F7363616E436F756E74B7
S2140466801F6368616E6E656C4D61736B1F005365A6
S2140466906E64732061206E6574776F726B2061641C
S2140466A06472657373207265717565737420666FA2
S2140466B0722074686520676976656E20494545458D
S2140466C020616464726573732E00696565651F00D6
S2140466D0526571756573747320616E20494545452E
S2140466E02061646472657373206261736564206FED
S2140466F06E206120676976656E206E6F646520493A
S214046700442E006E6F646549641F0053656E64739F
S21404671020612073696D706C6520646573637269AB
S21404672070746F72207265717565737420666F720B
S214046730207468652073686F72742061646472657F
S214046740737320616E6420656E64706F696E742066
S2140467507370656369666965642E00646573741F87
S214046760746172676574456E64706F696E741F0039
S21404677053656E64732061206D6174636844657349
S21404678063726970746F7273526571756573742081
S214046790746F2074686520676976656E2064657317
S2140467A074696E6174696F6E2077697468207468A2
S2140467B06520676976656E2070726F66696C652EF3
S2140467C0006E6F646549641F70726F66696C651F3E
S2140467D00053656E64732061206E6F646520646583
S2140467E07363726970746F72207265717565737401
S2140467F020746F206120676976656E207461726705
S2140468006574206465766963652E007461726765D5
S214046810741F0053656E64732061205A444F2042EF
S214046820696E6420636F6D6D616E6420746F2061A1
S2140468302064657669636520737065636966696557
S2140468406420696E2074686520636F6D6D616E6484
S21404685020617267756D656E74732E00446573747B
S214046860696E6174696F6E1F536F75726365206518
S2140468706E64706F696E741F44657374696E6174B8
S214046880696F6E20656E64706F696E741F636C75D5
S2140468907374657249441F72656D6F746545554916
S2140468A036341F6465737445554936341F00536582
S2140468B06E647320616E2061637469766520656E0C
S2140468C064706F696E742072657175657374207474
S2140468D06F207468652064657669636520776974DB
S2140468E0682074686520676976656E2073686F72C1
S2140468F0742049442E0053656E647320616E2075BF
S2140469006E62696E64207265717565737420666F55
S21404691072206120756E69636173742062696E64A7
S214046920696E6720746F2074686520746172676589
S21404693074206465766963652E0074617267657495
S2140469401F736F757263652065756936341F736FC0
S2140469507572636520656E64706F696E741F636C10
S214046960757374657249441F64657374696E6174E3
S214046970696F6E45554936341F64657374696E6174
S21404698074696F6E20656E64706F696E741F005351
S214046990656E647320616E20756E62696E64207223
S2140469A065717565737420666F722061206D756CF1
S2140469B07469636173742062696E64696E672074B7
S2140469C06F207468652074617267657420646576E8
S2140469D06963652E007461726765741F736F7572E0
S2140469E063652065756936341F736F757263652039
S2140469F0656E64706F696E741F636C75737465720C
S214046A0049441F67726F7570416464726573731FBF
S214046A100053656E64732061205A444F204D616EA6
S214046A206167656D656E74204C6561766520636F7D
S214046A306D6D616E6420746F207468652074617275
S214046A40676574206465766963652E007461726791
S214046A5065741F72656D6F76654368696C647265EC
S214046A606E1F72656A6F696E1F0053656E647320CD
S214046A7061205A444F204D474D542D42696E642080
S214046A802842696E64696E67205461626C652920C9
S214046A905265717565737420746F2074686520740C
S214046AA06172676574206465766963652E00746137
S214046AB0726765741F7374617274496E6465781FB7
S214046AC00053656E64732061205A444F204D474D31
S214046AD0542D4C514920284C5149205461626C6510
S214046AE029205265717565737420746F2074686507
S214046AF020746172676574206465766963652E0028
S214046B0053656E64732061205A444F20506F776536
S214046B10722044657363726970746F722052657173
S214046B207565737420746F20746865207461726769
S214046B306574206465766963652E0053656E6473B8
S214046B402061205A444F20726F75746520726571F7
S214046B507565737420636F6D6D616E6420746F2049
S214046B60746865207461726765742E007461726758
S214046B7065741F696E6465781F00696E6465781FA6
S214046B8065756936341F696E7374616C6C436F6423
S214046B90651F00696E6465781F65756936341F6BFA
S214046BA065791F005443206C696E6B206B657920F1
S214046BB07265717565737420706F6C6963791F41B3
S214046BC07070206C696E6B206B65792072657175C8
S214046BD065737420706F6C6963791F00426F6F6C05
S214046BE03A20616C6C6F77207472757374206365D9
S214046BF06E7465722072656A6F696E207573696E4D
S214046C00672077656C6C2D6B6E6F776E206B65797D
S214046C101F0070726F66696C6549641F636C7573D8
S214046C2074657249641F0074617267657449641FF1
S214046C3000456E61626C6573207072696E74696E6D
S214046C4067206F66205278206D657373616765737D
S214046C502E0053657473207468652062696E6469D7
S214046C606E67207461626C6500696E6465781F6384
S214046C706C75737465721F6C6F63616C45701F72FC
S214046C80656D6F746545701F65756936341F0043FE
S214046C906C65617273207468652062696E64696EDF
S214046CA067207461626C652E005072696E7473207E
S214046CB07468652062696E64696E67207461626CCC
S214046CC06520746F2074686520636F6D6D616E64F3
S214046CD0206C696E652E00436C6561727320616C6E
S214046CE06C207365637572697479206B6579732E8D
S214046CF00044656C6574652074686520737065630C
S214046D006966696564206C696E6B206B65792069B9
S214046D106E6465782E005072696E747320616C6CB4
S214046D20207365637572697479206B6579732E00B8
S214046D305465726D696E6174657320746865206D40
S214046D40756C74692D50485920696E746572666155
S214046D506365005573656420746F20737461727480
S214046D60206D756C74692D50485920696E7465726F
S214046D7066616365206F74686572207468616E204E
S214046D806E617469766520616E6420666F726D202C
S214046D90746865206E6574776F726B2E2054686510
S214046DA020737461636B20757365732073616D65FE
S214046DB02050616E4964206173206E617469766543
S214046DC020726164696F206E6574776F726B2E0033
S214046DD0706167651F6368616E6E656C1F706F77A0
S214046DE065721F6F7074696F6E734D61736B2028C4
S214046DF04269742030203D20526F7574657273208A
S214046E00616C6C6F7765642C204269742031203D78
S214046E102042726F61646361737420616C6C6F7777
S214046E206564291F00417474656D70747320746FF3
S214046E30206368616E676520746865206368696CA2
S214046E40642074696D656F7574206F7074696F6EF5
S214046E50206D61736B20746F2066696C7465722094
S214046E606F757420756E646573697261626C6520F3
S214046E7076616C7565732028652E672E206E6F20EC
S214046E806D6F7265207468616E2033206461797357
S214046E90292E0074696D656F7574206F7074696F40
S214046EA06E206D61736B1F00537769746368657336
S214046EB0206265747765656E2064696666657265CA
S214046EC06E74206B65657020616C697665206D6FE5
S214046ED064657320737570706F727465642062796C
S214046EE0206120726F757465722E004B6565702084
S214046EF0616C697665206D6F64651F005072696EFB
S214046F007473207468652063757272656E74204E9F
S214046F106F64652049442C2045554936342C20613D
S214046F206E642050616E2049442E00496E6974696F
S214046F30616C697A65732061206E6574776F726B15
S214046F403B207468697320697320612074657374C8
S214046F5020636F6D6D616E64207573656420666F63
S214046F60722074632D737761702D6F757420746549
S214046F707374696E672E0053657473207468652095
S214046F806E6574776F726B20696E646578207573AE
S214046F90656420627920616C6C2066757475726510
S214046FA020434C4920636F6D6D616E64732E202000
S214046FB04265666F726520657865637574696E6789
S214046FC0206120434C4920636F6D6D616E642C20F4
S214046FD0746865206672616D65776F726B2073776F
S214046FE069746368657320746F2074686973206EAF
S214046FF06574776F726B2E202041667465722074F8
S214047000686520636F6D6D616E642066696E697372
S21404701068657320657865637574696E672C20747B
S2140470206865206672616D65776F726B2073776929
S2140470307463686573206261636B20746F20746880
S214047040652070726576696F7573206E6574776FE8
S214047050726B2E202054686520434C492075736556
S21404706073207468652073616D65206E6574776F30
S214047070726B20696E64657820756E74696C207412
S21404708068652064657669636520726573657473E4
S214047090206F72206974206973206368616E676567
S2140470A064207468726F75676820746869732063F7
S2140470B06F6D6D616E642E00417474656D707473CB
S2140470C020746F206368616E676520646576696303
S2140470D065206F76657220746F2061206469666629
S2140470E06572656E74206368616E6E656C20676990
S2140470F076656E20696E20746865206368616E6EBE
S214047100656C20617267756D656E742E00546865D3
S214047110206368616E6E656C20746F206368616EB0
S214047120676520746F1F0066696E64556E757365B7
S2140471306450616E49640066696E644A6F696E6184
S214047140626C654E6574776F726B005065726D691C
S2140471507473206A6F696E696E67206F6E20746838
S21404716065206E6574776F726B20666F722061207F
S214047170676976656E206E756D626572206F66202F
S2140471807365636F6E647320414E442062726F6150
S2140471906463617374732061205A444F204D676D95
S2140471A074205065726D6974204A6F696E696E67E3
S2140471B0207265717565737420746F20616C6C2021
S2140471C0726F75746572732E00412073696E676CF6
S2140471D065206279746520696E6469636174696E9A
S2140471E06720686F77206C6F6E672074686520640C
S2140471F065766963652073686F756C64206861766C
S21404720065207065726D6974206A6F696E696E6751
S214047210207475726E6564206F6E20666F722E2001
S214047220412076616C7565206F662030786666202E
S2140472307475726E73206F6E207065726D6974203B
S2140472406A6F696E20696E646566696E6974656CDA
S214047250792E1F00436865636B73206E6574776FC1
S214047260726B20706A6F696E207374617475732E06
S2140472700057726974657320746865206578746550
S2140472806E6465642070616E20494420666F7220C7
S214047290746865206465766963652E006578747025
S2140472A0616E69641F0052656A6F696E7320616E51
S2140472B0206578697374696E67206E6574776F727B
S2140472C06B20696E206120736563757265206F722A
S2140472D020696E736563757265206D616E6E657286
S2140472E02077697468206120646966666572656ED5
S2140472F0742064657669636520747970652E00422F
S2140473006F6F6C65616E206E6574776F726B206B41
S214047310657920617661696C6162696C6974791F4C
S2140473204368616E6E656C206D61736B1F416E20E1
S214047330656E756D65726174696F6E20696E6469D9
S214047340636174696E672074686520646576696332
S21404735065207479706520746F2072656A6F696E33
S2140473602061732E54686520737461636B206F6E9E
S2140473706C79206163636570747320534C5F5A495B
S214047380474245455F454E445F444556494345207C
S214047390616E6420534C5F5A49474245455F534CDF
S2140473A0454550595F454E445F4445564943452E2E
S2140473B01F0052654A6F696E732061206E6574778C
S2140473C06F726B2E00426F6F6C65616E206E657413
S2140473D0776F726B206B657920617661696C616288
S2140473E0696C6974791F4368616E6E656C206D61A3
S2140473F0736B1F004C65617665732061206E65743F
S214047400776F726B2E005475726E73207065726D92
S2140474106974206A6F696E696E67206F6E20666F86
S214047420722074686520616D6F756E74206F6620B7
S21404743074696D6520696E646963617465642E00A1
S214047440412073696E676C65206279746520696E85
S2140474506469636174696E6720686F77206C6F6E09
S2140474606720746865206465766963652073686F51
S214047470756C642068617665207065726D69742029
S2140474806A6F696E696E67207475726E206F6E20FF
S214047490666F722E20412076616C7565206F6620BB
S2140474A030786666207475726E73207065726D69C6
S2140474B074206A6F696E20696E646566696E6974A5
S2140474C0656C792E1F004A6F696E732061206E65A5
S2140474D074776F726B206F6E206120676976656EB5
S2140474E0206368616E6E656C2C2077697468206111
S2140474F020676976656E20545820506F7765722031
S214047500616E642050414E2049442E005468652024
S2140475106368616E6E656C206F6E20776869636859
S21404752020746F206A6F696E20746865206E6574B7
S214047530776F726B1F4F6E652D6279746520736961
S214047540676E65642076616C756520696E64696330
S2140475506174696E672074686520545820506F778C
S2140475606572207468617420746865207261646949
S2140475706F2073686F756C64206265207365742071
S214047580746F1F5468652050414E204944206F6E26
S21404759020776869636820746F206A6F696E207448
S2140475A06865206E6574776F726B1F00466F726D28
S2140475B0732061206E6574776F726B206F6E206126
S2140475C020676976656E206368616E6E656C2C2034
S2140475D077697468206120676976656E2054582040
S2140475E0506F77657220616E642050414E20494486
S2140475F02E00546865206368616E6E656C206F6E3D
S21404760020776869636820746F20666F726D2074D3
S2140476106865206E6574776F726B1F4F6E652D629A
S214047620797465207369676E65642076616C756528
S21404763020696E6469636174696E67207468652086
S214047640545820506F77657220746861742074688B
S2140476506520726164696F2073686F756C6420625C
S214047660652073657420746F1F5468652050414EFE
S214047670204944206F6E20776869636820746F2001
S214047680666F726D20746865206E6574776F726BB2
S2140476901F005468697320696E6974696174657340
S2140476A020612054434C4B207570646174652070CF
S2140476B0726F6365647572652E00537065636966E0
S2140476C0792074686520616D6F756E74206F66200E
S2140476D074696D6520746F207761697420616674BF
S2140476E06572206F6E652054434C4B207570646140
S2140476F07465206F7065726174696F6E20636F6D58
S214047700706C65746573206265666F726520626569
S21404771067696E6E696E672061206E6577205443D4
S2140477204C4B20757064617465206F70657261746B
S214047730696F6E2E0054686520616D6F756E7420D7
S2140477406F662074696D65206265747765656E2062
S21404775073756273657175656E742074727573746F
S2140477602063656E746572206C696E6B206B657938
S214047770207570646174657320696E206D696C6C25
S214047780697365636F6E64731F00536574206F724C
S21404779020636C6561722073746179206177616B14
S2140477A065207768656E206E6F74206A6F696E65F3
S2140477B06400536574206F7220636C656172206682
S2140477C06F726365206177616B6500446973706CE2
S2140477D061792074686520736C65657020737461C4
S2140477E074757300464F522054455354494E4720EF
S2140477F0505552504F534553202D20676174686589
S214047800722074696D696E67206D6574726963733E
S21404781020666F72207265706F7274696E6720746A
S21404782061626C65206F7065726174696F6E732E29
S21404783000436C6561727320746865206C617374B0
S214047840207265706F72742074696D65206F66208F
S214047850617474726962757465732E00416464732E
S2140478602061206E657720656E74727920746F20AF
S214047870746865207265706F7274207461626C65DA
S2140478802E00546865206C6F63616C20656E6470AE
S2140478906F696E742066726F6D20776869636820FE
S2140478A0746865206174747269627574652069739E
S2140478B0207265706F727465641F54686520636C0B
S2140478C075737465722077686572652074686520C0
S2140478D0617474726962757465206973206C6F6371
S2140478E0617465641F546865204944206F6620747B
S2140478F0686520617474726962757465206265696E
S2140479006E67207265706F727465641F3020666FD0
S2140479107220636C69656E742D7369646520617486
S2140479207472696275746573206F72203120666F95
S21404793072207365727665722D736964652061744E
S21404794074726962757465731F546865206D696E18
S214047950696D756D207265706F7274696E672069E3
S2140479606E74657276616C2C206D656173757265D4
S2140479706420696E207365636F6E64732E1F54688B
S21404798065206D6178696D756D207265706F7274AF
S214047990696E6720696E74657276616C2C206D65FD
S2140479A061737572656420696E207365636F6E64B7
S2140479B0732E1F546865206D696E696D756D20633E
S2140479C068616E676520746F2074686520617474DE
S2140479D072696275746520746861742077696C6C6A
S2140479E020726573756C7420696E206120726570F0
S2140479F06F7274206265696E672073656E742E1FDD
S214047A000052656D6F76657320616E20656E7472C4
S214047A10792066726F6D20746865207265706F7267
S214047A2074207461626C652E0054686520696E6407
S214047A306578206F6620746865207265706F72744E
S214047A4020746F2062652072656D6F7665641F0012
S214047A50436C6561727320616C6C20656E74726928
S214047A6065732066726F6D20746865207265706F2A
S214047A707274207461626C652E005072696E747341
S214047A8020746865207265706F7274207461626C0D
S214047A90652E00576970657320616C6C2064617490
S214047AA06120696E207468652073746F72616765FF
S214047AB0206465766963652E005072696E7473205F
S214047AC06172626974726172792062797465732076
S214047AD06F6620746865204F544120696D61676540
S214047AE0206F6E206469736B2E0054686520696E7F
S214047AF0646578206F662074686520696D616765C3
S214047B0020746F207072696E7420697473206461C7
S214047B1074611F546865206F666673657420696EA9
S214047B20746F20746865204F544120696D616765E1
S214047B3020746861742077696C6C206265207072AA
S214047B40696E7465641F005072696E747320696E82
S214047B50666F726D6174696F6E2061626F757420F2
S214047B607468652073746F726167652064657669EE
S214047B7063652E0052656C6F6164207468652073BB
S214047B80746F72616765206465766963652E004468
S214047B90656C657465732074686520696D616765D6
S214047BA0206174207468652073706563696669650E
S214047BB06420696E6465782E0054686520696E6476
S214047BC0657820617420776869636820746F206222
S214047BD06567696E2064656C6574696E6720746891
S214047BE06520696D6167651F005072696E74732045
S214047BF074686520696D616765732E00456E616201
S214047C006C6573204F544120646F776E67726164AD
S214047C1065732E0044697361626C6573204F54412A
S214047C2020646F776E6772616465732E0053656EA9
S214047C30647320616E2055706772616465456E6476
S214047C405265717565737420746F20616E204F548D
S214047C5041207365727665722E0043616E206265FC
S214047C60207573656420746F2064796E616D696332
S214047C70616C6C79207475726E206F66662073650D
S214047C806E64696E672070616765207265717565DC
S214047C90737473206F6E2074686520636C69656EF8
S214047CA07420736964652C20696620746865207383
S214047CB0657276657220646F65736E2774207375BB
S214047CC070706F7274207468697320666561747569
S214047CD072652E00426F6F6C65616E2076616C75FE
S214047CE065207475726E696E67206F6E2028312960
S214047CF0206F72206F6666202830292074686520FD
S214047D0070616765207265717565737420666C6151
S214047D10671F0053656E647320616E20696D61672A
S214047D206520626C6F636B20726571756573742071
S214047D30666F7220612066696C65207468652073BE
S214047D4065727665722073686F756C64206E6F74E6
S214047D5020686176652E20205465737420686172ED
S214047D606E657373206F6E6C792028746573742047
S214047D706361736520392E352E36202D204D6973A8
S214047D8073696E672046696C6529005072696E7463
S214047D907320696E666F726D6174696F6E206F6EA4
S214047DA0207468652063757272656E7420737461DE
S214047DB07465206F6620746865204F544120636C98
S214047DC069656E7420646F776E6C6F61642E005301
S214047DD0746F707320746865204F54412073746107
S214047DE07465206D616368696E652E0053746172F4
S214047DF0747320746865204F544120636C69656E03
S214047E0074207374617465206D616368696E652E91
S214047E1020546865207374617465206D61636869B5
S214047E206E6520646973636F766572732074686523
S214047E30204F5441207365727665722C20717565E7
S214047E407269657320666F72206E657720696D614E
S214047E506765732C20646F776E6C6F61647320742F
S214047E60686520696D6167657320616E642077615B
S214047E7069747320666F7220746865207365727601
S214047E80657220636F6D6D616E6420746F2075700B
S214047E9067726164652E005072696E74732074682C
S214047EA065206D616E7566616374757265722049CE
S214047EB0442C20496D6167652054797065204944D7
S214047EC02C20616E642056657273696F6E20696E2D
S214047ED0666F726D6174696F6E2074686174206178
S214047EE072652075736564207768656E20612071FD
S214047EF075657279206E65787420696D6167652092
S214047F0069732073656E7420746F207468652073BB
S214047F1065727665722062792074686520636C6980
S214047F20656E742E00506572666F726D7320736989
S214047F30676E6174757265207665726966696361D9
S214047F4074696F6E206F6E2074686520696D616752
S214047F50652061742074686520737065636966695A
S214047F60656420696E6465782E0054686520696EC1
S214047F7064657820617420776869636820746F206C
S214047F80626567696E20766572696669636174699D
S214047F906F6E206F662074686520696D6167651F63
S214047FA000426F6F746C6F61647320746865206937
S214047FB06D616765206174207468652073706563FD
S214047FC0696669656420696E6465782062792063F1
S214047FD0616C6C696E6720746865204F544120623A
S214047FE06F6F746C6F61642063616C6C6261636B49
S214047FF02E0054686520696E646578206174207765
S2140480006869636820746F20626567696E20626FB2
S2140480106F746C6F6164696E672074686520696D3F
S2140480206167651F005072696E747320696E666FAF
S2140480302061626F75742074686520696E7374615C
S2140480406C6C656420626F6F746C6F616465722E0D
S214048050005375627472616374732061206368618F
S2140480606E6E656C2066726F6D20656974686572E5
S21404807020746865207072696D617279206F722051
S2140480807365636F6E64617279206368616E6E6592
S2140480906C206D61736B206F6620746865206E6556
S2140480A074776F726B2D7374656572696E6720637F
S2140480B06F6D706F6E656E742E005468652063680D
S2140480C0616E6E656C206D61736B20746F207375C2
S2140480D062747261637420746865206368616E6E8E
S2140480E0656C2066726F6D1F546865206368616EE8
S2140480F06E656C20746F207375627472616374208D
S214048100746865206D61736B2066726F6D1F004125
S2140481106464732061206368616E6E656C20746F9E
S2140481202065697468657220746865207072696D6C
S214048130617279206F72207365636F6E6461727901
S214048140206368616E6E656C206D61736B206F666C
S21404815020746865206E6574776F726B2D73746512
S2140481606572696E6720636F6D706F6E656E742ED0
S21404817000546865206368616E6E656C206D61737B
S2140481806B20746F206164642061206368616E6E86
S214048190656C20746F1F546865206368616E6E6535
S2140481A06C20746F2061646420746F20746865208A
S2140481B06D61736B1F00536574732065697468651D
S2140481C07220746865207072696D617279206F72AE
S2140481D0207365636F6E64617279206368616E6E86
S2140481E0656C206D61736B2E00546865206368614E
S2140481F06E6E656C206D61736B20746F2073756290
S214048200747261637420746865206368616E6E6559
S2140482106C2066726F6D1F5468652076616C756598
S21404822020746F2073657420746865206368616EBB
S2140482306E656C206D61736B20746F2E1F00536522
S214048240747320746865207072652D636F6E66693A
S2140482506775726564206B657920736F2074686136
S2140482607420746865206A6F696E696E6720646539
S214048270766963652063616E20656E74657220742A
S2140482806865206E6574776F726B2E005365747321
S2140482902074686520707265636F6E6669677572B0
S2140482A06564206B65791F0053746F70732074685F
S2140482B065206E6574776F726B207374656572697A
S2140482C06E672070726F636573732E0053746172E9
S2140482D0747320746865206E6574776F726B207390
S2140482E074656572696E672070726F636573732E4A
S2140482F00041206D61736B206F66206F7074696F28
S2140483006E7320666F7220696E6469636174696E49
S2140483106720737065636966696320626568617661
S214048320696F722077697468696E20746865206E58
S2140483306574776F726B2D7374656572696E6720EA
S21404834070726F636573732E1F00446973706C617B
S2140483507973207468652063757272656E74207311
S2140483607461747573206F6620746865206E657416
S214048370776F726B207374656572696E67207072AE
S2140483806F636573732E00436C6561727320746843
S214048390652067726F757073207461626C65206FF8
S2140483A06E20657665727920656E64706F696E748A
S2140483B0005072696E747320696E666F726D6174B4
S2140483C0696F6E2061626F75742074686520636FD0
S2140483D06E74656E7473206F6620746865206772A9
S2140483E06F757073207461626C652E0041727469D7
S2140483F066696369616C6C792064726F707320744B
S214048400686520626C6F636B206E756D62657220A2
S214048410646566696E656420627920746865207098
S214048420617373656420617267756D656E74206F21
S2140484306E6C79206F6E63652C20616E64207468A0
S214048440656E20616C6C6F77732069742075706F2D
S2140484506E20612072657472792E005468652062FD
S2140484606C6F636B206E756D62657220746F20612D
S21404847072746966696369616C6C792064726F7082
S21404848020746F20666F7263652061207265747253
S21404849079202D2073657420746F2030784646202A
S2140484A0746F2064697361626C651F00536574732E
S2140484B02074686520726563656976652077696EE1
S2140484C0646F772073697A652E202042792064656C
S2140484D066696E6974696F6E20696E2074686520BB
S2140484E0536D61727420456E657267792070726F81
S2140484F066696C65206974206D75737420626520E6
S21404850073657420746F20312062757420746869F2
S2140485107320616C6C6F777320697420746F2062AB
S21404852065206368616E6765642E00546865206D17
S2140485306178206E756D626572206F66207468655A
S21404854020626C6F636B732072656365697665641D
S214048550206265666F726520616E2041505320610B
S214048560636B2069732067656E6572617465641F4A
S214048570004D616B65732074686973206E6F646563
S214048580207374617274206964656E7469667969AF
S2140485906E6720617320612074617267657420665B
S2140485A06F722062696E64696E67207769746820EA
S2140485B0616E20696E69746961746F72206E6F648F
S2140485C0652E0054686520656E64706F696E74204D
S2140485D06F6E20776869636820746F2062656769C8
S2140485E06E207468652046696E64696E6720616EE5
S2140485F0642042696E64696E67207461726765748C
S2140486002070726F636573731F004D616B65732012
S21404861074686973206E6F64652073746172742065
S21404862074686520696E69746961746F722070611C
S2140486307274206F66207468652066696E64696E5D
S2140486406720616E642062696E64696E672070726A
S2140486506F636573732E0054686520656E64706F6F
S214048660696E74206F6E20776869636820746F2063
S214048670626567696E207468652046696E64696E13
S2140486806720616E642042696E64696E6720696E55
S21404869069746961746F722070726F636573731F97
S2140486A000456E61626C652F64697361626C652057
S2140486B0646562756720606C6567616379206170C4
S2140486C070206672616D65776F726B206465627583
S2140486D06760207072696E7420747970652E004528
S2140486E06E61626C652F64697361626C651F004518
S2140486F06E61626C652F64697361626C6520646583
S21404870062756720607A636C60207072696E74208C
S214048710747970652E00456E61626C652F646973AA
S21404872061626C6520646562756720606170706064
S214048730207072696E7420747970652E00456E61BF
S214048740626C652F64697361626C6520646562752A
S214048750672060636F726560207072696E7420743F
S2140487607970652E00456E61626C652F646973616D
S214048770626C652064656275672060737461636B00
S21404878060207072696E7420747970652E0053656B
S2140487906E64732061207265717565737420666FEC
S2140487A072204F544120636F756E746572732E0089
S2140487B052657365747320616C6C2074687265739B
S2140487C0686F6C64732076616C75657320746F20B3
S2140487D03078464646462E005365747320612074EE
S2140487E068726573686F6C642076616C7565206664
S2140487F06F72206120706172746963756C61722097
S21404880074797065206F6620636F756E7465722E5A
S2140488100054797065206F6620636F756E74657298
S2140488201F5468726573686F6C642056616C756556
S2140488301F005072696E74732074686520746872C1
S2140488406573686F6C6473206F6620616C6C20744B
S214048850686520636F756E746572732E00436C656D
S21404886061727320616C6C20636F756E7465722020
S21404887076616C7565732E005072696E7473206130
S2140488806C6C20636F756E7465722076616C7565AA
S214048890732E005072696E74732074686520766156
S2140488A06C7565206F6620746869732070617274D5
S2140488B06963756C617220636F756E7465722E00E1
S2140488C054686520636F756E74657220747970657C
S2140488D020746F207072696E741F005072696E7413
S2140488E07320616C6C20636F756E7465722076619C
S2140488F06C75657320616E6420636C6561727320A9
S2140489007468656D2E00536574204D464720746F59
S2140489106B656E2C2043414E4E4F542042452055E5
S2140489204E53455420425920434C492E00507269F8
S2140489306E74204D464720746F6B656E2E00507221
S214048940696E7420616374697665206576656E74F5
S214048950732E0044697361626C65207468652065D3
S2140489606E64706F696E7420666F72205A434C2072
S2140489706D657373616765732E00456E64706F6909
S2140489806E7420696E6465781F00456E61626C655E
S214048990732074686520656E64706F696E742066F3
S2140489A06F72205A434C206D657373616765732E2E
S2140489B0005072696E7420737461747573206F66E8
S2140489C020656E64706F696E74732E0053686F77DB
S2140489D073207468652076657273696F6E206F669F
S2140489E02074686520736F6674776172652E005311
S2140489F065742074686520636F6E66696775726552
S214048A0064203830322E31352E3420434341206DD5
S214048A106F646520696E2074686520726164696F8E
S214048A202E2053656520646F63756D656E7461747E
S214048A30696F6E20726567617264696E6720524161
S214048A40494C5F494545453830323135345F4363D8
S214048A50614D6F64655F742E0041205241494C5F3E
S214048A60494545453830323135345F4363614D6F8F
S214048A7064655F742076616C75651F005265747555
S214048A80726E732050544920726164696F20636F5C
S214048A906E66696720696E666F726D6174696F6E63
S214048AA020746F2064657465726D696E65207468E1
S214048AB065205048592074797065206265696E6730
S214048AC02075736564206279205241494C2E2072C9
S214048AD0657475726E2076616C75652069732065A1
S214048AE06E756D205241494C5F49454545383032D4
S214048AF03135345F507469526164696F436F6E66D2
S214048B0069675F7420652E6720205241494C5F498F
S214048B104545453830323135345F5054495F52410B
S214048B2044494F5F434F4E4649475F3250344748A7
S214048B305A203D203078303055205241494C5F4908
S214048B404545453830323135345F5054495F5241DB
S214048B5044494F5F434F4E4649475F325034474877
S214048B605A5F414E54444956203D203078303155A2
S214048B70205241494C5F49454545383032313534F9
S214048B805F5054495F524144494F5F434F4E4649F4
S214048B90475F32503447485A5F434F4558203D207C
S214048BA03078303255205241494C5F494545453866
S214048BB030323135345F5054495F524144494F5F37
S214048BC0434F4E4649475F32503447485A5F414EFA
S214048BD0544449565F434F4558203D20307830333F
S214048BE0550053656E64732061207265616420616C
S214048BF074747220666F72207468652074696D657B
S214048C00206F6620746865206465766963652073E2
S214048C1070656369666965642E204974207365749B
S214048C2073206120666C616720736F207768656EB9
S214048C302069742067657473207468652072657390
S214048C40706F6E736520697420777269746573201B
S214048C507468652074696D6520746F206974732068
S214048C606F776E2074696D6520617474722E004986
S214048C70641F737263456E64706F696E741F6465F7
S214048C807374456E64706F696E741F005768656E02
S214048C902073656E64696E67207573696E672061FC
S214048CA02062696E64696E672C20737065636966FA
S214048CB069657320776865746865722061206D75D0
S214048CC06C7469636173742062696E64696E67208C
S214048CD073686F756C6420626520757365642E0016
S214048CE07573654D756C74696361737442696E64FB
S214048CF0696E671F0053656E647320612070726529
S214048D002D6275666665726564206D756C7469633C
S214048D10617374206D65737361676520746F206179
S214048D2020676976656E2067726F757020494420E7
S214048D3066726F6D206120676976656E20656E6465
S214048D40706F696E742E0067726F757049641F7356
S214048D5072632D656E64706F696E741F004372656E
S214048D60617465732061206D657373616765206245
S214048D70792073706563696679696E6720746865BF
S214048D80207261772062797465732E20557365208E
S214048D907468652073656E6420636F6D6D616E64C0
S214048DA020746F2073656E6420746865206D657327
S214048DB073616765206F6E636520697420686173EC
S214048DC0206265656E20637265617465642E204555
S214048DD0783A2072617720307830303046207B3005
S214048DE030203041203030203131203232203333AD
S214048DF02034342035357D2073656E6473206120FD
S214048E006D65737361676520746F20636C75737426
S214048E106572203135202830783030304629206F6E
S214048E2066206C656E6774682038207768696368A6
S214048E3020696E636C7564657320746865205A4394
S214048E404C206865616465722E00436C75737465A6
S214048E507249641F446174611F00526573657473BC
S214048E6020746865206E6F64652E00577269746599
S214048E70732061206D6573736167652E00456E64AB
S214048E80706F696E741F436C757374657220494401
S214048E901F4174747269627574652049441F4D617C
S214048EA0736B1F4461746120747970651F44617428
S214048EB06120627974651F005265616473206120C5
S214048EC06D6573736167652E00456E64706F696EB9
S214048ED0741F436C75737465722049441F4174741F
S214048EE07269627574652049441F3120696620736F
S214048EF0657276657220646972656374696F6E2C38
S214048F00203020696620636C69656E74206469721B
S214048F10656374696F6E1F0053656E647320612009
S214048F206D6573736167652E0044657374696E615D
S214048F3074696F6E1F536F7572636520656E647017
S214048F406F696E741F44657374696E6174696F6EBD
S214048F5020656E64706F696E741F00536F7572635C
S214048F606520656E64706F696E741F004C69737457
S214048F7073207768696368206F7074696F6E616CBC
S214048F80206C6962726172696573206F662074680A
S214048F906520737461636B2061726520696D706C03
S214048FA0656D656E746564206F6E207468697320E1
S214048FB06465766963652E005072696E7473206901
S214048FC06E666F726D6174696F6E2061626F757420
S214048FD020746865206E6574776F726B2073746195
S214048FE074652C20636C7573746572732C20616EC3
S214048FF06420656E64706F696E74732E006F6666A7
S2140490007365741F005072696E747320696E666FA0
S214049010726D6174696F6E20666F7220616C6C206D
S214049020617661696C61626C6520736C6F74732E13
S21404903000526561647320726177206461746120F4
S21404904066726F6D20666C6173682073746F7261EC
S21404905067652E004164647265737320746F2072B2
S2140490606561641F4E756D626572206F6620627955
S21404907074657320746F20726561641F0050726992
S2140490806E747320666C6173682073746F726167A4
S2140490906520696E666F726D6174696F6E2E004529
S2140490A0726173657320746865207370656369669E
S2140490B069656420736C6F742049442E0053746F82
S2140490C07261676520736C6F74206E756D6265726D
S2140490D01F00426F6F74732074686520696D616742
S2140490E06520696E207468652073706563696669B7
S2140490F0656420736C6F742049442E00434C4920E9
S214049100696E7374616E6365206578616D706C65F5
S2140491100064756D6D795F696E7374005A434C20F4
S214049120636F6D6D616E647300626173696300677B
S2140491306C6F62616C006D66672D636F64650075A5
S21404914073652D6E6578742D73657175656E6365CC
S21404915000782D64656661756C742D726573700095
S214049160746573742D726573706F6E73652D6F6E90
S21404917000746573742D726573706F6E73652D6FEE
S2140491806666005A434C20626173696320636C759B
S2140491907374657220636F6D6D616E6473007274B0
S2140491A0666400436F6D6D616E642074686174203C
S2140491B072657365747320616C6C20617474726973
S2140491C0627574652076616C75657320746F2066AD
S2140491D06163746F72792064656661756C742E00C1
S2140491E05241494C006C6F7765722D6D61632D7228
S2140491F061696C2D3830322E31352E342E63006C76
S21404920069627261696C2E6100756E636C61696D6A
S2140492106564006275666665722D6D616E6167656C
S2140492206D656E742E63006576656E742D71756556
S21404923075652E63007A69676265652D757070655D
S214049240722D6D61632E63006E65696768626F7266
S2140492502E63006173736F63696174696F6E2E6346
S2140492600031383231730031343232310031323128
S2140492700032730031323231313200313232313120
S2140492800032383100383131003138323131003172
S21404929032313131323132323231730031323200CE
S2140492A031323131323231003131313100323238FB
S2140492B000726F7574652D7461626C652E63006D43
S2140492C061632D6D756C74692D6E6574776F726B42
S2140492D02E63006C65676163792D7061636B6574DA
S2140492E02D6275666665722E63000000000002003B
S2140492F00000000000000000BA04000000000200A5
S2140493000000000000000000BA0400000001020390
S2140493100E312E312E332D316162316662373800BC
S2140493200100000203030100060000000000030021
S2140493300000000013B779FAC925DDB7ADF3CFE016
S214049340F1B614B80102000000000000FFFFFFFFA2
S2140493500100000001000000000000000000000002
S21404936000000000000000000000000000000000F4
S21404937000000000000000000000000000000000E4
S21404938000000000033F1F00C1540300BD54030047
S2140493909B54030069540300F9540300CB540300A0
S2140493A06B5403002C0000000202020300000000BD
S2140493B001020000000801B45C9404000008015A8D
S2140493C01894040000080040D49304000000000031
S2140493D0000000000000FCFEFFFF0000000000008C
S2140493E0FFFF000000000000FFFF00000000000078
S2140493F0FFFF00000000000040001806F4D2000042
S2140494002C00B0023DBE00001700F2000C7C0000E9
S2140494100C0041009E4200006400FCFEFFFF0000BA
S21404942000000000FFFF0000000000005A00F306E2
S214049430A554FEFF2100A301A1FEFFFF1100A60014
S214049440832700000A006100DC26000006003B00BB
S214049450F820000003001500AD130000C800FCFE51
S214049460B4008B087BC0FBFF4D00E402E756FFFF09
S2140494702C00A20183EBFFFF1A000301B31A0000BD
S2140494801100A300552900000A005E005A280000B7
S21404949006003A002122000004001800731600009B
S2140494A0E04904009DFE03009DFE03009DFE0300AC
S2140494B09DFE03009DFE03009DFE03009DFE03002B
S2140494C09DFE03009DFE03009DFE03009DFE03001B
S2140494D09DFE03009DFE03009DFE03009DFE03000B
S2140494E09DFE03009DFE03009DFE03009DFE0300FB
S2140494F09DFE03009DFE03009DFE03009DFE0300EB
S2140495009DFE03009DFE03009DFE03009DFE0300DA
S214049510ABFE03009DFE0300C0FE03009DFE030099
S2140495209DFE0300E5FE03009DFE03009DFE030072
S2140495309DFE03009DFE03000DFF03009DFE030039
S2140495409DFE03009DFE03009DFE030025FF030011
S2140495509DFE030043FF03000B0000000B00000009
S21404956002000000000020200000000003000000AD
S2140495708C8C3C000000000000000000000000008E
S214049580000000581200000000000000FFFFFFFF6C
S214049590FFFFFFFFFFFFFFFF554E4B00474F200026
S2140495A042544C00474F3200474F3300474F340075
S2140495B0474F3500474F3600474F3700474F380070
S2140495C0474F3900474F4100474F4200474F43003B
S2140495D0474F4400474F4500474F46004A4D50000A
S2140495E0424452005550520042544D004D534D00D3
S2140495F046544C00554E4B00474F200042544C00F6
S2140496004241440046544C00465243004F544100E5
S21404961044534C004241500055504700544D4500B9
S21404962046415500545A4600554E4B0050494E008C
S214049630454D3400554E4B0048562000554E4B00C1
S214049640455850004C574D00554E4B00524254005E
S21404965044534C00454D3400554E4B004153540082
S214049660554E4B0056465900494E4800554E4B0041
S2140496704C434B0058544C004F424600554E4B004A
S214049680485244004D454D0042555300555347003B
S21404969044424700444D410056435400554E4B0047
S2140496A055502000525020004150300041503100A7
S2140496B0415020004450200044454300989504003F
S2140496C09C950400F495040028960400349604003F
S2140496D03C960400489604005896040060960400DD
S2140496E06C9604007C9604009C960400554E4B0031
S2140496F04649420042544C004558540050575200C4
S21404970057444700205357004352530046534800DB
S21404971042414400464C540042524F0001040103A7
S21404972003060105010501090600060B0000070BE8
S214049730050B000000000000000000000400E40C1C
S2140497400A000104100100000005000200000300E6
S214049750D8990400D4990400C0990400BC99040064
S214049760B8990400B4990400A299040092990400DC
S21404977078990400709904006699040064990400BA
S2140497804C99040049990400419904003099040056
S214049790209904000E990400F4980400EC98040040
S2140497A0E0980400DC980400D8980400CA980400E2
S2140497B0BF980400A69804008D980400319804000D
S2140497C03098040020980400F8970400ED970400ED
S2140497D0EC970400D8970400000000000000000086
S2140497E00000000000000000000000000F00000061
S2140497F00000000000000000000000000000000060
S214049800000000000000000000000000000000004F
S214049810000000000000000000000000000000003F
S214049820010000000000000000000000000000002E
S2140498300F00000000000000000000000000000010
S214049840000000000000000000000000000000000F
S21404985000000000000000000000000000000000FF
S21404986000000000000000000000000000000000EF
S21404987000000000000000000000000000000000DF
S21404988000000000000000000000000000000000CF
S21404989000000000000000000000000000000000BF
S2140498A000000000000000000000000000000000AF
S2140498B0000000000000000000000000000000009F
S2140498C0000000000000000000000000000000008F
S2140498D0000000000000000000000000000000007F
S2140498E0FFFFFFFFFFFFFFFFFFFF00000000000079
S2140498F0000000000000000000000000000000005F
S214049900000000000000000000000000000000004E
S214049910000000000000000000000000000000003E
S214049920000000000000000000000000000000002E
S214049930000000000000000000000000000000001E
S21404994000FFFFFFFFFFFFFFFF9C0000FF0000007B
S21404995000000000000000000000000000000000FE
S214049960800000000000FFFFFFFFFFFFFFFFFFFF78
S21404997000000000FFFF00000000000000000000E0
S21404998000000000000000000000000000000000CE
S2140499900000FFFFFF0000000000000000000000C1
S2140499A000000000000000000000000000000000AE
S2140499B0000000000000000000000000000000009E
S2140499C0000000000000000000000000000000008E
S2140499D00000000000000000FC0301010101010179
S2140499E00101010101010101010000000000000164
S2140499F000200600000006010100002002041104F5
S214049A00040211101A080A021801081110111A0883
S214049A100A04020D0B19195C0110280B011400002E
S214049A20000000000000000000000000000101012A
S214049A300101010001010101010101000001010110
S214049A40000100010100000000000000000000000A
S214049A5000000000000100000000000000000000FC
S214049A600000000001FF010023E1010075E401008D
S214049A7063E2010063E5010062E1010079EB0100A5
S214049A8064EE010024E1010025E1010026E1010065
S214049A9027E1010028E1010029E101002AE1010093
S214049AA000000100800001000001010080010100A7
S214049AB0000201008002010020E201000003010010
S214049AC00005010080050100000601002C89010044
S214049AD0800601000007010001E5010002E501001F
S214049AE000080100800801000040010086321010C2
S214049AF0FFFFFFFFFFFFFFFFCA070400D0070400B5
S214049B00D6070400DC070400E20704005A6967422B
S214049B106565416C6C69616E636530394E574B20E0
S214049B205374656572696E670000959695959505FC
S214049B3007090D00000000000001020304060000EF
S214049B400E1E0400A9310400C3310400DA310400F7
S214049B50ED310400FD310400113204002332040008
S214049B60333204004F320400643204000208010D4C
S214049B700D01010112010000FFFFFFFFFFFFFFFFC1
S214049B8000000000000000000109050100020000BA
S214049B90000000031EF1EE0BA89B04009F3E040089
S214049BA0E0490400FE000000BB3E0400089D0400DB
S214049BB000000000C53E0400F89C040000000000FD
S214049BC0D23E0400E89C040000000000DF3E0400CF
S214049BD0D89C040000000000FD3E0400C49C040061
S214049BE000000000F53E0400B09C040000000000E5
S214049BF0FC3E04009C9C0400000000000A3F040095
S214049C008C9C0400000000007C3D0400789C04004A
S214049C1000000000033F0400689C040000000000ED
S214049C200F3F0400549C040000000000FB050400E1
S214049C30449C040000000000000000000000000037
S214049C4000000000AF6C0300203F04005D3F0400EA
S214049C50010100FF99E80000863F0400CB3F0400A2
S214049C60010100010107FF0055E800001840040048
S214049C7083400400010100FF95E70000A4400400AF
S214049C80BD40040000010100FF000000C16C030099
S214049C90E24004003A4104000101FF00A96C0300FD
S214049CA051410400A841040001010207FF0000001E
S214049CB0A36C030051410400A841040001010207FB
S214049CC0FF0000009D6C030051410400A8410400FD
S214049CD001010207FF00000049E70000C941040033
S214049CE008420400010101FFE9E6000027420400DF
S214049CF06C420400010000FFA5E6000027420400B1
S214049D006C420400010000FF2DE7000093420400AB
S214049D109940040000FF0000976C0300E84204002A
S214049D20236E0400FF000000916C03005B430400F4
S214049D30236E0400FF00000085E60000CA4304000A
S214049D403F44040000FF00005DE6000057440400A2
S214049D50B944040000FF0000836C0300CA440400F6
S214049D601045040002FF000025E600001945040023
S214049D708D45040001FF000006460400E945040082
S214049D80F845040004460400154604002B46040067
S214049D90414604004B4604005546040000000000FB
S214049DA0594904001100000065490400120000002F
S214049DB06D490400130000007549040021000000EA
S214049DC07D490400220000008449040023000000AA
S214049DD08B490400AA00000092490400FF0000001A
S214049DE000000000FFFFFFFFFFFFFFFF0000000072
S214049DF000000000000001080109020A030B040C1D
S214049E00050D060E070F081001180119021A031B88
S214049E10041C051D061E071F082001210222032319
S214049E20042405250626072708280129022A032BC9
S214049E30042C052D062E072F083001310232033874
S214049E400239043A08E004E104E204E802E902EA1A
S214049E5004F008F1100000000000000002050000F5
S214049E60C09E040002000F00E89E040002000F00DB
S214049E70109F040002000F00389F040002000F0029
S214049E80609F040002000F00889F040002000F0079
S214049E90B09F040002000F00D89F040002000F00C9
S214049EA000A0040002000F0028A0040002000F0017
S214049EB050A0040002000F0078A0040002000F0067
S214049EC000000000A0A00400030000004000000002
S214049ED00000000019000000C4A0040004000F00E5
S214049EE0800000000000000000000000A0A00400A5
S214049EF003000000400000000000000019000000FD
S214049F00C4A0040004000F0080000000000000004D
S214049F1000000000A0A004000300000040000000B1
S214049F200000000019000000C4A0040004000F0094
S214049F30800000000000000000000000A0A0040054
S214049F4003000000400000000000000019000000AC
S214049F50C4A0040004000F008000000000000000FD
S214049F6000000000A0A00400030000004000000061
S214049F700000000019000000C4A0040004000F0044
S214049F80800000000000000000000000A0A0040004
S214049F90030000004000000000000000190000005C
S214049FA0C4A0040004000F008000000000000000AD
S214049FB000000000A0A00400030000004000000011
S214049FC00000000019000000C4A0040004000F00F4
S214049FD0800000000000000000000000A0A00400B4
S214049FE0030000004000000000000000190000000C
S214049FF0C4A0040004000F0080000000000000005D
S21404A00000000000A0A004000300000040000000C0
S21404A0100000000019000000C4A0040004000F00A3
S21404A020800000000000000000000000A0A0040063
S21404A03003000000400000000000000019000000BB
S21404A040C4A0040004000F0080000000000000000C
S21404A05000000000A0A00400030000004000000070
S21404A0600000000019000000C4A0040004000F0053
S21404A070800000000000000000000000A0A0040013
S21404A080030000004000000000000000190000006B
S21404A090C4A0040004000F008000000000000000BC
S21404A0A000002001200000000800000004004221F7
S21404A0B03000000038A1040000FF42003000000019
S21404A0C0000000000000F0084000000059A1040051
S21404A0D0010023044000000061A1040006003001D2
S21404A0E04000000000000000FDFF210240000000C8
S21404A0F001000000190000041900010119000204FF
S21404A10019000301190005041900060119000704C3
S21404A1100400410059030100060041002F750300A6
S21404A120190081004920010019008400D52A010085
S21404A130008000000000000006435553544F4D00B5
S21404A1400000000000000000000000000000000006
S21404A150000000000000000000FFFFFFFFFFFFFFFD
S21404A160FFFFFFFFFF0004010401040104010401D2
S21404A1700401040104010401040104010401FFFFB5
S21404A180FFFFFFFFFFFFFFFFFFFFFFFFFFFFFFFFD6
S21404A190FFFFFFFFFFFF000102030405060708098F
S21404A1A00A0B1F1C1F1E1F1E1F1F1E1F1E1F07021B
S21404A1B01F012F0037013F005701DF02E700FF02AF
S21404A1C00000000000000000000000000000000086
S21404A1D00000000000000000000000000000000076
S21404A1E000000000F84F040019000000FE4F0400B1
S21404A1F0FFFF000000000000C9500400D450040013
S21404A200E0490400DC500400EA500400E04904007D
S21404A210FD50040008510400165104001A510400AD
S21404A2202A510400161F04003A5104003E5104004B
S21404A23049510400535104005D5104006151040067
S21404A2406F510400835104009951040000800000FB
S21404A250000000000000000000000000FFFFFFFFF9
S21404A260FF00000000000000BDAF01000000000079
S21404A270000000000000F03F000000000000244042
S21404A28000000000000059400000000000408F401D
S21404A290000000000088C34000000000006AF84088
S21404A2A00000000080842E4100000000D0126341AC
S21404A2B00000000084D797410000000065CDCD4122
S21404A2C08F220400B0B8040000000000BF5A040047
S21404A2D0A0B8040000000000C45A040090B80400AB
S21404A2E000000000C55A040080B804000000000006
S21404A2F00A3F04006CB8040000000000FD3E0400A1
S21404A30058B8040000000000CA5A040048B8040004
S21404A31000000000D05A040038B804000000000012
S21404A320D45A040028B8040000000000E35A0400CD
S21404A33018B8040000000000005B040008B804001D
S21404A34000000000095B0400F8B7040000000000E9
S21404A3501E5B0400E8B7040000000000513004004F
S21404A360D8B70400000000002E5B040098B7040071
S21404A37000000000255F040024AF04000000000075
S21404A380E14E0400E4AE040000000000355B040067
S21404A39024AE0400000000003E5B040028AD040068
S21404A3A0000000004B5B04001CA904000000000031
S21404A3B067510400F4A7040000000000525B040088
S21404A3C0F4A7040001000000565B0400B4A70400D0
S21404A3D0000000005B5B040078A604000000000098
S21404A3E08FFF030078A60400010000004B5B040006
S21404A3F01CA9040000000000625B04001CA9040001
S21404A40001000000675B040044A60400000000008E
S21404A410715B040044A6040001000000795B04009C
S21404A42074A40400000000000007040040A4040014
S21404A4300000000000000000000000000000000013
S21404A44050A404007D5B0400E0490400FE00000004
S21404A450955B0400CCAF040000000000FA5F040023
S21404A460BCAF040000000000000000000000000074
S21404A4700000000084A404009A5B0400E049040081
S21404A480FE000000B05B04004CB1040000000000B5
S21404A490B65B04003CB1040000000000BC5B040092
S21404A4A02CB1040000000000C55B04001CB10400CD
S21404A4B000000000410404000CB104000000000089
S21404A4C04B020400D4B0040000000000520B040049
S21404A4D0C0B0040000000000CF5B0400B0B004006D
S21404A4E0000000003F070400A0B0040000000000C5
S21404A4F0D45B040090B0040000000000DB5B0400A2
S21404A50080B0040000000000E05B040070B00400AB
S21404A51000000000E45B040010A604000000000035
S21404A520EB5B0400B8A5040000000000F35B040025
S21404A53084A5040000000000FF5B040050A504008E
S21404A5400000000000000000000000000000000002
S21404A55060A504000A5C0400E0490400FE00000054
S21404A5608A190400ECAF0400000000003B46040017
S21404A570DCAF040000000000000000000000000043
S21404A5800000000094A504002B5C0400E0490400CD
S21404A590FE0000008A1904000CB00400000000004D
S21404A5A03B460400FCAF040000000000000000006E
S21404A5B00000000000000000C8A504004D5C040074
S21404A5C0E0490400FE0000006B5C04005CB004007C
S21404A5D000000000496104004CB0040000000000C4
S21404A5E07A5C04003CB00400000000007F5C0400B9
S21404A5F02CB0040000000000865C04001CB00400BC
S21404A6000000000000000000000000000000000041
S21404A61020A604008B5C0400E0490400FE00000051
S21404A6204C190400F8B0040000000000A85C040004
S21404A630E4B0040000000000000000000000000079
S21404A6400000000054A60400B05C0400E0490400C6
S21404A650FE000000CC5C04008CB104000000000086
S21404A660675104007CB104000000000000000000F4
S21404A670000000000000000088A60400D15C04006E
S21404A680E0490400FE000000EA5C04003CB204005A
S21404A690000000000D1604002CB2040000000000A8
S21404A6A0F35C04001CB2040000000000CC5C040050
S21404A6B06CB1040000000000F85C04005CB1040007
S21404A6C000000000055D040074A7040000000000FC
S21404A6D0135D040040A7040000000000215D040090
S21404A6E000A7040000000000355B040024AE04004C
S21404A6F00000000000000000000000000000000051
S21404A70010A704002A5D0400E0490400FE000000CF
S21404A7106E9104000CB20400000000007F91040057
S21404A720FCB10400000000003E2A0400ECB1040062
S21404A7300000000000000000000000000000000010
S21404A74050A70400485D0400E0490400FE00000031
S21404A750725D04005CB2040000000000EF4B0400CD
S21404A7604CB20400000000000000000000000000DE
S21404A7700000000084A70400795D0400E04904009A
S21404A780FE0000000007040090B204000000000071
S21404A7903B46040080B20400000000004961040047
S21404A7A06CB204000000000000000000000000007E
S21404A7B000000000C4A70400995D0400E0490400FA
S21404A7C0FE00000000070400C0B204000000000001
S21404A7D0B95D0400B0B20400000000003B4604006B
S21404A7E0A0B204000000000000000000000000000A
S21404A7F00000000004A80400C05D0400E049040052
S21404A800FE000000DA5D0400F4B30400000000005B
S21404A810F3450400E4B30400000000000D5E0400E9
S21404A820D4B304000000000041040400C4B30400D0
S21404A830000000000E460400B4B30400000000004C
S21404A840DF5D0400A4B3040000000000F75D04000C
S21404A85094B3040000000000005E040084B3040007
S21404A86000000000075E040074B30400000000004B
S21404A870135E040044B304000000000049610400B1
S21404A88034B3040000000000225E040024B3040075
S21404A89000000000FD2A040014B3040000000000B9
S21404A8A0275E040004B30400000000003E5E0400BB
S21404A8B0F4B2040000000000525E0400E0B204009B
S21404A8C000000000625E0400D0B204000000000035
S21404A8D0715E0400E8A80400000000000000000008
S21404A8E00000000000000000F8A80400765E0400E3
S21404A8F0E0490400FE0000008D5E040064B304001A
S21404A90000000000965E040054B30400000000003B
S21404A9100000000000000000000000002CA9040055
S21404A920E0490400E0490400FE0000009D5E0400C7
S21404A93064AF040000000000AA5E0400A8AD040092
S21404A94000000000B35E0400F4AC04000000000045
S21404A950C15E0400C0AC040000000000CF5E04002A
S21404A9608CAC040000000000DD5E0400F4AB0400C0
S21404A97000000000EE5E0400CCAB04000000000003
S21404A980FB5E04002CAB040000000000065F04001D
S21404A990D4AA040000000000195F0400ACAA040056
S21404A9A000000000EE3D040048AA04000000000079
S21404A9B02C5F040008AA040000000000375F0400AF
S21404A9C0D4A90400000000000000000000000000FD
S21404A9D000000000E4A904004A5F0400E049040003
S21404A9E0FE0000006E5F040014B4040000000000C3
S21404A9F0745F040004B404000000000000000000BB
S21404AA00000000000000000018AA0400785F04009C
S21404AA10E0490400FE000000FA1A040044B40400EE
S21404AA2000000000AA5F040034B404000000000024
S21404AA30B65F040024B40400000000000000000018
S21404AA40000000000000000058AA0400CC5F0400C8
S21404AA50E0490400FE00000000070400A8B4040057
S21404AA60000000003B46040098B404000000000008
S21404AA70E83A040088B40400000000008A190400C0
S21404AA8074B4040000000000E85F040064B404002A
S21404AA9000000000FF5F040054B40400000000003F
S21404AAA0000000000000000000000000BCAA040033
S21404AAB00B600400E0490400FE000000306004005F
S21404AAC0B8B404000000000000000000000000000D
S21404AAD000000000E4AA040035600400E049040015
S21404AAE0FE0000005960040008B5040000000000E1
S21404AAF0B95D0400F8B404000000000065600400BA
S21404AB00E8B40400000000006C600400D8B404003C
S21404AB100000000079600400C8B4040000000000CF
S21404AB200000000000000000000000003CAB040031
S21404AB3084600400E0490400FE000000F25E0400A5
S21404AB40B8B5040000000000A1600400A8B5040025
S21404AB50000000008F22040098B5040000000000E6
S21404AB60BD31040088B50400000000006C5E0400DB
S21404AB7078B5040000000000FA1A040068B5040062
S21404AB8000000000A860040058B50400000000009F
S21404AB90B360040048B5040000000000C060040070
S21404ABA038B5040000000000D060040028B5040096
S21404ABB000000000E360040018B504000000000074
S21404ABC0000000000000000000000000DCAB0400F1
S21404ABD0F5600400E0490400FE0000008F22040033
S21404ABE0C8B50400000000000000000000000000DB
S21404ABF00000000004AC040013610400E0490400F3
S21404AC00FE000000FA1A040038B604000000000033
S21404AC10BD31040028B60400000000006C5E040089
S21404AC2018B60400000000003661040008B60400EC
S21404AC3000000000755C04004CAC0400000000003A
S21404AC400000000000000000000000005CAC0400EF
S21404AC504D610400E0490400FE0000004961040060
S21404AC60F8B50400000000008A190400E8B50400E2
S21404AC700000000063610400D8B504000000000072
S21404AC800000000000000000000000009CAC04006F
S21404AC906C610400E0490400FE00000000070400A4
S21404ACA058B60400000000003B46040048B6040002
S21404ACB0000000000000000000000000000000008B
S21404ACC0D0AC04008C610400E0490400FE000000DF
S21404ACD0AC61040078B6040000000000BF61040004
S21404ACE068B6040000000000000000000000000039
S21404ACF00000000004AD0400D5610400E04904002F
S21404AD00FE000000F561040098B604000000000090
S21404AD100D16040088B604000000000000000000C1
S21404AD20000000000000000038AD0400E049040004
S21404AD30E0490400FE000000FF61040050AD04007A
S21404AD4000000000000000000000000000000000FA
S21404AD5060AD0400E0490400E0490400FE00000081
S21404AD600B620400E8B6040000000000585104001A
S21404AD70D8B604000000000011620400C8B604003F
S21404AD800000000015620400B8B6040000000000CD
S21404AD9019620400A8B604000000000000000000C9
S21404ADA00000000000000000B8AD040029620400A2
S21404ADB0E0490400FE0000000007040068B7040031
S21404ADC0000000004462040058B7040000000000BD
S21404ADD05762040048B70400000000003B46040025
S21404ADE038B70400000000006462040028B70400BA
S21404ADF0000000007562040018B70400000000009C
S21404AE008362040008B70400000000009462040093
S21404AE10F8B6040000000000000000000000000077
S21404AE200000000034AE0400A1620400E0490400FF
S21404AE30FE000000BB620400BCB104000000000079
S21404AE40EE620400ACB104000000000029630400B4
S21404AE509CB104000000000040630400B0AE04008F
S21404AE60000000004A6304007CAE040000000000FA
S21404AE700000000000000000000000008CAE04008B
S21404AE804E630400E0490400FE0000006E910400D6
S21404AE90DCB10400000000007F910400CCB1040083
S21404AEA00000000000000000000000000000000099
S21404AEB0C0AE04006D630400E0490400FE00000018
S21404AEC02516040088B70400000000004961040049
S21404AED078B7040000000000000000000000000036
S21404AEE000000000F4AE040080630400E04904009F
S21404AEF0FE00000000070400C8B7040000000000BD
S21404AF00725D0400B8B7040000000000EF4B0400B4
S21404AF10A8B70400000000000000000000000000C5
S21404AF200000000034AF04009B630400E049040002
S21404AF30FE00000079600400E0B804000000000091
S21404AF40FA1A0400D0B80400000000008F2204009F
S21404AF50C0B804000000000000000000000000006C
S21404AF600000000074AF0400BB630400E049040062
S21404AF70FE000000D963040030B90400000000009D
S21404AF80E363040020B9040000000000EE6304003C
S21404AF9010B90400000000000A3F040000B90400D1
S21404AFA000000000FD630400F0B804000000000088
S21404AFB0000000000000000000000000756C0300A4
S21404AFC008640400E0490400FF000000716C0300FC
S21404AFD015640400E0490400FF00000099ED000039
S21404AFE027640400E0490400FF00000035ED00007B
S21404AFF0546404001C6C040001FF000099ED00007A
S21404B00094640400E0490400FF00000035ED0000ED
S21404B010C26404001C6C040001FF0000CDED0000B7
S21404B020036504002465040000FF0000CDED000065
S21404B0302D6504008A6504000000FF0049EE000048
S21404B04098650400B1650400010001FFB5EE000038
S21404B050D6650400186604000102FF0049EE0000ED
S21404B0602E6604005D66040001000102FF00000075
S21404B070C5EB00008E660400CA66040007FF0000E5
S21404B080E5EB0000D06604000367040001FF00003F
S21404B090F9EB00000B6704005B6704000100FF0087
S21404B0A055EC000070670400C16704000101FF004E
S21404B0B029EC0000D16704000B68040001FF0000BF
S21404B0C0A9EC0000136804005C6804000100000199
S21404B0D00707FF00E5EE0000AE68040003670400FF
S21404B0E001FF0000E5EF0000F66804003A6904007A
S21404B0F0010700010700FF00D36C03008F690400FA
S21404B100D56904000107000101FF00006DEF00008F
S21404B110116A04004C6A0400010000FF3DEF0000C1
S21404B1206A6A0400AE6A04000100FF000DEF000026
S21404B130C16A0400AE6A04000100FF00B5EF000017
S21404B140006B04000B68040001FF000025F00000FB
S21404B1503B6B04006C6B04000100FF0055D9000033
S21404B160E04904007A6B0400000707FFF9D80000E2
S21404B170E0490400936B0400000707FF05DE0000A7
S21404B180E04904009F6B040007FF000005DE000092
S21404B190E04904009F6B040007FF0000256C0300D1
S21404B1A0E0490400A46B04000000FF00E1DD000099
S21404B1B0E04904001E42040001FF0000A9DD00006F
S21404B1C0E0490400DC6B040000FF0000D9D800004E
S21404B1D0E0490400E0490400FF000000D9D800005C
S21404B1E0E0490400E0490400FF000000FB6B030094
S21404B1F0E0490400E0490400FF000000FB6B030084
S21404B200E0490400E0490400FF000000FB6B030073
S21404B210E0490400E0490400FF000000A9D800004B
S21404B220E0490400126C04000101FF0095D80000F8
S21404B230E0490400276C040001FF0000F76B0300DC
S21404B240E0490400E0490400FF0000005DD8000067
S21404B250505D0400E0490400FF0000005DD80000D3
S21404B260316C0400E0490400FF000000DDD9000052
S21404B270526C0400696C04000001000007FF000023
S21404B280F36B03008F6C0400E0490400FF00000029
S21404B29059D70000A96C0400E0490400FF00000030
S21404B2A06D6C0300D76C0400E0490400FF00000046
S21404B2B05F6C0300F16C0400736B040000FF000075
S21404B2C0D9E00000166D0400E0490400FF00000009
S21404B2D02DD60000306D0400E0490400FF00000095
S21404B2E0C1D50000536D0400D06D040000000310A7
S21404B2F0FF0000009DD60000256E0400936E040037
S21404B30001FF000071D60000A86E0400EB6E040076
S21404B31000FF000085D50000FC6E0400E049040030
S21404B320FF000000F16B03002B6F0400E0490400EB
S21404B330FF00000061D50000776F0400736B040003
S21404B34000FF00002DD50000B87004000D71040045
S21404B35000FF000011D5000027710400E049040036
S21404B360FF000000F5D4000037710400E049040033
S21404B370FF000000E16B03004B710400C971040078
S21404B38000FF0000C5D4000054720400E049040025
S21404B390FF00000081D40000717204009C72040057
S21404B3A007FF000041D40000A6720400FF720400E8
S21404B3B0000500FFF9D30000B2730400C57304004F
S21404B3C00002FF00D5D30000F4730400E049040033
S21404B3D0FF000000E16B03000674040040740400E0
S21404B3E000FF000069D30000C67404000C75040056
S21404B3F0000301FF59D30000AC750400F275040085
S21404B400000301FF4D49010092760400E049040060
S21404B410FF000000F1780300BA76040035770400D4
S21404B42002FF000005F400008A770400236E04007F
S21404B43000FF0000D1F30000B2770400236E04007E
S21404B44000FF000081F30000CB770400E04904000D
S21404B450FF000000593B0100E4770400E0490400C3
S21404B460FF000000313B010031780400E04904008D
S21404B470FF000000BD3A01005C78040082780400F6
S21404B48000010100010102FF953A0100017A04005F
S21404B490297A040000FF0000753A0100507A04007F
S21404B4A0E0490400FF000000BD3901007A7A040078
S21404B4B0E0490400FF000000C3770300937A040009
S21404B4C0E0490400FF0000008D2E0100B97A040054
S21404B4D0EA7A04000002FF0025760300477B040096
S21404B4E0E0490400FF00000021760300747B04009A
S21404B4F0E0490400FF000000412E01008F7B040099
S21404B500B97B040000FF0000012C0100E97B040065
S21404B510E0490400FF0000007D170100FC7B0400E6
S21404B520E0490400FF00000065170100147C0400D5
S21404B530E0490400FF0000009D7503002D7C040014
S21404B540E0490400FF000000897503005A7C0400EB
S21404B550D47C040000FF00000D2B0100137D0400C2
S21404B560E0490400FF000000FD2901008B7D040073
S21404B570E0490400FF00000021160100CF7D04000E
S21404B580E0490400FF00000005160100EC7D0400FD
S21404B590E0490400FF0000007D160100977E0400C9
S21404B5A0E0490400FF00000071160100257F040036
S21404B5B06A7F040000FF00003D160100A17F04001E
S21404B5C0F27F040000FF00006914010025800400D7
S21404B5D0E0490400FF000000010901005180040056
S21404B5E0BA8004000000FF00010901000F81040076
S21404B5F0718104000000FF00A1090100B681040067
S21404B600E98104000002FF00F77403003E82040090
S21404B6108C82040007FF0000D50A0100A8820400FB
S21404B620E0490400FF000000E9080100CC820400A1
S21404B630F182040000FF0000F50901004A830400BB
S21404B640E0490400FF000000B902010087830400FB
S21404B650E0490400FF00000081020100B1830400F9
S21404B660E0490400FF000000CF730300EC830400ED
S21404B6705B84040000FF0000DDFB0000AC840400D3
S21404B6802B85040000FF0000C173030071850400CD
S21404B690C385040000FF0000A17303000A860400AB
S21404B6A05786040000FF000097730300A186040079
S21404B6B0DF86040000FF000091730300EF86040099
S21404B6C0DF86040000FF00008B7303001687040067
S21404B6D0DF86040000FF0000857303003D87040036
S21404B6E0DF86040000FF00007F7303006587040004
S21404B6F0DF86040000FF00005B7303008E870400EF
S21404B700E0490400FF00000061730300B0870400F2
S21404B710E0490400FF00000085F60000D887040016
S21404B720118804000001FF00B1F60000328804000E
S21404B730E0490400FF0000005D7303005D88040018
S21404B740E0490400FF0000006DF60000788804005D
S21404B750E0490400FF00000029F600009388040076
S21404B760C088040000FF000011F60000DB88040017
S21404B770E0490400FF00000059DE000006890400CA
S21404B780E0490400FF00000059DE00002D89040093
S21404B790E0490400FF00000049D300003E8904008D
S21404B7A0E0490400FF00000015D30000538904009C
S21404B7B07A89040000FF000015D300008A8904007B
S21404B7C07A89040000FF0000ADD20000B1890400AD
S21404B7D0E0490400FF000000D96B0300CC89040094
S21404B7E0E0490400FF00000009CF0000EF890400D0
S21404B7F0598A040000FF0000E9CE00007C8A040099
S21404B800E0490400FF000000D1EA0000E28B0400D7
S21404B8106F8C0400010000FFB5E900008C8C040066
S21404B820E08C040000FF0000E9E90000F58C040049
S21404B830478D04000100FF0055E900005D8D0400FB
S21404B8404A8E04000107FF00DD6B03005A8E0400D5
S21404B850E0490400FF000000B5E200006B8E04001F
S21404B8607D8E0400000101000007FF00ADE100002A
S21404B870B88E0400C98E040000010100FF00000019
S21404B880E9E90000188F0400298F0400010000FF76
S21404B89025E10000188F04005B8F040000FF000001
S21404B8A0A17C01006C8F0400E0490400FF00000046
S21404B8B03DCF0000B88F0400E0490400FF000000FC
S21404B8C0C9990300E0490400E0490400FF000000B1
S21404B8D0C58A0100E0490400E0490400FF000000B6
S21404B8E0898A0100E0490400FD8F040002FF00007D
S21404B8F03592010005900400E0490400FF000000B2
S21404B900C191010031900400549004000200FF002D
S21404B9104B9A03007D900400E0490400FF000000F9
S21404B9209D9101009F900400BD90040002FF00005A
S21404B93075910100D2900400BD90040002FF00003F
S21404B940010000002C4E0020000000000000000053
S21404B950FFFF00003B73030000000000030000002C
S21404B960FFFF0100AF7303000000000004000000A6
S21404B970FFFF01003D740300000000000400000007
S21404B980FFFF0000C1740300000000000600000072
S21404B990FFFF0000337503000000000019000000DC
S21404B9A0FFFF0100C975030015620400846B0020C4
S21404B9B0000000000000000000000000000000007E
S21404B9C0299104002CBA0400000000002F91040002
S21404B9D0989B04000000000036910400689D040053
S21404B9E000000000FA5F0400589D040000000000F8
S21404B9F03F910400489D040000000000519104009B
S21404BA00389D04000000000060910400289D040096
S21404BA100000000071910400189D0400000000005E
S21404BA200000000000000000000000003CBA040013
S21404BA3083910400E0490400FE0000009E91040087
S21404BA4054BA0400000000000000000000000000DB
S21404BA50000000005D9E0300A3910400E04904007A
S21404BA60FF03010001013F040201003F040202003B
S21404BA703D040202003D040102000102000301002D
S21404BA8002023D040201000202020100020200005A
S21404BA900020202020202020202028282828282095
S21404BAA0202020202020202020202020202020208D
S21404BAB020881010101010101010101010101010F5
S21404BAC010040404040404040404041010101010E5
S21404BAD010104141414141410101010101010101AF
S21404BAE00101010101010101010101011010101001
S21404BAF01010424242424242020202020202020281
S21404BB0002020202020202020202020210101010D4
S21404BB1020000000000000000000000000000000FC
S21404BB20000000000000000000000000000000000C
S21404BB3000000000000000000000000000000000FC
S21404BB4000000000000000000000000000000000EC
S21404BB5000000000000000000000000000000000DC
S21404BB6000000000000000000000000000000000CC
S21404BB7000000000000000000000000000000000BC
S21404BB8000000000000000000000000000000000AC
S21404BB900000000000000000A0010000281400209F
S21404BBA000021000C8520020C81500200000020839
S21404BBB000000000FFFFFFFFFFFFFFFFFFFFFFFF88
S21404BBC0000000000000000000000000000000006C
S21404BBD00000000000000000200000000DBE010070
S21404BBE010000000EDBE010000000001000001018D
S21404BBF00001010120C001B80000000000000000A0
S21404BC00FFFFFFFFFFFFFFFFFFFFFFFFFFFFFFFF3B
S21404BC10FFFFFFFFFFFFFFFFFFFFFFFFFFFFFFFF2B
S21404BC20000102020303040506080C0C0C000102C2
S21404BC3003040707C8C8C8C8C8C8C8C8C8C8C8C886
S21404BC40030404080808080800B801B802B800B0DD
S21404BC5034D804001CD804000304040808050000B3
S21404BC6000000000000000000000000000000000CB
S21404BC70EA06000048704C0F44700E0E30707E13B7
S21404BC8002989A173870340F34705A0F3070481070
S21404BC902C7048102870D0112470E81120703E0FC4
S21404BCA01C70901218700C1314703A0FB1100860C0
S21404BCB001D80A7104B87F78020C7E78641000C636
S21404BCC0881F00A01DB8707803B018600F3027B323
S21404BCD00F330111C04806987C0229B0086001D8C9
S21404BCE0087109DD047109BB11101660A0480860CC
S21404BCF004100112FF3221500860D0480860008802
S21404BD000698381400C4441F00A000BA03DF10715C
S21404BD1009DF0672029836031DB8507800A0441353
S21404BD20281441158110086002D8147110880698EA
S21404BD30201900C014C000B80698861B0091069807
S21404BD4092020160B83020D806711EBC637C784D20
S21404BD505412F03240DE0472404804DB08720DDDF3
S21404BD600C72044BEF3014480698F20400C4E0400A
S21404BD7000544412086201322140087C811140D9E3
S21404BD801C72B1123032CF4A013AB1DA107208D8B6
S21404BD90067104D80871804C237C5670684C441293
S21404BDA000C4A41E00A04414413AF3240164415C78
S21404BDB0412A047580B800C46040005481D83671A6
S21404BDC040D90472237C084B0698F20404BA1CB9C2
S21404BDD0767900C1204001B835797F216121007948
S21404BDE006B906A901D8067102981002804C307C68
S21404BDF00298640208D86A7100C1544000B814114D
S21404BE0010D95E71584C441280BDA26DFF25784C43
S21404BE104412FC22513A2814104C00C20CC101B83A
S21404BE2024122814086228140862281408622814A5
S21404BE30304C304C00C11C4000B814111814086172
S21404BE4000C5284001B85415FF350471104918146C
S21404BE50B04C441208620132067102980401804C08
S21404BE6008D80C7107BA24D8047106BA187004D816
S21404BE700C7101BA40D80E7102BA0A7005BA20D8FD
S21404BE80047203BA204C4411C04C181408611814E8
S21404BE909111383111429111186110D90472EF32A0
S21404BEA000C1084001B8141110311E611142281453
S21404BEB0A1110861181406986C1B181400C10840D8
S21404BEC001B814111861FF31181400C1448001B878
S21404BED0141118140861181430880248069894033C
S21404BEE0009308DB047101F800A027B00F3000A00F
S21404BEF01088B111186180D90A7100C1884000B851
S21404BF000811009100A000C4684000B8441000A0C6
S21404BF1000C08840005004118261041082601050F2
S21404BF20F07200A054155045127106980205069842
S21404BF30920407B8707802B841781EBA5B7A5C7AC5
S21404BF405D7A00C220C001B8241206982A1900C5DA
S21404BF50481F00A05415511400C3FF010000313DD2
S21404BF6009647F3406989C020158512804750158C8
S21404BF7041280E758111086102D90472FF0FCC7036
S21404BF8007B8727800F8EBBD00C0441F00A0041187
S21404BF90113D10D91271FF33186300C1781002B82E
S21404BFA0381107B97479581000A0069892020D301B
S21404BFB00472044809DC0472084800C11CC101B8B4
S21404BFC0141100C3D01E00A0911504351A7218135C
S21404BFD01CBB08D804716C7B04D804716A7B1DBB37
S21404BFE02F7C5B7B1670044B18131CBB08D804719B
S21404BFF06F7B04D804716D7B217C0C30026006983C
S21404C0007E040698C40B00B8B111186140D90672B4
S21404C0100298580401BC00C2084001B800DC0A714A
S21404C02024150265604A0A702C4A241508654C4A91
S21404C030043508D90471202400C13C1F00A0141242
S21404C04000DC327120D8067101B80C70F0DA0C727C
S21404C0500CDB087102B806988604482400C33841ED
S21404C06001B834138F7B0E7102B9911308DB047286
S21404C07003B928707C4914111110FD300DDC1C72B4
S21404C08000C0A01E00A0041080D8107100C0448018
S21404C09001B80410E5200475804900C3884000B840
S21404C0A0FFB8012011410871014118130824014208
S21404C0B000C1284000B8141101411C655141911576
S21404C0C020351E65514118132813481300C38440B5
S21404C0D000B8341003D81671073005DC1071B1109F
S21404C0E08F780A7200C384C40350217B1DB850782D
S21404C0F000B800C13C1F00A014121C602150F03090
S21404C1000152281100A04024076400C0FFFF01006C
S21404C110013C17B0022001584028067518AC01EC03
S21404C12000A0208800C020C001B8041217B4211350
S21404C13004123052F8711964402400C35C1F00A036
S21404C140341014110698F60D19610092115921291C
S21404C150067600BB11590698D60D8762313B0472E9
S21404C160215A412A00A000C2686000B8B8B91F610D
S21404C1700D49181200A0308801B9116100C30000EF
S21404C180C0FF3110312800BC002D0C75115418ACBA
S21404C19001EC312DF470196451134155312C009380
S21404C1A000A000C3C00FFEFF50B2313A014250AAAD
S21404C1B000A006983E07FFB0867808715CB86B78D6
S21404C1C06E7800C2548001B800C0D81F00A00410C6
S21404C1D00812B822217A237A52B8417801B80C6042
S21404C1E021A809B819604CA800C0FFD1C1FF4FB2FE
S21404C1F0013A00C0002E300001424FAA24B86E78DF
S21404C200ACB9FFB004D804714CB923A90698A805A4
S21404C21000C01390010006982E0500A0069802059B
S21404C22019B81460FFB28C620F32826A21400698F5
S21404C2302E0549BC21B952B849B207DE2A7105DE7B
S21404C2400871627C607C1D0C6179677864786B7811
S21404C2506278657863786078617C010C010C687894
S21404C260020C69786C78020C00C22C8001B8277A1C
S21404C270287A267A6A78050C41790A0CB11040D8D7
S21404C28006710298BA06784A2B7A327A584A247A81
S21404C29000C400011100404A00C0108400000812C7
S21404C2A0508800C584100100FBAD10BD01BB8A6B2D
S21404C2B021B9FAA9C44A1812217A227A00C0341F76
S21404C2C000A00410FCA88264411030300129F9A9AA
S21404C2D0F8ADFBB08260FBA80330A06521100448CB
S21404C2E020EC237A0410037A184A2411DC4A0158F5
S21404C2F00029241004753150F8B1115081632A7155
S21404C300514031400812FCB18461FCA90F310E7112
S21404C31017B0112817B111591028FA76C44AF9B182
S21404C3201812217A227AA07000950812F8A800C282
S21404C3300C8001B8207A844A00B80812020CA44A79
S21404C340087A020C21B84178784A0B7A127A00C22D
S21404C350C81F00A0FFB008D80472184A241000DCD6
S21404C3600A7140A80422241041A806989C0200C220
S21404C370481F00A02410015100C4FF0100004139E9
S21404C3801150081200A006983E0700BC00C20C809C
S21404C39001B8217A52B84978020C4878020C49B898
S21404C3A0417852AC21AC204A087A067A077A49AC1E
S21404C3B000A059B840785AB101D9FC72427857B8EF
S21404C3C0407858B101D9FC72427800A000C20C80B3
S21404C3D001B8217A227A21B8547852B8BC4A24117A
S21404C3E09979127107B915614CA9617800BB03BC31
S21404C3F00C64147009B919614CA9417801BB126325
S21404C40000C4002E300000C0FFD1C1FF4FB1013977
S21404C41041414FA9E44AC8B8081224AB4CB823A833
S21404C4200698A80500C004900100FFB1867904713F
S21404C430084806982E0500C08009004040A809B8A0
S21404C440FFB108D9047103B853A8B11004D80C710D
S21404C45056BB607B57BA627A607A02D80C7156BBB8
S21404C460607B59BA627A607A04B86E783DB86078B0
S21404C47000C05638000000C1B08001B81411997984
S21404C480087200C0D604000000C124C000B814110D
S21404C4909F79047208484CA82EB8FFB108D90671D3
S21404C4A04AA804704BA80FB834A800C00C5E00005D
S21404C4B046B2014246AA00C12C4001B814110861D4
S21404C4C00631087100B90698501106983E14B11149
S21404C4D001D90E710698921B02D906720698A00C12
S21404C4E00698381451140698920406982A11069849
S21404C4F0641700A006984E1701D80A711CB85B781A
S21404C50007B8757800B84CA84AA84BA800C0F32111
S21404C510FFFF46B1013946A904B86F7800A0FABCFB
S21404C5201964415C512C00C0581F00A00410012C53
S21404C5300675069892040698780FB110186005D808
S21404C540327140BA06980E1404B86578911004D86F
S21404C55016711CB86E7800C0684000B8217806983A
S21404C560781101400A721DB8427806984A14029857
S21404C5705E0B1DB8717804B86C7841B8427863785D
S21404C5804478FFB104D906720298CA0900C0049020
S21404C5900100FFB186790471084806982E0500C389
S21404C5A02C1F00A000C274C000B82414481300BC9A
S21404C5B048121C4B1C4A2414481300BC4812084B4F
S21404C5C0584A2414481301BC48124ABA447A427A98
S21404C5D04BBA447A427AFFB086780472617A4CBACF
S21404C5E0647A657A3DBA607A4DB942B83FBB5B79E6
S21404C5F066796179020C6479050C63796079050CB7
S21404C600627965795A7900C2340102B8241305B8F0
S21404C61019603140081242B86A78020C4A78020C53
S21404C62040BCFFB208DA06714ABA06704BBA627AA0
S21404C630657A677A667A6A79667B0298A40A00C382
S21404C6402C1F00A000C274C000B8241448131C4B4E
S21404C6501C4A241448133FBC48121C4A00BC481207
S21404C660084B444A2414481301BC48124ABA647A54
S21404C670627A4BBA647A627AFFB3867B0472617A12
S21404C6804CBA647A657A3DBA607A01D94E71647898
S21404C69000C1708001B800C0800008000811069828
S21404C6A0860B42B861784DB97F797E796A78687866
S21404C6B06278020C7B790F0C7A79140C74794178C1
S21404C6C060787579050CFFB208DA06714AB804700A
S21404C6D04BB8657801BC1664407002D93C71069864
S21404C6E0860B42B84DB96878407841787F797E7970
S21404C6F07B790F0C7A79140CFFB208DA0871717919
S21404C7004ABA067070794BBA7279657A6A78020CFE
S21404C7104A78050C01BC1664020C417940790C0C6D
S21404C72000C04C0102B848100698F20400C47840D1
S21404C73000B8007C00C0A01E00A0041180D932718D
S21404C740911104D92C727F2021200411FD310DDDB6
S21404C750207200C0448001B80411E521147600C09C
S21404C760244001B804118A790871207C104C207C7E
S21404C7702AB86278511400C0581F00A00410012C77
S21404C78017B001118768015841280E76052187697C
S21404C790415C412D112D06700698920442B84DBB9B
S21404C7A07C7B6478020C29B868785114404406757A
S21404C7B00698920442B844782AB84278FFB101D960
S21404C7C00C7100C1548001B8CBB80811911004D87C
S21404C7D0147100C0A01E00A0041080D8067107B80B
S21404C7E0537800F807B800C1CC1E00A000C220C0D1
S21404C7F001B824122811777800F8B11094783871AB
S21404C80006989C02E4B911591128067600B80C70F3
S21404C810A0B9115901290475A0B8826000C3C01FCD
S21404C82000A03413012B341000C3FFFF00FF42B1F5
S21404C8303139114042A800A01DB09178FA7142B86F
S21404C8406478020C00BA29AA00C4548001B842B81D
S21404C8504DB900C3C04001B83413977B047240EC52
S21404C860020C44785C7953AA0A0C281442B84DB9D1
S21404C870FFB301DB2671244C00C3FF0FFF013814FD
S21404C8805479407841785579020C5B795A79140CBE
S21404C8905F795E794A784278347002DB1471527993
S21404C8A051795079020C5B795A795F795E791E70FA
S21404C8B004DB1A7100C4FF07000000C3342102B869
S21404C8C048133FBB467B020C5B795A793DBB407BE1
S21404C8D04CBB447B457B00C3301F00A03414403C53
S21404C8E0207100C068C000B8481028131C4B1C48B0
S21404C8F0341448102813144B44483414481028138E
S21404C9004AAA4BAA04B86D781DB851785CB84B781F
S21404C9104E7800A000C074C000B80411108800B996
S21404C920181068480411108801B90B6118102C48B7
S21404C93004111088008800C1231C000018104AB88F
S21404C94064784BB86478260C28B000C1FFFF0FF05B
S21404C950113871B90B61114028A828B97379747914
S21404C96000C21010303045AA54790E0C00C0E840BE
S21404C97001B8041100C23030101045AA0E0C041081
S21404C980008810880698620D0091009020888F61B8
S21404C9908F600698620D0090886A21400112906AA2
S21404C9A0035800C13F3F00001138FFBC0224412851
S21404C9B01138014245AA28B953794AB844784BB885
S21404C9C0447800900091181000912C48181000919B
S21404C9D06848181000A09168436091694361115B30
S21404C9E0012B112841603128315B00BA30280676C5
S21404C9F03128204A4163302806763128104A41639C
S21404CA00302806763128084A4163302806763128CD
S21404CA10044A4163302806763128024A41633028A6
S21404CA200476014A00A0115910D9067108600860FE
S21404CA3008D90471086004D90471046002D9047129
S21404CA40026001D90471016000A000BA01D8067121
S21404CA500148112A1F61016001D8F6720138F67286
S21404CA6000A000C220C001B8241211592129127353
S21404CA7000210E7100C238C001B8241201212129F8
S21404CA8000A002B020D8147100C0B01E00A004108C
S21404CA9002B9457906987613EA7003B09F7808724F
S21404CAA000B806A800F806983E0700C5641F00A054
S21404CAB05088044D1CBC00C0B41E00A0811101D9CE
S21404CAC01E71407C009501150C4D5088044DFFBB2B
S21404CAD01863315B04110698EE0D3129F875069833
S21404CAE0681A54150698921B01D9087206985807B6
S21404CAF006700698F4071CBB547B06984E1701D89C
S21404CB00067202981A0FFFB901211038F6728112C4
S21404CB109B7AF07100C2448001B8241400C0C01E81
S21404CB2000A0041001130020041040500C7200B939
S21404CB300698280F18B90A7018B90698280F00B96D
S21404CB4000B806981E0F704A08B806981E0F00C252
S21404CB50284000B814B806981E0F00C2EC4001B86E
S21404CB600CB806981E0F202210B806981E0F1088C0
S21404CB70308806985807009300910698280F00C03E
S21404CB80C41E00A00412FFB901212141181000950B
S21404CB9000F8312811280410081200A004B831281F
S21404CBA01128F8B1181000A0069880080E70069890
S21404CBB0C40B0698800806987212069812079112FB
S21404CBC0211900C02C4001B80A78097800F810B979
S21404CBD001BA0698041406982A110698641700C524
S21404CBE0641F00A081109D78FC7200F89112033235
S21404CBF01CB900C3A01E00A0341300C4B0400054E7
S21404CC001DB84278707903DE067144783A707179FB
S21404CC10A11020D806710298541080DB1C7102D82B
S21404CC20187205B80814A11010300248081400B889
S21404CC3008149110086008141DB86278A11000DC6E
S21404CC400676517900BA06984E1701D822729111C9
S21404CC5020311D61911004D80E7200C1501F00A02F
S21404CC60141101D90A71208806985011009200C147
S21404CC70204000B801DB1871084C03DE0471904CA8
S21404CC80441400C3FF1F0000413BFF23381194499E
S21404CC9000C3384101B83413086380DB0C7103BA4F
S21404CCA0186206983C100870186206983C100C49E6
S21404CCB00879097914102140081100A000BD0698CF
S21404CCC0760210B903DC047100B901BA069804149C
S21404CCD002D9067100404E7203B118610F310698EE
S21404CCE07811FFD82872811008D8187106DD0A71E9
S21404CCF00698760203DC0C720698BC1106984A1451
S21404CD000C7006DD10710698C211487020B804A88D
S21404CD1006DD1072069880080698120701F840B8D7
S21404CD2004A800F800C0A01E00A00413086301DBDA
S21404CD30227191100111186111381DB910D80871AB
S21404CD4044790298541002DBFA72A11328DBF472B9
S21404CD5003BD06981E11069880081DBA7F7A0698A9
S21404CD60F20400C5681F00A00698760200BA03DC29
S21404CD701672044DA11002D804711C4D00C10CC1DA
S21404CD8001B80698AE045415212D06983E0502985F
S21404CD90AA089110015503355150011900A000C18D
S21404CDA04C1F00A0141001D8427101480860FE20F0
S21404CDB00E75811020D8087100C1501F00A01411F0
S21404CDC001D9287100C02C4001B804122151086111
S21404CDD00F3118611152281000C0084001B8041120
S21404CDE09112215120311152211900A0811380DBA8
S21404CDF0067201B800A000C314C001B8341006308F
S21404CE002E726C4B34121C4B341018600230207295
S21404CE10811080D8DE713410014A086204608030C4
S21404CE2021508C480A717F234D233410013000A012
S21404CE3000BD06981E111CB847784578437802B89A
S21404CE40447800A0069880080698BC1100C5741F94
S21404CE5000A0541506983E050298AA08B1138F7BC5
S21404CE600A7200C384C40350017B06983E1400C1B2
S21404CE70384101B814118F790E7100C1B84000B85A
S21404CE8000BA06983C1050BA06980E140698781104
S21404CE90FFD84A71911004D84872811008601CD8D3
S21404CEA0407220D938721112FF3221513471802118
S21404CEB08021111400C0D81E00A00413FFBA3151FB
S21404CEC0113A215111531DB938107B7940440E7222
S21404CED000B900C2AC1E00A01812067004B8607830
S21404CEE00698381400F800B900C2A440005418127A
S21404CEF0644A0AB918121CBA507A517A1DB9427992
S21404CF005F7900A00698760207DC10729110002064
S21404CF100A75069872120298660F0698120701B9E7
S21404CF20911004D8047100B910BA0698041400BA13
S21404CF300040347100C0A01E00A00411086101D98D
S21404CF40127104D9E2728110086001D8DA711DB832
S21404CF50647800C11CC101B80698AE0401B811601B
S21404CF60002A047600BA00C5781F00A05415212DA7
S21404CF70069872120698580700C57C1F00A000F891
S21404CF8000BC811108D9167280D9207201B910BA72
S21404CF900698041400400E7101BC10700698BC116B
S21404CFA006984A1420B804A800F80698721281114C
S21404CFB00231127100B900C2144000541812244AF7
S21404CFC002B918120698BC1100C5801F00A054159B
S21404CFD00698F01A0298AA080411012114711CBAC2
S21404CFE0737A042004122811042004110121F47217
S21404CFF000A00698F20401F806984E1701D8167198
S21404D000FFB9012110380E7281109B78087104B99B
S21404D010677900F8911010D8287100C51CC101B8B2
S21404D02054110698EE0D00C5C81E00A054155129CB
S21404D030EA7507B876781DB8447801B804A800F8ED
S21404D040B110186010D82E7100C05040005400C3B0
S21404D050084000B83114984C44113411086101D9C1
S21404D060FA71441228100862281008622810086210
S21404D0702810E8700298B0020698920211380472DA
S21404D0801E6202BB00C1D81E00A0141120390C7207
S21404D090911210DA0672417B00A006983E1400C274
S21404D0A0A01E00A0241220DA0472617B1CBA527AF5
S21404D0B000A01CBA727A811204DAFC7200A01CB8B2
S21404D0C06B7800C0684000B82F7800A006984E170A
S21404D0D001D83A7100C22C4001B8241003609111A3
S21404D0E020310151383111501D6008121DB945799F
S21404D0F000C2448001B8241200C0C01E00A0041060
S21404D10018200020041020500471657910631EB99D
S21404D110637900B902EC00CD114502EC00CC01DBCA
S21404D120087100BB0298D61803B841110731FA21DA
S21404D1301C760621911210DA087102DD10721E7038
S21404D14020B80698B20D3038147208B806987E04D3
S21404D15000C02C4000B82978207800F8056020D854
S21404D160067102980C1602EC00CA05B823DA187188
S21404D17004DBDA7120DAD67110DAD2721EB861785E
S21404D18000B801DA067202EC00C8911110D92671B3
S21404D19000C1B81E00A014111150FF300C720761B4
S21404D1A0A110115002300A7180DB0A720AB89E7010
S21404D1B01DB97C791860911111402111C0311140BC
S21404D1C001191EB8411108D90471667820D9047271
S21404D1D06578A11002D80672C0DA1E711EB827310F
S21404D1E023DD087210DB1072607825DD0A7121DDFC
S21404D1F0087208DB0471627803B8411107310872BB
S21404D200A1152035AA7102DD2072A11120D9A071C2
S21404D21002D91672CCDA9872411140D9927206B8C5
S21404D220054D5A720298AE1421114049C0D94C716A
S21404D230A03141154035026551410461086308DA9E
S21404D2401E7204DA36721049A1150235067110DB17
S21404D2500E7201340A7108DB22711EB86778CC326C
S21404D26011101A300ADC0872CCDE0471FD3100C0DD
S21404D2700D0F0C0D216001D85C7207B80298D81403
S21404D28000BA411108D90C7102EC00CA05B830DAAC
S21404D290EC720734F031036101DA0471014900C00D
S21404D2A0F300A3E3216001D8D27100C0981440684B
S21404D2B021604030014440DA0471204C043202629A
S21404D2C0204A111006301F60014218311D611142B8
S21404D2D00298F614204A00C0051708502160113041
S21404D2E001422088FFBB0DDA507100C1DE1B250108
S21404D2F080BC04DA107208DA0A7200C120841000B6
S21404D300E024A02408634143026401DA06711E493E
S21404D310024B00C0201F00A008633810BC2002DAAD
S21404D320127101B91159A11380DB087100C100FC08
S21404D330FF0118100298621800C4A01E00A0441032
S21404D34080D87C710092D0DA06710DDA0C711EBD9D
S21404D350437DEFBD0698140304620DDA8672A111AC
S21404D36005D95C7100C240400054241214242814C9
S21404D37001D9067202D9327140D91E7102EC00CA74
S21404D380211018320471FA2220D804720822FE22D0
S21404D390087502EC00C8F87001D90E7102EC00C8DA
S21404D3A002D9067204DC187200C0A01E00A0041085
S21404D3B01D6001D806711EB8647807B873780298A1
S21404D3C0D61800C0A01E00A0041080300A7100C049
S21404D3D0C41E00A0041000A006984E1701D82E7193
S21404D3E0911010D828728110A0D8227203B08478C5
S21404D3F01C7200C12C4001B814100DBA487A697A20
S21404D4006B7A08111CB87B7807B8757800A064108E
S21404D41000C6881F00A0C3B806987C0200C4441F38
S21404D42000A014BA281400B8011AB1108F780A7232
S21404D43000C084C40350017891101030011905BA55
S21404D44006980E1402D9067101B804A800C0A01EDE
S21404D45000A004130698641180DB06710298581421
S21404D4601DBA7C7A01DB6A7100C2241F00A0241155
S21404D4701114FF3402EC00C8FF24FA7608610698FB
S21404D480C20D046111380F300461111401114110EA
S21404D4900698C20D01D8087203B80298D8140C4A2C
S21404D4A001DB2271241011281128041202300471A1
S21404D4B0106200C0FFFF0000213800C2204000B800
S21404D4C0FF200812411008600698C20D01D87C712E
S21404D4D020BC1033767100BB00C1201F00A01415B9
S21404D4E0C021112C511218620F320E71408851144B
S21404D4F00698FA1841430094511208651C620F32CC
S21404D5000E71411151140698FA181C6441430865BB
S21404D510513B00C1DC1E00A01411111231100F3053
S21404D520127100BA056101D80471114201600FD866
S21404D530F472311003601E30047201B8003A0872A7
S21404D54004B80298D8140298C41600C0384101B82A
S21404D55004118F7914717F20692004110861303119
S21404D56010DD06711DBA637A0698120300F8308837
S21404D5705088FF34087102ECFF24F87002EC00CDEA
S21404D5801410595001440421FF22F2720F4C0095E6
S21404D590009300A000C1A81E00A0141100A03088AB
S21404D5A00698421B8111086102D906720298061A6F
S21404D5B01CBB557B086120D906710298F6190088B1
S21404D5C0A11018600698201908211415FC251EBB06
S21404D5D05C7B5D7B00C1084001B814110731FE2155
S21404D5E0307608D82A725113FC23341304DB2071D6
S21404D5F01863FF33315B00C110C000B81411086112
S21404D60080490C71FF31302954751EBB7B7B10702A
S21404D6107B7B7C7B00DD04717D7B01BB3815EC25B0
S21404D620541300DF5471042505DF54715415211179
S21404D63020880698EE0D009251293E7500C10840D8
S21404D64001B8141102DB0C710731315B31292A76DB
S21404D6500C7004DF0872016180D91E7206982019C6
S21404D66000C010C000B80698861B0698201914112E
S21404D670FFD9607202984C1A0090009300A05415CB
S21404D680A111186110D9A672082508D8A07108251A
S21404D69010D89A71208821110698EE0DFC25541294
S21404D6A0112AF82554110C2520D80871F025541198
S21404D6B01025202904762159181500920298B819C5
S21404D6C007B97179811010D80A711CB8447802B869
S21404D6D041781CB9747904B9677900F88110A0D828
S21404D6E008711CB9497900A0086002D8FA71069836
S21404D6F02019108806983E14106210DA0871082162
S21404D7001415F025541100C20020FEFF20291275BE
S21404D7100698921B01D90A72069880080698120782
S21404D72000941CBB41100C20069864134111082178
S21404D7301410069864133128441111120861FF313D
S21404D740FF32012210521072186118140424441374
S21404D750042438140C701861214118140824081481
S21404D760029838144044147100C1AC1E00A014156D
S21404D77051131C630FDB0C721965069802054115DC
S21404D78000A000C3784000B83413807B0672069865
S21404D790120706983E1408BB51140698B01A44158E
S21404D7A0FC25541500C3784000B83413807B0471FC
S21404D7B000A002983E051CB900C3A01E00A03413A6
S21404D7C0086308DB1A718113A0DB067149791070AF
S21404D7D06979086302DB087204B9677900F800A067
S21404D7E08111086102D910711CB97579069820193F
S21404D7F01411FF3100A0FFB900A004100821141171
S21404D800F421081100A08111106110310E710698E0
S21404D810201908211411F821141100A074DA040048
S21404D820000000004CD804000100000000000000C6
S21404D83000F0490274DA04000000000070D8040006
S21404D840010000000000000000F0490294D8040023
S21404D8504063598F404B4C000B000B001A00FF7FAF
S21404D860186C00200000000016DD04000000000014
S21404D87084D904004063598F404B4C000B000B00C6
S21404D8801A00FF7F186C00200000000014DD04005E
S21404D89000000000FC1F010374DC04001CC001101F
S21404D8A000F807001CC001301402080050C0010034
S21404D8B087413004244006010700620038700000E7
S21404D8C000000000000000030068010F40B8244078
S21404D8D058400101FC006900804005012363E01103
S21404D8E09BC34A74F003000003800000BE0A0000D5
S21404D8F0E040010133000000F0400401590B000031
S21404D900640483078813C83A90200A00284101015A
S21404D910001E00003C410B0100148C00141A212840
S21404D9202E343B42495043557698BA0C2869000079
S21404D930010000000721286414171A002004C8698F
S21404D940A1203A093C42010129000000A0800201FE
S21404D95070780300D5C00000A8800111F001000013
S21404D960A88001310542CB01AC800111F001000012
S21404D970AC80013105228D00B08001010003000255
S21404D980FFFFFFFFFC1F0103C4DC04001CC00110E2
S21404D99000F807001CC00130F502080050C0010062
S21404D9A08741300C2440060107C0520000000000E6
S21404D9B0000000000000000300000000000000005B
S21404D9C0584001016402FF00804005014B01A00895
S21404D9D09BC34A74F003000000000000000000002F
S21404D9E0E040010133000000F040040100000000A4
S21404D9F0640483078813C83A9C200A00284101015E
S21404DA00031000003C410B01000000000000000071
S21404DA1000000000000000000000000000000000FD
S21404DA2001000000000000000000000000000000EC
S21404DA30000000003C42010100000000A08002013A
S21404DA4070780300D5C00000A8800111F001000022
S21404DA50A88001310542CB01AC800111F001000021
S21404DA60AC80013105228D00B08001010003000264
S21404DA70FFFFFFFF0C400200018014007F400000FF
S21404DA8020400200000000000000000030400700B4
S21404DA90000000000000000000000000000000007D
S21404DAA00000000000000000A00700005040010035
S21404DAB0000000005C4002000000000000000000BF
S21404DAC0A840010007000000B44004000040000025
S21404DAD0FF4C000000410000FF4D000008C001009C
S21404DAE00000000020C00110FF00000020C001302C
S21404DAF00043000024C00400EC80B3034375A8026E
S21404DB00000000002E02000054C003000E2D09E69B
S21404DB1054060708D1B6020064C0080004300000AA
S21404DB2040201006C8F248181FE8F600BD4B7215D0
S21404DB3011A3180510325476980A000088C0010014
S21404DB40000000000800010104070000180001019D
S21404DB500000000020000101088400001C400201AF
S21404DB601000000020F913045C4005014108000081
S21404DB7001000000B0070800A70000000000000035
S21404DB80944007010101103050707F7F00000000B0
S21404DB90000000000000000000000000000000007C
S21404DBA0E440010100000000EC4001017DA8D98B8F
S21404DBB00041020100612000B75635120C410301F2
S21404DBC0F95412002030042988BB40002441010186
S21404DBD000000000304103016406660C0C010000DE
S21404DBE0E853FA006841030164048307881382003B
S21404DBF00000000030420301000000000000000E98
S21404DC0000000000444201010000000010800101F1
S21404DC1003000000388002011149100001000000D2
S21404DC2088800101000000009C800101EB40020096
S21404DC30B48001013700000188000202000C0004D1
S21404DC404C0000009400010200040000D000020210
S21404DC500E00000090029608E40001023D0942040A
S21404DC60F4000102000000001801010260005102E5
S21404DC70FFFFFFFF1200000066666600000000005B
S21404DC8028DD040018DD040000000000001A9A00D5
S21404DC90005A620280841E000420FE0011495002CD
S21404DCA0000000000000000000000000000000006B
S21404DCB000000000B1841E00000000000000000008
S21404DCC00000000012000000666666000000000007
S21404DCD028DD040018DD0400000C0000001A9A0079
S21404DCE0005A620280841E0004200000114950027B
S21404DCF0000000000000000000000000000000001B
S21404DD0000000000B1841E000000000000000000B7
S21404DD100000000005040000E1190000E1190000FD
S21404DD200000000000000000193F01060410010076
S21404DD300001010600102700000900000000000092
S21404DD400000000051C7010001C701000DC7010013
S21404DD50FDC7010003A403009DA90300A1A90300B5
S21404DD60A5A90300A9A90300ADA9030000010304A3
S21404DD7064EE01001000000024E101001A00000017
S21404DD8079EB01001100000075E4010011000000A9
S21404DD9063E511000400000023E111000400000004
S21404DDA025E101000800000026E101000A00000049
S21404DDB027E101000200000000000000000000004F
S21404DDC030DF04001FDF04000000000031DF040021
S21404DDD057A204000000000051A2040053A204004D
S21404DDE00000000055A20400FDDE040046DF040027
S21404DDF058A2040052A204000000000056A2040028
S21404DE0014DE04004FA2040050A2040054A204002E
S21404DE104EA20400000203040508090A0B000102CE
S21404DE200304051D2000B40108020200AA00FFFF37
S21404DE30FFFFFFFFFFFFFFFF4D05030085240200E1
S21404DE40F15302007138030001570200CFB00300FB
S21404DE50D1B00300D3B00300D5B0030039CF02001D
S21404DE60A9A4020051EC02000D3203001144020082
S21404DE70CBB0030035A90200C122030025350200F9
S21404DE80CDB003007F9903001D3C0200556E0300CD
S21404DE900000000000130000000000000000000066
S21404DEA000000000010000001DAD0200020000009A
S21404DEB045C203000300000075AC02000400000025
S21404DEC0BFC103000500000015AC020000000000FE
S21404DED0000000000023001B2200FF0000000000DA
S21404DEE00C090202000000001C1A0B0303FF0608BC
S21404DEF00402020204020A0B030302030480FF0264
S21404DF0004FF010101010800000000000000005A9F
S21404DF106967426565416C6C69616E63653039801A
S21404DF200000183810300000000000008F8E8C802F
S21404DF3081815A6967426565416C6C69616E636587
S20C04DF40303906080C108000BD
S20C04DF48946DFB7F010000004C
S21004DF505CDF040010680020DB01000009
S21404DF5C0000000000000000FFFF000001000000AD
S21404DF6C000000000000000000000000000000009C
S21404DF7C000000000000000000000000000000008C
S21404DF8C000000000000000000000000000000007C
S21404DF9C000000000000000000000000000000006C
S21404DFAC000000000000000000000000000000005C
S21404DFBC000000000000000000000000000000004C
S21404DFCC000000000000000000000000000000003C
S21404DFDC000000000000000000000000000000002C
S21404DFEC000000000000000000000000000000001C
S21404DFFC000000000000000000000000000000000C
S21404E00C00000000000000000000000000000000FB
S21404E01C00000000000000000000000000000000EB
S21404E02C00000000000000000000000000000000DB
S21404E03C00000000000000000000000000000000CB
S21404E04C00000000000000000000000000000000BB
S21404E05C0000000000000000000100000000F001B9
S21404E06C0800000008100020010023010400000032
S21404E07C10100020060030010100000014100020CF
S21404E08CFFFFFFFFC0EA2101C0EA21010080000067
S21404E09C00F049025869002000600B000080000064
S21404E0ACEC360020C8000000FE0000000000000053
S21404E0BC8893040018100020FFFFFFFF3C97040011
S21404E0CC3300000051F200003300000025730300F7
S21404E0DCCF120400D3120400E0120400ED12040064
S21404E0ECFA120400071304001A1304002C13040079
S21404E0FC3913040046130400531304006813040075
S21404E10C7B1304008D130400A2130400B113040043
S21404E11CC2130400D1130400E1130400ED1304002D
S21404E12CFA1304000A1404001C1404002B14040030
S21404E13C3A14040043140400581404006D14040028
S21404E14C82140400A2140400B0140400CF140400B7
S21404E15CEA140400FD1404000A1504001F15040038
S21404E16C2E1504003D1504004F150400611504001B
S21404E17C74150400871504009D15040000000000A7
S21404E18C0F000000FF00000000000000000000006C
S21404E19C000000000000000000000000000000006A
S21404E1AC000000000030E70400C818030E1E04002C
S21404E1BC131E0400401E04006B1E0400991E04006B
S21404E1CCC71E0400F61E0400231F0400531F04007D
S21404E1DC831F0400D31F0400FFFFFFFF00F8030097
S21404E1ECFFFFFFFF0000040000000400005C26058F
S21404E1FCB46A00200600000048B9040000000000C1
S21404E20C01001900010000007442002001001900EE
S21404E21C01000000744200200100190001000000F7
S21404E22C7442002001001900010000007442002012
S21404E23C01001900010000007442002001001900BE
S21404E24C01000000744200200100190001000000C7
S21404E25C74420020010019000100000074420020E2
S21404E26C010019000100000074420020010019008E
S21404E27C0100000074420020010019000100000097
S21404E28C74420020010019000100000074420020B2
S21404E29CF04600200000000000000000C0A20400AD
S21404E2AC2C4E0020686B0020EC50002011910400CA
S21404E2BC0600000000000000000000000000000043
S21404E2CCA8B90400C0B904001C910400E049040079
S21404E2DCFE000000986B002000000000FC5000209C
S21404E2EC64510020CC510020000000000000000007
S21404E2FC0000000000000000000000000000000009
S21404E30C00000000000000000000000000000000F8
S21404E31C00000000000000000000000000000000E8
S21404E32C00000000959F030094BB0400FFFFFFFF52
S21404E33CD9A20300D5A20300FFFFFFFFDDA2030052
S21404E34CFFFFFFFF7DF20100FFFFFFFFFFFFFFFF54
S21404E35CFFFFFFFFFFFFFFFFFFFFFFFFFFFFFFFFB8
S21404E36C0000000020A107000000000021E50300C7
S21404E37C0000000000000000000000000000000088
S21404E38C0000000000000000000000000000000078
S21404E39C0C570020791A020009340200E0490400E4
S21404E3AC0000000000000000000000000000000058
S21404E3BC0C5700201121020000000000E049040064
S21404E3CC0000000000000000000000000000000038
S21404E3DC0C570020552B020009340200E0490400B7
S21404E3EC0000000000000000000000000000000018
S21404E3FC099204000C570020AD38020000000000FF
S21404E40CE0490400000000000000000000000000CA
S21404E41C000000000C570020314D020000000000E4
S21404E42CE0490400000000000000000000000000AA
S21404E43C000000000C570020A1520200000000004F
S21404E44CE04904000000000000000000000000008A
S21404E45C000000000C5700209D670200000000001E
S21404E46CE04904000000000000000000000000006A
S21404E47C00000000B80B00000C5700200D6D0200C5
S21404E48C00000000E049040000000000000000004A
S21404E49C00000000000000000C5700206D780200FD
S21404E4AC00000000E049040000000000000000002A
S21404E4BC00000000000000000C570020317A020017
S21404E4CC00000000E049040000000000000000000A
S21404E4DC00000000000000000C570020C7B7030023
S21404E4EC00000000E04904000000000000000000EA
S21404E4FC00000000000000000C57002059800200A9
S21404E50C00000000E04904000000000000000000C9
S21404E51C00000000000000000C570020C986020012
S21404E52C00000000E04904000000000000000000A9
S21404E53C00000000000000000C57002049C4030033
S21404E54C00000000E0490400000000000000000089
S21404E55C00000000000000000C57002001EC020034
S21404E56C00000000E0490400000000000000000069
S21404E57C00000000000000000C570020710403008B
S21404E58C00000000E0490400000000000000000049
S21404E59C000000000000000051CD03000C570020C2
S21404E5AC7D32030009340200E04904000000000038
S21404E5BC0000000000000000000000000C570020C3
S21404E5CC4139030000000000E0490400000000008C
S21404E5DC000000000000000000000000FFFFD00751
S21404E5ECB80B0000FFFFFFFFCEFAEFBEFFFFFDFFE8
S21404E5FCFDFF0C002C01001E2C0140068000102789
S21404E60CFFFF04F8FFFF0C000000000000004000B1
S21404E61CFDFF2C019C000000FFFFFDFFFFFFFFFF2A
S21404E62C60EA8000800010C1CDAB640A0101FFFFD4
S21404E63CFFFFFFFFFFFFFFFFFFFFFFFFFFFFFFFFD5
S21404E64CFFFFFFFFFFFFFFFFFFFFFFFFFFFF01FFC3
S21404E65C05FFFFFF0101FFFF0201FFFF640250FFED
S21404E66C0F010208031E0605021601010A0C0520FA
S21404E67C07051010010F080410010601010104FF20
S21404E68C030101FF0C01FF405AB47F0150403000D7
S21404E69CFFFFFF0B03FF050B0101FF03010305023C
S21404E6AC0201FFFFFFFFFFFFFFFF010102FFFFFF59
S21004E6BC40FF0101BD4C0000954C00001E
S804007B750B
